flag,lot,map,grace_flag,source,dlc,items,names
114,14000960,m14_00_00_00,71400,pickup,0,goods:8121:1,Dark Moon Ring
171,10010,m10_00_00_00,71000,reward,0,goods:8148:1,Godrick's Great Rune
172,10301,,0,reward,0,goods:8149:1,Radahn's Great Rune
173,10041,,0,reward,0,goods:8150:1,Morgott's Great Rune
174,10221,,0,reward,0,goods:8151:1,Rykard's Great Rune
175,10121,,0,reward,0,goods:8152:1,Mohg's Great Rune
176,10201,,0,reward,0,goods:8153:1,Malenia's Great Rune
191,34100500,m34_10_00_00,73412,reward,0,goods:191:1,Godrick's Great Rune
192,34130050,m34_13_00_00,73441,reward,0,goods:192:1,Radahn's Great Rune
193,34140700,m34_14_00_00,73451,reward,0,goods:193:1,Morgott's Great Rune
194,34120500,m34_12_00_00,73430,reward,0,goods:194:1,Rykard's Great Rune
195,34140710,m34_14_00_00,73451,reward,0,goods:195:1,Mohg's Great Rune
196,34150000,m34_15_00_00,73460,reward,0,goods:196:1,Malenia's Great Rune
197,10180,,0,reward,0,goods:2959:1|goods:10080:1,Remembrance of the Full Moon Queen|Great Rune of the Unborn
9500,4900,m11_05_00_00,71121,reward,0,goods:8182:1,Mending Rune of Perfect Order
9502,4910,m12_03_00_00,71230,pickup,0,goods:8183:1,Mending Rune of the Death-Prince
9504,4920,m35_00_00_00,73501,reward,0,goods:8184:1,Mending Rune of the Fell Curse
60000,2000,m18_00_00_00,71800,reward,0,goods:1001:3|goods:1051:1,Flask of Crimson Tears|Flask of Cerulean Tears
60020,1046380300,m60_46_38_00,76104,pickup,0,goods:250:1,Flask of Wondrous Physick
60100,100000,m10_00_00_00,71003,other,0,goods:130:1,Spectral Steed Whistle
60101,10000995,m10_00_00_00,71000,pickup,0,goods:2009600:1,Spectral Steed Regalia: Tree Sentinel
60102,1034500300,m60_34_50_00,76228,pickup,0,goods:2009610:1,Spectral Steed Regalia: Carian Silver
60103,1044520300,m60_44_52_00,76312,pickup,0,goods:2009620:1,Spectral Steed Regalia: Funereal Night
60110,103900,m60_42_36_00,76100,reward,0,goods:8158:1,Spirit Calling Bell
60130,1042371010,m60_42_37_00,76111,pickup,0,goods:8590:1,Whetstone Knife
60140,20341,m31_15_00_00,73115,reward,0,goods:8163:1,Tailoring Tools
60150,1037460001,m60_37_46_00,76224,pickup,0,goods:8188:1,Golden Tailoring Tools
60210,10010000,m10_01_00_00,0,pickup,0,goods:106:1,Tarnished's Wizened Finger
60220,18000080,m18_00_00_00,71801,pickup,0,goods:100:1,Tarnished's Furled Finger
60240,1042400000,m60_42_40_00,76118,pickup,0,goods:101:1,Duelist's Furled Finger
60250,1042400001,m60_42_40_00,76118,pickup,0,goods:110:1,Small Red Effigy
60260,16000720,m16_00_00_00,71602,pickup,0,goods:112:1,Recusant Finger
60270,100340,m60_35_44_00,76236,other,0,goods:102:1,Bloody Finger
60280,101600,,0,other,0,goods:104:1,White Cipher Ring
60300,11100800,m11_10_00_00,71190,reward,0,goods:108:1,Taunter's Tongue
60310,18000081,m18_00_00_00,71801,pickup,0,goods:103:1,Finger Severer
60400,1045330100,m60_45_33_00,76155,pickup,0,goods:10030:1,Memory Stone
60410,1034430100,m60_34_43_00,76237,pickup,0,goods:10030:1,Memory Stone
60420,1035470100,m60_35_47_00,76211,pickup,0,goods:10030:1,Memory Stone
60430,1034500100,m60_34_50_00,76231,pickup,0,goods:10030:1,Memory Stone
60440,10170,,0,reward,0,goods:10030:1,Memory Stone
60450,30395,m60_37_53_00,76357,reward,0,goods:10030:1,Memory Stone
60460,1052410900,m60_52_41_00,76455,pickup,0,goods:10030:1,Memory Stone
60500,101100,m11_10_00_00,71190,other,0,goods:10040:1,Talisman Pouch
60510,10000,m10_00_00_00,71000,reward,0,goods:10040:1,Talisman Pouch
60520,10050,,0,reward,0,goods:10040:1,Talisman Pouch
62010,1042370200,m60_42_37_00,76111,pickup,0,goods:8600:1,"Map: Limgrave, West"
62011,1044320000,m60_44_32_00,76151,pickup,0,goods:8601:1,Map: Weeping Peninsula
62012,1045370020,m60_45_37_00,76114,pickup,0,goods:8602:1,"Map: Limgrave, East"
62020,1038410200,m60_38_41_00,76201,pickup,0,goods:8603:1,"Map: Liurnia, East"
62021,1037440210,m60_37_44_00,76204,pickup,0,goods:8604:1,"Map: Liurnia, North"
62022,1034480200,m60_34_48_00,76212,pickup,0,goods:8605:1,"Map: Liurnia, West"
62030,1040520500,m60_40_52_00,76303,pickup,0,goods:8606:1,Map: Altus Plateau
62031,1042510500,m60_42_51_00,76309,pickup,0,goods:8607:1,"Map: Leyndell, Royal Capital"
62032,1036540500,m60_36_54_00,76353,pickup,0,goods:8608:1,Map: Mt. Gelmir
62040,1049370500,m60_49_37_00,76411,pickup,0,goods:8609:1,Map: Caelid
62041,1049400500,m60_49_40_00,76450,pickup,0,goods:8610:1,Map: Dragonbarrow
62050,1049530700,m60_49_53_00,76501,pickup,0,goods:8611:1,"Map: Mountaintops of the Giants, West"
62051,1052540700,m60_52_54_00,76506,pickup,0,goods:8612:1,"Map: Mountaintops of the Giants, East"
62052,1048560700,m60_48_56_00,76551,pickup,0,goods:8618:1,Map: Consecrated Snowfield
62060,12010000,m12_01_00_00,71213,pickup,0,goods:8613:1,Map: Ainsel River
62061,12010010,m12_01_00_00,71216,pickup,0,goods:8614:1,Map: Lake of Rot
62062,12050000,m12_05_00_00,71252,pickup,0,goods:8616:1,Map: Mohgwyn Palace
62063,12020060,m12_02_00_00,71222,pickup,0,goods:8615:1,Map: Siofra River
62064,12030000,m12_03_00_00,71235,pickup,0,goods:8617:1,Map: Deeproot Depths
62080,2047410900,m61_47_41_00,76801,pickup,1,goods:2008600:1,Map: Gravesite Plain
62081,2048450500,m61_48_45_00,76900,pickup,1,goods:2008601:1,Map: Scadu Altus
62082,2048370040,m61_48_37_00,76835,pickup,1,goods:2008602:1,Map: Southern Shore
62083,2046450710,m61_46_45_00,76913,pickup,1,goods:2008603:1,Map: Rauh Ruins
62084,2052410600,m61_52_41_00,76864,pickup,1,goods:2008604:1,Map: Abyss
65000,30321,m60_41_53_00,76304,reward,0,goods:11000:1,Crimsonspill Crystal Tear
65010,1045370301,m60_45_37_00,76105,pickup,0,goods:11001:1,Greenspill Crystal Tear
65020,1046380301,m60_46_38_00,76104,pickup,0,goods:11002:1,Crimson Crystal Tear
65030,1044530200,m60_44_53_00,76311,pickup,0,goods:11003:1,Crimson Crystal Tear
65040,30205,m60_33_43_00,76237,reward,0,goods:11004:1,Cerulean Crystal Tear
65050,30525,m60_52_56_00,76521,reward,0,goods:11005:1,Cerulean Crystal Tear
65060,30320,m60_41_53_00,76304,reward,0,goods:11006:1,Speckled Hardtear
65070,30526,m60_52_56_00,76521,reward,0,goods:11007:1,Crimson Bubbletear
65080,30186,m60_43_33_00,76152,reward,0,goods:11008:1,Opaline Bubbletear
65090,30185,m60_43_33_00,76152,reward,0,goods:11009:1,Crimsonburst Crystal Tear
65100,30410,m60_47_40_00,76401,reward,0,goods:11010:1,Greenburst Crystal Tear
65110,30415,m60_51_40_00,76452,reward,0,goods:11011:1,Opaline Hardtear
65120,1044530210,m60_44_53_00,76311,pickup,0,goods:11012:1,Winged Crystal Tear
65130,30555,m60_50_57_00,76522,reward,0,goods:11013:1,Thorny Cracked Tear
65140,1045370300,m60_45_37_00,76105,pickup,0,goods:11014:1,Spiked Cracked Tear
65150,1049370000,m60_49_37_00,76411,pickup,0,goods:11015:1,Windy Crystal Tear
65160,30206,m60_33_43_00,76237,reward,0,goods:11016:1,Ruptured Crystal Tear
65170,30556,m60_50_57_00,76522,reward,0,goods:11017:1,Ruptured Crystal Tear
65180,30380,m60_37_54_00,76352,reward,0,goods:11018:1,Leaden Hardtear
65190,1044530201,m60_44_53_00,76311,pickup,0,goods:11019:1,Twiggy Cracked Tear
65200,1052540790,m60_52_54_00,76506,pickup,0,goods:11020:1,Crimsonwhorl Bubbletear
65210,1042390000,m60_42_39_00,76118,pickup,0,goods:11021:1,Strength-knot Crystal Tear
65220,1036420000,m60_36_42_00,76216,pickup,0,goods:11022:1,Dexterity-knot Crystal Tear
65230,1035490000,m60_35_49_00,76214,pickup,0,goods:11023:1,Intelligence-knot Crystal Tear
65240,1043340020,m60_43_34_00,76150,pickup,0,goods:11024:1,Faith-knot Crystal Tear
65250,30381,m60_37_54_00,76352,reward,0,goods:11025:1,Cerulean Hidden Tear
65260,30416,m60_51_40_00,76452,reward,0,goods:11026:1,Stonebarb Cracked Tear
65270,101620,m60_39_52_00,76350,reward,0,goods:11027:1,Purifying Crystal Tear
65280,30411,m60_47_40_00,76401,reward,0,goods:11028:1,Flame-Shrouding Cracked Tear
65290,30200,m60_38_48_00,76226,reward,0,goods:11029:1,Magic-Shrouding Cracked Tear
65300,30201,m60_38_48_00,76226,reward,0,goods:11030:1,Lightning-Shrouding Cracked Tear
65310,30202,m60_38_48_00,76226,reward,0,goods:11031:1,Holy-Shrouding Cracked Tear
65400,2048400021,m61_48_40_00,76830,pickup,1,goods:2011000:1,Viridian Hidden Tear
65410,2048460700,m61_48_46_00,76912,other,1,goods:2011010:1,Crimsonburst Dried Tear
65420,2045460501,m61_45_46_00,76913,other,1,goods:2011020:1,Crimson-Sapping Cracked Tear
65430,2051450701,m61_51_45_00,76904,other,1,goods:2011030:1,Cerulean-Sapping Cracked Tear
65440,2050460511,m61_50_46_00,76917,other,1,goods:2011040:1,Oil-Soaked Tear
65450,2050460501,m61_50_46_00,76917,other,1,goods:2011050:1,Bloodsucking Cracked Tear
65460,2046390061,m61_46_39_00,76832,other,1,goods:2011060:1,Glovewort Crystal Tear
65470,2046420981,m61_46_42_00,76802,other,1,goods:2011070:1,Deflecting Hardtear
65610,10000420,m10_00_00_00,71005,pickup,0,goods:8970:1,Iron Whetblade
65640,1051360070,m60_51_36_00,76419,pickup,0,goods:8971:1,Red-Hot Whetblade
65660,11001010,m11_00_00_00,71108,pickup,0,goods:8972:1,Sanctified Whetblade
65680,14000500,m14_00_00_00,71403,pickup,0,goods:8973:1,Glintstone Whetblade
65720,12020010,m12_02_00_00,71226,pickup,0,goods:8974:1,Black Whetblade
66000,31030020,m31_03_00_00,73103,pickup,0,goods:9500:1,Cracked Pot
66010,10000770,m10_00_00_00,71006,pickup,0,goods:9500:1,Cracked Pot
66020,10000775,m10_00_00_00,71006,pickup,0,goods:9500:1,Cracked Pot
66080,1039440100,m60_39_44_00,76245,pickup,0,goods:9500:1,Cracked Pot
66090,1039440110,m60_39_44_00,76245,pickup,0,goods:9500:1,Cracked Pot
66100,1039440120,m60_39_44_00,76245,pickup,0,goods:9500:1,Cracked Pot
66110,1035500400,m60_35_50_00,76232,pickup,0,goods:9500:1,Cracked Pot
66120,14000780,m14_00_00_00,71401,pickup,0,goods:9500:1,Cracked Pot
66130,11000560,m11_00_00_00,71104,pickup,0,goods:9500:1,Cracked Pot
66140,30130100,m30_13_00_00,73013,pickup,0,goods:9500:1,Cracked Pot
66150,30130110,m30_13_00_00,73013,pickup,0,goods:9500:1,Cracked Pot
66160,30130120,m30_13_00_00,73013,pickup,0,goods:9500:1,Cracked Pot
66170,30130130,m30_13_00_00,73013,pickup,0,goods:9500:1,Cracked Pot
66190,1047400010,m60_47_40_00,76401,pickup,0,goods:9500:1,Cracked Pot
66400,30180040,m30_18_00_00,73018,pickup,0,goods:9501:1,Ritual Pot
66410,14000900,m14_00_00_00,71401,pickup,0,goods:9501:1,Ritual Pot
66420,1037420100,m60_37_42_00,76202,pickup,0,goods:9501:1,Ritual Pot
66430,1039440130,m60_39_44_00,76245,pickup,0,goods:9501:1,Ritual Pot
66440,1039440140,m60_39_44_00,76245,pickup,0,goods:9501:1,Ritual Pot
66470,30130140,m30_13_00_00,73013,pickup,0,goods:9501:1,Ritual Pot
66480,30130150,m30_13_00_00,73013,pickup,0,goods:9501:1,Ritual Pot
66490,35000610,m35_00_00_00,73501,pickup,0,goods:9501:1,Ritual Pot
66700,16000110,m16_00_00_00,71602,pickup,0,goods:9510:1,Perfume Bottle
66710,11000130,m11_00_00_00,71107,pickup,0,goods:9510:1,Perfume Bottle
66720,11000470,m11_00_00_00,71107,pickup,0,goods:9510:1,Perfume Bottle
66730,1036510020,m60_36_51_00,76356,pickup,0,goods:9510:1,Perfume Bottle
66740,1036520070,m60_36_52_00,76356,pickup,0,goods:9510:1,Perfume Bottle
66760,1039510000,m60_39_51_00,76303,pickup,0,goods:9510:1,Perfume Bottle
66770,1039540040,m60_39_54_00,76320,pickup,0,goods:9510:1,Perfume Bottle
66780,31180000,m31_18_00_00,73118,pickup,0,goods:9510:1,Perfume Bottle
66790,1048380010,m60_48_38_00,76406,pickup,0,goods:9510:1,Perfume Bottle
66900,41000140,m41_00_00_00,74100,pickup,1,goods:2009500:1,Hefty Cracked Pot
66910,41000220,m41_00_00_00,74100,pickup,1,goods:2009500:1,Hefty Cracked Pot
66920,41000230,m41_00_00_00,74100,pickup,1,goods:2009500:1,Hefty Cracked Pot
66930,41010000,m41_01_00_00,74101,pickup,1,goods:2009500:1,Hefty Cracked Pot
66940,41020310,m41_02_00_00,74102,pickup,1,goods:2009500:1,Hefty Cracked Pot
66950,2047410030,m61_47_41_00,76801,pickup,1,goods:2009500:1,Hefty Cracked Pot
66960,2050440130,m61_50_44_00,76903,pickup,1,goods:2009500:1,Hefty Cracked Pot
66970,2050440110,m61_50_44_00,76918,pickup,1,goods:2009500:1,Hefty Cracked Pot
66980,21020060,m21_02_00_00,72120,pickup,1,goods:2009500:1,Hefty Cracked Pot
66990,2047370010,m61_47_37_00,76835,reward,1,goods:2009500:1,Hefty Cracked Pot
67020,1046360020,m60_46_36_00,76105,pickup,0,goods:9302:1,Nomadic Warrior's Cookbook [6]
67030,10000480,m10_00_00_00,71006,pickup,0,goods:9303:1,Nomadic Warrior's Cookbook [10]
67050,1040390000,m60_40_39_00,76102,pickup,0,goods:9305:1,Nomadic Warrior's Cookbook [7]
67060,1035440200,m60_35_44_00,76236,pickup,0,goods:9306:1,Nomadic Warrior's Cookbook [12]
67070,1041530050,m60_41_53_00,76304,pickup,0,goods:9307:1,Nomadic Warrior's Cookbook [19]
67090,1049540800,m60_49_54_00,76550,pickup,0,goods:9309:1,Nomadic Warrior's Cookbook [23]
67120,16000090,m16_00_00_00,71602,pickup,0,goods:9312:1,Nomadic Warrior's Cookbook [21]
67130,16000450,m16_00_00_00,71601,pickup,0,goods:9313:1,Missionary's Cookbook [6]
67200,1043380000,m60_43_38_00,76116,pickup,0,goods:9320:1,Armorer's Cookbook [1]
67220,1037420040,m60_37_42_00,76203,other,0,goods:9322:1,Nomadic Warrior's Cookbook [11]
67250,1035540030,m60_35_54_00,76355,pickup,0,goods:9325:1,Armorer's Cookbook [7]
67260,1051360010,m60_51_36_00,76420,pickup,0,goods:9326:1,Armorer's Cookbook [4]
67300,12020130,m12_02_00_00,71222,pickup,0,goods:9330:1,Armorer's Cookbook [6]
67310,1051360120,m60_51_36_00,76420,pickup,0,goods:9331:1,Armorer's Cookbook [5]
67400,1036440100,m60_36_44_00,76204,pickup,0,goods:9340:1,Glintstone Craftsman's Cookbook [4]
67410,1038400010,m60_38_40_00,76201,pickup,0,goods:9341:1,Glintstone Craftsman's Cookbook [1]
67420,14000950,m14_00_00_00,71401,pickup,0,goods:9342:1,Glintstone Craftsman's Cookbook [5]
67430,30000030,m30_00_00_00,73000,pickup,0,goods:9343:1,Nomadic Warrior's Cookbook [9]
67440,1049560360,m60_49_56_00,76551,pickup,0,goods:9344:1,Glintstone Craftsman's Cookbook [8]
67450,1038410000,m60_38_41_00,76202,pickup,0,goods:9345:1,Glintstone Craftsman's Cookbook [2]
67460,1035500040,m60_35_50_00,76214,pickup,0,goods:9346:1,Glintstone Craftsman's Cookbook [6]
67480,1038420100,m60_38_42_00,76222,pickup,0,goods:9348:1,Glintstone Craftsman's Cookbook [3]
67630,12020020,m12_02_00_00,71225,pickup,0,goods:9363:1,Missionary's Cookbook [5]
67640,1043500030,m60_43_50_00,76310,pickup,0,goods:9364:1,Missionary's Cookbook [4]
67650,1046400030,m60_46_40_00,76400,pickup,0,goods:9365:1,Missionary's Cookbook [3]
67800,1045370030,m60_45_37_00,76114,pickup,0,goods:9380:1,Nomadic Warrior's Cookbook [4]
67840,1036510010,m60_36_51_00,76356,pickup,0,goods:9384:1,Perfumer's Cookbook [1]
67850,1039540190,m60_39_54_00,76322,pickup,0,goods:9385:1,Perfumer's Cookbook [2]
67860,30130010,m30_13_00_00,73013,pickup,0,goods:9386:1,Perfumer's Cookbook [3]
67870,1046400050,m60_46_40_00,76400,pickup,0,goods:9387:1,Nomadic Warrior's Cookbook [14]
67880,31020040,m31_02_00_00,73102,pickup,0,goods:9388:1,Nomadic Warrior's Cookbook [8]
67890,12010020,m12_01_00_00,71218,pickup,0,goods:9389:1,Nomadic Warrior's Cookbook [22]
67910,12050050,m12_05_00_00,71251,pickup,0,goods:9391:1,Nomadic Warrior's Cookbook [24]
68000,30070000,m30_07_00_00,73007,pickup,0,goods:9400:1,Ancient Dragon Apostle's Cookbook [1]
68020,13000650,m13_00_00_00,71305,pickup,0,goods:9402:1,Ancient Dragon Apostle's Cookbook [4]
68030,1048360000,m60_48_36_00,76404,pickup,0,goods:9403:1,Ancient Dragon Apostle's Cookbook [3]
68200,1045380010,m60_45_38_00,76119,pickup,0,goods:9420:1,Fevor's Cookbook [1]
68210,102840,m11_10_00_00,71190,other,0,goods:9421:1,Fevor's Cookbook [3]
68400,1038480000,m60_38_48_00,76239,pickup,0,goods:9440:1,Frenzied's Cookbook [1]
68410,35000800,m35_00_00_00,73500,pickup,0,goods:9441:1,Frenzied's Cookbook [2]
68510,107520,m61_50_47_00,76935,other,1,goods:2009301:1,Forager Brood Cookbook [6]
68520,107500,m61_48_44_00,76822,other,1,goods:2009302:1,Forager Brood Cookbook [1]
68530,107530,m61_45_41_00,76804,other,1,goods:2009303:1,Forager Brood Cookbook [2]
68540,107540,m61_48_40_00,76830,other,1,goods:2009304:1,Forager Brood Cookbook [3]
68550,107550,m61_47_46_00,76912,other,1,goods:2009305:1,Forager Brood Cookbook [4]
68560,107510,m61_49_46_00,76916,other,1,goods:2009306:1,Forager Brood Cookbook [5]
68570,2054400000,m61_54_40_00,76851,pickup,1,goods:2009307:1,Igon's Cookbook [2]
68580,2051460010,m61_51_46_00,76906,pickup,1,goods:2009308:1,Finger-Weaver's Cookbook [2]
68590,2047410050,m61_47_41_00,76801,pickup,1,goods:2009309:1,Greater Potentate's Cookbook [1]
68600,2051450010,m61_51_45_00,76906,pickup,1,goods:2009310:1,Greater Potentate's Cookbook [4]
68610,2046400010,m61_46_40_00,76800,pickup,1,goods:2009311:1,Greater Potentate's Cookbook [5]
68620,2047420020,m61_47_42_00,76812,pickup,1,goods:2009312:1,Greater Potentate's Cookbook [12]
68630,2049430400,m61_49_43_00,76810,pickup,1,goods:2009313:1,Greater Potentate's Cookbook [7]
68640,2044460100,m61_44_46_00,76943,pickup,1,goods:2009314:1,Greater Potentate's Cookbook [9]
68650,2046440040,m61_46_44_00,76805,pickup,1,goods:2009315:1,Greater Potentate's Cookbook [10]
68660,41000240,m41_00_00_00,74100,pickup,1,goods:2009316:1,Greater Potentate's Cookbook [11]
68670,2050410000,m61_50_41_00,76860,pickup,1,goods:2009317:1,Mad Craftsman's Cookbook [2]
68680,2045480700,m61_44_47_00,76914,pickup,1,goods:2009318:1,Greater Potentate's Cookbook [8]
68690,2047450030,m61_47_45_00,76907,pickup,1,goods:2009319:1,Greater Potentate's Cookbook [3]
68700,42000120,m42_00_00_00,74200,pickup,1,goods:2009320:1,Greater Potentate's Cookbook [13]
68710,2047390030,m61_47_39_00,76831,pickup,1,goods:2009321:1,Greater Potentate's Cookbook [14]
68720,2051410010,m61_51_41_00,76850,pickup,1,goods:2009322:1,Greater Potentate's Cookbook [6]
68730,2046430030,m61_46_43_00,76805,pickup,1,goods:2009323:1,Greater Potentate's Cookbook [2]
68740,40000010,m40_00_00_00,74000,pickup,1,goods:2009324:1,Ancient Dragon Knight's Cookbook [1]
68750,2048420010,m61_48_42_00,76861,pickup,1,goods:2009325:1,Mad Craftsman's Cookbook [1]
68760,2048370060,m61_48_37_00,76835,pickup,1,goods:2009326:1,St. Trina Disciple's Cookbook [1]
68770,2049440000,m61_49_44_00,76902,pickup,1,goods:2009327:1,Fire Knight's Cookbook [1]
68780,40010900,m40_01_00_00,74001,pickup,1,goods:2009328:1,Ancient Dragon Knight's Cookbook [2]
68790,2047440810,m61_47_44_00,76821,pickup,1,goods:2009329:1,Loyal Knight's Cookbook
68800,21000660,m21_00_00_00,72106,pickup,1,goods:2009330:1,Battlefield Priest's Cookbook [1]
68810,2049390010,m61_49_39_00,76840,pickup,1,goods:2009331:1,Igon's Cookbook [1]
68820,2049430510,m61_49_43_00,76910,pickup,1,goods:2009332:1,Battlefield Priest's Cookbook [2]
68830,106400,m61_45_42_00,76803,other,1,goods:2009333:1,Forager Brood Cookbook [7]
68840,22000010,m22_00_00_00,72200,pickup,1,goods:2009334:1,St. Trina Disciple's Cookbook [3]
68850,2049380040,m61_49_38_00,76840,pickup,1,goods:2009335:1,Grave Keeper's Cookbook [2]
68860,2046480011,m61_46_48_00,76940,pickup,1,goods:2009336:1,Antiquity Scholar's Cookbook [2]
68870,2048380020,m61_48_38_00,76841,reward,1,goods:2009337:1,Tibia's Cookbook
68880,28000060,m28_00_00_00,72801,pickup,1,goods:2009338:1,Mad Craftsman's Cookbook [3]
68890,2048460020,m61_48_46_00,76912,pickup,1,goods:2009339:1,Battlefield Priest's Cookbook [3]
68900,2047440000,m61_47_44_00,76813,pickup,1,goods:2009340:1,Fire Knight's Cookbook [2]
68910,524095715,m61_46_47_00,76914,enemy,1,goods:2009341:1,Antiquity Scholar's Cookbook [1]
68920,2049380050,m61_49_38_00,76840,pickup,1,goods:2009342:1,Finger-Weaver's Cookbook [1]
68930,21020030,m21_02_00_00,72120,pickup,1,goods:2009343:1,Battlefield Priest's Cookbook [4]
68940,2046380060,m61_46_38_00,76832,pickup,1,goods:2009344:1,Grave Keeper's Cookbook [1]
68950,2047350010,m61_47_35_00,76833,pickup,1,goods:2009345:1,St. Trina Disciple's Cookbook [2]
69740,35000070,m35_00_00_00,73504,pickup,0,goods:8714:1,Note: Miquella's Needle
69760,1038480040,m60_38_48_00,76239,pickup,0,goods:8716:1,Note: The Lord of Frenzied Flame
400001,100010,,0,other,0,goods:8107:1,Rold Medallion
400020,100200,m10_00_00_00,71000,other,0,goods:900:1,Neutralizing Boluses
400030,100300,m11_10_00_00,71190,other,0,goods:111:5,Festering Bloody Finger
400031,100310,m60_35_44_00,76236,other,0,goods:8154:1,Lord of Blood's Favor
400032,100320,m60_35_44_00,76236,other,0,goods:2160:1,Pureblood Knight's Medal
400033,100330,m35_00_00_00,73503,reward,0,goods:8155:1,Lord of Blood's Favor
400036,100361,m12_05_00_00,71253,reward,0,goods:111:6,Festering Bloody Finger
400037,100360,m12_05_00_00,71253,reward,0,weapon:11060000:1,Varré's Bouquet
400041,100410,,0,other,0,goods:9510:1,Perfume Bottle
400042,100420,m60_42_36_00,76100,other,0,goods:2030:1,Glowstone
400049,110410,m60_42_36_00,76100,enemy,0,goods:8920:1,Kalé's Bell Bearing
400050,100500,m10_00_00_00,71003,other,0,goods:2050:1,Grace Mimic
400051,100510,,0,other,0,goods:8918:1|goods:10000:1|goods:1190:1,Gostoc's Bell Bearing|Glass Shard|Silver-Pickled Fowl Foot
400060,100600,m11_10_00_00,71190,other,0,talisman:6070:1,Sacrificial Twig
400061,100610,m60_33_44_00,76218,reward,0,goods:1240:1|weapon:18030008:1|goods:1235:5,Shabriri Grape|Banished Knight's Halberd|Raw Meat Dumpling
400069,110600,m60_43_31_00,76159,enemy,0,weapon:18030008:1,Banished Knight's Halberd
400070,100700,m11_10_00_00,71190,other,0,goods:8128:1,Tonic of Forgetfulness
400071,100710,m16_00_00_00,71600,reward,0,armor:960000:1|armor:960100:1|armor:960300:1,Consort's Mask|Consort's Robe|Consort's Trousers
400072,100720,m16_00_00_00,71602,other,0,goods:8134:1,Drawing-Room Key
400073,100730,m16_00_00_00,71602,reward,0,goods:8127:1,Letter from Volcano Manor
400074,100740,m16_00_00_00,71602,reward,0,goods:8132:1,Letter from Volcano Manor
400075,100750,m16_00_00_00,71602,reward,0,goods:8133:1,Red Letter
400076,100760,m16_00_00_00,71602,reward,0,goods:4800:1,Magma Shot
400077,100770,m16_00_00_00,71602,reward,0,weapon:9080000:1,Serpentbone Blade
400078,100780,m16_00_00_00,71602,reward,0,talisman:5030:1,Taker's Cameo
400079,100790,,0,other,0,goods:7520:1,Aspects of the Crucible: Breath
400080,100800,m11_10_00_00,71190,other,0,goods:8131:1,Irina's Letter
400089,100890,m35_00_00_00,73504,reward,0,weapon:34090000:1|goods:3311:5|goods:3311:3,Frenzied Flame Seal|Frenzyflame Stone|Frenzyflame Stone
400090,100900,m11_10_00_00,71190,other,0,goods:8137:1,Volcano Manor Invitation
400091,100910,m16_00_00_00,71603,reward,0,goods:8221:1|talisman:6060:1,Zorayas's Letter|Daedicar's Woe
400100,101000,m60_41_33_00,76162,other,0,goods:8144:1,Sellen's Primal Glintstone
400101,101010,m14_00_00_00,71400,other,0,weapon:1070000:1,Glintstone Kris
400102,101020,m60_44_36_00,76120,other,0,goods:8169:1,Sellian Sealbreaker
400103,101030,m14_00_00_00,71400,other,0,goods:1290:1,Starlight Shards
400104,101040,,0,other,0,goods:4200:1,Comet Azur
400105,101050,,0,other,0,goods:4220:1,Stars of Ruin
400106,101060,m14_00_00_00,71402,reward,0,goods:8913:1,Sellen's Bell Bearing
400107,101061,m14_00_00_00,71402,reward,0,armor:834000:1,Witch's Glintstone Crown
400108,111080,,0,other,0,goods:2030:1,Glowstone
400109,111090,,0,other,0,goods:2030:1,Glowstone
400120,101200,,0,other,0,goods:2030:1,Glowstone
400121,101210,,0,other,0,goods:2030:1,Glowstone
400130,101300,m60_35_42_00,76220,other,0,goods:8176:1,Haligtree Secret Medallion (Right)
400140,101400,m60_34_50_00,76231,other,0,goods:8164:1,Seluvis's Potion
400141,101410,m60_34_50_00,76231,other,0,talisman:2000:1,Magic Scorpion Charm
400143,101430,m60_34_50_00,76231,other,0,goods:8143:1,Seluvis's Introduction
400144,101440,,0,other,0,goods:2030:1,Glowstone
400145,101450,m60_34_50_00,76231,other,0,goods:8166:1,Amber Draught
400148,101480,m60_34_50_00,76231,reward,0,goods:8911:1|armor:910000:1|armor:910100:1|armor:910200:1|armor:910300:1,Seluvis's Bell Bearing|Preceptor's Big Hat|Preceptor's Long Gown|Preceptor's Gloves|Preceptor's Trousers
400149,101490,m60_35_50_00,76231,reward,0,goods:8910:1|goods:262000:1|goods:259000:1,Pidia's Bell Bearing|Dolores the Sleeping Arrow Puppet|Nepheli Loux Puppet
400150,101500,m11_10_00_00,71190,other,0,goods:10161:1,Somber Smithing Stone [2]
400158,101580,,0,other,0,weapon:4060000:1|armor:170100:1|armor:170200:1|armor:170300:1,Royal Greatsword|Blaidd's Armor|Blaidd's Gauntlets|Blaidd's Greaves
400159,101590,m12_01_00_00,71213,reward,0,goods:8199:1,Discarded Palace Key
400161,101610,m11_10_00_00,71190,other,0,goods:10104:1,Smithing Stone [5]
400162,101621,m60_39_52_00,76350,reward,0,weapon:10050000:1,Eleonora's Poleblade
400163,101630,m60_39_52_00,76306,reward,0,weapon:9010000:1,Nagakiba
400164,101640,,0,other,0,armor:150000:1|armor:150100:1|armor:150200:1|armor:150300:1,Iron Kasa|Ronin's Armor|Ronin's Gauntlets|Ronin's Greaves
400170,101700,m13_00_00_00,71306,other,0,goods:1210:1,Exalted Flesh
400171,101710,m13_00_00_00,71306,other,0,goods:1210:3,Exalted Flesh
400172,101720,m13_00_00_00,71306,other,0,armor:1120000:1,Jar
400173,101730,,0,other,0,goods:8222:1,Alexander's Innards
400174,101740,m13_00_00_00,71306,reward,0,talisman:1231:1|goods:8222:1,Shard of Alexander|Alexander's Innards
400175,111700,m60_43_39_00,76117,enemy,0,talisman:1230:1,Warrior Jar Shard
400180,101800,m11_10_00_00,71190,other,0,goods:8167:1,Letter to Patches
400181,101810,m16_00_00_00,71602,other,0,goods:8168:1,Dancer's Castanets
400182,101820,m16_00_00_00,71602,other,0,weapon:20030000:1,Magma Whip Candlestick
400183,101830,m31_00_00_00,73100,reward,0,goods:2900:2,Golden Rune [1]
400184,101840,,0,other,0,weapon:16010007:1|armor:1400100:1|armor:1400200:1|armor:1400300:1,Spear|Leather Armor|Leather Gloves|Leather Boots
400189,111800,m31_00_00_00,73100,enemy,0,goods:8912:1|weapon:16010007:1|armor:1400100:1|armor:1400200:1|armor:1400300:1,Patches' Bell Bearing|Spear|Leather Armor|Leather Gloves|Leather Boots
400190,101900,m11_10_00_00,71190,other,0,goods:236000:1,Spirit Jellyfish Ashes
400191,101910,m60_41_38_00,76102,reward,0,goods:10010:1,Golden Seed
400209,111900,,0,other,0,goods:2030:1|goods:8917:1|goods:15090:12,Glowstone|Miriel's Bell Bearing|Turtle Neck Meat
400210,102100,,0,other,0,goods:8590:1,Whetstone Knife
400220,112200,m60_45_38_00,76114,enemy,0,goods:10010:1,Golden Seed
400221,102200,m10_00_00_00,71000,other,0,weapon:1150000:1,Erdsteel Dagger
400230,102310,m11_10_00_00,71190,other,0,goods:10140:1,Ancient Dragon Smithing Stone
400231,102311,,0,other,0,goods:6830:1,Gurranq's Beast Claw
400232,102312,,0,other,0,weapon:12150000:1,Beastclaw Greathammer
400233,102313,,0,other,0,goods:6810:1,Stone of Gurranq
400234,102314,,0,other,0,goods:6820:1,Beast Claw
400235,102300,m11_10_00_00,71190,other,0,gem:65200:1,Ash of War: Beast's Roar
400236,102301,,0,other,0,goods:6840:1,Bestial Vitality
400237,102302,,0,other,0,goods:6800:1,Bestial Sling
400238,102303,,0,other,0,weapon:34040000:1,Clawmark Seal
400239,102304,m60_51_43_00,76454,other,0,goods:8979:1,Beast Eye
400240,102400,m60_34_49_00,76213,reward,0,goods:8940:1,Iji's Bell Bearing
400241,102401,m60_34_49_00,76213,reward,0,armor:1301000:1,Iji's Mirrorhelm
400260,102600,,0,other,0,goods:2030:1,Glowstone
400271,102710,m11_00_00_00,71102,other,0,goods:20760:10,Mushroom
400280,102800,m61_50_45_00,76906,other,1,goods:8175:1,Haligtree Secret Medallion (Left)
400281,102860,,0,other,0,weapon:11110000:1,Scepter of the All-Knowing
400282,102820,m11_10_00_00,71190,other,0,goods:6260:1|armor:590000:1,Black Flame's Protection|All-Knowing Helm
400283,102830,m11_10_00_00,71190,other,0,goods:6490:1|armor:590100:1,Lord's Divine Fortification|All-Knowing Armor
400284,102863,,0,other,0,armor:590200:1,All-Knowing Gauntlets
400285,102850,m11_10_00_00,71190,other,0,goods:6760:1|armor:590300:1,Law of Causality|All-Knowing Greaves
400290,102900,m16_00_00_00,71602,other,0,goods:8173:1,Letter to Bernahl
400291,102910,m16_00_00_00,71602,reward,0,goods:4810:1,Gelmir's Fury
400292,102920,m13_00_00_00,71309,reward,0,goods:2080:1,Blasphemous Claw
400293,102921,m13_00_00_00,71309,reward,0,weapon:12200000:1,Devourer's Scepter
400294,102922,m13_00_00_00,71309,reward,0,armor:720000:1|armor:721100:1|armor:720200:1|armor:720300:1,Beast Champion Helm|Beast Champion Armor (Altered)|Beast Champion Gauntlets|Beast Champion Greaves
400295,102926,m13_00_00_00,71309,reward,0,goods:4810:1,Gelmir's Fury
400299,112900,m60_42_38_00,76118,enemy,0,goods:8916:1,Bernahl's Bell Bearing
400300,103000,,0,other,0,goods:8136:1,Rya's Necklace
400308,103020,,0,other,0,goods:8193:1,Seedbed Curse
400309,103010,,0,other,0,weapon:21070000:1|armor:891000:1|goods:8942:1,Iron Ball|Blackguard's Iron Mask|Blackguard's Bell Bearing
400310,103100,m60_50_38_00,76418,other,0,goods:8976:1,Unalloyed Gold Needle
400311,103110,m60_50_38_00,76418,other,0,goods:8978:1,Sellia's Secret
400312,103120,m60_50_38_00,76418,reward,0,talisman:3050:1|goods:8944:1,Flock's Canvas Talisman|Gowry's Bell Bearing
400320,103200,m15_00_00_00,71501,other,0,talisman:1070:1,Prosthesis-Wearer Heirloom
400321,103210,m15_00_00_00,71501,reward,0,goods:8196:1,Unalloyed Gold Needle
400323,103220,m15_00_00_00,71501,reward,0,talisman:1250:1,Millicent's Prosthesis
400324,103240,m15_00_00_00,71500,reward,0,goods:2190:1,Miquella's Needle
400325,103241,m15_00_00_00,71500,reward,0,goods:10168:1,Somber Ancient Dragon Smithing Stone
400331,103310,m11_10_00_00,71190,other,0,goods:8980:1,Weathered Dagger
400332,103320,m11_10_00_00,71190,other,0,talisman:6070:1,Sacrificial Twig
400333,103330,m11_10_00_00,71190,other,0,goods:3361:1,Radiant Baldachin's Blessing
400334,103340,m11_10_00_00,71190,other,0,goods:8190:1,Knifeprint Clue
400339,113300,m12_03_00_00,71230,reward,0,armor:1940000:1|armor:1940100:1,Fia's Hood|Fia's Robe
400348,103410,m12_03_00_00,71230,reward,0,weapon:2090000:1|armor:600000:1|armor:600100:1|armor:600200:1|armor:600300:1,Inseparable Sword|Twinned Helm|Twinned Armor|Twinned Gauntlets|Twinned Greaves
400349,103400,m11_10_00_00,71190,reward,0,goods:8915:1|armor:600000:1|armor:600100:1|armor:600200:1|armor:600300:1,D's Bell Bearing|Twinned Helm|Twinned Armor|Twinned Gauntlets|Twinned Greaves
400356,103582,m11_10_00_00,71190,reward,0,goods:8223:1,Rogier's Letter
400357,103510,m10_00_00_00,71006,other,0,goods:8172:1,Black Knifeprint
400358,103500,m10_00_00_00,71006,other,0,weapon:5030008:1,Rogier's Rapier
400359,103590,m11_10_00_00,71190,reward,0,goods:8941:1|armor:130000:1|armor:130100:1|armor:130200:1|armor:130300:1,Rogier's Bell Bearing|Spellblade's Pointed Hat|Spellblade's Traveling Attire|Spellblade's Gloves|Spellblade's Trousers
400360,103600,m14_00_00_00,71403,reward,0,goods:8919:1,Thops's Bell Bearing
400361,103601,m14_00_00_00,71403,reward,0,weapon:33200000:1,Academy Glintstone Staff
400362,103602,m14_00_00_00,71403,reward,0,goods:4630:1,Thops's Barrier
400370,103700,,0,other,0,goods:8943:1|weapon:13010000:1|armor:620100:1,Corhyn's Bell Bearing|Flail|Corhyn's Robe
400380,103800,m11_10_00_00,71190,other,0,goods:8197:1,Sewer-Gaol Key
400381,103824,m35_00_00_00,73501,reward,0,weapon:3160000:1,Sword of Milos
400382,103820,m35_00_00_00,73501,reward,0,armor:970000:1|armor:970100:1|armor:970200:1|armor:970300:1,Omen Helm|Omen Armor|Omen Gauntlets|Omen Greaves
400390,103901,m60_42_36_00,76100,reward,0,goods:232000:1,Lone Wolf Ashes
400391,103910,m60_34_50_00,76247,other,0,goods:8111:1,Carian Inverted Statue
400392,103920,,0,other,0,goods:8191:1,Cursemark of Death
400393,103930,m60_35_42_00,76251,reward,0,weapon:3090000:1,Dark Moon Greatsword
400394,103940,m12_01_00_00,71214,reward,0,goods:8146:1,Miniature Ranni
400395,103950,,0,other,0,goods:8159:1,Fingerslayer Blade
400400,104000,m14_00_00_00,71400,other,0,goods:10140:1,Ancient Dragon Smithing Stone
400401,104010,m14_00_00_00,71402,reward,0,armor:940000:1|armor:940100:1|armor:940200:1|armor:940300:1,Eccentric's Hood|Eccentric's Armor|Eccentric's Manchettes|Eccentric's Breeches
400410,104100,m60_36_41_00,76215,reward,0,goods:204000:1,Latenna the Albinauric
400411,104110,m60_47_58_00,76653,reward,0,goods:10168:1,Somber Ancient Dragon Smithing Stone
400412,104120,,0,other,0,armor:240000:1|armor:240100:1|armor:240200:1|armor:240300:1,Blue Silver Mail Hood|Blue Silver Mail Armor|Blue Silver Bracelets|Blue Silver Mail Skirt
400420,104200,m10_00_00_00,71006,other,0,talisman:1030:1,Arsenal Charm
400421,114210,m10_00_00_00,71006,enemy,0,weapon:14140000:1,Stormhawk Axe
400422,104220,m10_00_00_00,71006,other,0,goods:10140:1,Ancient Dragon Smithing Stone
400430,104300,m31_11_00_00,73111,other,0,goods:4220:1,Stars of Ruin
400431,114310,m31_11_00_00,73111,enemy,0,armor:580000:1|armor:580100:1|armor:580200:1|armor:580300:1,Lusat's Glintstone Crown|Lusat's Robe|Lusat's Manchettes|Old Sorcerer's Legwraps
400440,104400,m60_37_53_00,76357,other,0,goods:4200:1,Comet Azur
400441,114410,m60_37_53_00,76357,enemy,0,armor:581000:1|armor:581100:1|armor:581200:1,Azur's Glintstone Crown|Azur's Glintstone Robe|Azur's Manchettes
400451,104500,,0,other,0,weapon:20050000:1|armor:651000:1,Hoslow's Petal Whip|Diallos's Mask
400452,104502,,0,other,0,goods:2913:1,Numen's Rune
400460,104600,m60_39_44_00,76245,reward,0,talisman:2210:1|goods:15410:1,Companion Jar|Living Jar Shard
400470,104700,m60_23_20_01,76451,other,0,talisman:1032:1,Great-Jar's Arsenal
400480,104800,m15_00_00_00,71501,reward,0,talisman:2081:1,Rotten Winged Sword Insignia
400490,104900,m11_10_00_00,71190,reward,0,armor:690000:1|armor:690100:1|armor:690200:1|armor:690300:1,Royal Remains Helm|Royal Remains Armor|Royal Remains Gauntlets|Royal Remains Greaves
400500,105000,m11_05_00_00,71121,reward,0,armor:1040100:1|armor:1040200:1|armor:1040300:1,Goldmask's Rags|Gold Bracelets|Gold Waistwrap
400510,105100,m60_40_53_00,76306,reward,0,weapon:12180000:1|goods:10165:1,Great Stars|Somber Smithing Stone [6]
400590,105900,m61_48_45_00,76900,reward,1,talisman:8140:1,Lacerating Crossed-Tree
400592,105910,m61_48_45_00,76900,reward,1,talisman:8130:1,Retaliatory Crossed-Tree
400594,105920,m21_00_00_00,72107,reward,1,gem:410000:1|goods:2002950:1,Ash of War: Swift Slash|Leda's Rune
400595,105930,m21_01_00_00,72112,reward,1,weapon:41510000:1|goods:2002950:1,Ansbach's Longbow|Leda's Rune
400596,115900,,0,other,0,goods:2002950:1,Leda's Rune
400598,105940,m20_01_00_00,72015,reward,1,armor:5000100:1,Leda's Armor
400600,106000,m21_01_00_00,72113,other,1,weapon:31530000:1,Golden Lion Shield
400602,106010,m20_01_00_00,72015,reward,1,weapon:8510000:1|armor:5120000:1|armor:5120100:1|armor:5120200:1|armor:5120300:1,Freyja's Greatsword|Freyja's Helm|Freyja's Armor|Freyja's Gauntlets|Freyja's Greaves
400610,106100,m21_01_00_00,72110,other,1,goods:2008007:1,Cross Map
400611,106121,,0,other,0,goods:2008012:1,New Cross Map
400612,106110,m21_01_00_00,72110,other,1,goods:2020035:3,Furnace Visage
400614,116100,m20_01_00_00,72015,reward,1,weapon:7510000:1|armor:5070000:1|armor:5070100:1|armor:5070200:1|armor:5070300:1,Falx|Caterpillar Mask|Braided Cord Robe|Braided Arm Wraps|Soiled Loincloth
400620,106200,m21_01_00_00,72116,reward,1,goods:2008015:1,Letter for Freyja
400622,106210,m21_01_00_00,72116,reward,1,armor:5110000:1|armor:5110100:1|armor:5110200:1|armor:5110300:1,Wise Man's Mask|Ansbach's Attire|Ansbach's Manchettes|Ansbach's Boots
400623,106214,m21_01_00_00,72116,reward,1,weapon:41510000:1,Ansbach's Longbow
400624,106220,m20_01_00_00,72010,reward,1,armor:5110000:1|armor:5110100:1|armor:5110200:1|armor:5110300:1|weapon:19500000:1|goods:2006300:1,Wise Man's Mask|Ansbach's Attire|Ansbach's Manchettes|Ansbach's Boots|Obsidian Lamina|Furious Blade of Ansbach
400625,106230,m21_01_00_00,72116,reward,1,armor:5110000:1|armor:5110100:1|armor:5110200:1|armor:5110300:1|weapon:41510000:1|goods:2008015:1,Wise Man's Mask|Ansbach's Attire|Ansbach's Manchettes|Ansbach's Boots|Ansbach's Longbow|Letter for Freyja
400627,116200,,0,other,0,armor:5110000:1|armor:5110100:1|armor:5110200:1|armor:5110300:1|weapon:41510000:1,Wise Man's Mask|Ansbach's Attire|Ansbach's Manchettes|Ansbach's Boots|Ansbach's Longbow
400630,106300,m61_48_43_00,76810,other,1,goods:2002140:1,Thiollier's Concoction
400632,106310,m22_00_00_00,72202,reward,1,talisman:8160:1,St. Trina's Smile
400634,106320,m20_01_00_00,72010,reward,1,weapon:21500000:1|armor:5030000:1|armor:5030100:1|armor:5030200:1|armor:5030300:1,Thiollier's Hidden Needle|Thiollier's Mask|Thiollier's Garb|Thiollier's Gloves|Thiollier's Trousers
400636,106330,,0,other,0,armor:5030000:1|armor:5030100:1|armor:5030200:1|armor:5030300:1,Thiollier's Mask|Thiollier's Garb|Thiollier's Gloves|Thiollier's Trousers
400642,106410,m61_45_42_00,76803,other,1,goods:2008019:1,Black Syrup
400644,106420,m61_45_42_00,76803,reward,1,goods:2008900:1,Moore's Bell Bearing
400645,106421,m61_45_42_00,76803,reward,1,weapon:32520000:1|armor:5010000:1|armor:5010100:1|armor:5010200:1|armor:5010300:1,Verdigris Greatshield|Verdigris Helm|Verdigris Armor|Verdigris Gauntlets|Verdigris Greaves
400660,106600,m61_50_45_00,76906,other,1,goods:2008008:1|goods:2008016:1,Hole-Laden Necklace|Ruins Map
400661,106610,m61_50_45_00,76906,other,1,goods:2008017:1|talisman:8190:1,Ruins Map (2nd)|Beloved Stardust
400662,106620,m61_50_45_00,76906,other,1,goods:2008018:1,Ruins Map (3rd)
400664,106640,m61_51_45_00,76904,reward,1,goods:2008901:1|weapon:33520000:1|armor:5060000:1|armor:5060100:1|armor:5060200:1|armor:5060300:1,Ymir's Bell Bearing|Maternal Staff|High Priest Hat|High Priest Robe|High Priest Gloves|High Priest Undergarments
400666,106650,m61_50_45_00,76906,reward,1,goods:2007420:1,Cherishing Fingers
400670,106700,m61_51_45_00,76904,reward,1,goods:2219000:1,Swordhand of Night Jolán
400671,106710,m61_51_45_00,76906,reward,1,weapon:9500000:1,Sword of Night
400672,106720,m61_51_45_00,76904,reward,1,weapon:22500000:1,Claws of Night
400690,106900,m21_00_00_00,72107,reward,1,goods:2218000:1,Fire Knight Queelign
400692,106910,m21_00_00_00,72107,reward,1,weapon:6500000:1,Queelign's Greatsword
400694,106920,m20_00_00_00,72001,reward,1,talisman:8050:1,Crusade Insignia
400696,106930,m20_00_00_00,72001,reward,1,gem:414000:1|goods:2008036:1,Ash of War: Flame Skewer|Prayer Room Key
400700,107010,m61_49_39_00,76840,reward,1,goods:2215000:1,Ancient Dragon Florissax
400702,107020,m61_49_39_00,76840,other,1,goods:2006910:1,Dragonbolt of Florissax
400704,107030,m61_49_39_00,76840,reward,1,goods:2002020:1|weapon:11500000:1,Priestess Heart|Flowerstone Gavel
400710,107100,m61_48_42_00,76811,other,1,goods:2008003:1,Igon's Furled Finger
400711,117101,m61_48_42_00,76811,enemy,1,weapon:42500000:1|armor:5100000:1|armor:5100100:1|armor:5100200:1|armor:5100300:1|goods:2008907:1,Igon's Greatbow|Igon's Helm|Igon's Armor|Igon's Gauntlets|Igon's Loincloth|Igon's Bell Bearing
400712,107110,m61_52_40_00,76850,reward,1,weapon:42500000:1|armor:5100000:1|armor:5100100:1|armor:5100200:1|armor:5100300:1|goods:2008907:1,Igon's Greatbow|Igon's Helm|Igon's Armor|Igon's Gauntlets|Igon's Loincloth|Igon's Bell Bearing
400714,107120,m61_52_40_00,76850,reward,1,weapon:42500000:1|armor:5100000:1|armor:5100100:1|armor:5100200:1|armor:5100300:1|goods:2008907:1,Igon's Greatbow|Igon's Helm|Igon's Armor|Igon's Gauntlets|Igon's Loincloth|Igon's Bell Bearing
400720,107210,m20_00_00_00,72002,reward,1,goods:2001202:1,Scorpion Stew
400721,107211,m20_00_00_00,72002,reward,1,goods:2007600:1,Watchful Spirit
400722,107220,m20_00_00_00,72002,other,1,goods:2001201:1,Gourmet Scorpion Stew
400723,107230,m20_00_00_00,72002,reward,1,goods:2001203:1,Gourmet Scorpion Stew
400730,107300,m61_49_44_00,76902,reward,1,weapon:60500000:1|armor:3000000:1,Dryleaf Arts|Dane's Hat
400732,107310,m20_01_00_00,72015,reward,1,weapon:60510000:1,Dane's Footwork
400740,107400,m22_00_00_00,72200,reward,1,armor:5300000:1,St. Trina's Blossom
400750,107501,,0,other,0,goods:2020007:3,Glintslab Firefly
400751,107511,,0,other,0,goods:2015020:1,Pearlescent Scale
400752,107521,,0,other,0,goods:2020005:3,Dewgem
400753,107531,,0,other,0,goods:2020006:3,Black Pyrefly
400754,107541,,0,other,0,goods:2020008:3,Yellow Fulgurbloom
400755,107551,,0,other,0,goods:2020009:3,Shadow Sunflower
400901,119000,m60_44_39_00,76117,enemy,0,goods:8921:1,Nomadic Merchant's Bell Bearing [1]
400902,119005,m60_45_36_00,76105,enemy,0,goods:8922:1,Nomadic Merchant's Bell Bearing [2]
400903,119010,m60_41_36_00,76101,enemy,0,goods:8923:1,Nomadic Merchant's Bell Bearing [3]
400904,119015,m60_44_33_00,76151,enemy,0,goods:8924:1,Nomadic Merchant's Bell Bearing [4]
400905,119020,m60_38_41_00,76201,enemy,0,goods:8925:1,Nomadic Merchant's Bell Bearing [5]
400906,119025,m60_41_32_00,76156,enemy,0,goods:8926:1,Isolated Merchant's Bell Bearing [1]
400907,119030,m60_35_45_00,76205,enemy,0,goods:8927:1,Isolated Merchant's Bell Bearing [2]
400908,119035,m60_36_49_00,76208,enemy,0,goods:8928:1,Nomadic Merchant's Bell Bearing [6]
400909,119040,m60_43_53_00,76311,enemy,0,goods:8929:1,Hermit Merchant's Bell Bearing [1]
400910,119045,m60_40_52_00,76304,enemy,0,goods:8930:1,Nomadic Merchant's Bell Bearing [7]
400911,119050,m60_37_54_00,76352,enemy,0,goods:8931:1,Nomadic Merchant's Bell Bearing [8]
400912,119055,m60_48_38_00,76406,enemy,0,goods:8932:1,Nomadic Merchant's Bell Bearing [9]
400913,119060,m60_49_37_00,76411,enemy,0,goods:8933:1,Nomadic Merchant's Bell Bearing [10]
400915,119070,m60_48_41_00,76451,enemy,0,goods:8935:1,Isolated Merchant's Bell Bearing [3]
400916,119075,m60_51_56_00,76503,enemy,0,goods:8936:1,Hermit Merchant's Bell Bearing [2]
400917,119080,m12_02_00_00,71223,enemy,0,goods:8937:1,Abandoned Merchant's Bell Bearing
400918,119085,m12_01_00_00,71213,enemy,0,goods:8938:1,Hermit Merchant's Bell Bearing [3]
400919,119090,m12_05_00_00,71253,enemy,0,goods:8939:1,Imprisoned Merchant's Bell Bearing
510010,10011,,0,reward,0,goods:2950:1,Remembrance of the Grafted
510030,10030,,0,reward,0,weapon:2060000:1|weapon:32090000:1,Ornamental Straight Sword|Golden Beast Crest Shield
510040,10040,,0,reward,0,goods:2952:1,Remembrance of the Omen King
510060,10060,,0,reward,0,weapon:11110000:1|armor:590000:1|armor:590100:1|armor:590200:1|armor:590300:1,Scepter of the All-Knowing|All-Knowing Helm|All-Knowing Armor|All-Knowing Gauntlets|All-Knowing Greaves
510070,10070,,0,reward,0,goods:2957:1,Remembrance of Hoarah Loux
510080,10080,,0,reward,0,goods:2964:1,Remembrance of the Naturalborn
510090,10090,,0,reward,0,goods:6921:1,Frozen Lightning Spear
510100,10100,,0,reward,0,weapon:3190000:1|weapon:10080000:1,Gargoyle's Greatsword|Gargoyle's Twinblade
510110,10110,,0,reward,0,goods:2960:1,Remembrance of the Lichdragon
510120,10120,,0,reward,0,goods:2955:1,Remembrance of the Blood Lord
510140,10140,,0,reward,0,goods:8954:1|gem:22100:1,Smithing-Stone Miner's Bell Bearing [4]|Ash of War: Black Flame Tornado
510150,10150,,0,reward,0,goods:2958:1,Remembrance of the Dragonlord
510160,10160,,0,reward,0,goods:2956:1,Remembrance of the Black Blade
510190,10190,,0,reward,0,goods:4381:1|weapon:18100000:1,Loretta's Mastery|Loretta's War Sickle
510200,10200,,0,reward,0,goods:2954:1,Remembrance of the Rot Goddess
510210,10210,,0,reward,0,weapon:6010000:1|goods:6270:1,Godskin Stitcher|Noble Presence
510220,10220,,0,reward,0,goods:2953:1,Remembrance of the Blasphemous
510230,10230,,0,reward,0,goods:2963:1,Elden Remembrance
510250,10250,,0,reward,0,goods:6300:1,Bloodflame Talons
510260,10260,,0,reward,0,weapon:8040000:1|goods:10060:1,Magma Wyrm's Scalesword|Dragon Heart
510280,10280,,0,reward,0,goods:10010:1|goods:201000:1,Golden Seed|Banished Knight Oleg
510290,10290,,0,reward,0,weapon:16130000:1,Inquisitor's Girandole
510300,10300,,0,reward,0,goods:2951:1,Remembrance of the Starscourge
510310,10310,,0,reward,0,goods:2961:1,Remembrance of the Fire Giant
510320,10320,,0,reward,0,goods:209000:1,Ancestral Follower Ashes
510330,10330,,0,reward,0,goods:2962:1,Remembrance of the Regal Ancestor
510340,10340,,0,reward,0,goods:8185:2|armor:1090000:1,Larval Tear|Silver Tear Mask
510350,10350,,0,reward,0,goods:5020:1,Fia's Mist
510400,10400,,0,reward,0,goods:2002905:1,Remembrance of the Dancing Lion
510420,10420,m20_01_00_00,72015,reward,1,weapon:67510000:1,Leda's Sword
510430,10430,,0,reward,0,goods:2002907:1,Remembrance of a God and a Lord
510440,10440,,0,reward,0,goods:2006650:1|goods:2010000:2,Aspects of the Crucible: Thorns|Scadutree Fragment
510460,10460,,0,reward,0,goods:2002901:1|goods:2008021:1,Remembrance of the Impaler|Messmer's Kindling
510480,10480,,0,reward,0,goods:2002910:1,Remembrance of Putrescence
510550,10550,,0,reward,0,goods:2002909:1,Remembrance of the Mother of Fingers
510560,10560,,0,reward,0,goods:2002908:1,Remembrance of the Lord of Frenzied Flame
510600,10600,,0,reward,0,goods:2002904:1,Remembrance of the Saint of the Bud
510610,10610,,0,reward,0,weapon:17520000:1,Barbed Staff-Spear
510620,10620,,0,reward,0,goods:2002902:1|goods:2008000:1,Remembrance of the Shadow Sunflower|Miquella's Great Rune
510630,10630,,0,reward,0,goods:2008011:1,Heart of Bayle
510640,10640,,0,reward,0,goods:2002900:1,Remembrance of the Wild Boar Rider
510730,10730,,0,reward,0,armor:520000:1|armor:520100:1|armor:520200:1|armor:520300:1,Godskin Apostle Hood|Godskin Apostle Robe|Godskin Apostle Bracelets|Godskin Apostle Trousers
510740,10740,,0,reward,0,goods:247000:1,Omenkiller Rollo
510800,10800,,0,reward,0,weapon:4100000:1,Grafted Blade Greatsword
510810,10810,,0,reward,0,goods:4380:1|gem:11800:1,Loretta's Greatbow|Ash of War: Loretta's Slash
510820,10820,,0,reward,0,weapon:3150000:1|weapon:32050000:1,Marais Executioner's Sword|Briar Greatshield
510830,10830,,0,reward,0,weapon:4080000:1,Ruins Greatsword
510840,10840,,0,reward,0,weapon:21120000:1,Veteran's Prosthesis
510900,10900,,0,reward,0,goods:2002903:1,Remembrance of the Twin Moon Knight
520000,20000,m10_00_00_00,71000,reward,0,goods:258000:1,Lhutel the Headless
520010,20010,m10_00_00_00,71000,reward,0,goods:234000:1,Demi-Human Ashes
520020,20020,m20_00_00_00,72002,reward,1,goods:241000:1,Noble Sorcerer Ashes
520030,20030,m11_00_00_00,71102,reward,0,talisman:5050:1,Assassin's Crimson Dagger
520040,20040,m11_00_00_00,71102,reward,0,goods:202000:1,Banished Knight Engvall
520050,20050,,0,reward,0,goods:219000:1,Twinsage Sorcerer Ashes
520060,20060,,0,reward,0,goods:218000:1,Glintstone Sorcerer Ashes
520070,20070,,0,reward,0,goods:231000:1,Kaiden Sellsword Ashes
520080,20080,,0,reward,0,goods:256000:1,Ancient Dragon Knight Kristoff
520090,20090,,0,reward,0,goods:239000:1,Bloodhound Knight Floh
520100,20100,,0,reward,0,weapon:3060000:1|armor:570000:1|armor:570100:1|armor:570200:1|armor:570300:1,Ordovis's Greatsword|Crucible Axe Helm|Crucible Axe Armor|Crucible Gauntlets|Crucible Greaves
520110,20110,,0,reward,0,goods:217000:1,Perfumer Tricia
520120,20120,,0,reward,0,goods:8960:1,Glovewort Picker's Bell Bearing [1]
520130,20130,,0,reward,0,goods:246000:1,Soldjars of Fortune Ashes
520140,20140,,0,reward,0,goods:243000:1,Mad Pumpkin Head Ashes
520150,20150,,0,reward,0,goods:224000:1,Kindred of Rot Ashes
520160,20160,,0,reward,0,goods:257000:1|goods:10010:1,Redmane Knight Ogha|Golden Seed
520170,20170,,0,reward,0,weapon:8050000:1|armor:1070000:1|armor:1070100:1|armor:1070200:1|armor:1070300:1,Zamor Curved Sword|Zamor Mask|Zamor Armor|Zamor Bracelets|Zamor Legwraps
520180,20180,,0,reward,0,goods:10010:1|goods:8961:1,Golden Seed|Glovewort Picker's Bell Bearing [2]
520190,20190,,0,reward,0,goods:10909:2|armor:2000100:1,Great Grave Glovewort|Rotten Gravekeeper Cloak
520200,20200,,0,reward,0,goods:228000:1,Blackflame Monk Amon
520210,20210,,0,reward,0,talisman:5060:1|goods:8172:1,Assassin's Cerulean Dagger|Black Knifeprint
520220,20220,,0,reward,0,talisman:2160:1,Lord of Blood's Exultation
520300,20300,,0,reward,0,talisman:1020:1,Viridian Amber Medallion
520310,20310,,0,reward,0,talisman:4010:1,Spelldrake Talisman
520330,20330,m31_03_00_00,73103,reward,0,talisman:4020:1,Flamedrake Talisman
520340,20340,m31_15_00_00,73115,reward,0,goods:8161:1,Sewing Needle
520350,20350,,0,reward,0,talisman:2110:1,Blue Dancer Charm
520360,20360,,0,reward,0,talisman:2080:1,Winged Sword Insignia
520370,20370,,0,reward,0,talisman:1010:1,Cerulean Amber Medallion
520380,20380,,0,reward,0,goods:4510:1,Crystal Release
520390,20390,,0,reward,0,talisman:2170:1,Kindred of Rot's Exultation
520400,20400,,0,reward,0,weapon:44010000:1,Jar Cannon
520410,20410,,0,reward,0,weapon:15020000:1,Great Omenkiller Cleaver
520420,20420,,0,reward,0,talisman:6010:1,Concealing Veil
520430,20430,,0,reward,0,goods:215000:1,Putrid Corpse Ashes
520440,20440,,0,reward,0,talisman:4022:1,Flamedrake Talisman +2
520450,20450,,0,reward,0,talisman:1110:1,Gold Scarab
520460,20460,,0,reward,0,goods:4520:1,Crystal Torrent
520470,20470,,0,reward,0,weapon:3170000:1,Golden Order Greatsword
520480,20480,,0,reward,0,talisman:5040:1|goods:6240:1,Godskin Swaddling Cloth|Black Flame Ritual
520490,20490,,0,reward,0,weapon:13020000:1,Family Heads
520600,20600,,0,reward,0,weapon:15060000:1,Rusted Anchor
520610,20610,,0,reward,0,talisman:2190:1,Roar Medallion
520620,20620,,0,reward,0,goods:8951:1,Smithing-Stone Miner's Bell Bearing [1]
520630,20630,,0,reward,0,weapon:23020000:1,Great Club
520640,20640,,0,reward,0,weapon:8010000:1,Onyx Lord's Greatsword
520650,20650,,0,reward,0,goods:8956:1,Somberstone Miner's Bell Bearing [2]
520660,20660,,0,reward,0,goods:10060:1|weapon:9060000:1,Dragon Heart|Moonveil
520670,20670,,0,reward,0,goods:10165:1|goods:10106:5|goods:3070:10|goods:8955:1,Somber Smithing Stone [6]|Smithing Stone [7]|Gravity Stone Chunk|Somberstone Miner's Bell Bearing [1]
520680,20680,,0,reward,0,goods:4701:1,Meteorite of Astel
520700,20700,,0,reward,0,weapon:14510000:1|talisman:7000:1,Death Knight's Twin Axes|Crimson Amber Medallion +3
520710,20710,,0,reward,0,weapon:15500000:1,Death Knight's Longhaft Axe
520711,20711,,0,reward,0,talisman:7010:1,Cerulean Amber Medallion +3
520750,20750,,0,reward,0,goods:2206000:1,Demi-Human Swordsman Yosh
520760,20760,,0,reward,0,goods:2200000:1,Curseblade Meera
520770,20770,,0,reward,0,goods:2002030:1,Lamenter's Mask
520800,20800,,0,reward,0,goods:2201000:1,Bloodfiend Hexer's Ashes
520810,20810,,0,reward,0,weapon:66510000:1,Dragon-Hunter's Great Katana
530100,30100,m60_42_36_00,76100,reward,0,weapon:18080000:1,Golden Halberd
530110,30110,m60_43_36_00,76100,reward,0,goods:10060:1,Dragon Heart
530120,30120,m60_42_37_00,76111,reward,0,goods:7500:1,Aspects of the Crucible: Tail
530130,30130,m60_44_35_00,76157,reward,0,weapon:8030000:1,Bloodhound's Fang
530170,30170,m60_45_39_00,76119,reward,0,goods:2090:1|goods:212000:1,Deathroot|Skeletal Militiaman Ashes
530210,30210,m60_34_45_00,76243,reward,0,goods:10060:1,Dragon Heart
530225,30225,m60_35_42_00,76251,reward,0,talisman:4110:1,Crucible Knot Talisman
530240,30240,m60_39_44_00,76245,reward,0,goods:2090:1|goods:213000:1,Deathroot|Skeletal Bandit Ashes
530245,30245,m60_38_41_00,76201,reward,0,goods:6110:1,Flame of the Fell God
530250,30250,m60_33_45_00,76218,reward,0,goods:4302:1,Greatblade Phalanx
530255,30255,m60_36_50_00,76238,reward,0,goods:4700:1,Meteorite
530260,30260,m60_34_42_00,76251,reward,0,goods:10060:3|goods:4431:1,Dragon Heart|Adula's Moonblade
530265,30265,m60_33_42_00,76237,reward,0,goods:200000:1,Black Knife Tiche
530300,30300,m60_37_51_00,76302,reward,0,goods:6950:1,Lansseax's Glaive
530310,30310,m60_41_50_00,76309,reward,0,goods:10164:1|goods:10105:5|goods:3060:10|goods:3070:10,Somber Smithing Stone [5]|Smithing Stone [6]|Gravity Stone Fan|Gravity Stone Chunk
530315,30315,m60_45_52_00,76314,reward,0,weapon:23060000:1|weapon:32040000:1,Dragon Greatclaw|Dragonclaw Shield
530325,30325,m60_42_55_00,76313,reward,0,weapon:10010000:1|goods:6230:1,Godskin Peeler|Scouring Black Flame
530335,30335,m60_41_51_00,76309,reward,0,weapon:32080000:1|goods:2914:1,Erdtree Greatshield|Hero's Rune [1]
530350,30350,m60_40_52_00,76304,reward,0,weapon:1010000:1,Black Knife
530375,30375,m60_36_54_00,76352,reward,0,goods:10165:1|goods:10105:5|weapon:23080000:1,Somber Smithing Stone [6]|Smithing Stone [6]|Fallingstar Beast Jaw
530385,30385,m60_38_52_00,76302,reward,0,goods:2090:1|goods:5030:1,Deathroot|Tibia's Summons
530390,30390,m60_35_53_00,76355,reward,0,goods:10060:1,Dragon Heart
530400,30400,m60_48_37_00,76405,reward,0,goods:10060:1,Dragon Heart
530405,30405,m60_49_38_00,76412,reward,0,weapon:18040000:1|goods:8975:1,Commander's Standard|Unalloyed Gold Needle
530420,30420,m60_52_41_00,76456,reward,0,goods:10060:1,Dragon Heart
530425,30425,m60_51_43_00,76454,reward,0,weapon:3210000:1|weapon:18160000:1,Gargoyle's Blackblade|Gargoyle's Black Halberd
530505,30505,m60_49_52_00,76502,reward,0,weapon:10090000:1|weapon:15140000:1,Gargoyle's Black Blades|Gargoyle's Black Axe
530510,30510,,0,other,0,goods:10060:1,Dragon Heart
530515,30515,m60_53_56_00,76520,reward,0,goods:6970:1|armor:950000:1|armor:950100:1|armor:950200:1|armor:950300:1,Vyke's Dragonbolt|Fingerprint Helm|Fingerprint Armor|Fingerprint Gauntlets|Fingerprint Greaves
530530,30530,m60_50_57_00,76522,reward,0,weapon:16120000:1,Death Ritual Spear
530550,30550,m60_50_56_00,76551,reward,0,goods:10060:3,Dragon Heart
530600,30600,m12_01_00_00,71216,reward,0,weapon:9070000:1,Dragonscale Blade
530620,30620,m12_02_00_00,71225,reward,0,weapon:18140000:1,Dragon Halberd
530800,30800,m61_52_40_00,76850,reward,1,goods:10060:1|goods:2001105:1,Dragon Heart|Dragonscale Flesh
530805,30805,m61_54_39_00,76851,reward,1,goods:10140:1|goods:10168:1,Ancient Dragon Smithing Stone|Somber Ancient Dragon Smithing Stone
530810,30810,m61_46_38_00,76832,reward,1,weapon:7520000:1|armor:5080000:1|armor:5080100:1|armor:5080200:1|armor:5080300:1,Dancing Blade of Ranah|Dancer's Hood|Dancer's Dress|Dancer's Bracer|Dancer's Trousers
530820,30820,m61_46_41_00,76830,reward,1,weapon:3550000:1|armor:5130000:1|armor:5130100:1|armor:5130200:1|armor:5130300:1,Greatsword of Solitude|Helm of Solitude|Armor of Solitude|Gauntlets of Solitude|Greaves of Solitude
530830,30830,m61_51_44_00,76918,reward,1,weapon:66520000:1|armor:5160000:1|armor:5160100:1|armor:5160200:1|armor:5160300:1,Rakshasa's Great Katana|Rakshasa Helm|Rakshasa Armor|Rakshasa Gauntlets|Rakshasa Greaves
530840,30840,m61_48_38_00,76831,reward,1,goods:10060:1|goods:10168:1,Dragon Heart|Somber Ancient Dragon Smithing Stone
530845,30845,m61_46_40_00,76832,reward,1,weapon:2520000:1,Star-Lined Sword
530850,30850,m61_49_41_00,76840,reward,1,goods:10060:1|goods:2001105:1,Dragon Heart|Dragonscale Flesh
530855,30855,m61_47_39_00,76831,reward,1,gem:422000:1,Ash of War: Ghostflame Call
530860,30860,m61_45_44_00,76805,reward,1,goods:10060:1,Dragon Heart
530861,30861,m61_45_44_00,76805,reward,1,goods:10168:1,Somber Ancient Dragon Smithing Stone
530865,30865,m61_47_44_00,76821,reward,1,weapon:4540000:1,Moonrithyll's Knight Sword
530900,30900,m61_46_45_00,76913,reward,1,weapon:68510000:1|armor:5021000:1|armor:5020100:1|armor:5020200:1|armor:5020300:1,Red Bear's Claw|Fang Helm|Iron Rivet Armor|Iron Rivet Gauntlets|Iron Rivet Greaves
530905,30910,m61_44_47_00,76914,reward,1,goods:2006800:1,Roar of Rugalea
530930,30930,m61_49_45_00,76917,reward,1,armor:5020000:1,Pelt of Ralva
530935,30935,m61_50_47_00,76935,reward,1,goods:2000900:1,Blessing of Marika
530940,30940,m61_46_46_00,76941,reward,1,goods:2007730:1,Divine Beast Tornado
530945,30945,m61_49_43_00,76908,reward,1,goods:10060:1|goods:10168:1,Dragon Heart|Somber Ancient Dragon Smithing Stone
530950,30950,m61_50_48_00,76937,reward,1,goods:2000900:1,Blessing of Marika
530955,30955,m61_47_45_00,76907,reward,1,weapon:32500000:1,Black Steel Greatshield
530960,30960,m61_52_48_00,76936,reward,1,goods:2004710:1,Gravitational Missile
530965,30965,m61_49_43_00,76910,reward,1,gem:200100:1,Ash of War: Aspects of the Crucible: Wings
530995,30995,,0,other,0,goods:20722:1,Rimed Rowa
540100,40100,m60_40_39_00,76200,reward,0,gem:30600:1,Ash of War: Storm Wall
540104,40104,m60_41_38_00,76102,reward,0,gem:11000:1,Ash of War: Wild Strikes
540108,40108,m60_43_37_00,76108,reward,0,gem:60000:1,Ash of War: Determination
540112,40112,m60_44_36_00,76106,reward,0,gem:11400:1,Ash of War: Unsheathe
540116,40116,m60_45_37_00,76114,reward,0,gem:50600:1,Ash of War: Ground Slam
540118,40118,m60_46_39_00,76104,reward,0,gem:20100:1,Ash of War: Sacred Blade
540120,40120,m60_41_37_00,76100,reward,0,gem:10700:1,Ash of War: Stamp (Sweep)
540132,40132,m60_42_33_00,76162,reward,0,goods:6480:1,Divine Fortification
540136,40136,m60_43_33_00,76154,reward,0,goods:6920:1,Lightning Strike
540138,40138,m60_44_32_00,76151,reward,0,goods:7220:1,Poison Mist
540140,40140,m60_44_33_00,76151,reward,0,gem:40200:1,Ash of War: Mighty Shot
540142,40142,m60_44_38_00,76116,reward,0,goods:10160:1,Somber Smithing Stone [1]
540144,40144,m60_41_35_00,76110,reward,0,goods:10160:1,Somber Smithing Stone [1]
540146,40146,m60_42_39_00,76117,reward,0,goods:10160:1,Somber Smithing Stone [1]
540170,40170,m10_00_00_00,71006,reward,0,gem:12200:1,Ash of War: Storm Assault
540172,40172,m10_00_00_00,71007,reward,0,gem:12300:1,Ash of War: Stormcaller
540174,40174,m10_00_00_00,71006,reward,0,goods:5000:1,Rancorcall
540200,40200,m60_34_50_00,76232,reward,0,gem:22700:1,Ash of War: Chilling Mist
540202,40202,m60_36_44_00,76236,reward,0,gem:10500:1,Ash of War: Charge Forth
540204,40204,m60_36_49_00,76235,reward,0,gem:50100:1,Ash of War: Hoarfrost Stomp
540206,40206,m60_39_39_00,76200,reward,0,gem:31000:1,Ash of War: Thops's Barrier
540208,40208,m60_35_42_00,76251,reward,0,gem:70100:1,Ash of War: Vow of the Indomitable
540210,40210,m60_35_47_00,76242,reward,0,gem:30000:1,Ash of War: Shield Bash
540218,40218,m60_34_44_00,76241,reward,0,goods:6320:1,Bloodflame Blade
540220,40220,m60_35_50_00,76230,reward,0,goods:4450:1,Carian Piercer
540224,40224,m60_37_51_00,76229,reward,0,gem:65000:1,Ash of War: Barbaric Roar
540236,40236,m60_37_48_00,76240,reward,0,goods:7320:1,Frenzied Burst
540238,40238,m60_33_43_00,76218,reward,0,gem:12400:1,Ash of War: Sword Dance
540250,40250,m60_35_50_00,76238,reward,0,goods:4490:1,Frozen Armament
540252,40252,m60_39_43_00,76222,reward,0,goods:10161:1,Somber Smithing Stone [2]
540254,40254,m60_37_48_00,76226,reward,0,goods:10161:1,Somber Smithing Stone [2]
540256,40256,m60_38_50_00,76209,reward,0,goods:10162:1,Somber Smithing Stone [3]
540258,40258,m60_39_45_00,76217,reward,0,goods:10162:1,Somber Smithing Stone [3]
540260,40260,m60_34_43_00,76237,reward,0,goods:10161:1,Somber Smithing Stone [2]
540262,40262,m60_37_44_00,76204,reward,0,goods:10161:1,Somber Smithing Stone [2]
540264,40264,m60_33_45_00,76241,reward,0,goods:10161:1,Somber Smithing Stone [2]
540272,40272,m14_00_00_00,71402,reward,0,gem:22600:1,Ash of War: Spectral Lance
540290,40290,m39_20_00_00,73901,reward,0,goods:10163:1,Somber Smithing Stone [4]
540300,40300,m60_37_51_00,76300,reward,0,gem:60400:1,Ash of War: Sacred Order
540302,40302,m60_38_51_00,76302,reward,0,gem:30800:1,Ash of War: Shield Crash
540304,40304,m60_39_51_00,76303,reward,0,gem:21200:1,Ash of War: Earthshaker
540306,40306,m60_39_52_00,76302,reward,0,gem:22400:1,Ash of War: Blood Blade
540308,40308,m60_41_53_00,76304,reward,0,gem:50700:1,Ash of War: Golden Slam
540310,40310,m60_40_51_00,76304,reward,0,gem:50400:1,Ash of War: Lightning Ram
540312,40312,m60_40_54_00,76307,reward,0,goods:6340:1,Protection of the Erdtree
540314,40314,m60_43_51_00,76309,reward,0,gem:20800:1,Ash of War: Prayerful Strike
540316,40316,m60_43_52_00,76312,reward,0,gem:30700:1,Ash of War: Golden Parry
540318,40318,m60_43_53_00,76311,reward,0,gem:21700:1,Ash of War: Lightning Slash
540320,40320,m60_40_53_00,76306,reward,0,goods:10164:1,Somber Smithing Stone [5]
540332,40332,m60_37_53_00,76354,reward,0,gem:40100:1,Ash of War: Barrage
540334,40334,m60_36_54_00,76353,reward,0,gem:40000:1,Ash of War: Through and Through
540370,40370,m11_00_00_00,71105,reward,0,goods:6330:1,Barrier of Gold
540372,40372,m11_00_00_00,71103,reward,0,gem:21600:1,Ash of War: Thunderbolt
540400,40400,m60_47_40_00,76403,reward,0,goods:6030:1,"Whirl, O Flame!"
540402,40402,m60_48_38_00,76407,reward,0,gem:20500:1,Ash of War: Lifesteal Fist
540404,40404,m60_49_38_00,76412,reward,0,gem:22200:1,Ash of War: Sacred Ring of Light
540406,40406,m60_48_37_00,76406,reward,0,gem:22800:1,Ash of War: Poisonous Mist
540408,40408,m60_51_35_00,76420,reward,0,gem:21400:1,Ash of War: Flaming Strike
540410,40410,m60_47_39_00,76402,reward,0,gem:50500:1,Ash of War: Flame of the Redmanes
540412,40412,m60_48_41_00,76451,reward,0,gem:40500:1,Ash of War: Sky Shot
540414,40414,m60_49_36_00,76417,reward,0,gem:60700:1,Ash of War: Cragblade
540416,40416,m60_49_39_00,76416,reward,0,goods:7230:1,Poison Armament
540418,40418,m60_49_39_00,76416,reward,0,gem:11200:1,Ash of War: Double Slash
540420,40420,m60_51_41_00,76455,reward,0,goods:6850:1,Bestial Constitution
540422,40422,m60_47_39_00,76401,reward,0,goods:10163:1,Somber Smithing Stone [4]
540424,40424,m60_49_36_00,76404,reward,0,goods:10163:1,Somber Smithing Stone [4]
540426,40426,m60_49_41_00,76450,reward,0,goods:10167:1,Somber Smithing Stone [8]
540428,40428,m60_51_42_00,76456,reward,0,goods:10200:1,Somber Smithing Stone [9]
540500,40500,,0,other,0,goods:10100:1,Smithing Stone [1]
540502,40502,,0,other,0,goods:10100:1,Smithing Stone [1]
540504,40504,,0,other,0,goods:10100:1,Smithing Stone [1]
540506,40506,,0,other,0,goods:10100:1,Smithing Stone [1]
540508,40508,m60_51_57_00,76521,reward,0,goods:10100:1,Smithing Stone [1]
540510,40510,m60_53_57_00,76504,reward,0,gem:60600:1,Ash of War: Seppuku
540512,40512,m60_51_54_00,76506,reward,0,gem:65300:1,Ash of War: Troll's Roar
540514,40514,,0,other,0,goods:6060:1,"Flame, Protect Me"
540516,40516,m60_52_55_00,76520,reward,0,gem:11300:1,Ash of War: Prelate's Charge
540520,40520,,0,other,0,goods:10100:1,Smithing Stone [1]
540522,40522,m60_48_55_00,76551,reward,0,goods:10100:1,Smithing Stone [1]
540524,40524,,0,other,0,gem:85000:1,Ash of War: White Shadow's Lure
540526,40526,m60_48_57_00,76652,reward,0,goods:10100:1,Smithing Stone [1]
540528,40528,,0,other,0,goods:10100:1,Smithing Stone [1]
540570,40570,,0,other,0,goods:2900:1,Golden Rune [1]
540572,40572,,0,other,0,goods:2900:1,Golden Rune [1]
540574,40574,,0,other,0,goods:2900:1,Golden Rune [1]
540576,40578,,0,other,0,goods:2900:1,Golden Rune [1]
540590,40590,m16_00_00_00,71603,reward,0,goods:10164:1,Somber Smithing Stone [5]
540592,40592,m16_00_00_00,71601,reward,0,goods:10164:1,Somber Smithing Stone [5]
540600,40600,m12_01_00_00,71218,reward,0,goods:10165:1,Somber Smithing Stone [6]
540602,40602,m12_01_00_00,71219,reward,0,goods:10165:1,Somber Smithing Stone [6]
540610,40610,m12_02_00_00,71223,reward,0,goods:5110:1,Great Oracular Bubble
540612,40612,,0,other,0,goods:2900:1,Golden Rune [1]
540614,40614,,0,other,0,goods:2900:1,Golden Rune [1]
540616,40616,,0,other,0,goods:2900:1,Golden Rune [1]
540618,40618,,0,other,0,goods:2900:1,Golden Rune [1]
540630,40630,m12_02_00_00,71223,reward,0,gem:11500:1,Ash of War: Square Off
540632,40632,,0,other,0,goods:2900:1,Golden Rune [1]
540634,40634,,0,other,0,goods:2900:1,Golden Rune [1]
540636,40636,,0,other,0,goods:2900:1,Golden Rune [1]
540638,40638,,0,other,0,goods:2900:1,Golden Rune [1]
540640,40640,,0,other,0,goods:2900:1,Golden Rune [1]
540642,40642,m12_02_00_00,71221,reward,0,goods:10164:1,Somber Smithing Stone [5]
540644,40644,,0,other,0,goods:2900:1,Golden Rune [1]
540646,40646,m12_02_00_00,71225,reward,0,gem:40400:1,Ash of War: Enchanted Shot
540648,40648,m12_02_00_00,71225,reward,0,goods:6780:1,Order Healing
540650,40650,,0,other,0,goods:2900:1,Golden Rune [1]
540652,40652,m12_07_00_00,71270,reward,0,goods:5100:1,Oracle Bubbles
540660,40660,m12_03_00_00,71232,reward,0,gem:21300:1,Ash of War: Golden Land
540662,40662,,0,other,0,goods:2900:1,Golden Rune [1]
540664,40664,,0,other,0,goods:2900:1,Golden Rune [1]
540666,40666,,0,other,0,goods:2900:1,Golden Rune [1]
540668,40668,m12_03_00_00,71234,reward,0,goods:10165:1,Somber Smithing Stone [6]
540670,40670,m12_03_00_00,71235,reward,0,goods:10165:1,Somber Smithing Stone [6]
540680,40680,m12_05_00_00,71253,reward,0,goods:2900:1,Golden Rune [1]
540682,40682,m12_05_00_00,71253,reward,0,goods:2900:1,Golden Rune [1]
540684,40684,m12_05_00_00,71253,reward,0,goods:2900:1,Golden Rune [1]
540686,40686,m12_05_00_00,71251,reward,0,gem:10800:1,Ash of War: Blood Tax
540772,40772,m13_00_00_00,71306,reward,0,goods:7903:1,Golden Lightning Fortification
540900,40900,m61_50_45_00,76906,reward,1,gem:418000:1,Ash of War: Carian Sovereignty
540902,40902,m61_48_44_00,76822,reward,1,gem:402000:1,Ash of War: Piercing Throw
540904,40904,m61_48_46_00,76912,reward,1,gem:405000:1,Ash of War: Rolling Sparks
540906,40906,m61_51_45_00,76904,reward,1,gem:406000:1,Ash of War: Raging Beast
540910,40910,m61_48_47_00,76912,reward,1,gem:403000:1,Ash of War: Scattershot Throw
540912,40912,m61_48_47_00,76912,reward,1,goods:10200:1,Somber Smithing Stone [9]
540914,40914,m61_48_47_00,76912,reward,1,goods:10166:1,Somber Smithing Stone [7]
540916,40916,m61_45_47_00,76914,reward,1,gem:505000:1,Ash of War: The Poison Flower Blooms Twice
540920,40920,m61_48_44_00,76822,reward,1,goods:10167:1,Somber Smithing Stone [8]
540922,40922,m61_48_44_00,76822,reward,1,goods:10167:1,Somber Smithing Stone [8]
540998,40998,,0,other,0,goods:20722:1,Rimed Rowa
580000,80000,m60_44_38_00,76103,reward,0,goods:8200:1,"""Homing Instinct"" Painting"
580010,80010,m60_38_45_00,76217,reward,0,goods:8201:1,"""Resurrection"" Painting"
580020,80020,m60_39_54_00,76320,reward,0,goods:8202:1,"""Champion's Song"" Painting"
580030,80030,m60_51_57_00,76523,reward,0,goods:8203:1,"""Sorcerer"" Painting"
580040,80040,m10_00_00_00,71006,reward,0,goods:8204:1,"""Prophecy"" Painting"
580050,80050,m11_00_00_00,71108,reward,0,goods:8205:1,"""Flightless Bird"" Painting"
580060,80060,m60_50_39_00,76416,reward,0,goods:8206:1,"""Redmane"" Painting"
580100,80100,m61_46_40_00,76800,reward,1,goods:2008200:1,"""Incursion"" Painting"
580110,80110,m61_47_42_00,76801,reward,1,goods:2008201:1,"""The Sacred Tower"" Painting"
580120,80120,m21_00_00_00,72101,reward,1,goods:2008202:1,"""Domain of Dragons"" Painting"
580300,80300,m60_43_36_00,76113,pickup,0,armor:1901000:1,Incantation Scarab
580310,80310,m60_36_50_00,76230,pickup,0,armor:1030000:1|armor:1030100:1|goods:8185:1,Juvenile Scholar Cap|Juvenile Scholar Robe|Larval Tear
580320,80320,m60_41_52_00,76305,pickup,0,weapon:40030000:1,Harp Bow
580330,80330,m60_50_56_00,76503,pickup,0,armor:1600000:1,Greathood
580340,80340,m60_42_35_00,76150,pickup,0,goods:237000:1,Warhawk Ashes
580350,80350,m60_42_54_00,76313,pickup,0,goods:7900:1,Fire's Deadly Sin
580360,80360,m60_51_40_00,76453,pickup,0,gem:40600:1,Ash of War: Rain of Arrows
580400,80400,m61_45_43_00,76805,pickup,1,weapon:31520000:1,Serpent Crest Shield
580410,80410,m61_46_45_00,76907,pickup,1,weapon:34520000:1,Spiraltree Seal
580420,80420,m61_53_39_00,76851,pickup,1,goods:2002010:1,Rock Heart
580600,80600,m20_00_00_00,72003,pickup,1,goods:2008034:1,Message from Leda
10007005,10000005,m10_00_00_00,71006,pickup,0,weapon:32290000:1,Wooden Greatshield
10007015,10000015,m10_00_00_00,71005,pickup,0,weapon:31270000:1,Hawk Crest Wooden Shield
10007025,10000025,m10_00_00_00,71005,pickup,0,weapon:1030000:1,Miséricorde
10007030,10000030,m10_00_00_00,71008,pickup,0,goods:150:1,Furlcalling Finger Remedy
10007035,10000035,m10_00_00_00,71004,pickup,0,weapon:12190000:1,Brick Hammer
10007040,10000040,m10_00_00_00,71008,pickup,0,goods:1400:2,Fire Grease
10007050,10000050,m10_00_00_00,71005,pickup,0,goods:1200:1,Gold-Pickled Fowl Foot
10007060,10000060,m10_00_00_00,71005,pickup,0,goods:111:3,Festering Bloody Finger
10007080,10000080,m10_00_00_00,71003,pickup,0,weapon:50000000:10,Arrow
10007082,449014001,m10_00_00_00,71006,enemy,0,goods:15410:1|goods:1235:1,Living Jar Shard|Raw Meat Dumpling
10007085,10001085,m10_00_00_00,71008,reward,0,goods:10160:1|goods:15030:1|goods:15040:2,Somber Smithing Stone [1]|Beast Blood|Old Fang
10007090,10000090,m10_00_00_00,71006,pickup,0,weapon:32190000:1,Manor Towershield
10007100,10000100,m10_00_00_00,71004,pickup,0,weapon:31010000:1,Marred Leather Shield
10007110,10000110,m10_00_00_00,71003,pickup,0,goods:2900:1,Golden Rune [1]
10007120,10000120,m10_00_00_00,71003,pickup,0,weapon:52000000:10,Bolt
10007130,10000130,m10_00_00_00,71004,pickup,0,goods:10102:1,Smithing Stone [3]
10007140,10000140,m10_00_00_00,71003,pickup,0,goods:1760:3,Ruin Fragment
10007150,10000150,m10_00_00_00,71004,pickup,0,goods:10101:1,Smithing Stone [2]
10007160,10000160,m10_00_00_00,71005,pickup,0,goods:1190:1,Silver-Pickled Fowl Foot
10007170,10000170,m10_00_00_00,71004,pickup,0,goods:2901:1,Golden Rune [2]
10007180,10000180,m10_00_00_00,71005,pickup,0,weapon:22000000:1,Hookclaws
10007190,10000190,m10_00_00_00,71005,pickup,0,goods:1700:5,Throwing Dagger
10007195,10001095,m10_00_00_00,71005,reward,0,goods:10010:1,Golden Seed
10007200,10000200,m10_00_00_00,71005,pickup,0,weapon:50040000:10,St. Trina's Arrow
10007210,10000210,m10_00_00_00,71005,pickup,0,goods:20802:3,Smoldering Butterfly
10007220,10000220,m10_00_00_00,71005,pickup,0,goods:1400:1,Fire Grease
10007230,10000230,m10_00_00_00,71005,pickup,0,talisman:2180:1,Claw Talisman
10007240,10000240,m10_00_00_00,71005,pickup,0,goods:2901:1,Golden Rune [2]
10007250,10000250,m10_00_00_00,71005,pickup,0,goods:20691:3,Arteria Leaf
10007260,10000260,m10_00_00_00,71005,pickup,0,goods:1700:5,Throwing Dagger
10007270,10000270,m10_00_00_00,71005,pickup,0,goods:20760:3,Mushroom
10007280,10000280,m10_00_00_00,71005,pickup,0,goods:1500:2,Drawstring Fire Grease
10007290,10000290,m10_00_00_00,71005,pickup,0,goods:2901:1,Golden Rune [2]
10007295,10001295,m10_00_00_00,71005,reward,0,goods:7510:1,Aspects of the Crucible: Horns
10007300,10000300,m10_00_00_00,71005,pickup,0,goods:10161:1,Somber Smithing Stone [2]
10007310,10000310,m10_00_00_00,71006,pickup,0,goods:10101:1,Smithing Stone [2]
10007320,10000320,m10_00_00_00,71006,pickup,0,weapon:31020000:1,Marred Wooden Shield
10007330,10000330,m10_00_00_00,71006,pickup,0,goods:2901:1,Golden Rune [2]
10007340,10000340,m10_00_00_00,71005,pickup,0,weapon:14100000:1,Highland Axe
10007350,10000350,m10_00_00_00,71006,pickup,0,goods:1730:5,Kukri
10007360,10000360,m10_00_00_00,71005,pickup,0,goods:2901:2,Golden Rune [2]
10007370,10000370,m10_00_00_00,71005,pickup,0,goods:8000:1,Stonesword Key
10007380,10000380,m10_00_00_00,71005,pickup,0,goods:1210:1,Exalted Flesh
10007390,10000390,m10_00_00_00,71005,pickup,0,goods:15020:1,Lump of Flesh
10007400,10000400,m10_00_00_00,71005,pickup,0,goods:2900:1,Golden Rune [1]
10007410,10000410,m10_00_00_00,71005,pickup,0,goods:10101:2,Smithing Stone [2]
10007430,10000430,m10_00_00_00,71005,pickup,0,weapon:50000000:10,Arrow
10007440,10000440,m10_00_00_00,71005,pickup,0,goods:1160:1,Fireproof Dried Liver
10007450,10000450,m10_00_00_00,71005,pickup,0,goods:8171:1,Chrysalids' Memento
10007452,10000451,m10_00_00_00,71005,pickup,0,armor:740000:1,Crimson Hood
10007460,10000460,m10_00_00_00,71005,pickup,0,goods:910:1,Stanching Boluses
10007470,10000470,m10_00_00_00,71005,pickup,0,goods:8000:1,Stonesword Key
10007500,10000500,m10_00_00_00,71005,pickup,0,goods:8010:1,Rusty Key
10007510,10000510,m10_00_00_00,71004,pickup,0,goods:10100:1,Smithing Stone [1]
10007520,10000520,m10_00_00_00,71003,pickup,0,goods:2900:1,Golden Rune [1]
10007530,10000530,m10_00_00_00,71003,pickup,0,goods:2901:1,Golden Rune [2]
10007540,10000540,m10_00_00_00,71003,pickup,0,weapon:53000000:5,Ballista Bolt
10007550,10000550,m10_00_00_00,71005,pickup,0,weapon:43080000:1,Arbalest
10007560,10000560,m10_00_00_00,71003,pickup,0,armor:812000:1,Commoner's Simple Garb
10007570,10000570,m10_00_00_00,71005,pickup,0,goods:2901:1,Golden Rune [2]
10007580,10000580,m10_00_00_00,71003,pickup,0,goods:2904:1,Golden Rune [5]
10007590,10000590,m10_00_00_00,71003,pickup,0,goods:10101:1,Smithing Stone [2]
10007600,10000600,m10_00_00_00,71004,pickup,0,goods:2903:1,Golden Rune [4]
10007610,10000610,m10_00_00_00,71005,pickup,0,weapon:50010000:12,Fire Arrow
10007620,10000620,m10_00_00_00,71006,pickup,0,weapon:16070000:1,Pike
10007630,10000630,m10_00_00_00,71006,pickup,0,goods:150:1,Furlcalling Finger Remedy
10007640,10000640,m10_00_00_00,71006,pickup,0,goods:10100:2,Smithing Stone [1]
10007650,10000650,m10_00_00_00,71006,pickup,0,goods:20802:5,Smoldering Butterfly
10007660,10000660,m10_00_00_00,71005,pickup,0,goods:2903:1,Golden Rune [4]
10007670,10000670,m10_00_00_00,71006,pickup,0,goods:2900:1,Golden Rune [1]
10007680,10000680,m10_00_00_00,71006,pickup,0,goods:20760:8,Mushroom
10007690,10000690,m10_00_00_00,71006,pickup,0,goods:2901:1,Golden Rune [2]
10007700,10000700,m10_00_00_00,71006,pickup,0,goods:1420:1,Magic Grease
10007710,10000710,m10_00_00_00,71006,pickup,0,goods:10101:1,Smithing Stone [2]
10007720,10000720,m10_00_00_00,71007,pickup,0,goods:2901:1,Golden Rune [2]
10007730,10000730,m10_00_00_00,71007,pickup,0,goods:10010:1,Golden Seed
10007740,10000740,m10_00_00_00,71007,pickup,0,goods:10101:1,Smithing Stone [2]
10007750,10000750,m10_00_00_00,71006,pickup,0,goods:10100:4,Smithing Stone [1]
10007760,10000760,m10_00_00_00,71006,pickup,0,goods:2904:1,Golden Rune [5]
10007780,10000780,m10_00_00_00,71006,pickup,0,goods:10100:5|goods:10101:1,Smithing Stone [1]|Smithing Stone [2]
10007790,10000790,m10_00_00_00,71007,pickup,0,goods:1730:8,Kukri
10007800,10000800,m10_00_00_00,71007,pickup,0,goods:10101:3,Smithing Stone [2]
10007810,10000810,m10_00_00_00,71007,pickup,0,goods:15020:3,Lump of Flesh
10007820,10000820,m10_00_00_00,71006,pickup,0,goods:10100:1,Smithing Stone [1]
10007830,10000830,m10_00_00_00,71006,pickup,0,goods:2901:1,Golden Rune [2]
10007840,10000840,m10_00_00_00,71006,pickup,0,goods:10102:1,Smithing Stone [3]
10007850,10000850,m10_00_00_00,71000,pickup,0,goods:1240:1,Shabriri Grape
10007860,10000860,m10_00_00_00,71006,pickup,0,goods:2020:5,Rainbow Stone
10007870,10000870,m10_00_00_00,71006,pickup,0,goods:10101:2,Smithing Stone [2]
10007880,10000880,m10_00_00_00,71006,pickup,0,goods:20691:1,Arteria Leaf
10007890,10000890,m10_00_00_00,71006,pickup,0,goods:2901:1,Golden Rune [2]
10007900,10000900,m10_00_00_00,71006,pickup,0,goods:20650:3,Poisonbloom
10007910,10000910,m10_00_00_00,71005,pickup,0,goods:20802:3,Smoldering Butterfly
10007920,10000920,m10_00_00_00,71005,pickup,0,goods:8000:1,Stonesword Key
10007930,10000930,m10_00_00_00,71005,pickup,0,goods:1700:8,Throwing Dagger
10007940,10000940,m10_00_00_00,71005,pickup,0,talisman:1190:1,Prince of Death's Pustule
10007950,10000950,m10_00_00_00,71005,pickup,0,goods:1730:5,Kukri
10007960,10000960,m10_00_00_00,71005,pickup,0,goods:1100:3,Pickled Turtle Neck
10007965,10000965,m10_00_00_00,71005,pickup,0,weapon:34010000:1,Godslayer's Seal
10007970,10000970,m10_00_00_00,71005,pickup,0,goods:3040:1,Mimic's Veil
10007975,10000975,m10_00_00_00,71005,pickup,0,talisman:2200:1,Curved Sword Talisman
10007980,10000980,m10_00_00_00,71005,pickup,0,goods:10161:1,Somber Smithing Stone [2]
10007990,10000990,m10_00_00_00,71005,pickup,0,goods:8857:1,Godskin Prayerbook
10017010,10010010,m10_01_00_00,0,pickup,0,goods:8194:1,The Stormhawk King
10017900,10010900,m10_01_00_00,0,pickup,0,goods:238000:1,Stormhawk Deenh
11007000,11000000,m11_00_00_00,71102,pickup,0,goods:1420:3,Magic Grease
11007005,11000005,m11_00_00_00,71108,pickup,0,armor:120000:1|armor:120100:1|armor:120200:1|armor:120300:1,Alberich's Pointed Hat|Alberich's Robe|Alberich's Bracers|Alberich's Trousers
11007010,11000010,m11_00_00_00,71102,pickup,0,goods:150:1,Furlcalling Finger Remedy
11007015,11000015,m11_00_00_00,71101,pickup,0,weapon:41030000:1,Erdtree Bow
11007020,11000020,m11_00_00_00,71104,pickup,0,goods:15341:1,Hefty Beast Bone
11007025,11000025,m11_00_00_00,71101,pickup,0,goods:2130:1,Celestial Dew
11007030,11000030,m11_00_00_00,71102,pickup,0,goods:10103:1,Smithing Stone [4]
11007035,11000035,m11_00_00_00,71103,pickup,0,armor:1930100:1,Deathbed Dress
11007040,11000040,m11_00_00_00,71102,pickup,0,goods:2906:1,Golden Rune [7]
11007045,11000045,m11_00_00_00,71103,pickup,0,armor:640000:1|armor:640100:1|armor:640200:1|armor:640300:1,Lionel's Helm|Lionel's Armor|Lionel's Gauntlets|Lionel's Greaves
11007050,11000050,m11_00_00_00,71107,pickup,0,goods:20840:10,Cave Moss
11007055,11000055,m11_00_00_00,71108,pickup,0,weapon:11080000:1,Hammer
11007060,11000060,m11_00_00_00,71104,pickup,0,goods:940:1,Preserving Boluses
11007065,11000065,m11_00_00_00,71108,pickup,0,goods:190:1,Rune Arc
11007070,11000070,m11_00_00_00,71103,pickup,0,goods:15400:4,String
11007075,11000075,m11_00_00_00,71108,pickup,0,goods:2914:1,Hero's Rune [1]
11007080,11000080,m11_00_00_00,71107,pickup,0,armor:962100:1,Upper-Class Robe
11007085,11000085,m11_00_00_00,71104,pickup,0,goods:2911:1,Golden Rune [12]
11007090,11000090,m11_00_00_00,71107,pickup,0,goods:15150:10,Miranda Powder
11007095,11000095,m11_00_00_00,71104,pickup,0,armor:160000:1,Guilty Hood
11007100,11000100,m11_00_00_00,71104,pickup,0,goods:10105:1,Smithing Stone [6]
11007105,11000105,m11_00_00_00,71108,pickup,0,weapon:14140000:1,Stormhawk Axe
11007110,11000110,m11_00_00_00,71104,pickup,0,goods:3310:5,Warming Stone
11007115,11000115,m11_00_00_00,71105,pickup,0,weapon:2210000:1,Cane Sword
11007120,11000120,m11_00_00_00,71104,pickup,0,goods:2909:1,Golden Rune [10]
11007125,11000125,m11_00_00_00,71108,pickup,0,weapon:52030000:20,Black-Key Bolt
11007135,11000135,m11_00_00_00,71105,pickup,0,goods:20855:2,Gravel Stone
11007140,11000140,m11_00_00_00,71104,pickup,0,goods:1750:8,Fan Daggers
11007145,11000145,m11_00_00_00,71108,pickup,0,goods:10165:1,Somber Smithing Stone [6]
11007150,11000150,m11_00_00_00,71104,pickup,0,goods:20811:3,Gold Firefly
11007155,11000155,m11_00_00_00,71102,pickup,0,goods:2918:1,Hero's Rune [5]
11007160,11000160,m11_00_00_00,71104,pickup,0,goods:1430:1,Holy Grease
11007165,11000165,m11_00_00_00,71107,pickup,0,goods:2910:1,Golden Rune [11]
11007170,11000170,m11_00_00_00,71103,pickup,0,goods:2907:1,Golden Rune [8]
11007175,11000175,m11_00_00_00,71105,pickup,0,goods:2915:1,Hero's Rune [2]
11007180,11000180,m11_00_00_00,71104,pickup,0,goods:15040:3,Old Fang
11007185,11000185,m11_00_00_00,71105,reward,0,goods:10165:1|goods:15030:1|goods:15040:2,Somber Smithing Stone [6]|Beast Blood|Old Fang
11007190,11000190,m11_00_00_00,71104,pickup,0,goods:10103:1,Smithing Stone [4]
11007195,11000195,m11_00_00_00,71109,reward,0,goods:10165:1|goods:15030:1|goods:15040:2,Somber Smithing Stone [6]|Beast Blood|Old Fang
11007200,11000200,m11_00_00_00,71107,pickup,0,goods:2907:1,Golden Rune [8]
11007205,11000205,m11_00_00_00,71105,pickup,0,goods:2912:1,Golden Rune [13]
11007210,11000210,m11_00_00_00,71107,pickup,0,goods:10164:1,Somber Smithing Stone [5]
11007215,11000215,m11_00_00_00,71102,pickup,0,goods:2909:1,Golden Rune [10]
11007220,11000220,m11_00_00_00,71104,pickup,0,goods:2907:1,Golden Rune [8]
11007225,11000225,m11_00_00_00,71103,pickup,0,goods:2911:1,Golden Rune [12]
11007230,11000230,m11_00_00_00,71105,pickup,0,weapon:52080000:10,Lordsworn's Bolt
11007235,11000235,m11_00_00_00,71105,pickup,0,goods:1170:2,Lightningproof Dried Liver
11007240,11000240,m11_00_00_00,71105,pickup,0,goods:20685:8,Tarnished Golden Sunflower
11007245,11000245,m11_00_00_00,71105,pickup,0,goods:2910:1,Golden Rune [11]
11007250,11000250,m11_00_00_00,71105,pickup,0,goods:8000:1,Stonesword Key
11007260,11000260,m11_00_00_00,71105,pickup,0,goods:2909:1,Golden Rune [10]
11007270,11000270,m11_00_00_00,71105,pickup,0,goods:2907:1,Golden Rune [8]
11007280,11000280,m11_00_00_00,71104,pickup,0,goods:2908:1,Golden Rune [9]
11007290,11000290,m11_00_00_00,71104,pickup,0,goods:10105:1,Smithing Stone [6]
11007300,11000300,m11_00_00_00,71102,pickup,0,goods:2908:1,Golden Rune [9]
11007310,11000310,m11_00_00_00,71104,pickup,0,goods:20691:2,Arteria Leaf
11007320,11000320,m11_00_00_00,71102,pickup,0,armor:1083000:1,Imp Head (Corpse)
11007330,11000330,m11_00_00_00,71102,pickup,0,goods:2908:1,Golden Rune [9]
11007340,11000340,m11_00_00_00,71104,pickup,0,goods:8193:1,Seedbed Curse
11007350,11000350,m11_00_00_00,71104,pickup,0,goods:10105:1,Smithing Stone [6]
11007360,11000360,m11_00_00_00,71104,pickup,0,goods:2908:1,Golden Rune [9]
11007370,11000370,m11_00_00_00,71104,pickup,0,goods:10104:1,Smithing Stone [5]
11007380,11000380,m11_00_00_00,71102,pickup,0,goods:8000:1,Stonesword Key
11007390,11000390,m11_00_00_00,71102,pickup,0,goods:2911:1,Golden Rune [12]
11007400,11000400,m11_00_00_00,71102,pickup,0,goods:15030:3,Beast Blood
11007410,11000410,m11_00_00_00,71102,pickup,0,goods:20800:3,Nascent Butterfly
11007420,11000420,m11_00_00_00,71102,pickup,0,goods:1210:1,Exalted Flesh
11007430,11000430,m11_00_00_00,71102,pickup,0,goods:1450:2,Soporific Grease
11007440,11000440,m11_00_00_00,71102,pickup,0,goods:10165:1,Somber Smithing Stone [6]
11007450,11000450,m11_00_00_00,71102,pickup,0,goods:2908:1,Golden Rune [9]
11007460,11000460,m11_00_00_00,71102,pickup,0,goods:1170:1,Lightningproof Dried Liver
11007480,11000480,m11_00_00_00,71104,pickup,0,goods:20855:1,Gravel Stone
11007490,11000490,m11_00_00_00,71104,pickup,0,goods:8000:1,Stonesword Key
11007500,11000500,m11_00_00_00,71104,pickup,0,goods:2908:1,Golden Rune [9]
11007510,11000510,m11_00_00_00,71104,pickup,0,goods:10103:1,Smithing Stone [4]
11007520,11000520,m11_00_00_00,71104,pickup,0,weapon:50090000:15,Golden Arrow
11007530,11000530,m11_00_00_00,71104,pickup,0,goods:10105:1,Smithing Stone [6]
11007540,11000540,m11_00_00_00,71104,pickup,0,goods:960:1,Clarifying Boluses
11007550,11000550,m11_00_00_00,71104,pickup,0,goods:2907:1,Golden Rune [8]
11007570,11000570,m11_00_00_00,71103,pickup,0,goods:10070:1,Lost Ashes of War
11007580,11000580,m11_00_00_00,71103,pickup,0,goods:190:1,Rune Arc
11007590,11000590,m11_00_00_00,71103,pickup,0,weapon:1150000:1,Erdsteel Dagger
11007600,11000600,m11_00_00_00,71103,pickup,0,goods:1720:8,Poisonbone Dart
11007610,11000610,m11_00_00_00,71103,pickup,0,goods:10165:1,Somber Smithing Stone [6]
11007620,11000620,m11_00_00_00,71103,pickup,0,goods:15420:1,Albinauric Bloodclot
11007630,11000630,m11_00_00_00,71103,pickup,0,goods:10104:1,Smithing Stone [5]
11007640,11000640,m11_00_00_00,71104,pickup,0,goods:1100:3,Pickled Turtle Neck
11007650,11000650,m11_00_00_00,71103,pickup,0,goods:10105:1,Smithing Stone [6]
11007660,11000660,m11_00_00_00,71104,pickup,0,goods:2908:1,Golden Rune [9]
11007670,11000670,m11_00_00_00,71104,pickup,0,weapon:41070000:1,Black Bow
11007680,11000680,m11_00_00_00,71104,pickup,0,goods:1480:1,Dragonwound Grease
11007690,11000690,m11_00_00_00,71108,pickup,0,goods:8858:1,Two Fingers' Prayerbook
11007700,11000700,m11_00_00_00,71108,pickup,0,goods:10104:1,Smithing Stone [5]
11007710,11000710,m11_00_00_00,71105,pickup,0,goods:2908:1,Golden Rune [9]
11007720,11000720,m11_00_00_00,71108,pickup,0,goods:10105:1,Smithing Stone [6]
11007730,11000730,m11_00_00_00,71103,pickup,0,goods:1180:1,Holyproof Dried Liver
11007740,11000740,m11_00_00_00,71108,pickup,0,goods:150:1,Furlcalling Finger Remedy
11007750,11000750,m11_00_00_00,71103,pickup,0,goods:20855:3,Gravel Stone
11007760,11000760,m11_00_00_00,71108,pickup,0,goods:10104:1,Smithing Stone [5]
11007770,11000770,m11_00_00_00,71103,pickup,0,goods:15040:5,Old Fang
11007780,11000780,m11_00_00_00,71108,pickup,0,goods:10105:1,Smithing Stone [6]
11007790,11000790,m11_00_00_00,71108,pickup,0,goods:20800:3,Nascent Butterfly
11007800,11000800,m11_00_00_00,71108,pickup,0,goods:8000:1,Stonesword Key
11007810,11000810,m11_00_00_00,71103,pickup,0,goods:1750:5,Fan Daggers
11007820,11000820,m11_00_00_00,71105,pickup,0,goods:10105:1,Smithing Stone [6]
11007830,11000830,m11_00_00_00,71105,pickup,0,goods:2908:1,Golden Rune [9]
11007840,11000840,m11_00_00_00,71105,pickup,0,goods:20855:5,Gravel Stone
11007850,11000850,m11_00_00_00,71108,pickup,0,goods:8193:1,Seedbed Curse
11007860,11000860,m11_00_00_00,71101,pickup,0,goods:10104:1,Smithing Stone [5]
11007870,11000870,m11_00_00_00,71109,pickup,0,goods:150:1,Furlcalling Finger Remedy
11007880,11000880,m11_00_00_00,71101,pickup,0,weapon:21080000:1,Star Fist
11007890,11000890,m11_00_00_00,71101,pickup,0,goods:1430:3,Holy Grease
11007900,11000900,m11_00_00_00,71105,pickup,0,goods:10105:1,Smithing Stone [6]
11007910,11000910,m11_00_00_00,71101,pickup,0,goods:8862:1,Golden Order Principia
11007920,11000920,m11_00_00_00,71101,pickup,0,goods:10164:3,Somber Smithing Stone [5]
11007930,11000930,m11_00_00_00,71101,pickup,0,goods:1430:6,Holy Grease
11007940,11000940,m11_00_00_00,71101,pickup,0,goods:1430:5,Holy Grease
11007950,11000950,m11_00_00_00,71103,pickup,0,goods:190:1,Rune Arc
11007952,11001952,m11_00_00_00,71101,reward,0,weapon:13510000:1|armor:5340000:1|armor:5340100:1|armor:5340200:1|armor:5340300:1,Golden Order Flail|Broken Gold Mask|Gold Tattoo (Chest)|Gold Tattoo (Arm)|Gold Tattoo (Leg)
11007960,11000960,m11_00_00_00,71108,pickup,0,weapon:34070000:1,Erdtree Seal
11007970,11000970,m11_00_00_00,71108,pickup,0,weapon:2110000:1,Coded Sword
11007980,11000980,m11_00_00_00,71104,pickup,0,goods:8000:1,Stonesword Key
11007983,424034000,m11_00_00_00,71103,enemy,0,goods:10163:1,Somber Smithing Stone [4]
11007985,11001985,m11_00_00_00,71105,reward,0,armor:860000:1|armor:860100:1|armor:860200:1|armor:860300:1,Raging Wolf Helm|Raging Wolf Armor|Raging Wolf Gauntlets|Raging Wolf Greaves
11007987,11001187,m11_00_00_00,71105,reward,0,weapon:18150000:1,Gargoyle's Halberd
11007989,435300706,m11_00_00_00,71103,enemy,0,weapon:34030000:1,Gravel Stone Seal
11007990,11000990,m11_00_00_00,71105,pickup,0,goods:10010:1,Golden Seed
11007991,11001000,m11_00_00_00,71107,pickup,0,goods:6431:1,Blessing of the Erdtree
11007992,482000400,m11_00_00_00,71103,enemy,0,armor:1890000:1,Omensmirk Mask
11007993,11001193,m11_00_00_00,71104,reward,0,goods:10010:1,Golden Seed
11007994,11001020,m11_00_00_00,71109,pickup,0,talisman:5020:1,Blessed Dew Talisman
11007996,11001030,m11_00_00_00,71109,pickup,0,talisman:4090:1,Ritual Shield Talisman
11007997,11001040,m11_00_00_00,71105,pickup,0,weapon:16090000:1,Bolt of Gransax
11007998,11001198,m11_00_00_00,71104,reward,0,goods:2919:1,Lord's Rune
11057000,11050000,m11_05_00_00,71124,pickup,0,goods:6424:1,Erdtree Heal
11057010,11050010,m11_05_00_00,71125,pickup,0,goods:10168:1,Somber Ancient Dragon Smithing Stone
11057020,11050020,m11_05_00_00,71123,pickup,0,goods:20685:1,Tarnished Golden Sunflower
11057030,11050030,m11_05_00_00,71123,pickup,0,goods:190:1,Rune Arc
11057040,11050040,m11_05_00_00,71123,pickup,0,goods:20683:1,Golden Sunflower
11057050,11050050,m11_05_00_00,71121,pickup,0,goods:2917:1,Hero's Rune [4]
11057100,11050100,m11_05_00_00,71124,pickup,0,talisman:1042:1,Erdtree's Favor +2
11107000,11100000,m11_10_00_00,71190,pickup,0,weapon:21130000:1,Cipher Pata
11107700,11100700,m11_10_00_00,71190,pickup,0,goods:8859:1,Assassin's Prayerbook
11107710,11100710,m11_10_00_00,71190,pickup,0,weapon:43110000:1|weapon:52030000:20,Crepus's Black-Key Crossbow|Black-Key Bolt
11107900,11100900,m11_10_00_00,71190,reward,0,weapon:21110000:1,Clinging Bone
12017030,12010030,m12_01_00_00,71218,pickup,0,goods:10167:1,Somber Smithing Stone [8]
12017040,12010040,m12_01_00_00,71212,pickup,0,goods:2900:1,Golden Rune [1]
12017050,12010050,m12_01_00_00,71212,pickup,0,goods:2901:1,Golden Rune [2]
12017060,12010060,m12_01_00_00,71212,pickup,0,goods:10100:1,Smithing Stone [1]
12017070,12010070,m12_01_00_00,71211,pickup,0,goods:1420:3,Magic Grease
12017080,12010080,m12_01_00_00,71212,pickup,0,goods:2902:1,Golden Rune [3]
12017090,12010090,m12_01_00_00,71216,pickup,0,goods:10200:1,Somber Smithing Stone [9]
12017100,12010100,m12_01_00_00,71219,pickup,0,goods:10010:1,Golden Seed
12017105,12010105,m12_01_00_00,71212,reward,0,goods:2909:1|goods:190:1,Golden Rune [10]|Rune Arc
12017110,12010110,m12_01_00_00,71216,pickup,0,goods:1490:1,Rot Grease
12017120,12010120,m12_01_00_00,71216,pickup,0,weapon:52030000:10,Black-Key Bolt
12017130,12010130,m12_01_00_00,71216,pickup,0,goods:3310:1,Warming Stone
12017140,12010140,m12_01_00_00,71218,pickup,0,goods:1170:1,Lightningproof Dried Liver
12017150,12010150,m12_01_00_00,71212,pickup,0,goods:10102:1,Smithing Stone [3]
12017160,12010160,m12_01_00_00,71212,pickup,0,weapon:50060000:10,Shattershard Arrow (Fletched)
12017170,12010170,m12_01_00_00,71211,pickup,0,goods:2050:8,Grace Mimic
12017180,12010180,m12_01_00_00,71213,pickup,0,talisman:1170:1,Immunizing Horn Charm
12017190,12010190,m12_01_00_00,71211,pickup,0,goods:10102:1,Smithing Stone [3]
12017200,12010200,m12_01_00_00,71212,pickup,0,goods:2900:1,Golden Rune [1]
12017210,12010210,m12_01_00_00,71212,pickup,0,goods:10102:1,Smithing Stone [3]
12017220,12010220,m12_01_00_00,71213,pickup,0,goods:1700:6,Throwing Dagger
12017230,12010230,m12_01_00_00,71213,pickup,0,goods:10102:2,Smithing Stone [3]
12017240,12010240,m12_01_00_00,71213,pickup,0,goods:2901:1,Golden Rune [2]
12017250,12010250,m12_01_00_00,71213,pickup,0,goods:1690:1,Shield Grease
12017260,12010260,m12_01_00_00,71213,pickup,0,goods:10102:3,Smithing Stone [3]
12017270,12010270,m12_01_00_00,71212,pickup,0,goods:10103:1,Smithing Stone [4]
12017280,12010280,m12_01_00_00,71213,pickup,0,goods:10101:3,Smithing Stone [2]
12017290,12010290,m12_01_00_00,71213,pickup,0,goods:20852:1,Formic Rock
12017300,12010300,m12_01_00_00,71213,pickup,0,goods:1740:5,Crystal Dart
12017310,12010310,m12_01_00_00,71213,pickup,0,goods:2120:4,Soap
12017320,12010320,m12_01_00_00,71213,pickup,0,goods:10162:1,Somber Smithing Stone [3]
12017330,12010330,m12_01_00_00,71213,pickup,0,goods:20761:3,Melted Mushroom
12017340,12010340,m12_01_00_00,71213,pickup,0,goods:2902:1,Golden Rune [3]
12017350,12010350,m12_01_00_00,71212,pickup,0,goods:2130:1,Celestial Dew
12017360,12010360,m12_01_00_00,71211,pickup,0,goods:2902:1,Golden Rune [3]
12017370,12010370,m12_01_00_00,71216,pickup,0,goods:20801:1,Aeonian Butterfly
12017380,12010380,m12_01_00_00,71216,pickup,0,goods:10166:1,Somber Smithing Stone [7]
12017390,12010390,m12_01_00_00,71212,pickup,0,goods:20810:2,Silver Firefly
12017400,12010400,m12_01_00_00,71213,pickup,0,goods:2902:1,Golden Rune [3]
12017410,12010410,m12_01_00_00,71213,pickup,0,goods:1420:2,Magic Grease
12017420,12010420,m12_01_00_00,71213,pickup,0,goods:2902:1,Golden Rune [3]
12017430,12010430,m12_01_00_00,71213,pickup,0,goods:150:1,Furlcalling Finger Remedy
12017440,12010440,m12_01_00_00,71213,pickup,0,goods:10100:3,Smithing Stone [1]
12017450,12010450,m12_01_00_00,71216,pickup,0,goods:2908:1,Golden Rune [9]
12017460,12010460,m12_01_00_00,71218,pickup,0,armor:2010000:1,Mushroom Crown
12017470,12010470,m12_01_00_00,71218,pickup,0,goods:940:1,Preserving Boluses
12017480,12010480,m12_01_00_00,71216,pickup,0,goods:2906:1,Golden Rune [7]
12017490,12010490,m12_01_00_00,71216,pickup,0,goods:2909:1,Golden Rune [10]
12017500,12010500,m12_01_00_00,71214,pickup,0,goods:2906:1,Golden Rune [7]
12017510,12010510,m12_01_00_00,71214,pickup,0,goods:15100:3,Human Bone Shard
12017520,12010520,m12_01_00_00,71215,pickup,0,goods:10165:1,Somber Smithing Stone [6]
12017530,12010530,m12_01_00_00,71214,pickup,0,goods:10103:1,Smithing Stone [4]
12017540,12010540,m12_01_00_00,71215,pickup,0,goods:930:1,Stimulating Boluses
12017550,12010550,m12_01_00_00,71215,pickup,0,goods:1690:2,Shield Grease
12017560,12010560,m12_01_00_00,71215,pickup,0,goods:2909:8,Golden Rune [10]
12017570,12010570,m12_01_00_00,71213,pickup,0,weapon:7070000:1,Wing of Astel
12017580,12010580,m12_01_00_00,71214,pickup,0,goods:8000:1,Stonesword Key
12017590,12010590,m12_01_00_00,71214,pickup,0,goods:2906:1,Golden Rune [7]
12017600,12010600,m12_01_00_00,71210,pickup,0,goods:2909:1,Golden Rune [10]
12017610,12010610,m12_01_00_00,71215,pickup,0,goods:1750:1,Fan Daggers
12017620,12010620,m12_01_00_00,71215,pickup,0,goods:10105:1,Smithing Stone [6]
12017630,12010630,m12_01_00_00,71215,pickup,0,goods:249000:1,Archer Ashes
12017640,12010640,m12_01_00_00,71210,pickup,0,goods:2909:1,Golden Rune [10]
12017650,12010650,m12_01_00_00,71210,pickup,0,goods:2909:1,Golden Rune [10]
12017660,12010660,m12_01_00_00,71215,pickup,0,goods:2909:1,Golden Rune [10]
12017670,12010670,m12_01_00_00,71210,pickup,0,goods:10105:1,Smithing Stone [6]
12017680,12010680,m12_01_00_00,71210,pickup,0,goods:2909:1,Golden Rune [10]
12017690,12010690,m12_01_00_00,71210,pickup,0,goods:10919:1,Great Ghost Glovewort
12017700,12010700,m12_01_00_00,71210,pickup,0,goods:10166:1,Somber Smithing Stone [7]
12017710,12010710,m12_01_00_00,71211,pickup,0,goods:222000:1,Clayman Ashes
12017720,12010720,m12_01_00_00,71219,pickup,0,goods:8000:1,Stonesword Key
12017730,12010730,m12_01_00_00,71215,pickup,0,goods:1420:3,Magic Grease
12017740,12010740,m12_01_00_00,71215,pickup,0,goods:1530:2,Drawstring Holy Grease
12017750,12010750,m12_01_00_00,71210,pickup,0,goods:20825:3,Silver Tear Husk
12017760,12010760,m12_01_00_00,71210,pickup,0,goods:10105:1,Smithing Stone [6]
12017770,12010770,m12_01_00_00,71210,pickup,0,goods:2130:1,Celestial Dew
12017780,12010780,m12_01_00_00,71210,pickup,0,goods:10166:1,Somber Smithing Stone [7]
12017790,12010790,m12_01_00_00,71219,pickup,0,goods:2130:1,Celestial Dew
12017800,12010800,m12_01_00_00,71219,pickup,0,goods:10103:1,Smithing Stone [4]
12017810,12010810,m12_01_00_00,71219,pickup,0,goods:10104:1,Smithing Stone [5]
12017820,12010820,m12_01_00_00,71218,pickup,0,goods:2909:1,Golden Rune [10]
12017830,12010830,m12_01_00_00,71218,pickup,0,goods:10104:1,Smithing Stone [5]
12017840,12010840,m12_01_00_00,71218,pickup,0,goods:1750:8,Fan Daggers
12017850,12010850,m12_01_00_00,71218,pickup,0,goods:2909:1,Golden Rune [10]
12017860,12010860,m12_01_00_00,71218,pickup,0,goods:10106:1,Smithing Stone [7]
12017870,12010870,m12_01_00_00,71218,pickup,0,goods:10105:1,Smithing Stone [6]
12017880,12010880,m12_01_00_00,71216,pickup,0,goods:10167:1,Somber Smithing Stone [8]
12017890,12010890,m12_01_00_00,71216,pickup,0,goods:10166:1,Somber Smithing Stone [7]
12017900,12010900,m12_01_00_00,71213,pickup,0,weapon:7070000:1,Wing of Astel
12017910,12010910,m12_01_00_00,71210,pickup,0,goods:10919:1,Great Ghost Glovewort
12017920,12010920,m12_01_00_00,71218,pickup,0,weapon:1080000:1,Scorpion's Stinger
12017940,12010940,m12_01_00_00,71210,pickup,0,goods:10166:1,Somber Smithing Stone [7]
12017950,12010950,m12_01_00_00,71210,pickup,0,goods:10918:1,Ghost Glovewort [9]
12017960,12010960,m12_01_00_00,71219,pickup,0,talisman:1140:1,Moon of Nokstella
12017965,333062021,m12_01_00_00,71210,enemy,0,goods:8185:1,Larval Tear
12017970,12010970,m12_01_00_00,71215,pickup,0,weapon:32220000:1,Ant's Skull Plate
12017975,333062011,m12_01_00_00,71210,enemy,0,goods:8185:1,Larval Tear
12017980,12010980,m12_01_00_00,71215,pickup,0,goods:8964:1,Ghost-Glovewort Picker's Bell Bearing [2]
12017985,333062001,m12_01_00_00,71210,enemy,0,goods:8185:1,Larval Tear
12017990,12010990,m12_01_00_00,71210,pickup,0,goods:206000:1,Nightmaiden & Swordstress Puppets
12017992,336000707,m12_01_00_00,71216,enemy,0,talisman:1171:1,Immunizing Horn Charm +1
12017995,12015995,m12_01_00_00,71214,reward,0,goods:10166:1,Somber Smithing Stone [7]
12017997,12015997,m12_01_00_00,71218,reward,0,goods:10010:1,Golden Seed
12017999,360062000,m12_01_00_00,71218,enemy,0,weapon:3070000:1,Alabaster Lord's Sword
12027000,12020000,m12_02_00_00,71223,pickup,0,talisman:1200:1,Mottled Necklace
12027030,12020030,m12_02_00_00,71222,pickup,0,goods:20691:3,Arteria Leaf
12027040,12020040,m12_02_00_00,71227,pickup,0,goods:10010:1,Golden Seed
12027050,12020050,m12_02_00_00,71225,pickup,0,talisman:1220:1,Marika's Scarseal
12027070,12020070,m12_02_00_00,71223,pickup,0,weapon:3000600:1,Lightning Bastard Sword
12027080,12020080,m12_02_00_00,71224,pickup,0,goods:8159:1|goods:10919:1,Fingerslayer Blade|Great Ghost Glovewort
12027090,12020090,m12_02_00_00,71225,pickup,0,goods:3000:1,Ancestral Infant's Head
12027100,12020100,m12_02_00_00,71222,pickup,0,goods:15130:3,Crab Eggs
12027110,12020110,m12_02_00_00,71222,pickup,0,goods:15010:3,Beast Liver
12027120,12020120,m12_02_00_00,71222,pickup,0,goods:2902:1,Golden Rune [3]
12027140,12020140,m12_02_00_00,71222,pickup,0,weapon:31320000:1,Inverted Hawk Heater Shield
12027150,12020150,m12_02_00_00,71222,pickup,0,goods:10161:1,Somber Smithing Stone [2]
12027160,12020160,m12_02_00_00,71222,pickup,0,goods:15040:2,Old Fang
12027170,12020170,m12_02_00_00,71223,pickup,0,goods:2901:1,Golden Rune [2]
12027180,12020180,m12_02_00_00,71223,pickup,0,goods:1690:1,Shield Grease
12027190,12020190,m12_02_00_00,71223,pickup,0,goods:2902:1,Golden Rune [3]
12027200,12020200,m12_02_00_00,71223,pickup,0,goods:1140:1,Dappled Cured Meat
12027210,12020210,m12_02_00_00,71223,pickup,0,goods:10161:1,Somber Smithing Stone [2]
12027220,12020220,m12_02_00_00,71223,pickup,0,goods:10102:1,Smithing Stone [3]
12027230,12020230,m12_02_00_00,71223,pickup,0,goods:10101:3,Smithing Stone [2]
12027240,12020240,m12_02_00_00,71223,pickup,0,weapon:50100000:10,Dwelling Arrow
12027250,12020250,m12_02_00_00,71222,pickup,0,goods:1200:1,Gold-Pickled Fowl Foot
12027260,12020260,m12_02_00_00,71222,pickup,0,goods:2903:1,Golden Rune [4]
12027270,12020270,m12_02_00_00,71223,pickup,0,goods:2903:1,Golden Rune [4]
12027280,12020280,m12_02_00_00,71222,pickup,0,goods:150:1,Furlcalling Finger Remedy
12027290,12020290,m12_02_00_00,71222,pickup,0,goods:2903:1,Golden Rune [4]
12027300,12020300,m12_02_00_00,71223,pickup,0,goods:10103:1,Smithing Stone [4]
12027310,12020310,m12_02_00_00,71223,pickup,0,goods:15341:1,Hefty Beast Bone
12027320,12020320,m12_02_00_00,71222,pickup,0,goods:2905:1,Golden Rune [6]
12027330,12020330,m12_02_00_00,71223,pickup,0,goods:2902:1,Golden Rune [3]
12027340,12020340,m12_02_00_00,71223,pickup,0,goods:15000:1,Sliver of Meat
12027350,12020350,m12_02_00_00,71223,pickup,0,goods:10102:2,Smithing Stone [3]
12027360,12020360,m12_02_00_00,71223,pickup,0,goods:1200:2,Gold-Pickled Fowl Foot
12027370,12020370,m12_02_00_00,71222,pickup,0,goods:2903:1,Golden Rune [4]
12027380,12020380,m12_02_00_00,71223,pickup,0,weapon:50100000:10,Dwelling Arrow
12027390,12020390,m12_02_00_00,71223,pickup,0,goods:8000:1,Stonesword Key
12027400,12020400,m12_02_00_00,71223,pickup,0,goods:2903:1,Golden Rune [4]
12027410,12020410,m12_02_00_00,71223,pickup,0,goods:10101:3,Smithing Stone [2]
12027420,12020420,m12_02_00_00,71222,pickup,0,weapon:41020000:1,Horn Bow
12027430,12020430,m12_02_00_00,71227,pickup,0,goods:2903:1,Golden Rune [4]
12027435,12020435,m12_02_00_00,71225,reward,0,weapon:32030000:1,Crucible Hornshield
12027440,12020440,m12_02_00_00,71227,pickup,0,goods:15000:3,Sliver of Meat
12027445,12020445,m12_02_00_00,71225,reward,0,goods:10165:1,Somber Smithing Stone [6]
12027450,12020450,m12_02_00_00,71227,pickup,0,goods:8000:1,Stonesword Key
12027460,12020460,m12_02_00_00,71220,pickup,0,goods:190:1,Rune Arc
12027470,12020470,m12_02_00_00,71227,pickup,0,talisman:1180:1,Clarifying Horn Charm
12027480,12020480,m12_02_00_00,71222,pickup,0,goods:15020:3,Lump of Flesh
12027490,12020490,m12_02_00_00,71223,pickup,0,talisman:1181:1,Clarifying Horn Charm +1
12027500,12020500,m12_02_00_00,71221,pickup,0,goods:2903:1,Golden Rune [4]
12027510,12020510,m12_02_00_00,71224,pickup,0,weapon:50100000:8,Dwelling Arrow
12027520,12020520,m12_02_00_00,71224,pickup,0,goods:20800:1,Nascent Butterfly
12027530,12020530,m12_02_00_00,71224,pickup,0,goods:20830:5,Gold-Tinged Excrement
12027540,12020540,m12_02_00_00,71224,pickup,0,goods:1160:1,Fireproof Dried Liver
12027550,12020550,m12_02_00_00,71224,pickup,0,goods:2903:1,Golden Rune [4]
12027560,12020560,m12_02_00_00,71224,pickup,0,armor:301000:1,Shining Horned Headband
12027570,12020570,m12_02_00_00,71224,pickup,0,goods:15040:4,Old Fang
12027580,12020580,m12_02_00_00,71224,pickup,0,goods:2904:1,Golden Rune [5]
12027590,12020590,m12_02_00_00,71224,pickup,0,goods:1730:8,Kukri
12027600,12020600,m12_02_00_00,71224,pickup,0,goods:15341:5,Hefty Beast Bone
12027610,12020610,m12_02_00_00,71224,pickup,0,goods:10104:1,Smithing Stone [5]
12027620,12020620,m12_02_00_00,71225,pickup,0,talisman:1201:1,Mottled Necklace +1
12027630,12020630,m12_02_00_00,71225,pickup,0,goods:15040:1,Old Fang
12027640,12020640,m12_02_00_00,71225,pickup,0,goods:15341:3,Hefty Beast Bone
12027650,12020650,m12_02_00_00,71224,pickup,0,goods:10103:1,Smithing Stone [4]
12027660,12020660,m12_02_00_00,71224,pickup,0,goods:15030:1,Beast Blood
12027670,12020670,m12_02_00_00,71224,pickup,0,goods:15030:3,Beast Blood
12027680,12020680,m12_02_00_00,71224,pickup,0,goods:10164:1,Somber Smithing Stone [5]
12027690,12020690,m12_02_00_00,71225,pickup,0,goods:2911:1,Golden Rune [12]
12027710,12020710,m12_02_00_00,71224,pickup,0,goods:10104:1,Smithing Stone [5]
12027720,12020720,m12_02_00_00,71224,pickup,0,goods:10101:1,Smithing Stone [2]
12027730,12020730,m12_02_00_00,71223,pickup,0,goods:2130:1,Celestial Dew
12027740,12020740,m12_02_00_00,71223,pickup,0,goods:10104:1,Smithing Stone [5]
12027750,12020750,m12_02_00_00,71225,pickup,0,goods:8000:1,Stonesword Key
12027760,12020760,m12_02_00_00,71225,pickup,0,goods:20825:2,Silver Tear Husk
12027770,12020770,m12_02_00_00,71225,pickup,0,goods:2900:1,Golden Rune [1]
12027780,12020780,m12_02_00_00,71225,pickup,0,goods:2912:1,Golden Rune [13]
12027790,12020790,m12_02_00_00,71225,pickup,0,goods:2906:1,Golden Rune [7]
12027800,12020800,m12_02_00_00,71225,pickup,0,goods:10104:1,Smithing Stone [5]
12027810,12020810,m12_02_00_00,71220,pickup,0,goods:2905:1,Golden Rune [6]
12027820,12020820,m12_02_00_00,71220,pickup,0,goods:190:1,Rune Arc
12027830,12020830,m12_02_00_00,71220,pickup,0,goods:10103:1,Smithing Stone [4]
12027850,12020850,m12_02_00_00,71224,pickup,0,goods:950:1,Rejuvenating Boluses
12027860,12020860,m12_02_00_00,71224,pickup,0,goods:190:1,Rune Arc
12027870,12020870,m12_02_00_00,71224,pickup,0,goods:2130:1,Celestial Dew
12027880,12020880,m12_02_00_00,71226,pickup,0,goods:207000:1,Mimic Tear Ashes
12027890,12020890,m12_02_00_00,71224,pickup,0,goods:2906:1,Golden Rune [7]
12027900,12020900,m12_02_00_00,71226,pickup,0,goods:10102:1,Smithing Stone [3]
12027910,12020910,m12_02_00_00,71226,pickup,0,weapon:11120000:1,Nox Flowing Hammer
12027920,12020920,m12_02_00_00,71226,pickup,0,goods:2130:1,Celestial Dew
12027930,12020930,m12_02_00_00,71226,pickup,0,goods:2906:1,Golden Rune [7]
12027940,12020940,m12_02_00_00,71226,pickup,0,goods:2100:3,Soft Cotton
12027950,12020950,m12_02_00_00,71223,pickup,0,goods:10164:1,Somber Smithing Stone [5]
12027960,12020960,m12_02_00_00,71222,pickup,0,goods:1480:3,Dragonwound Grease
12027970,12020970,m12_02_00_00,71223,pickup,0,goods:15120:2,Slumbering Egg
12027980,12020980,m12_02_00_00,71224,pickup,0,goods:2906:1,Golden Rune [7]
12027985,333065001,m12_02_00_00,71226,enemy,0,goods:8185:1,Larval Tear
12027990,12020990,m12_02_00_00,71225,pickup,0,goods:2906:1,Golden Rune [7]
12027995,337000704,m12_02_00_00,71224,enemy,0,armor:301000:1,Shining Horned Headband
12037010,12030010,m12_03_00_00,71234,pickup,0,goods:8000:1,Stonesword Key
12037020,12030020,m12_03_00_00,71231,pickup,0,goods:20852:1,Formic Rock
12037030,12030030,m12_03_00_00,71232,pickup,0,goods:2904:1,Golden Rune [5]
12037040,12030040,m12_03_00_00,71232,pickup,0,goods:2907:1,Golden Rune [8]
12037050,12030050,m12_03_00_00,71232,pickup,0,weapon:50090000:10,Golden Arrow
12037060,12030060,m12_03_00_00,71232,pickup,0,goods:10105:1,Smithing Stone [6]
12037070,12030070,m12_03_00_00,71232,pickup,0,goods:1430:3,Holy Grease
12037080,12030080,m12_03_00_00,71232,pickup,0,goods:6720:1,Elden Stars
12037090,12030090,m12_03_00_00,71233,pickup,0,goods:10103:1,Smithing Stone [4]
12037100,12030100,m12_03_00_00,71233,pickup,0,goods:2904:1,Golden Rune [5]
12037110,12030110,m12_03_00_00,71233,pickup,0,goods:2905:1,Golden Rune [6]
12037120,12030120,m12_03_00_00,71233,pickup,0,goods:3310:3,Warming Stone
12037130,12030130,m12_03_00_00,71233,pickup,0,goods:10103:1,Smithing Stone [4]
12037140,12030140,m12_03_00_00,71235,pickup,0,gem:22000:1,Ash of War: Vacuum Slice
12037150,12030150,m12_03_00_00,71233,pickup,0,goods:1480:1,Dragonwound Grease
12037160,12030160,m12_03_00_00,71234,pickup,0,goods:15341:5,Hefty Beast Bone
12037170,12030170,m12_03_00_00,71234,pickup,0,goods:2900:1,Golden Rune [1]
12037180,12030180,m12_03_00_00,71234,pickup,0,weapon:33180000:1,Prince of Death's Staff
12037190,12030190,m12_03_00_00,71234,pickup,0,goods:10105:1,Smithing Stone [6]
12037200,12030200,m12_03_00_00,71235,pickup,0,goods:2904:1,Golden Rune [5]
12037210,12030210,m12_03_00_00,71235,pickup,0,goods:2907:1,Golden Rune [8]
12037220,12030220,m12_03_00_00,71235,pickup,0,goods:20800:3,Nascent Butterfly
12037230,12030230,m12_03_00_00,71234,pickup,0,goods:10166:1,Somber Smithing Stone [7]
12037240,12030240,m12_03_00_00,71234,pickup,0,goods:10166:1,Somber Smithing Stone [7]
12037250,12030250,m12_03_00_00,71234,pickup,0,goods:10166:1,Somber Smithing Stone [7]
12037260,12030260,m12_03_00_00,71234,pickup,0,goods:1750:4,Fan Daggers
12037270,12030270,m12_03_00_00,71234,pickup,0,goods:10165:1,Somber Smithing Stone [6]
12037280,12030280,m12_03_00_00,71234,pickup,0,goods:2907:1,Golden Rune [8]
12037290,12030290,m12_03_00_00,71234,pickup,0,goods:2907:1,Golden Rune [8]
12037300,12030300,m12_03_00_00,71234,pickup,0,armor:571000:1|armor:571100:1|armor:570200:1|armor:570300:1,Crucible Tree Helm|Crucible Tree Armor|Crucible Gauntlets|Crucible Greaves
12037310,12030310,m12_03_00_00,71231,pickup,0,goods:10105:1,Smithing Stone [6]
12037320,12030320,m12_03_00_00,71231,pickup,0,goods:2907:1,Golden Rune [8]
12037330,12030330,m12_03_00_00,71235,pickup,0,goods:10166:1,Somber Smithing Stone [7]
12037340,12030340,m12_03_00_00,71235,pickup,0,goods:20691:5,Arteria Leaf
12037350,12030350,m12_03_00_00,71235,pickup,0,goods:10106:1,Smithing Stone [7]
12037360,12030360,m12_03_00_00,71235,pickup,0,weapon:53010000:6,Lightning Greatbolt
12037370,12030370,m12_03_00_00,71234,pickup,0,goods:2907:1,Golden Rune [8]
12037380,12030380,m12_03_00_00,71234,pickup,0,goods:10105:1,Smithing Stone [6]
12037390,12030390,m12_03_00_00,71234,pickup,0,goods:2907:1,Golden Rune [8]
12037400,12030400,m12_03_00_00,71234,pickup,0,goods:960:1,Clarifying Boluses
12037410,12030410,m12_03_00_00,71234,pickup,0,goods:10103:1,Smithing Stone [4]
12037420,12030420,m12_03_00_00,71234,pickup,0,goods:15100:5,Human Bone Shard
12037430,12030430,m12_03_00_00,71234,pickup,0,goods:2907:1,Golden Rune [8]
12037440,12030440,m12_03_00_00,71234,pickup,0,goods:2908:1,Golden Rune [9]
12037450,12030450,m12_03_00_00,71234,pickup,0,goods:10103:1,Smithing Stone [4]
12037460,12030460,m12_03_00_00,71234,pickup,0,goods:20800:1,Nascent Butterfly
12037470,12030470,m12_03_00_00,71234,pickup,0,goods:2907:1,Golden Rune [8]
12037480,12030480,m12_03_00_00,71234,pickup,0,goods:10104:1,Smithing Stone [5]
12037490,12030490,m12_03_00_00,71234,pickup,0,goods:10104:1,Smithing Stone [5]
12037500,12030500,m12_03_00_00,71235,pickup,0,goods:10105:3,Smithing Stone [6]
12037510,12030510,m12_03_00_00,71235,pickup,0,goods:190:1,Rune Arc
12037520,12030520,m12_03_00_00,71230,pickup,0,goods:254000:1,Mausoleum Soldier Ashes
12037530,12030530,m12_03_00_00,71234,pickup,0,goods:10166:1,Somber Smithing Stone [7]
12037540,12030540,m12_03_00_00,71234,pickup,0,goods:2907:1,Golden Rune [8]
12037550,12030550,m12_03_00_00,71232,pickup,0,goods:10165:1,Somber Smithing Stone [6]
12037800,12030800,m12_03_00_00,71235,reward,0,goods:2913:1|goods:190:1,Numen's Rune|Rune Arc
12037810,12030810,m12_03_00_00,71235,reward,0,goods:2913:1|goods:190:1,Numen's Rune|Rune Arc
12037820,12030820,m12_03_00_00,71232,reward,0,goods:2913:1|goods:190:1,Numen's Rune|Rune Arc
12037830,12030830,m12_03_00_00,71232,reward,0,goods:2913:1|goods:190:1,Numen's Rune|Rune Arc
12037840,12030840,m12_03_00_00,71232,reward,0,goods:2913:1|goods:190:1,Numen's Rune|Rune Arc
12037850,12030850,m12_03_00_00,71231,reward,0,goods:2913:1|goods:190:1,Numen's Rune|Rune Arc
12037950,12030950,m12_03_00_00,71234,reward,0,weapon:17020000:1,Siluria's Tree
12037960,12030960,m12_03_00_00,71232,reward,0,weapon:23070000:1,Staff of the Avatar
12037990,463000704,m12_03_00_00,71235,enemy,0,talisman:1191:1,Prince of Death's Cyst
12057010,12050010,m12_05_00_00,71251,pickup,0,goods:10010:1,Golden Seed
12057020,12050020,m12_05_00_00,71251,pickup,0,goods:2910:1,Golden Rune [11]
12057030,12050030,m12_05_00_00,71251,pickup,0,goods:10105:1,Smithing Stone [6]
12057040,12050040,m12_05_00_00,71251,pickup,0,goods:20723:5,Bloodrose
12057060,12050060,m12_05_00_00,71251,pickup,0,goods:2917:1,Hero's Rune [4]
12057070,12050070,m12_05_00_00,71252,pickup,0,goods:10107:1,Smithing Stone [8]
12057080,12050080,m12_05_00_00,71252,pickup,0,goods:2916:1,Hero's Rune [3]
12057090,12050090,m12_05_00_00,71252,pickup,0,goods:20831:8,Blood-Tainted Excrement
12057100,12050100,m12_05_00_00,71251,pickup,0,goods:10200:1,Somber Smithing Stone [9]
12057110,12050110,m12_05_00_00,71252,pickup,0,goods:7210:1,Swarm of Flies
12057120,12050120,m12_05_00_00,71252,pickup,0,goods:1540:4,Drawstring Blood Grease
12057130,12050130,m12_05_00_00,71252,pickup,0,goods:20831:8,Blood-Tainted Excrement
12057140,12050140,m12_05_00_00,71252,pickup,0,goods:2911:1,Golden Rune [12]
12057150,12050150,m12_05_00_00,71252,pickup,0,goods:10106:1,Smithing Stone [7]
12057160,12050160,m12_05_00_00,71252,pickup,0,goods:2911:1,Golden Rune [12]
12057170,12050170,m12_05_00_00,71252,pickup,0,goods:20753:1,Sacramental Bud
12057180,12050180,m12_05_00_00,71252,pickup,0,goods:20800:3,Nascent Butterfly
12057190,12050190,m12_05_00_00,71252,pickup,0,goods:190:1,Rune Arc
12057210,12050210,m12_05_00_00,71252,pickup,0,goods:2912:1,Golden Rune [13]
12057290,12050290,m12_05_00_00,71251,pickup,0,goods:20723:5,Bloodrose
12057300,12050300,m12_05_00_00,71252,pickup,0,goods:1430:1,Holy Grease
12057310,12050310,m12_05_00_00,71251,pickup,0,goods:8000:1,Stonesword Key
12057320,12050320,m12_05_00_00,71252,pickup,0,goods:10105:1,Smithing Stone [6]
12057330,12050330,m12_05_00_00,71252,pickup,0,goods:20691:4,Arteria Leaf
12057340,12050340,m12_05_00_00,71252,pickup,0,goods:2912:1,Golden Rune [13]
12057350,12050350,m12_05_00_00,71252,pickup,0,goods:960:1,Clarifying Boluses
12057360,12050360,m12_05_00_00,71251,pickup,0,goods:1490:3,Rot Grease
12057370,12050370,m12_05_00_00,71253,pickup,0,talisman:4042:1,Haligdrake Talisman +2
12057590,12050590,m12_05_00_00,71253,pickup,0,goods:10106:1,Smithing Stone [7]
12057600,12050600,m12_05_00_00,71253,pickup,0,goods:910:3,Stanching Boluses
12057610,12050610,m12_05_00_00,71253,pickup,0,goods:8000:1,Stonesword Key
12057620,12050620,m12_05_00_00,71253,pickup,0,goods:20723:8,Bloodrose
12057630,12050630,m12_05_00_00,71253,pickup,0,weapon:2000400:1,Fire Longsword
12057640,12050640,m12_05_00_00,71250,pickup,0,goods:10107:3,Smithing Stone [8]
12057650,12050650,m12_05_00_00,71252,pickup,0,goods:2913:1,Numen's Rune
12057670,12050670,m12_05_00_00,71253,pickup,0,goods:2912:1,Golden Rune [13]
12057680,12050680,m12_05_00_00,71251,pickup,0,goods:2910:1,Golden Rune [11]
12057690,12050690,m12_05_00_00,71253,pickup,0,goods:2919:1,Lord's Rune
12057700,12050700,m12_05_00_00,71252,pickup,0,goods:10105:1,Smithing Stone [6]
12057900,12050900,m12_05_00_00,71253,pickup,0,goods:10168:1,Somber Ancient Dragon Smithing Stone
12057950,12050950,m12_05_00_00,71251,reward,0,armor:680000:1|armor:681100:1|armor:680200:1|armor:680300:1,White Mask|War Surgeon Gown (Altered)|War Surgeon Gloves|War Surgeon Trousers
12077000,12070000,m12_07_00_00,71270,pickup,0,goods:150:1,Furlcalling Finger Remedy
12077010,12070010,m12_07_00_00,71270,pickup,0,goods:20810:5,Silver Firefly
12077020,12070020,m12_07_00_00,71270,pickup,0,goods:2902:1,Golden Rune [3]
12077030,12070030,m12_07_00_00,71270,pickup,0,goods:2901:1,Golden Rune [2]
12077040,12070040,m12_07_00_00,71270,pickup,0,goods:10103:1,Smithing Stone [4]
12077050,12070050,m12_07_00_00,71270,pickup,0,goods:10101:1,Smithing Stone [2]
12077060,12070060,m12_07_00_00,71270,pickup,0,goods:2901:1,Golden Rune [2]
12077070,12070070,m12_07_00_00,71270,pickup,0,goods:1110:1,Immunizing Cured Meat
12077080,12070080,m12_07_00_00,71270,pickup,0,goods:2901:1,Golden Rune [2]
12077090,12070090,m12_07_00_00,71270,pickup,0,goods:2020:5,Rainbow Stone
12077100,12070100,m12_07_00_00,71270,pickup,0,goods:2903:1,Golden Rune [4]
12077110,12070110,m12_07_00_00,71270,pickup,0,goods:15050:3,Budding Horn
12077120,12070120,m12_07_00_00,71270,pickup,0,goods:1700:8,Throwing Dagger
12077130,12070130,m12_07_00_00,71270,pickup,0,goods:10102:1,Smithing Stone [3]
12077140,12070140,m12_07_00_00,71270,pickup,0,goods:2903:1,Golden Rune [4]
12077150,12070150,m12_07_00_00,71270,pickup,0,goods:10103:1,Smithing Stone [4]
12077160,12070160,m12_07_00_00,71270,pickup,0,goods:2120:3,Soap
12077170,12070170,m12_07_00_00,71270,pickup,0,goods:940:1,Preserving Boluses
12077180,12070180,m12_07_00_00,71270,pickup,0,goods:1190:3,Silver-Pickled Fowl Foot
12077300,12070300,m12_07_00_00,71271,pickup,0,goods:2904:1,Golden Rune [5]
12077310,12070310,m12_07_00_00,71271,pickup,0,goods:1450:2,Soporific Grease
12077320,12070320,m12_07_00_00,71271,pickup,0,weapon:52040000:10,Burred Bolt
12077330,12070330,m12_07_00_00,71271,pickup,0,goods:20800:3,Nascent Butterfly
12077340,12070340,m12_07_00_00,71271,pickup,0,goods:190:1,Rune Arc
12077350,12070350,m12_07_00_00,71271,pickup,0,goods:2905:1,Golden Rune [6]
12077360,12070360,m12_07_00_00,71271,pickup,0,goods:10104:1,Smithing Stone [5]
12077370,12070370,m12_07_00_00,71271,pickup,0,goods:150:1,Furlcalling Finger Remedy
12077380,12070380,m12_07_00_00,71271,pickup,0,goods:1330:1,Clarifying White Cured Meat
12077390,12070390,m12_07_00_00,71271,pickup,0,goods:2905:1,Golden Rune [6]
12077400,12070400,m12_07_00_00,71271,pickup,0,goods:8963:1,Ghost-Glovewort Picker's Bell Bearing [1]
12077410,12070410,m12_07_00_00,71271,pickup,0,goods:10102:1,Smithing Stone [3]
12077420,12070420,m12_07_00_00,71271,pickup,0,goods:10163:1,Somber Smithing Stone [4]
12077430,12070430,m12_07_00_00,71271,pickup,0,goods:10104:1,Smithing Stone [5]
12077440,12070440,m12_07_00_00,71271,pickup,0,goods:248000:1,Greatshield Soldier Ashes
12077450,12070450,m12_07_00_00,71271,pickup,0,goods:2906:1,Golden Rune [7]
12077460,12070460,m12_07_00_00,71271,pickup,0,goods:2906:1,Golden Rune [7]
12077470,12070470,m12_07_00_00,71271,pickup,0,goods:190:1,Rune Arc
12077480,12070480,m12_07_00_00,71271,pickup,0,goods:8185:1,Larval Tear
12077490,12070490,m12_07_00_00,71271,pickup,0,goods:8185:1,Larval Tear
12077500,12070500,m12_07_00_00,71271,pickup,0,weapon:24050000:1,Ghostflame Torch
12077540,12070540,m12_07_00_00,71271,other,0,goods:2900:1,Golden Rune [1]
13007000,13000000,m13_00_00_00,71303,pickup,0,goods:10107:1,Smithing Stone [8]
13007005,13000005,m13_00_00_00,71300,pickup,0,goods:10168:1,Somber Ancient Dragon Smithing Stone
13007010,13000010,m13_00_00_00,71303,pickup,0,goods:2908:1,Golden Rune [9]
13007015,13000015,m13_00_00_00,71302,pickup,0,goods:1480:2,Dragonwound Grease
13007020,13000020,m13_00_00_00,71303,pickup,0,goods:15040:3,Old Fang
13007025,13000025,m13_00_00_00,71306,pickup,0,goods:10909:1,Great Grave Glovewort
13007030,13000030,m13_00_00_00,71303,pickup,0,goods:1170:1,Lightningproof Dried Liver
13007035,13000035,m13_00_00_00,71305,pickup,0,goods:10909:1,Great Grave Glovewort
13007040,13000040,m13_00_00_00,71303,pickup,0,goods:10105:1,Smithing Stone [6]
13007050,13000050,m13_00_00_00,71303,pickup,0,goods:10107:1,Smithing Stone [8]
13007060,13000060,m13_00_00_00,71304,pickup,0,goods:1480:1,Dragonwound Grease
13007070,13000070,m13_00_00_00,71305,pickup,0,goods:10107:1,Smithing Stone [8]
13007080,13000080,m13_00_00_00,71304,pickup,0,goods:10107:1,Smithing Stone [8]
13007090,13000090,m13_00_00_00,71304,pickup,0,weapon:53010000:14,Lightning Greatbolt
13007110,13000110,m13_00_00_00,71305,pickup,0,goods:2911:1,Golden Rune [12]
13007120,13000120,m13_00_00_00,71305,pickup,0,goods:8865:1,Ancient Dragon Prayerbook
13007130,13000130,m13_00_00_00,71304,pickup,0,goods:2915:1,Hero's Rune [2]
13007140,13000140,m13_00_00_00,71305,pickup,0,goods:10105:1,Smithing Stone [6]
13007150,13000150,m13_00_00_00,71305,pickup,0,goods:8958:1,Somberstone Miner's Bell Bearing [4]
13007170,13000170,m13_00_00_00,71304,pickup,0,goods:10200:1,Somber Smithing Stone [9]
13007180,13000180,m13_00_00_00,71304,pickup,0,goods:20652:4,Fulgurbloom
13007190,13000190,m13_00_00_00,71304,pickup,0,goods:10107:1,Smithing Stone [8]
13007200,13000200,m13_00_00_00,71304,pickup,0,goods:950:1,Rejuvenating Boluses
13007220,13000220,m13_00_00_00,71304,pickup,0,goods:10107:1,Smithing Stone [8]
13007240,13000240,m13_00_00_00,71303,pickup,0,goods:20855:5,Gravel Stone
13007250,13000250,m13_00_00_00,71305,pickup,0,goods:10166:1,Somber Smithing Stone [7]
13007260,13000260,m13_00_00_00,71305,pickup,0,goods:2908:1,Golden Rune [9]
13007270,13000270,m13_00_00_00,71306,pickup,0,weapon:50090000:14,Golden Arrow
13007290,13000290,m13_00_00_00,71306,pickup,0,goods:20855:3,Gravel Stone
13007300,13000300,m13_00_00_00,71306,pickup,0,goods:2909:1,Golden Rune [10]
13007310,13000310,m13_00_00_00,71306,pickup,0,goods:2911:1,Golden Rune [12]
13007320,13000320,m13_00_00_00,71306,pickup,0,goods:10105:1,Smithing Stone [6]
13007330,13000330,m13_00_00_00,71306,pickup,0,goods:2910:1,Golden Rune [11]
13007350,13000350,m13_00_00_00,71302,pickup,0,goods:8000:1,Stonesword Key
13007360,13000360,m13_00_00_00,71302,pickup,0,goods:2911:1,Golden Rune [12]
13007380,13000380,m13_00_00_00,71306,pickup,0,goods:190:1,Rune Arc
13007390,13000390,m13_00_00_00,71306,pickup,0,goods:10200:1,Somber Smithing Stone [9]
13007420,13000420,m13_00_00_00,71308,pickup,0,goods:2910:1,Golden Rune [11]
13007430,13000430,m13_00_00_00,71308,pickup,0,goods:15040:5,Old Fang
13007440,13000440,m13_00_00_00,71308,pickup,0,goods:2918:1,Hero's Rune [5]
13007450,13000450,m13_00_00_00,71308,pickup,0,goods:10106:1,Smithing Stone [7]
13007460,13000460,m13_00_00_00,71308,pickup,0,goods:1410:5,Lightning Grease
13007470,13000470,m13_00_00_00,71308,pickup,0,goods:10200:1,Somber Smithing Stone [9]
13007480,13000480,m13_00_00_00,71308,pickup,0,goods:10140:1,Ancient Dragon Smithing Stone
13007490,13000490,m13_00_00_00,71310,pickup,0,goods:2911:1,Golden Rune [12]
13007500,13000500,m13_00_00_00,71310,pickup,0,talisman:4002:1,Dragoncrest Shield Talisman +2
13007510,13000510,m13_00_00_00,71309,pickup,0,goods:1140:1,Dappled Cured Meat
13007520,13000520,m13_00_00_00,71309,pickup,0,goods:10107:1,Smithing Stone [8]
13007530,13000530,m13_00_00_00,71308,pickup,0,goods:2919:1,Lord's Rune
13007540,13000540,m13_00_00_00,71308,pickup,0,goods:20800:2,Nascent Butterfly
13007550,13000550,m13_00_00_00,71302,pickup,0,goods:2911:1,Golden Rune [12]
13007560,13000560,m13_00_00_00,71302,pickup,0,goods:10107:1,Smithing Stone [8]
13007570,13000570,m13_00_00_00,71302,pickup,0,goods:190:1,Rune Arc
13007580,13000580,m13_00_00_00,71302,pickup,0,goods:10106:1,Smithing Stone [7]
13007590,13000590,m13_00_00_00,71306,pickup,0,goods:1480:2,Dragonwound Grease
13007600,13000600,m13_00_00_00,71306,pickup,0,goods:10107:1,Smithing Stone [8]
13007620,13000620,m13_00_00_00,71306,pickup,0,goods:2911:1,Golden Rune [12]
13007640,13000640,m13_00_00_00,71305,pickup,0,goods:10106:1,Smithing Stone [7]
13007660,13000660,m13_00_00_00,71305,pickup,0,goods:10167:1,Somber Smithing Stone [8]
13007670,13000670,m13_00_00_00,71309,pickup,0,goods:10105:1,Smithing Stone [6]
13007680,13000680,m13_00_00_00,71309,pickup,0,goods:20691:3,Arteria Leaf
13007700,13000700,m13_00_00_00,71309,pickup,0,weapon:53010000:5,Lightning Greatbolt
13007710,13000710,m13_00_00_00,71310,pickup,0,goods:20652:8,Fulgurbloom
13007720,13000720,m13_00_00_00,71310,pickup,0,goods:2911:1,Golden Rune [12]
13007730,13000730,m13_00_00_00,71310,pickup,0,goods:10106:1,Smithing Stone [7]
13007740,13000740,m13_00_00_00,71309,pickup,0,goods:2911:1,Golden Rune [12]
13007760,13000760,m13_00_00_00,71309,pickup,0,talisman:4032:1,Boltdrake Talisman +2
13007770,13000770,m13_00_00_00,71310,pickup,0,goods:10166:1,Somber Smithing Stone [7]
13007790,13000790,m13_00_00_00,71310,pickup,0,goods:8959:1,Somberstone Miner's Bell Bearing [5]
13007800,13000800,m13_00_00_00,71302,pickup,0,goods:2911:1,Golden Rune [12]
13007810,13000810,m13_00_00_00,71307,pickup,0,goods:10166:1,Somber Smithing Stone [7]
13007820,13000820,m13_00_00_00,71309,pickup,0,goods:10167:1,Somber Smithing Stone [8]
13007830,13000830,m13_00_00_00,71308,pickup,0,talisman:4050:1,Pearldrake Talisman
13007850,13000850,m13_00_00_00,71304,pickup,0,goods:10106:1,Smithing Stone [7]
13007860,13000860,m13_00_00_00,71305,pickup,0,goods:20855:3,Gravel Stone
13007870,13000870,m13_00_00_00,71306,pickup,0,goods:10200:1,Somber Smithing Stone [9]
13007880,13000880,m13_00_00_00,71305,pickup,0,goods:10107:1,Smithing Stone [8]
13007890,13000890,m13_00_00_00,71307,pickup,0,goods:230000:1,Azula Beastman Ashes
13007900,13000900,m13_00_00_00,71300,pickup,0,goods:10140:1,Ancient Dragon Smithing Stone
13007910,13000910,m13_00_00_00,71304,pickup,0,goods:8962:1,Glovewort Picker's Bell Bearing [3]
13007920,13000920,m13_00_00_00,71309,pickup,0,armor:60000:1|armor:60100:1|armor:60200:1|armor:60300:1,Drake Knight Helm|Drake Knight Armor|Drake Knight Gauntlets|Drake Knight Greaves
13007940,13000940,m13_00_00_00,71309,pickup,0,weapon:32000000:1,Dragon Towershield
13007950,13000950,m13_00_00_00,71309,pickup,0,talisman:3060:1,Old Lord's Talisman
13007980,13000980,m13_00_00_00,71310,pickup,0,goods:10010:1,Golden Seed
13007990,13000990,m13_00_00_00,71302,pickup,0,goods:10010:1,Golden Seed
13007991,13002091,m13_00_00_00,71304,reward,0,goods:10140:1,Ancient Dragon Smithing Stone
13007993,13002093,m13_00_00_00,71310,reward,0,goods:10140:1,Ancient Dragon Smithing Stone
13007995,13002095,m13_00_00_00,71307,reward,0,armor:260000:1|armor:260100:1|armor:260200:1|armor:260300:1,Malformed Dragon Helm|Malformed Dragon Armor|Malformed Dragon Gauntlets|Malformed Dragon Greaves
14007000,14000000,m14_00_00_00,71402,pickup,0,goods:1420:1,Magic Grease
14007005,14000005,m14_00_00_00,71402,reward,0,armor:830000:1,Twinsage Glintstone Crown
14007015,14000015,m14_00_00_00,71403,pickup,0,armor:831000:1,Olivinus Glintstone Crown
14007020,14000020,m14_00_00_00,71402,pickup,0,goods:190:1,Rune Arc
14007025,14000025,m14_00_00_00,71402,reward,0,armor:832000:1,Lazuli Glintstone Crown
14007030,14000030,m14_00_00_00,71402,pickup,0,goods:2901:1,Golden Rune [2]
14007035,14000035,m14_00_00_00,71403,reward,0,armor:833000:1,Karolos Glintstone Crown
14007040,14000040,m14_00_00_00,71402,pickup,0,goods:10162:1,Somber Smithing Stone [3]
14007070,14000070,m14_00_00_00,71402,pickup,0,goods:2050:3,Grace Mimic
14007090,14000090,m14_00_00_00,71402,pickup,0,goods:10103:1,Smithing Stone [4]
14007120,14000120,m14_00_00_00,71402,pickup,0,goods:1150:1,Spellproof Dried Liver
14007150,14000150,m14_00_00_00,71402,pickup,0,goods:225000:1,Marionette Soldier Ashes
14007160,14000160,m14_00_00_00,71402,pickup,0,goods:1190:1,Silver-Pickled Fowl Foot
14007190,14000190,m14_00_00_00,71403,pickup,0,goods:1420:2,Magic Grease
14007200,14000200,m14_00_00_00,71402,pickup,0,goods:2903:1,Golden Rune [4]
14007220,14000220,m14_00_00_00,71403,pickup,0,goods:20760:5,Mushroom
14007250,14000250,m14_00_00_00,71403,pickup,0,goods:2903:1,Golden Rune [4]
14007280,14000280,m14_00_00_00,71402,pickup,0,goods:2902:1,Golden Rune [3]
14007290,14000290,m14_00_00_00,71402,pickup,0,goods:226000:1,Avionette Soldier Ashes
14007300,14000300,m14_00_00_00,71402,pickup,0,goods:10104:1,Smithing Stone [5]
14007320,14000320,m14_00_00_00,71403,pickup,0,talisman:6040:1,Longtail Cat Talisman
14007330,14000330,m14_00_00_00,71403,pickup,0,goods:1740:5,Crystal Dart
14007350,14000350,m14_00_00_00,71403,pickup,0,goods:2903:1,Golden Rune [4]
14007360,14000360,m14_00_00_00,71401,pickup,0,goods:8850:1,Conspectus Scroll
14007370,14000370,m14_00_00_00,71401,pickup,0,goods:10103:1,Smithing Stone [4]
14007380,14000380,m14_00_00_00,71403,pickup,0,goods:8000:1,Stonesword Key
14007390,14000390,m14_00_00_00,71403,pickup,0,goods:150:1,Furlcalling Finger Remedy
14007410,14000410,m14_00_00_00,71401,pickup,0,goods:15410:3,Living Jar Shard
14007420,14000420,m14_00_00_00,71403,pickup,0,goods:8000:1,Stonesword Key
14007430,14000430,m14_00_00_00,71403,pickup,0,goods:20812:5,Glintstone Firefly
14007440,14000440,m14_00_00_00,71400,pickup,0,goods:2901:1,Golden Rune [2]
14007450,14000450,m14_00_00_00,71400,pickup,0,goods:2903:1,Golden Rune [4]
14007460,14000460,m14_00_00_00,71401,pickup,0,goods:20750:5,Crystal Bud
14007470,14000470,m14_00_00_00,71403,pickup,0,goods:2903:1,Golden Rune [4]
14007480,14000480,m14_00_00_00,71403,pickup,0,goods:10104:1,Smithing Stone [5]
14007490,14000490,m14_00_00_00,71403,pickup,0,goods:2901:1,Golden Rune [2]
14007510,14000510,m14_00_00_00,71403,pickup,0,goods:2902:1,Golden Rune [3]
14007520,14000520,m14_00_00_00,71403,pickup,0,goods:1740:8,Crystal Dart
14007530,14000530,m14_00_00_00,71403,pickup,0,goods:2903:1,Golden Rune [4]
14007540,14000540,m14_00_00_00,71403,pickup,0,goods:150:1,Furlcalling Finger Remedy
14007560,14000560,m14_00_00_00,71400,pickup,0,goods:2906:1,Golden Rune [7]
14007600,14000600,m14_00_00_00,71403,pickup,0,goods:2903:1,Golden Rune [4]
14007620,14000620,m14_00_00_00,71403,pickup,0,goods:1740:5,Crystal Dart
14007630,14000630,m14_00_00_00,71402,pickup,0,goods:8186:1,Imbued Sword Key
14007660,14000660,m14_00_00_00,71402,pickup,0,weapon:52050000:5,Meteor Bolt
14007670,14000670,m14_00_00_00,71402,pickup,0,goods:10103:1,Smithing Stone [4]
14007710,14000710,m14_00_00_00,71402,pickup,0,goods:2903:1,Golden Rune [4]
14007720,14000720,m14_00_00_00,71402,pickup,0,goods:10102:2,Smithing Stone [3]
14007740,14000740,m14_00_00_00,71402,pickup,0,goods:1420:2,Magic Grease
14007750,14000750,m14_00_00_00,71402,pickup,0,goods:2902:1,Golden Rune [3]
14007760,14000760,m14_00_00_00,71402,pickup,0,goods:10163:1,Somber Smithing Stone [4]
14007770,14000770,m14_00_00_00,71402,pickup,0,goods:4500:1,Shattering Crystal
14007840,14000840,m14_00_00_00,71402,pickup,0,weapon:33230000:1,Azur's Glintstone Staff
14007850,14000850,m14_00_00_00,71402,pickup,0,armor:980000:1|armor:980100:1|armor:980200:1|armor:980300:1,Carian Knight Helm|Carian Knight Armor|Carian Knight Gauntlets|Carian Knight Greaves
14007860,14000860,m14_00_00_00,71403,pickup,0,goods:10162:1,Somber Smithing Stone [3]
14007870,14000870,m14_00_00_00,71402,pickup,0,goods:10070:1,Lost Ashes of War
14007880,14000880,m14_00_00_00,71403,pickup,0,goods:4021:1,Comet
14007890,14000890,m14_00_00_00,71401,pickup,0,talisman:3000:1,Graven-School Talisman
14007910,14000910,m14_00_00_00,71400,pickup,0,armor:1902000:1,Glintstone Scarab
14007920,14000920,m14_00_00_00,71400,pickup,0,goods:4130:1,Terra Magica
14007930,14000930,m14_00_00_00,71402,pickup,0,goods:8174:1,Academy Glintstone Key
14007940,14000940,m14_00_00_00,71401,pickup,0,talisman:3070:1,Radagon Icon
14007970,14000970,m14_00_00_00,71402,pickup,0,weapon:43060000:1,Full Moon Crossbow
14007980,14000980,m14_00_00_00,71400,reward,0,weapon:31190000:1,Carian Knight's Shield
14007990,14000990,m14_00_00_00,71403,pickup,0,goods:10010:1,Golden Seed
14007995,360000010,m14_00_00_00,71403,enemy,0,goods:4720:1,Gravity Well
14007997,449024001,m14_00_00_00,71403,enemy,0,goods:15410:1|goods:1235:1,Living Jar Shard|Raw Meat Dumpling
15001200,15001200,m15_00_00_00,71501,reward,0,goods:10010:1,Golden Seed
15001270,15001270,m15_00_00_00,71502,reward,0,goods:2919:1,Lord's Rune
15001280,15001280,m15_00_00_00,71503,reward,0,weapon:23140000:1,Rotten Staff
15001300,402056001,m15_00_00_00,71503,enemy,0,goods:10918:1,Ghost Glovewort [9]
15001310,402056011,m15_00_00_00,71503,enemy,0,goods:10918:1,Ghost Glovewort [9]
15001320,402056021,m15_00_00_00,71503,enemy,0,goods:10918:1,Ghost Glovewort [9]
15001330,402056031,m15_00_00_00,71502,enemy,0,goods:10918:1,Ghost Glovewort [9]
15001340,402056041,m15_00_00_00,71502,enemy,0,goods:10918:1,Ghost Glovewort [9]
15007000,15000000,m15_00_00_00,71506,pickup,0,goods:8000:1,Stonesword Key
15007010,15000010,m15_00_00_00,71506,pickup,0,goods:20753:3,Sacramental Bud
15007020,15000020,m15_00_00_00,71506,pickup,0,goods:2909:1,Golden Rune [10]
15007030,15000030,m15_00_00_00,71506,pickup,0,goods:8000:1,Stonesword Key
15007040,15000040,m15_00_00_00,71506,pickup,0,goods:1400:3,Fire Grease
15007050,15000050,m15_00_00_00,71506,pickup,0,goods:20801:2,Aeonian Butterfly
15007060,15000060,m15_00_00_00,71506,pickup,0,goods:940:1,Preserving Boluses
15007070,15000070,m15_00_00_00,71506,pickup,0,goods:2909:1,Golden Rune [10]
15007080,15000080,m15_00_00_00,71506,pickup,0,armor:820000:1,Envoy Crown
15007090,15000090,m15_00_00_00,71506,pickup,0,goods:1140:1,Dappled Cured Meat
15007100,15000100,m15_00_00_00,71506,pickup,0,goods:10107:1,Smithing Stone [8]
15007110,15000110,m15_00_00_00,71506,pickup,0,goods:2205:1,"Prattling Pate ""My beloved"""
15007120,15000120,m15_00_00_00,71507,pickup,0,goods:3310:4,Warming Stone
15007130,15000130,m15_00_00_00,71507,pickup,0,weapon:52190000:10,Flaming Bolt
15007140,15000140,m15_00_00_00,71507,pickup,0,goods:2913:1,Numen's Rune
15007150,15000150,m15_00_00_00,71507,pickup,0,goods:2912:1,Golden Rune [13]
15007160,15000160,m15_00_00_00,71507,pickup,0,goods:10070:1,Lost Ashes of War
15007170,15000170,m15_00_00_00,71507,pickup,0,goods:214000:1,Oracle Envoy Ashes
15007180,15000180,m15_00_00_00,71507,pickup,0,goods:2900:1,Golden Rune [1]
15007190,15000190,m15_00_00_00,71507,pickup,0,goods:2900:1,Golden Rune [1]
15007200,15000200,m15_00_00_00,71507,pickup,0,goods:2909:1,Golden Rune [10]
15007210,15000210,m15_00_00_00,71508,pickup,0,goods:1490:2,Rot Grease
15007220,15000220,m15_00_00_00,71507,pickup,0,talisman:4052:1,Pearldrake Talisman +2
15007230,15000230,m15_00_00_00,71508,pickup,0,goods:10107:1,Smithing Stone [8]
15007240,15000240,m15_00_00_00,71508,pickup,0,goods:2912:1,Golden Rune [13]
15007250,15000250,m15_00_00_00,71508,pickup,0,goods:15341:6,Hefty Beast Bone
15007260,15000260,m15_00_00_00,71508,pickup,0,goods:1400:5,Fire Grease
15007270,15000270,m15_00_00_00,71508,pickup,0,goods:10140:1,Ancient Dragon Smithing Stone
15007280,15000280,m15_00_00_00,71508,pickup,0,goods:10167:1,Somber Smithing Stone [8]
15007290,15000290,m15_00_00_00,71508,pickup,0,goods:2911:1,Golden Rune [12]
15007300,15000300,m15_00_00_00,71508,pickup,0,goods:20801:4,Aeonian Butterfly
15007310,15000310,m15_00_00_00,71508,pickup,0,goods:10105:1,Smithing Stone [6]
15007320,15000320,m15_00_00_00,71508,pickup,0,goods:10200:1,Somber Smithing Stone [9]
15007330,15000330,m15_00_00_00,71508,pickup,0,goods:2909:1,Golden Rune [10]
15007340,15000340,m15_00_00_00,71508,pickup,0,goods:2911:1,Golden Rune [12]
15007350,15000350,m15_00_00_00,71508,pickup,0,talisman:1022:1,Viridian Amber Medallion +2
15007360,15000360,m15_00_00_00,71507,pickup,0,goods:10105:1,Smithing Stone [6]
15007370,15000370,m15_00_00_00,71507,pickup,0,goods:20753:1,Sacramental Bud
15007380,15000380,m15_00_00_00,71507,pickup,0,goods:10106:1,Smithing Stone [7]
15007390,15000390,m15_00_00_00,71507,pickup,0,goods:2917:1,Hero's Rune [4]
15007400,15000400,m15_00_00_00,71507,pickup,0,goods:10107:1,Smithing Stone [8]
15007410,15000410,m15_00_00_00,71507,pickup,0,goods:2900:1,Golden Rune [1]
15007420,15000420,m15_00_00_00,71507,pickup,0,goods:2900:1,Golden Rune [1]
15007430,15000430,m15_00_00_00,71507,pickup,0,goods:2900:1,Golden Rune [1]
15007440,15000440,m15_00_00_00,71507,pickup,0,goods:2900:1,Golden Rune [1]
15007450,15000450,m15_00_00_00,71505,pickup,0,goods:10200:1,Somber Smithing Stone [9]
15007460,15000460,m15_00_00_00,71505,pickup,0,goods:10140:1,Ancient Dragon Smithing Stone
15007470,15000470,m15_00_00_00,71505,pickup,0,goods:2900:1,Golden Rune [1]
15007480,15000480,m15_00_00_00,71505,pickup,0,goods:2900:1,Golden Rune [1]
15007490,15000490,m15_00_00_00,71503,pickup,0,goods:2900:1,Golden Rune [1]
15007500,15000500,m15_00_00_00,71501,pickup,0,goods:1430:3,Holy Grease
15007510,15000510,m15_00_00_00,71501,pickup,0,goods:2911:1,Golden Rune [12]
15007520,15000520,m15_00_00_00,71501,pickup,0,goods:10107:1,Smithing Stone [8]
15007530,15000530,m15_00_00_00,71501,pickup,0,weapon:2200000:1,Miquellan Knight's Sword
15007540,15000540,m15_00_00_00,71503,pickup,0,weapon:53010000:5,Lightning Greatbolt
15007550,15000550,m15_00_00_00,71503,pickup,0,goods:10106:1,Smithing Stone [7]
15007560,15000560,m15_00_00_00,71501,pickup,0,goods:6701:1,Triple Rings of Light
15007570,15000570,m15_00_00_00,71503,pickup,0,goods:1310:1,Immunizing White Cured Meat
15007580,15000580,m15_00_00_00,71503,pickup,0,goods:223000:1,Cleanrot Knight Finlay
15007590,15000590,m15_00_00_00,71502,pickup,0,goods:10168:1,Somber Ancient Dragon Smithing Stone
15007600,15000600,m15_00_00_00,71503,pickup,0,goods:2913:1,Numen's Rune
15007610,15000610,m15_00_00_00,71501,pickup,0,goods:10168:1,Somber Ancient Dragon Smithing Stone
15007620,15000620,m15_00_00_00,71503,pickup,0,goods:10200:1,Somber Smithing Stone [9]
15007630,15000630,m15_00_00_00,71503,pickup,0,goods:2909:1,Golden Rune [10]
15007640,15000640,m15_00_00_00,71503,pickup,0,goods:10106:1,Smithing Stone [7]
15007650,15000650,m15_00_00_00,71502,pickup,0,goods:15040:5,Old Fang
15007660,15000660,m15_00_00_00,71502,pickup,0,goods:3310:2,Warming Stone
15007670,15000670,m15_00_00_00,71502,pickup,0,weapon:50240000:15,Spiritflame Arrow
15007680,15000680,m15_00_00_00,71502,pickup,0,goods:10107:1,Smithing Stone [8]
15007690,15000690,m15_00_00_00,71502,pickup,0,goods:255000:1,Haligtree Soldier Ashes
15007700,15000700,m15_00_00_00,71502,pickup,0,goods:2910:1,Golden Rune [11]
15007710,15000710,m15_00_00_00,71502,pickup,0,goods:20691:1,Arteria Leaf
15007720,15000720,m15_00_00_00,71502,pickup,0,goods:20753:1,Sacramental Bud
15007730,15000730,m15_00_00_00,71502,pickup,0,goods:10107:1,Smithing Stone [8]
15007740,15000740,m15_00_00_00,71503,pickup,0,goods:2919:1,Lord's Rune
15007750,15000750,m15_00_00_00,71503,pickup,0,goods:8193:1,Seedbed Curse
15007760,15000760,m15_00_00_00,71503,pickup,0,goods:10200:1,Somber Smithing Stone [9]
15007770,15000770,m15_00_00_00,71503,pickup,0,goods:1100:1,Pickled Turtle Neck
15007780,15000780,m15_00_00_00,71503,pickup,0,goods:15030:3,Beast Blood
15007790,15000790,m15_00_00_00,71503,pickup,0,goods:20801:4,Aeonian Butterfly
15007800,15000800,m15_00_00_00,71501,pickup,0,talisman:1221:1,Marika's Soreseal
15007810,15000810,m15_00_00_00,71503,pickup,0,goods:2911:1,Golden Rune [12]
15007820,15000820,m15_00_00_00,71502,pickup,0,armor:1820000:1,Haligtree Knight Helm
15007830,15000830,m15_00_00_00,71502,pickup,0,goods:10105:1,Smithing Stone [6]
15007840,15000840,m15_00_00_00,71502,pickup,0,goods:8193:1,Seedbed Curse
15007850,15000850,m15_00_00_00,71502,pickup,0,goods:2900:1,Golden Rune [1]
15007860,15000860,m15_00_00_00,71502,pickup,0,weapon:2260000:1,Rotten Crystal Sword
15007870,15000870,m15_00_00_00,71502,pickup,0,goods:2918:1,Hero's Rune [5]
15007880,15000880,m15_00_00_00,71502,pickup,0,goods:1490:1,Rot Grease
15007890,15000890,m15_00_00_00,71501,pickup,0,goods:10909:1,Great Grave Glovewort
15007900,15000900,m15_00_00_00,71503,pickup,0,goods:2909:1,Golden Rune [10]
15007910,15000910,m15_00_00_00,71504,pickup,0,goods:8965:1,Ghost-Glovewort Picker's Bell Bearing [3]
15007920,15000920,m15_00_00_00,71504,pickup,0,goods:20800:1,Nascent Butterfly
15007930,15000930,m15_00_00_00,71504,pickup,0,talisman:4003:1,Dragoncrest Greatshield Talisman
15007940,15000940,m15_00_00_00,71504,pickup,0,goods:20801:1,Aeonian Butterfly
15007950,15000950,m15_00_00_00,71503,pickup,0,goods:20691:3,Arteria Leaf
15007960,15000960,m15_00_00_00,71503,pickup,0,goods:2918:1,Hero's Rune [5]
15007970,15000970,m15_00_00_00,71504,pickup,0,goods:2913:1,Numen's Rune
15007980,15000980,m15_00_00_00,71504,pickup,0,armor:1020100:1|armor:1020200:1|armor:1020300:1,Traveler's Clothes|Traveler's Manchettes|Traveler's Boots
15007990,15000990,m15_00_00_00,71500,pickup,0,goods:2190:1,Miquella's Needle
16007000,16000000,m16_00_00_00,71602,pickup,0,goods:10105:1,Smithing Stone [6]
16007010,16000010,m16_00_00_00,71602,pickup,0,goods:216000:1,Depraved Perfumer Carmaan
16007020,16000020,m16_00_00_00,71602,pickup,0,gem:60100:1,Ash of War: Royal Knight's Resolve
16007030,16000030,m16_00_00_00,71602,pickup,0,goods:15050:3,Budding Horn
16007040,16000040,m16_00_00_00,71603,pickup,0,goods:1160:1,Fireproof Dried Liver
16007050,16000050,m16_00_00_00,71603,pickup,0,goods:2908:1,Golden Rune [9]
16007060,16000060,m16_00_00_00,71603,pickup,0,goods:2904:1,Golden Rune [5]
16007070,16000070,m16_00_00_00,71604,pickup,0,goods:8000:1,Stonesword Key
16007080,16000080,m16_00_00_00,71603,pickup,0,goods:150:1,Furlcalling Finger Remedy
16007100,16000100,m16_00_00_00,71603,pickup,0,goods:10166:1,Somber Smithing Stone [7]
16007120,16000120,m16_00_00_00,71603,pickup,0,goods:10105:1,Smithing Stone [6]
16007130,16000130,m16_00_00_00,71603,pickup,0,weapon:34070000:1,Erdtree Seal
16007140,16000140,m16_00_00_00,71603,pickup,0,goods:1500:3,Drawstring Fire Grease
16007150,16000150,m16_00_00_00,71603,pickup,0,goods:2905:1,Golden Rune [6]
16007160,16000160,m16_00_00_00,71603,pickup,0,weapon:50010000:10,Fire Arrow
16007170,16000170,m16_00_00_00,71604,pickup,0,goods:2908:1,Golden Rune [9]
16007190,16000190,m16_00_00_00,71604,pickup,0,weapon:53020000:5,Explosive Greatbolt
16007200,16000200,m16_00_00_00,71604,pickup,0,goods:2908:1,Golden Rune [9]
16007210,16000210,m16_00_00_00,71604,pickup,0,goods:10165:1,Somber Smithing Stone [6]
16007220,16000220,m16_00_00_00,71604,pickup,0,goods:1160:2,Fireproof Dried Liver
16007230,16000230,m16_00_00_00,71604,pickup,0,goods:15420:1,Albinauric Bloodclot
16007240,16000240,m16_00_00_00,71604,pickup,0,goods:10103:1,Smithing Stone [4]
16007250,16000250,m16_00_00_00,71604,pickup,0,goods:10105:2,Smithing Stone [6]
16007270,16000270,m16_00_00_00,71601,pickup,0,goods:20802:6,Smoldering Butterfly
16007280,16000280,m16_00_00_00,71601,pickup,0,goods:10106:1,Smithing Stone [7]
16007290,16000290,m16_00_00_00,71601,pickup,0,goods:10164:1,Somber Smithing Stone [5]
16007310,16000310,m16_00_00_00,71601,pickup,0,goods:20802:5,Smoldering Butterfly
16007320,16000320,m16_00_00_00,71601,pickup,0,goods:2908:1,Golden Rune [9]
16007330,16000330,m16_00_00_00,71604,pickup,0,goods:2909:1,Golden Rune [10]
16007350,16000350,m16_00_00_00,71603,pickup,0,goods:10105:2,Smithing Stone [6]
16007360,16000360,m16_00_00_00,71603,pickup,0,goods:2908:1,Golden Rune [9]
16007380,16000380,m16_00_00_00,71603,pickup,0,goods:10104:1,Smithing Stone [5]
16007390,16000390,m16_00_00_00,71601,pickup,0,goods:20802:4,Smoldering Butterfly
16007400,16000400,m16_00_00_00,71601,pickup,0,goods:2911:1,Golden Rune [12]
16007410,16000410,m16_00_00_00,71601,pickup,0,goods:150:1,Furlcalling Finger Remedy
16007420,16000420,m16_00_00_00,71604,pickup,0,goods:15030:2,Beast Blood
16007430,16000430,m16_00_00_00,71604,pickup,0,weapon:33190000:1|armor:1060000:1,Albinauric Staff|Albinauric Mask
16007440,16000440,m16_00_00_00,71601,pickup,0,goods:1500:4,Drawstring Fire Grease
16007480,16000480,m16_00_00_00,71601,pickup,0,armor:1910000:1,Crimson Tear Scarab
16007490,16000490,m16_00_00_00,71601,pickup,0,goods:8000:1,Stonesword Key
16007500,16000500,m16_00_00_00,71603,pickup,0,goods:190:1,Rune Arc
16007510,16000510,m16_00_00_00,71602,pickup,0,armor:810000:1,Commoner's Headband
16007520,16000520,m16_00_00_00,71602,pickup,0,goods:229000:1,Man-Serpent Ashes
16007530,16000530,m16_00_00_00,71602,pickup,0,goods:10165:1,Somber Smithing Stone [6]
16007540,16000540,m16_00_00_00,71604,pickup,0,talisman:1001:1,Crimson Amber Medallion +1
16007550,16000550,m16_00_00_00,71607,pickup,0,goods:10105:1,Smithing Stone [6]
16007560,16000560,m16_00_00_00,71607,pickup,0,goods:10103:1,Smithing Stone [4]
16007610,16000610,m16_00_00_00,71603,pickup,0,weapon:30150000:1,Smoldering Shield
16007620,16000620,m16_00_00_00,71603,pickup,0,talisman:2090:1,Dagger Talisman
16007690,16000690,m16_00_00_00,71605,reward,0,weapon:17030000:1,Serpent-Hunter
16007700,16000700,m16_00_00_00,71603,pickup,0,goods:8193:1,Seedbed Curse
16007710,16000710,m16_00_00_00,71601,pickup,0,goods:8129:1,Serpent's Amnion
16007730,16000730,m16_00_00_00,71600,pickup,0,armor:1101100:1,Eye Surcoat
16007930,449038001,m16_00_00_00,71603,enemy,0,goods:15410:1|goods:1235:1,Living Jar Shard|Raw Meat Dumpling
16007940,16000940,m16_00_00_00,71602,reward,0,weapon:23100000:1,Ghiza's Wheel
16007950,16000950,m16_00_00_00,71600,reward,0,goods:7520:1,Aspects of the Crucible: Breath
16007960,482000600,m16_00_00_00,71603,enemy,0,weapon:15020000:1,Great Omenkiller Cleaver
16007970,482000700,m16_00_00_00,71604,enemy,0,weapon:15020000:1,Great Omenkiller Cleaver
16007980,429000700,m16_00_00_00,71603,enemy,0,weapon:22020000:1,Bloodhound Claws
16007999,16002000,m16_00_00_00,71601,reward,0,goods:10060:1,Dragon Heart
18007000,18000000,m18_00_00_00,71800,pickup,0,goods:1720:5,Poisonbone Dart
18007010,18000010,m18_00_00_00,71800,pickup,0,goods:8000:1,Stonesword Key
18007020,18000020,m18_00_00_00,71800,pickup,0,goods:2904:1,Golden Rune [5]
18007030,18000030,m18_00_00_00,71800,pickup,0,goods:1480:1,Dragonwound Grease
18007040,18000040,m18_00_00_00,71800,pickup,0,goods:1410:2,Lightning Grease
18007050,18000050,m18_00_00_00,71800,pickup,0,talisman:1040:1,Erdtree's Favor
18007060,18000060,m18_00_00_00,71800,pickup,0,goods:10900:1,Grave Glovewort [1]
18007070,18000070,m18_00_00_00,71800,pickup,0,talisman:4040:1,Haligdrake Talisman
18007700,301000010,m18_00_00_00,71800,enemy,0,weapon:34080000:1,Dragon Communion Seal
18007900,18000900,m18_00_00_00,71800,reward,0,weapon:42030000:1|weapon:51000000:10,Erdtree Greatbow|Great Arrow
20007000,20000000,m20_00_00_00,72001,pickup,1,goods:2002952:1,Shadow Realm Rune [1]
20007010,20000010,m20_00_00_00,72002,pickup,1,goods:1160:1,Fireproof Dried Liver
20007020,20000020,m20_00_00_00,72001,pickup,1,goods:2020006:5,Black Pyrefly
20007030,20000030,m20_00_00_00,72001,pickup,1,goods:900:1,Neutralizing Boluses
20007040,20000040,m20_00_00_00,72001,pickup,1,goods:2020004:3,Knot Resin
20007050,20000050,m20_00_00_00,72001,pickup,1,goods:930:1,Stimulating Boluses
20007060,20000060,m20_00_00_00,72001,pickup,1,goods:10164:1,Somber Smithing Stone [5]
20007070,20000070,m20_00_00_00,72002,pickup,1,goods:2001400:1,Messmerfire Grease
20007080,20000080,m20_00_00_00,72002,pickup,1,goods:2020006:3,Black Pyrefly
20007090,20000090,m20_00_00_00,72002,pickup,1,goods:2001220:1,Silver Horn Tender
20007100,20000100,m20_00_00_00,72002,pickup,1,goods:2001220:1,Silver Horn Tender
20007110,20000110,m20_00_00_00,72002,pickup,1,goods:2001220:2|goods:2001230:2|goods:10166:1,Silver Horn Tender|Golden Horn Tender|Somber Smithing Stone [7]
20007120,20000120,m20_00_00_00,72002,pickup,1,goods:2020001:1,Rada Fruit
20007130,20000130,m20_00_00_00,72002,pickup,1,goods:2020001:1,Rada Fruit
20007140,20000140,m20_00_00_00,72002,pickup,1,goods:2020001:1,Rada Fruit
20007150,20000150,m20_00_00_00,72002,pickup,1,goods:2020001:1,Rada Fruit
20007160,20000160,m20_00_00_00,72002,pickup,1,goods:2020001:1,Rada Fruit
20007170,20000170,m20_00_00_00,72002,pickup,1,goods:2010100:2,Revered Spirit Ash
20007180,20000180,m20_00_00_00,72002,pickup,1,goods:2020001:1,Rada Fruit
20007190,20000190,m20_00_00_00,72002,pickup,1,goods:2020001:1,Rada Fruit
20007200,20000200,m20_00_00_00,72001,pickup,1,goods:2001400:1,Messmerfire Grease
20007210,20000210,m20_00_00_00,72001,pickup,1,goods:10105:4,Smithing Stone [6]
20007220,20000220,m20_00_00_00,72001,pickup,1,goods:15340:8,Thin Beast Bones
20007230,20000230,m20_00_00_00,72001,pickup,1,goods:15000:2,Sliver of Meat
20007240,20000240,m20_00_00_00,72001,pickup,1,goods:2002951:1,Broken Rune
20007250,20000250,m20_00_00_00,72001,pickup,1,goods:10104:2,Smithing Stone [5]
20007260,20000260,m20_00_00_00,72002,pickup,1,goods:1720:8,Poisonbone Dart
20007270,20000270,m20_00_00_00,72001,pickup,1,goods:900:1,Neutralizing Boluses
20007280,20000280,m20_00_00_00,72001,pickup,1,weapon:50020000:8,Serpent Arrow
20007290,20000290,m20_00_00_00,72001,pickup,1,goods:15010:3,Beast Liver
20007300,20000300,m20_00_00_00,72001,pickup,1,weapon:21520000:1,Poisoned Hand
20007310,20000310,m20_00_00_00,72001,pickup,1,goods:2020004:5,Knot Resin
20007320,20000320,m20_00_00_00,72001,pickup,1,goods:2020003:4,Whiteflesh Mushroom
20007330,20000330,m20_00_00_00,72001,pickup,1,weapon:10500000:1,Euporia
20007340,20000340,m20_00_00_00,72001,pickup,1,goods:2020001:1,Rada Fruit
20007350,20000350,m20_00_00_00,72001,pickup,1,goods:2020001:1,Rada Fruit
20007360,20000360,m20_00_00_00,72001,pickup,1,goods:2020001:1,Rada Fruit
20007370,20000370,m20_00_00_00,72001,pickup,1,goods:2020001:1,Rada Fruit
20007380,20000380,m20_00_00_00,72002,pickup,1,goods:2020001:1,Rada Fruit
20007390,20000390,m20_00_00_00,72001,pickup,1,goods:2020001:1,Rada Fruit
20007400,20000400,m20_00_00_00,72002,pickup,1,goods:2020006:3,Black Pyrefly
20007410,20000410,m20_00_00_00,72002,pickup,1,gem:419000:1,Ash of War: Shriek of Sorrow
20007420,20000420,m20_00_00_00,72002,pickup,1,goods:2020005:3,Dewgem
20007430,20000430,m20_00_00_00,72002,pickup,1,weapon:50000000:10,Arrow
20007440,20000440,m20_00_00_00,72002,pickup,1,goods:2020006:2,Black Pyrefly
20007450,20000450,m20_00_00_00,72002,pickup,1,goods:15340:4,Thin Beast Bones
20007460,20000460,m20_00_00_00,72001,pickup,1,goods:2020002:5,Redflesh Mushroom
20007470,20000470,m20_00_00_00,72001,pickup,1,goods:15400:4,String
20007480,20000480,m20_00_00_00,72001,pickup,1,goods:2008013:1,Storeroom Key
20007490,20000490,m20_00_00_00,72001,pickup,1,goods:1700:3,Throwing Dagger
20007500,20000500,m20_00_00_00,72001,pickup,1,goods:2020003:6,Whiteflesh Mushroom
20007510,20000510,m20_00_00_00,72002,pickup,1,goods:2008004:1,Well Depths Key
20007520,20000520,m20_00_00_00,72001,pickup,1,goods:15060:4,Flight Pinion
20007530,20000530,m20_00_00_00,72002,pickup,1,goods:10105:2,Smithing Stone [6]
20007540,20000540,m20_00_00_00,72002,pickup,1,goods:2020001:1,Rada Fruit
20007550,20000550,m20_00_00_00,72002,pickup,1,goods:2020001:1,Rada Fruit
20007560,20000560,m20_00_00_00,72002,pickup,1,goods:2020001:1,Rada Fruit
20007570,20000570,m20_00_00_00,72002,pickup,1,goods:2020001:1,Rada Fruit
20007580,20000580,m20_00_00_00,72002,pickup,1,goods:2020001:1,Rada Fruit
20007590,20000590,m20_00_00_00,72002,pickup,1,goods:2020001:1,Rada Fruit
20007600,20000600,m20_00_00_00,72003,pickup,1,weapon:40500000:1,Bone Bow
20007610,20000610,m20_00_00_00,72003,pickup,1,goods:15340:5,Thin Beast Bones
20007620,20000620,m20_00_00_00,72003,pickup,1,goods:2010000:1,Scadutree Fragment
20007630,20000630,m20_00_00_00,72003,pickup,1,talisman:8100:1,Dried Bouquet
20007640,20000640,m20_00_00_00,72001,pickup,1,goods:10000:1,Glass Shard
20007650,20000650,m20_00_00_00,72003,pickup,1,goods:910:1,Stanching Boluses
20007660,20000660,m20_00_00_00,72003,pickup,1,goods:2020002:8,Redflesh Mushroom
20007670,20000670,m20_00_00_00,72001,pickup,1,goods:2015040:4,Fly Mold
20007680,20000680,m20_00_00_00,72003,pickup,1,goods:2002951:1,Broken Rune
20007690,20000690,m20_00_00_00,72003,pickup,1,goods:2020006:4,Black Pyrefly
20007700,20000700,m20_00_00_00,72003,pickup,1,goods:2010100:1,Revered Spirit Ash
20007710,20000710,m20_00_00_00,72003,pickup,1,goods:10164:1,Somber Smithing Stone [5]
20007730,20000730,m20_00_00_00,72002,pickup,1,goods:2020006:3,Black Pyrefly
20007740,20000740,m20_00_00_00,72003,pickup,1,goods:2020001:1,Rada Fruit
20007750,20000750,m20_00_00_00,72003,pickup,1,goods:2020001:1,Rada Fruit
20007760,20000760,m20_00_00_00,72003,pickup,1,goods:2020001:1,Rada Fruit
20007770,20000770,m20_00_00_00,72003,pickup,1,goods:2020001:1,Rada Fruit
20007780,20000780,m20_00_00_00,72003,pickup,1,goods:2020001:1,Rada Fruit
20007790,20000790,m20_00_00_00,72003,pickup,1,goods:2020001:1,Rada Fruit
20007800,20000800,m20_00_00_00,72000,pickup,1,goods:2010100:1,Revered Spirit Ash
20007810,20000810,m20_00_00_00,72000,pickup,1,armor:5290000:1,Divine Beast Head
20007820,20000820,m20_00_00_00,72003,pickup,1,goods:2010000:1,Scadutree Fragment
20007830,20000830,m20_00_00_00,72000,pickup,1,goods:2008037:1,Tower of Shadow Message
20007900,524088702,m20_00_00_00,72002,enemy,1,goods:2010100:1|goods:2001230:1,Revered Spirit Ash|Golden Horn Tender
20007991,20001991,m20_00_00_00,72002,reward,1,talisman:7050:1,Immunizing Horn Charm +2
20007993,20001993,m20_00_00_00,72001,reward,1,weapon:7530000:1,Horned Warrior's Sword
20017000,20010000,m20_01_00_00,72012,pickup,1,goods:10200:1,Somber Smithing Stone [9]
20017010,20010010,m20_01_00_00,72012,pickup,1,goods:2020001:1,Rada Fruit
20017020,20010020,m20_01_00_00,72013,pickup,1,goods:2020001:1,Rada Fruit
20017030,20010030,m20_01_00_00,72013,pickup,1,goods:2001400:1,Messmerfire Grease
20017040,20010040,m20_01_00_00,72013,pickup,1,goods:10167:1,Somber Smithing Stone [8]
20017050,20010050,m20_01_00_00,72013,pickup,1,goods:2020001:1,Rada Fruit
20017060,20010060,m20_01_00_00,72013,pickup,1,goods:2020001:1,Rada Fruit
20017070,20010070,m20_01_00_00,72013,pickup,1,goods:2020001:1,Rada Fruit
20017080,20010080,m20_01_00_00,72013,pickup,1,goods:2020001:1,Rada Fruit
20017090,20010090,m20_01_00_00,72013,pickup,1,goods:2020001:1,Rada Fruit
20017100,20010100,m20_01_00_00,72013,pickup,1,goods:2020001:1,Rada Fruit
20017110,20010110,m20_01_00_00,72013,pickup,1,goods:2002951:1,Broken Rune
20017120,20010120,m20_01_00_00,72013,pickup,1,goods:2020001:1,Rada Fruit
20017130,20010130,m20_01_00_00,72013,pickup,1,goods:190:1,Rune Arc
20017140,20010140,m20_01_00_00,72013,pickup,1,goods:15050:4,Budding Horn
20017150,20010150,m20_01_00_00,72013,pickup,1,goods:2020001:1,Rada Fruit
20017160,20010160,m20_01_00_00,72013,pickup,1,goods:2001140:2,Lightningproof Pickled Liver
20017170,20010170,m20_01_00_00,72013,pickup,1,goods:15340:8,Thin Beast Bones
20017180,20010180,m20_01_00_00,72013,pickup,1,goods:2020003:3,Whiteflesh Mushroom
20017190,20010190,m20_01_00_00,72013,pickup,1,goods:2020002:4,Redflesh Mushroom
20017200,20010200,m20_01_00_00,72013,pickup,1,goods:2010100:2,Revered Spirit Ash
20017210,20010210,m20_01_00_00,72013,pickup,1,goods:2020001:1,Rada Fruit
20017220,20010220,m20_01_00_00,72013,pickup,1,goods:150:3,Furlcalling Finger Remedy
20017230,20010230,m20_01_00_00,72013,pickup,1,goods:2007720:1,Spira
20017240,20010240,m20_01_00_00,72013,pickup,1,goods:2020001:1,Rada Fruit
20017250,20010250,m20_01_00_00,72013,pickup,1,goods:2020001:1,Rada Fruit
20017260,20010260,m20_01_00_00,72013,pickup,1,goods:2020001:1,Rada Fruit
20017270,20010270,m20_01_00_00,72013,pickup,1,goods:2020001:1,Rada Fruit
20017280,20010280,m20_01_00_00,72013,pickup,1,goods:2020001:1,Rada Fruit
20017290,20010290,m20_01_00_00,72013,pickup,1,goods:2020001:1,Rada Fruit
20017300,20010300,m20_01_00_00,72013,pickup,1,goods:2001410:1,Dragonbolt Grease
20017310,20010310,m20_01_00_00,72014,pickup,1,goods:2205000:1,Inquisitor Ashes
20017320,20010320,m20_01_00_00,72014,pickup,1,goods:2001530:1,Drawstring Golden Grease
20017330,20010330,m20_01_00_00,72014,pickup,1,weapon:50010000:10,Fire Arrow
20017340,20010340,m20_01_00_00,72014,pickup,1,weapon:52070000:10,Golden Bolt
20017350,20010350,m20_01_00_00,72014,pickup,1,goods:2010000:1,Scadutree Fragment
20017360,20010360,m20_01_00_00,72014,pickup,1,goods:2020001:1,Rada Fruit
20017370,20010370,m20_01_00_00,72014,pickup,1,goods:2020001:1,Rada Fruit
20017380,20010380,m20_01_00_00,72014,pickup,1,goods:10107:5,Smithing Stone [8]
20017390,20010390,m20_01_00_00,72014,pickup,1,goods:2020001:1,Rada Fruit
20017400,20010400,m20_01_00_00,72014,pickup,1,goods:2010100:1,Revered Spirit Ash
20017410,20010410,m20_01_00_00,72014,pickup,1,goods:2001220:1,Silver Horn Tender
20017420,20010420,m20_01_00_00,72014,pickup,1,goods:2214000:1,Horned Warrior Ashes
20017430,20010430,m20_01_00_00,72014,pickup,1,goods:900:2,Neutralizing Boluses
20017440,20010440,m20_01_00_00,72014,pickup,1,goods:910:1,Stanching Boluses
20017450,20010450,m20_01_00_00,72014,pickup,1,goods:2001230:1,Golden Horn Tender
20017460,20010460,m20_01_00_00,72014,pickup,1,goods:2020001:1,Rada Fruit
20017470,20010470,m20_01_00_00,72014,pickup,1,goods:2010000:1,Scadutree Fragment
20017480,20010480,m20_01_00_00,72014,pickup,1,goods:2003310:2,Sunwarmth Stone
20017490,20010490,m20_01_00_00,72014,pickup,1,goods:10166:1,Somber Smithing Stone [7]
20017500,20010500,m20_01_00_00,72014,pickup,1,armor:5230000:1,Gravebird Helm
20017510,20010510,m20_01_00_00,72014,pickup,1,goods:2020001:1,Rada Fruit
20017520,20010520,m20_01_00_00,72014,pickup,1,goods:10168:1,Somber Ancient Dragon Smithing Stone
20017530,20010530,m20_01_00_00,72015,pickup,1,goods:2020001:1,Rada Fruit
20017540,20010540,m20_01_00_00,72015,pickup,1,goods:2020001:1,Rada Fruit
20017550,20010550,m20_01_00_00,72015,pickup,1,goods:2010000:1,Scadutree Fragment
20017560,20010560,m20_01_00_00,72013,pickup,1,goods:2020001:1,Rada Fruit
20017570,20010570,m20_01_00_00,72013,pickup,1,goods:2020001:1,Rada Fruit
20017580,20010580,m20_01_00_00,72013,pickup,1,goods:2020001:1,Rada Fruit
20017590,20010590,m20_01_00_00,72013,pickup,1,goods:2020001:1,Rada Fruit
20017600,20010600,m20_01_00_00,72013,pickup,1,goods:2001130:2,Fireproof Pickled Liver
20017610,20010610,m20_01_00_00,72013,pickup,1,goods:2020001:1,Rada Fruit
20017620,20010620,m20_01_00_00,72013,pickup,1,goods:2001150:1,Holyproof Pickled Liver
20017630,20010630,m20_01_00_00,72013,pickup,1,goods:10107:3,Smithing Stone [8]
20017640,20010640,m20_01_00_00,72013,pickup,1,weapon:52080000:10,Lordsworn's Bolt
20017650,20010650,m20_01_00_00,72013,pickup,1,goods:10167:1,Somber Smithing Stone [8]
20017660,20010660,m20_01_00_00,72013,pickup,1,goods:2001130:1,Fireproof Pickled Liver
20017900,532000701,m20_01_00_00,72013,enemy,1,goods:2010100:1,Revered Spirit Ash
20017981,20011981,m20_01_00_00,72014,reward,1,armor:5272000:1,Circlet of Light
20017991,20011991,m20_01_00_00,72015,reward,1,weapon:8520000:1,Horned Warrior's Greatsword
21007000,21000000,m21_00_00_00,72101,pickup,1,goods:2001600:1,Festive Grease
21007010,21000010,m21_00_00_00,72101,pickup,1,goods:10106:3,Smithing Stone [7]
21007020,21000020,m21_00_00_00,72101,pickup,1,weapon:1500000:1,Main-gauche
21007030,21000030,m21_00_00_00,72101,pickup,1,goods:2020002:7,Redflesh Mushroom
21007040,21000040,m21_00_00_00,72101,pickup,1,goods:2003170:1,Golden Vow
21007050,21000050,m21_00_00_00,72101,pickup,1,goods:2002957:1,Shadow Realm Rune [6]
21007060,21000060,m21_00_00_00,72101,pickup,1,goods:10107:3,Smithing Stone [8]
21007070,21000070,m21_00_00_00,72101,pickup,1,talisman:8200:1,Talisman of Lord's Bestowal
21007080,21000080,m21_00_00_00,72101,pickup,1,goods:10107:2,Smithing Stone [8]
21007090,21000090,m21_00_00_00,72101,pickup,1,goods:2003170:3,Golden Vow
21007100,21000100,m21_00_00_00,72101,pickup,1,goods:10107:2,Smithing Stone [8]
21007110,21000110,m21_00_00_00,72101,pickup,1,goods:2001150:1,Holyproof Pickled Liver
21007120,21000120,m21_00_00_00,72101,pickup,1,goods:2001400:1,Messmerfire Grease
21007130,21000130,m21_00_00_00,72101,pickup,1,goods:2001530:1,Drawstring Golden Grease
21007140,21000140,m21_00_00_00,72101,pickup,1,goods:10107:3,Smithing Stone [8]
21007160,21000160,m21_00_00_00,72101,pickup,1,goods:10167:1,Somber Smithing Stone [8]
21007170,21000170,m21_00_00_00,72101,pickup,1,goods:1710:8,Bone Dart
21007180,21000180,m21_00_00_00,72101,pickup,1,goods:10106:2,Smithing Stone [7]
21007190,21000190,m21_00_00_00,72101,pickup,1,goods:1190:1,Silver-Pickled Fowl Foot
21007200,21000200,m21_00_00_00,72101,pickup,1,goods:2020001:1,Rada Fruit
21007210,21000210,m21_00_00_00,72101,pickup,1,goods:2020001:1,Rada Fruit
21007220,21000220,m21_00_00_00,72101,pickup,1,goods:2020001:1,Rada Fruit
21007230,21000230,m21_00_00_00,72101,pickup,1,goods:2020001:1,Rada Fruit
21007240,21000240,m21_00_00_00,72101,pickup,1,goods:2020001:1,Rada Fruit
21007250,21000250,m21_00_00_00,72101,pickup,1,goods:2020001:1,Rada Fruit
21007260,21000260,m21_00_00_00,72101,pickup,1,goods:2020001:1,Rada Fruit
21007270,21000270,m21_00_00_00,72101,pickup,1,goods:2020001:1,Rada Fruit
21007280,21000280,m21_00_00_00,72101,pickup,1,goods:2020001:1,Rada Fruit
21007290,21000290,m21_00_00_00,72101,pickup,1,goods:2020001:1,Rada Fruit
21007300,21000300,m21_00_00_00,72106,pickup,1,goods:15340:4,Thin Beast Bones
21007310,21000310,m21_00_00_00,72106,pickup,1,goods:15160:2,Strip of White Flesh
21007320,21000320,m21_00_00_00,72107,pickup,1,goods:10909:1,Great Grave Glovewort
21007330,21000330,m21_00_00_00,72106,pickup,1,goods:2001130:1,Fireproof Pickled Liver
21007340,21000340,m21_00_00_00,72106,pickup,1,goods:2020030:3,Ember of Messmer
21007350,21000350,m21_00_00_00,72107,pickup,1,goods:15120:1,Slumbering Egg
21007360,21000360,m21_00_00_00,72107,pickup,1,goods:15430:3,Stormhawk Feather
21007370,21000370,m21_00_00_00,72107,pickup,1,goods:2001140:1,Lightningproof Pickled Liver
21007380,21000380,m21_00_00_00,72107,pickup,1,goods:2002959:1,Rune of an Unsung Hero
21007390,21000390,m21_00_00_00,72107,pickup,1,goods:2020030:2,Ember of Messmer
21007400,21000400,m21_00_00_00,72107,pickup,1,goods:2010000:1,Scadutree Fragment
21007410,21000410,m21_00_00_00,72107,pickup,1,goods:15341:3,Hefty Beast Bone
21007420,21000420,m21_00_00_00,72106,pickup,1,goods:15130:2,Crab Eggs
21007430,21000430,m21_00_00_00,72107,pickup,1,goods:2020001:1,Rada Fruit
21007440,21000440,m21_00_00_00,72107,pickup,1,goods:2020001:1,Rada Fruit
21007450,21000450,m21_00_00_00,72107,pickup,1,goods:2020001:1,Rada Fruit
21007460,21000460,m21_00_00_00,72107,pickup,1,goods:2020001:1,Rada Fruit
21007470,21000470,m21_00_00_00,72107,pickup,1,goods:2020001:1,Rada Fruit
21007480,21000480,m21_00_00_00,72107,pickup,1,goods:2020001:1,Rada Fruit
21007490,21000490,m21_00_00_00,72107,pickup,1,goods:2020001:1,Rada Fruit
21007500,21000500,m21_00_00_00,72107,pickup,1,goods:2020001:1,Rada Fruit
21007510,21000510,m21_00_00_00,72107,pickup,1,goods:2020001:1,Rada Fruit
21007520,21000520,m21_00_00_00,72107,pickup,1,goods:2020001:1,Rada Fruit
21007530,21000530,m21_00_00_00,72107,pickup,1,goods:2020001:1,Rada Fruit
21007540,21000540,m21_00_00_00,72107,pickup,1,goods:2020001:1,Rada Fruit
21007550,21000550,m21_00_00_00,72107,pickup,1,goods:10200:1,Somber Smithing Stone [9]
21007560,21000560,m21_00_00_00,72107,pickup,1,goods:2001170:1,Well-Pickled Turtle Neck
21007570,21000570,m21_00_00_00,72107,pickup,1,goods:15130:2,Crab Eggs
21007580,21000580,m21_00_00_00,72107,pickup,1,goods:10916:1,Ghost Glovewort [7]
21007590,21000590,m21_00_00_00,72107,pickup,1,goods:10166:1,Somber Smithing Stone [7]
21007600,21000600,m21_00_00_00,72106,pickup,1,goods:2002956:1,Shadow Realm Rune [5]
21007610,21000610,m21_00_00_00,72106,pickup,1,goods:1730:6,Kukri
21007620,21000620,m21_00_00_00,72106,pickup,1,goods:10107:5,Smithing Stone [8]
21007630,21000630,m21_00_00_00,72106,pickup,1,goods:15130:2,Crab Eggs
21007640,21000640,m21_00_00_00,72107,pickup,1,goods:2020009:3,Shadow Sunflower
21007650,21000650,m21_00_00_00,72107,pickup,1,weapon:34510000:1,Fire Knight's Seal
21007670,21000670,m21_00_00_00,72106,pickup,1,goods:2020001:4,Rada Fruit
21007680,21000680,m21_00_00_00,72106,pickup,1,goods:15400:6,String
21007690,21000690,m21_00_00_00,72106,pickup,1,goods:2020001:1,Rada Fruit
21007700,21000700,m21_00_00_00,72106,pickup,1,goods:2020001:1,Rada Fruit
21007710,21000710,m21_00_00_00,72106,pickup,1,goods:2020001:1,Rada Fruit
21007720,21000720,m21_00_00_00,72106,pickup,1,goods:2020001:1,Rada Fruit
21007730,21000730,m21_00_00_00,72106,pickup,1,goods:2020001:1,Rada Fruit
21007740,21000740,m21_00_00_00,72106,pickup,1,goods:2020001:1,Rada Fruit
21007750,21000750,m21_00_00_00,72106,pickup,1,goods:2020001:1,Rada Fruit
21007760,21000760,m21_00_00_00,72106,pickup,1,goods:2020001:1,Rada Fruit
21007770,21000770,m21_00_00_00,72106,pickup,1,goods:2020001:1,Rada Fruit
21007780,21000780,m21_00_00_00,72106,pickup,1,goods:2020001:1,Rada Fruit
21007790,21000790,m21_00_00_00,72106,pickup,1,goods:2020001:1,Rada Fruit
21007800,21000800,m21_00_00_00,72109,pickup,1,goods:2002120:1,Iris of Grace
21007810,21000810,m21_00_00_00,72109,pickup,1,goods:2002960:1,Marika's Rune
21007820,21000820,m21_00_00_00,72109,pickup,1,goods:2020001:1,Rada Fruit
21007830,21000830,m21_00_00_00,72109,pickup,1,goods:2020001:1,Rada Fruit
21007840,21000840,m21_00_00_00,72109,pickup,1,goods:2020001:1,Rada Fruit
21007850,21000850,m21_00_00_00,72109,pickup,1,goods:2020001:1,Rada Fruit
21007860,21000860,m21_00_00_00,72109,pickup,1,goods:2020001:1,Rada Fruit
21007870,21000870,m21_00_00_00,72109,pickup,1,goods:2020001:1,Rada Fruit
21007880,21000880,m21_00_00_00,72109,pickup,1,goods:2020001:1,Rada Fruit
21007890,21000890,m21_00_00_00,72109,pickup,1,goods:2020001:1,Rada Fruit
21007991,21001991,m21_00_00_00,72107,reward,1,goods:2004900:1,Mantle of Thorns
21007993,21001993,m21_00_00_00,72106,reward,1,goods:2002130:1,Iris of Occultation
21007995,21001995,m21_00_00_00,72107,reward,1,armor:5182000:1,Death Mask Helm
21017000,21010000,m21_01_00_00,72111,pickup,1,goods:2001130:1,Fireproof Pickled Liver
21017010,21010010,m21_01_00_00,72111,pickup,1,goods:190:1,Rune Arc
21017020,21010020,m21_01_00_00,72111,pickup,1,goods:2010100:1,Revered Spirit Ash
21017030,21010030,m21_01_00_00,72116,pickup,1,goods:2020030:2,Ember of Messmer
21017040,21010040,m21_01_00_00,72116,pickup,1,goods:2003180:1,Fire Coil
21017050,21010050,m21_01_00_00,72111,pickup,1,goods:15341:3,Hefty Beast Bone
21017060,21010060,m21_01_00_00,72111,pickup,1,goods:10107:5,Smithing Stone [8]
21017070,21010070,m21_01_00_00,72113,pickup,1,goods:2020006:4,Black Pyrefly
21017080,21010080,m21_01_00_00,72113,pickup,1,goods:2015000:4,Beast Horn
21017090,21010090,m21_01_00_00,72116,pickup,1,goods:10106:4,Smithing Stone [7]
21017100,21010100,m21_01_00_00,72116,pickup,1,talisman:7110:1,Boltdrake Talisman +3
21017110,21010110,m21_01_00_00,72112,pickup,1,goods:2015000:1,Beast Horn
21017120,21010120,m21_01_00_00,72113,pickup,1,talisman:7130:1,Pearldrake Talisman +3
21017130,21010130,m21_01_00_00,72116,pickup,1,goods:2020031:1,Blessed Bone Shard
21017140,21010140,m21_01_00_00,72116,pickup,1,goods:150:1,Furlcalling Finger Remedy
21017150,21010150,m21_01_00_00,72116,pickup,1,weapon:62500000:1,Dueling Shield
21017160,21010160,m21_01_00_00,72116,pickup,1,goods:15020:2,Lump of Flesh
21017170,21010170,m21_01_00_00,72111,pickup,1,goods:2015000:4,Beast Horn
21017180,21010180,m21_01_00_00,72112,pickup,1,goods:2008030:1,Storehouse Cross Message
21017200,21010200,m21_01_00_00,72112,pickup,1,goods:2010000:1,Scadutree Fragment
21017210,21010210,m21_01_00_00,72116,pickup,1,goods:2020001:1,Rada Fruit
21017220,21010220,m21_01_00_00,72116,pickup,1,goods:2020001:1,Rada Fruit
21017230,21010230,m21_01_00_00,72116,pickup,1,goods:2020001:1,Rada Fruit
21017240,21010240,m21_01_00_00,72116,pickup,1,goods:2020001:1,Rada Fruit
21017250,21010250,m21_01_00_00,72116,pickup,1,goods:2020001:1,Rada Fruit
21017260,21010260,m21_01_00_00,72116,pickup,1,goods:2020001:1,Rada Fruit
21017270,21010270,m21_01_00_00,72116,pickup,1,goods:2020001:1,Rada Fruit
21017280,21010280,m21_01_00_00,72116,pickup,1,goods:2020001:1,Rada Fruit
21017290,21010290,m21_01_00_00,72116,pickup,1,goods:2020001:1,Rada Fruit
21017300,21010300,m21_01_00_00,72112,pickup,1,goods:15430:3,Stormhawk Feather
21017310,21010310,m21_01_00_00,72116,pickup,1,goods:2020006:4,Black Pyrefly
21017320,21010320,m21_01_00_00,72116,pickup,1,goods:2002956:1,Shadow Realm Rune [5]
21017330,21010330,m21_01_00_00,72116,pickup,1,goods:2001150:1,Holyproof Pickled Liver
21017340,21010340,m21_01_00_00,72116,pickup,1,goods:2008014:1,Secret Rite Scroll
21017350,21010350,m21_01_00_00,72117,pickup,1,goods:2020002:6,Redflesh Mushroom
21017360,21010360,m21_01_00_00,72117,pickup,1,goods:2020030:3,Ember of Messmer
21017370,21010370,m21_01_00_00,72117,pickup,1,goods:2020001:1,Rada Fruit
21017380,21010380,m21_01_00_00,72117,pickup,1,goods:2020001:1,Rada Fruit
21017390,21010390,m21_01_00_00,72117,pickup,1,goods:2020001:1,Rada Fruit
21017400,21010400,m21_01_00_00,72116,pickup,1,goods:10106:4,Smithing Stone [7]
21017410,21010410,m21_01_00_00,72117,pickup,1,goods:2003180:2,Fire Coil
21017420,21010420,m21_01_00_00,72113,pickup,1,goods:10107:3,Smithing Stone [8]
21017430,21010430,m21_01_00_00,72113,pickup,1,goods:1190:1,Silver-Pickled Fowl Foot
21017440,21010440,m21_01_00_00,72113,pickup,1,goods:2015010:1,Spirit Calculus
21017450,21010450,m21_01_00_00,72113,pickup,1,goods:15000:2,Sliver of Meat
21017460,21010460,m21_01_00_00,72113,pickup,1,goods:2010100:1,Revered Spirit Ash
21017470,21010470,m21_01_00_00,72117,pickup,1,goods:2020030:5,Ember of Messmer
21017480,21010480,m21_01_00_00,72117,pickup,1,goods:2002956:1,Shadow Realm Rune [5]
21017490,21010490,m21_01_00_00,72113,pickup,1,goods:2020030:3,Ember of Messmer
21017500,21010500,m21_01_00_00,72114,pickup,1,goods:2010000:1,Scadutree Fragment
21017510,21010510,m21_01_00_00,72112,pickup,1,goods:2004910:1,Impenetrable Thorns
21017520,21010520,m21_01_00_00,72114,pickup,1,goods:2020001:1,Rada Fruit
21017530,21010530,m21_01_00_00,72114,pickup,1,goods:2020001:1,Rada Fruit
21017540,21010540,m21_01_00_00,72114,pickup,1,goods:2020001:1,Rada Fruit
21017550,21010550,m21_01_00_00,72114,pickup,1,goods:2020001:1,Rada Fruit
21017560,21010560,m21_01_00_00,72114,pickup,1,goods:2020001:1,Rada Fruit
21017570,21010570,m21_01_00_00,72114,pickup,1,goods:2020001:1,Rada Fruit
21017580,21010580,m21_01_00_00,72114,pickup,1,goods:2020001:1,Rada Fruit
21017590,21010590,m21_01_00_00,72114,pickup,1,goods:2020001:1,Rada Fruit
21017600,21010600,m21_01_00_00,72116,pickup,1,goods:10200:1,Somber Smithing Stone [9]
21017610,21010610,m21_01_00_00,72111,pickup,1,goods:2020007:3,Glintslab Firefly
21017620,21010620,m21_01_00_00,72112,pickup,1,weapon:62510000:1,Carian Thrusting Shield
21017630,21010630,m21_01_00_00,72117,pickup,1,goods:2003180:3,Fire Coil
21017640,21010640,m21_01_00_00,72117,pickup,1,goods:10916:1,Ghost Glovewort [7]
21017650,21010650,m21_01_00_00,72117,pickup,1,goods:2007800:1,Fire Serpent
21017660,21010660,m21_01_00_00,72117,pickup,1,goods:2020009:6,Shadow Sunflower
21017670,21010670,m21_01_00_00,72117,pickup,1,goods:2020031:1,Blessed Bone Shard
21017680,21010680,m21_01_00_00,72117,pickup,1,goods:2020001:1,Rada Fruit
21017690,21010690,m21_01_00_00,72117,pickup,1,goods:2020001:1,Rada Fruit
21017700,21010700,m21_01_00_00,72117,pickup,1,goods:2020001:1,Rada Fruit
21017710,21010710,m21_01_00_00,72117,pickup,1,goods:2020001:1,Rada Fruit
21017720,21010720,m21_01_00_00,72117,pickup,1,goods:2020001:1,Rada Fruit
21017730,21010730,m21_01_00_00,72117,pickup,1,goods:2020001:1,Rada Fruit
21017740,21010740,m21_01_00_00,72117,pickup,1,goods:2020001:1,Rada Fruit
21017750,21010750,m21_01_00_00,72113,pickup,1,goods:15340:7,Thin Beast Bones
21017760,21010760,m21_01_00_00,72117,pickup,1,goods:10107:4,Smithing Stone [8]
21017770,21010770,m21_01_00_00,72113,pickup,1,goods:10167:1,Somber Smithing Stone [8]
21017780,21010780,m21_01_00_00,72117,pickup,1,goods:2006690:1,Wrath from Afar
21017790,21010790,m21_01_00_00,72117,pickup,1,goods:2002959:1,Rune of an Unsung Hero
21017800,21010800,m21_01_00_00,72113,pickup,1,goods:2203000:1,Fire Knight Hilde
21017991,21011991,m21_01_00_00,72114,reward,1,armor:5183000:1|gem:417000:1,Winged Serpent Helm|Ash of War: Flame Spear
21027000,21020000,m21_02_00_00,72120,pickup,1,goods:2020001:1,Rada Fruit
21027010,21020010,m21_02_00_00,72120,pickup,1,goods:1200:1,Gold-Pickled Fowl Foot
21027020,21020020,m21_02_00_00,72120,pickup,1,gem:404000:1,Ash of War: Wall of Sparks
21027040,21020040,m21_02_00_00,72120,pickup,1,goods:2002120:1,Iris of Grace
21027050,21020050,m21_02_00_00,72120,pickup,1,goods:2001700:1,Innard Meat
21027070,21020070,m21_02_00_00,72120,pickup,1,goods:2020001:1,Rada Fruit
21027080,21020080,m21_02_00_00,72120,pickup,1,goods:2020001:1,Rada Fruit
21027090,21020090,m21_02_00_00,72120,pickup,1,goods:2020001:1,Rada Fruit
21027100,21020100,m21_02_00_00,72120,pickup,1,goods:2020001:1,Rada Fruit
21027110,21020110,m21_02_00_00,72120,pickup,1,goods:2020001:1,Rada Fruit
21027120,21020120,m21_02_00_00,72120,pickup,1,goods:2020001:1,Rada Fruit
21027130,21020130,m21_02_00_00,72120,pickup,1,goods:2020001:1,Rada Fruit
21027140,21020140,m21_02_00_00,72120,pickup,1,goods:2020001:1,Rada Fruit
21027150,21020150,m21_02_00_00,72120,pickup,1,goods:2020001:1,Rada Fruit
21027160,21020160,m21_02_00_00,72120,pickup,1,goods:2020001:1,Rada Fruit
21027170,21020170,m21_02_00_00,72120,pickup,1,goods:2020001:1,Rada Fruit
21027180,21020180,m21_02_00_00,72120,pickup,1,goods:2020001:1,Rada Fruit
21027190,21020190,m21_02_00_00,72120,pickup,1,goods:2020001:1,Rada Fruit
21027200,21020200,m21_02_00_00,72120,pickup,1,goods:10106:3,Smithing Stone [7]
21027210,21020210,m21_02_00_00,72120,pickup,1,goods:15010:3,Beast Liver
21027220,21020220,m21_02_00_00,72120,pickup,1,goods:15030:3,Beast Blood
21027230,21020230,m21_02_00_00,72120,pickup,1,goods:10106:3,Smithing Stone [7]
21027240,21020240,m21_02_00_00,72120,pickup,1,goods:2020002:5,Redflesh Mushroom
21027250,21020250,m21_02_00_00,72120,pickup,1,goods:15340:8,Thin Beast Bones
21027260,21020260,m21_02_00_00,72120,pickup,1,goods:10165:1,Somber Smithing Stone [6]
21027270,21020270,m21_02_00_00,72120,pickup,1,goods:10200:1,Somber Smithing Stone [9]
21027985,575098701,m21_02_00_00,72120,enemy,1,goods:15410:1|goods:1235:1,Living Jar Shard|Raw Meat Dumpling
21027991,21021991,m21_02_00_00,72120,reward,1,armor:5184000:1|goods:2007810:1,Salza's Hood|Rain of Fire
22007000,22000000,m22_00_00_00,72202,pickup,1,goods:2010000:1,Scadutree Fragment
22007100,22000100,m22_00_00_00,72201,pickup,1,goods:2020026:5,Congealed Putrescence
22007110,22000110,m22_00_00_00,72201,pickup,1,weapon:50040000:10,St. Trina's Arrow
22007120,22000120,m22_00_00_00,72201,pickup,1,goods:2020014:2,Deep-Purple Lily
22007130,22000130,m22_00_00_00,72202,pickup,1,goods:2002954:1,Shadow Realm Rune [3]
22007140,22000140,m22_00_00_00,72203,pickup,1,goods:10907:1,Grave Glovewort [8]
22007150,22000150,m22_00_00_00,72202,pickup,1,weapon:2510000:1,Velvet Sword of St. Trina
22007160,22000160,m22_00_00_00,72202,pickup,1,goods:10907:1,Grave Glovewort [8]
22007170,22000170,m22_00_00_00,72202,pickup,1,goods:10904:1,Grave Glovewort [5]
22007190,22000190,m22_00_00_00,72203,pickup,1,goods:10105:3,Smithing Stone [6]
22007200,22000200,m22_00_00_00,72203,pickup,1,goods:10906:1,Grave Glovewort [7]
22007210,22000210,m22_00_00_00,72203,pickup,1,goods:2006210:1,Mass of Putrescence
22007220,22000220,m22_00_00_00,72203,pickup,1,goods:2020026:2,Congealed Putrescence
22007230,22000230,m22_00_00_00,72203,pickup,1,goods:2020005:3,Dewgem
22007240,22000240,m22_00_00_00,72202,pickup,1,goods:10906:1,Grave Glovewort [7]
22007900,22000900,m22_00_00_00,72204,reward,1,goods:2006710:1,Multilayered Ring of Light
22007910,559100701,m22_00_00_00,72203,enemy,1,goods:10107:7|goods:2020026:5,Smithing Stone [8]|Congealed Putrescence
28007000,28000000,m28_00_00_00,72801,pickup,1,goods:2020017:1,Swollen Grape
28007010,28000010,m28_00_00_00,72801,pickup,1,goods:2008032:1,Torn Diary Page
28007020,28000020,m28_00_00_00,72801,pickup,1,goods:2020017:2,Swollen Grape
28007030,28000030,m28_00_00_00,72800,pickup,1,goods:15340:4,Thin Beast Bones
28007040,28000040,m28_00_00_00,72800,pickup,1,goods:2002957:1,Shadow Realm Rune [6]
28007050,28000050,m28_00_00_00,72800,pickup,1,goods:2003160:3,Surging Frenzied Flame
28007070,28000070,m28_00_00_00,72802,pickup,1,goods:2001230:2,Golden Horn Tender
28007080,28000080,m28_00_00_00,72802,pickup,1,goods:2002958:1,Shadow Realm Rune [7]
28007090,28000090,m28_00_00_00,72802,pickup,1,goods:2020017:2,Swollen Grape
28007100,28000100,m28_00_00_00,72803,pickup,1,weapon:24500000:1,Nanaya's Torch
28007110,28000110,m28_00_00_00,72802,pickup,1,goods:2010100:1,Revered Spirit Ash
28007900,532000711,m28_00_00_00,72803,enemy,1,goods:2010100:1,Revered Spirit Ash
30007010,30000010,m30_00_00_00,73000,pickup,0,goods:15100:5,Human Bone Shard
30007020,30000020,m30_00_00_00,73000,pickup,0,goods:2901:1,Golden Rune [2]
30007040,30000040,m30_00_00_00,73000,pickup,0,goods:2201:1,"Prattling Pate ""Thank you"""
30017010,30010010,m30_01_00_00,73001,pickup,0,goods:20775:3,Root Resin
30017020,30010020,m30_01_00_00,73001,pickup,0,goods:2204:1,"Prattling Pate ""Please help"""
30027000,30020000,m30_02_00_00,73002,pickup,0,goods:20775:2,Root Resin
30027010,30020010,m30_02_00_00,73002,pickup,0,goods:20802:3,Smoldering Butterfly
30027020,30020020,m30_02_00_00,73002,pickup,0,goods:240000:1,Wandering Noble Ashes
30027030,30020030,m30_02_00_00,73002,pickup,0,goods:2200:1,"Prattling Pate ""Hello"""
30037000,30030000,m30_03_00_00,73003,pickup,0,goods:20775:3,Root Resin
30037010,30030010,m30_03_00_00,73003,pickup,0,goods:251000:1,Raya Lucaria Soldier Ashes
30037020,30030020,m30_03_00_00,73003,pickup,0,goods:15100:5,Human Bone Shard
30037030,30030030,m30_03_00_00,73003,pickup,0,goods:190:1,Rune Arc
30037040,30030040,m30_03_00_00,73003,pickup,0,weapon:23010000:1,Watchdog's Staff
30047000,30040000,m30_04_00_00,73004,pickup,0,goods:20775:5,Root Resin
30057000,30050000,m30_05_00_00,73005,pickup,0,weapon:14120000:1,Rosus' Axe
30057010,30050010,m30_05_00_00,73005,pickup,0,goods:190:1,Rune Arc
30057030,30050030,m30_05_00_00,73005,pickup,0,goods:2090:1,Deathroot
30057040,30050040,m30_05_00_00,73005,pickup,0,goods:1150:1,Spellproof Dried Liver
30067000,30060000,m30_06_00_00,73006,pickup,0,goods:20775:5,Root Resin
30067010,30060010,m30_06_00_00,73006,pickup,0,armor:1300000:1,Nox Mirrorhelm
30067020,30060020,m30_06_00_00,73006,pickup,0,goods:2902:1,Golden Rune [3]
30067030,30060030,m30_06_00_00,73006,pickup,0,goods:220000:1,Page Ashes
30067040,30060040,m30_06_00_00,73006,pickup,0,goods:190:1,Rune Arc
30067050,30060050,m30_06_00_00,73006,pickup,0,goods:15040:3,Old Fang
30067060,30060060,m30_06_00_00,73006,pickup,0,goods:15341:3,Hefty Beast Bone
30067070,30060070,m30_06_00_00,73006,pickup,0,weapon:19000000:1,Scythe
30067080,30060080,m30_06_00_00,73006,pickup,0,goods:2203:1,"Prattling Pate ""Wonderful"""
30077010,30070010,m30_07_00_00,73007,pickup,0,goods:2904:1,Golden Rune [5]
30077020,30070020,m30_07_00_00,73007,pickup,0,goods:1420:2,Magic Grease
30077600,30070600,m30_07_00_00,73007,pickup,0,talisman:2010:1,Lightning Scorpion Charm
30087010,30080010,m30_08_00_00,73008,pickup,0,talisman:5000:1,Crimson Seed Talisman
30087020,30080020,m30_08_00_00,73008,pickup,0,goods:252000:1,Leyndell Soldier Ashes
30087030,30080030,m30_08_00_00,73008,pickup,0,talisman:4001:1,Dragoncrest Shield Talisman +1
30087040,30080040,m30_08_00_00,73008,pickup,0,goods:20775:3,Root Resin
30087050,30080050,m30_08_00_00,73008,pickup,0,goods:2206:1,"Prattling Pate ""Let's get to it"""
30087060,30080060,m30_08_00_00,73008,pickup,0,goods:15100:5,Human Bone Shard
30087970,402030021,m30_08_00_00,73008,enemy,0,goods:10913:1,Ghost Glovewort [4]
30087980,402030011,m30_08_00_00,73008,enemy,0,goods:10913:1,Ghost Glovewort [4]
30087990,402030001,m30_08_00_00,73008,enemy,0,goods:10913:1,Ghost Glovewort [4]
30097000,30090000,m30_09_00_00,73009,pickup,0,goods:2090:1,Deathroot
30097010,30090010,m30_09_00_00,73009,pickup,0,weapon:11130000:1,Ringed Finger
30097020,30090020,m30_09_00_00,73009,pickup,0,goods:2905:1,Golden Rune [6]
30097030,30090030,m30_09_00_00,73009,pickup,0,goods:20802:6,Smoldering Butterfly
30097040,30090040,m30_09_00_00,73009,pickup,0,goods:8000:1,Stonesword Key
30097050,30090050,m30_09_00_00,73009,pickup,0,armor:1760000:1|armor:1760100:1|armor:1760200:1|armor:1760300:1,Gelmir Knight Helm|Gelmir Knight Armor|Gelmir Knight Gauntlets|Gelmir Knight Greaves
30097060,30090060,m30_09_00_00,73009,pickup,0,goods:20775:5,Root Resin
30097070,30090070,m30_09_00_00,73009,pickup,0,goods:15030:3,Beast Blood
30097700,366400700,m30_09_00_00,73009,enemy,0,weapon:7120000:1,Mantis Blade
30097800,429000800,m30_09_00_00,73009,enemy,0,armor:790000:1|armor:790100:1|armor:790200:1|armor:790300:1,Bloodhound Knight Helm|Bloodhound Knight Armor|Bloodhound Knight Gauntlets|Bloodhound Knight Greaves
30107010,30100010,m30_10_00_00,73010,pickup,0,goods:1430:2,Holy Grease
30107020,30100020,m30_10_00_00,73010,pickup,0,goods:1750:5,Fan Daggers
30107030,30100030,m30_10_00_00,73010,pickup,0,goods:2906:1,Golden Rune [7]
30107040,30100040,m30_10_00_00,73010,pickup,0,talisman:4070:1,Crucible Feather Talisman
30107050,30100050,m30_10_00_00,73010,pickup,0,weapon:2070000:1,Golden Epitaph
30107060,30100060,m30_10_00_00,73010,pickup,0,goods:15110:3,Great Dragonfly Head
30107070,30100070,m30_10_00_00,73010,pickup,0,goods:8000:1,Stonesword Key
30107080,30100080,m30_10_00_00,73010,pickup,0,goods:242000:1,Vulgar Militia Ashes
30107100,30100100,m30_10_00_00,73010,reward,0,gem:70200:1|armor:270000:1|armor:270100:1|armor:270200:1|armor:270300:1,Ash of War: Holy Ground|Tree Sentinel Helm|Tree Sentinel Armor|Tree Sentinel Gauntlets|Tree Sentinel Greaves
30117000,30110000,m30_11_00_00,73011,pickup,0,goods:2090:1,Deathroot
30117010,30110010,m30_11_00_00,73011,pickup,0,goods:20723:3,Bloodrose
30117020,30110020,m30_11_00_00,73011,pickup,0,weapon:9000000:1,Uchigatana
30127010,30120010,m30_12_00_00,73012,pickup,0,goods:210000:1,Winged Misbegotten Ashes
30127020,30120020,m30_12_00_00,73012,pickup,0,goods:190:1,Rune Arc
30127030,30120030,m30_12_00_00,73012,pickup,0,goods:2202:1,"Prattling Pate ""Apologies"""
30137020,30130020,m30_13_00_00,73013,pickup,0,goods:2906:1,Golden Rune [7]
30137030,30130030,m30_13_00_00,73013,pickup,0,goods:10104:1,Smithing Stone [5]
30137040,30130040,m30_13_00_00,73013,pickup,0,goods:20775:2,Root Resin
30137960,449033031,m30_13_00_00,73013,enemy,0,goods:15410:1|goods:1235:1,Living Jar Shard|Raw Meat Dumpling
30137970,449033021,m30_13_00_00,73013,enemy,0,goods:15410:1|goods:1235:1,Living Jar Shard|Raw Meat Dumpling
30137980,449033011,m30_13_00_00,73013,enemy,0,goods:15410:1|goods:1235:1,Living Jar Shard|Raw Meat Dumpling
30137990,449033001,m30_13_00_00,73013,enemy,0,goods:15410:1|goods:1235:1,Living Jar Shard|Raw Meat Dumpling
30147000,30140000,m30_14_00_00,73014,pickup,0,armor:1084000:1,Imp Head (Wolf)
30147010,30140010,m30_14_00_00,73014,pickup,0,goods:20654:3,Grave Violet
30147020,30140020,m30_14_00_00,73014,pickup,0,goods:20753:2,Sacramental Bud
30147030,30140030,m30_14_00_00,73014,pickup,0,goods:20801:1,Aeonian Butterfly
30147040,30140040,m30_14_00_00,73014,pickup,0,goods:2903:1,Golden Rune [4]
30157000,30150000,m30_15_00_00,73015,pickup,0,goods:245000:1,Miranda Sprout Ashes
30167000,30160000,m30_16_00_00,73016,pickup,0,goods:2905:1,Golden Rune [6]
30167010,30160010,m30_16_00_00,73016,pickup,0,goods:1420:3,Magic Grease
30167020,30160020,m30_16_00_00,73016,pickup,0,goods:253000:1,Radahn Soldier Ashes
30167030,30160030,m30_16_00_00,73016,pickup,0,goods:1190:1,Silver-Pickled Fowl Foot
30167040,30160040,m30_16_00_00,73016,pickup,0,goods:4721:1,Collapsing Stars
30177000,30170000,m30_17_00_00,73017,pickup,0,weapon:12170000:1,Cranial Vessel Candlestand
30177010,30170010,m30_17_00_00,73017,pickup,0,goods:6060:1,"Flame, Protect Me"
30177030,30170030,m30_17_00_00,73017,pickup,0,weapon:34020000:1,Giant's Seal
30177040,30170040,m30_17_00_00,73017,pickup,0,goods:1470:1,Freezing Grease
30177050,30170050,m30_17_00_00,73017,pickup,0,goods:2910:1,Golden Rune [11]
30187000,30180000,m30_18_00_00,73018,pickup,0,goods:2909:1,Golden Rune [10]
30187010,30180010,m30_18_00_00,73018,pickup,0,goods:930:1,Stimulating Boluses
30187020,30180020,m30_18_00_00,73018,pickup,0,goods:20800:1,Nascent Butterfly
30187030,30180030,m30_18_00_00,73018,pickup,0,goods:20775:5,Root Resin
30187070,30180070,m30_18_00_00,73018,pickup,0,goods:227000:1,Fire Monk Ashes
30187900,30180900,m30_18_00_00,73018,pickup,0,goods:2090:1,Deathroot
30187950,449050041,m30_18_00_00,73018,enemy,0,goods:15410:1|goods:1235:1,Living Jar Shard|Raw Meat Dumpling
30187960,449050031,m30_18_00_00,73018,enemy,0,goods:15410:1|goods:1235:1,Living Jar Shard|Raw Meat Dumpling
30187970,449050021,m30_18_00_00,73018,enemy,0,goods:15410:1|goods:1235:1,Living Jar Shard|Raw Meat Dumpling
30187980,449050011,m30_18_00_00,73018,enemy,0,goods:15410:1|goods:1235:1,Living Jar Shard|Raw Meat Dumpling
30187990,449050001,m30_18_00_00,73018,enemy,0,goods:15410:1|goods:1235:1,Living Jar Shard|Raw Meat Dumpling
30197000,30190000,m30_19_00_00,73019,pickup,0,goods:2911:1,Golden Rune [12]
30197010,30190010,m30_19_00_00,73019,pickup,0,goods:950:1,Rejuvenating Boluses
30197020,30190020,m30_19_00_00,73019,pickup,0,goods:20775:4,Root Resin
30197030,30190030,m30_19_00_00,73019,pickup,0,goods:15100:8,Human Bone Shard
30197040,30190040,m30_19_00_00,73019,pickup,0,armor:1085000:1,Imp Head (Elder)
30197900,30190900,m30_19_00_00,73019,other,0,goods:2900:1,Golden Rune [1]
30207000,30200000,m30_20_00_00,73020,pickup,0,goods:3310:2,Warming Stone
30207010,30200010,m30_20_00_00,73020,pickup,0,goods:20753:3,Sacramental Bud
30207020,30200020,m30_20_00_00,73020,pickup,0,goods:2914:1,Hero's Rune [1]
30207030,30200030,m30_20_00_00,73020,pickup,0,goods:15040:6,Old Fang
30207040,30200040,m30_20_00_00,73020,pickup,0,goods:20775:4,Root Resin
30207050,30200050,m30_20_00_00,73020,pickup,0,goods:1470:5,Freezing Grease
30207060,30200060,m30_20_00_00,73020,pickup,0,talisman:4012:1,Spelldrake Talisman +2
30207900,30200900,m30_20_00_00,73020,pickup,0,talisman:1100:1,Silver Scarab
30207910,30200910,m30_20_00_00,73020,pickup,0,goods:2090:1,Deathroot
31007000,31000000,m31_00_00_00,73100,pickup,0,goods:20760:5,Mushroom
31007010,31000010,m31_00_00_00,73100,pickup,0,armor:160100:1|armor:160300:1,Cloth Garb|Cloth Trousers
31007030,31000030,m31_00_00_00,73100,pickup,0,goods:10000:3,Glass Shard
31017000,31010000,m31_01_00_00,73101,pickup,0,goods:2900:1,Golden Rune [1]
31017010,31010010,m31_01_00_00,73101,pickup,0,goods:2030:5,Glowstone
31017020,31010020,m31_01_00_00,73101,pickup,0,goods:1730:8,Kukri
31017030,31010030,m31_01_00_00,73101,pickup,0,goods:20802:5,Smoldering Butterfly
31017040,31010040,m31_01_00_00,73101,pickup,0,goods:20651:1,Trina's Lily
31017060,31010100,m31_01_00_00,73101,pickup,0,goods:1100:3,Pickled Turtle Neck
31027000,31020000,m31_02_00_00,73102,pickup,0,goods:2901:1,Golden Rune [2]
31027010,31020010,m31_02_00_00,73102,pickup,0,goods:150:1,Furlcalling Finger Remedy
31027020,31020020,m31_02_00_00,73102,pickup,0,goods:1720:6,Poisonbone Dart
31027030,31020030,m31_02_00_00,73102,pickup,0,goods:20691:1,Arteria Leaf
31027050,31020050,m31_02_00_00,73102,pickup,0,goods:1310:1,Immunizing White Cured Meat
31037000,31030000,m31_03_00_00,73103,pickup,0,goods:2900:1,Golden Rune [1]
31037010,31030010,m31_03_00_00,73103,pickup,0,goods:2030:3,Glowstone
31047000,31040000,m31_04_00_00,73104,pickup,0,goods:2902:1,Golden Rune [3]
31047010,31040010,m31_04_00_00,73104,pickup,0,goods:2903:1,Golden Rune [4]
31047020,31040020,m31_04_00_00,73104,pickup,0,weapon:50020000:15,Serpent Arrow
31047030,31040030,m31_04_00_00,73104,pickup,0,goods:2904:1,Golden Rune [5]
31047040,31040040,m31_04_00_00,73104,pickup,0,goods:2030:5,Glowstone
31047050,31040050,m31_04_00_00,73104,pickup,0,goods:1460:2,Poison Grease
31047060,31040060,m31_04_00_00,73104,pickup,0,armor:430000:1|armor:430100:1|armor:430300:1,Sage Hood|Sage Robe|Sage Trousers
31047990,420120010,m31_04_00_00,73104,enemy,0,goods:2905:1,Golden Rune [6]
31057000,31050000,m31_05_00_00,73105,pickup,0,goods:15341:3,Hefty Beast Bone
31057010,31050010,m31_05_00_00,73105,pickup,0,goods:1700:5,Throwing Dagger
31057020,31050020,m31_05_00_00,73105,pickup,0,goods:2904:1,Golden Rune [5]
31057030,31050030,m31_05_00_00,73105,pickup,0,goods:2100:2,Soft Cotton
31057040,31050040,m31_05_00_00,73105,pickup,0,goods:10103:1,Smithing Stone [4]
31057050,31050050,m31_05_00_00,73105,pickup,0,goods:10101:1,Smithing Stone [2]
31057060,31050060,m31_05_00_00,73105,pickup,0,goods:15020:1,Lump of Flesh
31057070,31050070,m31_05_00_00,73105,pickup,0,goods:20691:1,Arteria Leaf
31057100,31050100,m31_05_00_00,73105,pickup,0,talisman:2060:1,Spear Talisman
31067000,31060000,m31_06_00_00,73106,pickup,0,goods:3030:5,Cuckoo Glintstone
31067010,31060010,m31_06_00_00,73106,pickup,0,goods:8000:1,Stonesword Key
31067030,31060110,m31_06_00_00,73106,pickup,0,weapon:33040000:1,Crystal Staff
31067100,31060100,m31_06_00_00,73106,pickup,0,goods:190:1,Rune Arc
31077000,31070000,m31_07_00_00,73107,pickup,0,goods:1460:3,Poison Grease
31077010,31070010,m31_07_00_00,73107,pickup,0,goods:15020:4,Lump of Flesh
31077020,31070020,m31_07_00_00,73107,pickup,0,goods:940:1,Preserving Boluses
31077030,31070030,m31_07_00_00,73107,pickup,0,armor:1130000:1|armor:1130100:1|armor:1130200:1|armor:1130300:1,Mushroom Head|Mushroom Body|Mushroom Arms|Mushroom Legs
31077040,31070040,m31_07_00_00,73107,pickup,0,goods:1720:10,Poisonbone Dart
31077050,31070050,m31_07_00_00,73107,pickup,0,goods:2905:1,Golden Rune [6]
31077060,31070060,m31_07_00_00,73107,pickup,0,goods:2906:1,Golden Rune [7]
31077070,31070070,m31_07_00_00,73107,pickup,0,goods:1110:1,Immunizing Cured Meat
31097000,31090000,m31_09_00_00,73109,pickup,0,goods:2905:1,Golden Rune [6]
31097010,31090010,m31_09_00_00,73109,pickup,0,goods:15000:6,Sliver of Meat
31097020,31090020,m31_09_00_00,73109,pickup,0,goods:20691:3,Arteria Leaf
31097030,31090030,m31_09_00_00,73109,pickup,0,goods:15020:5,Lump of Flesh
31097040,31090040,m31_09_00_00,73109,pickup,0,weapon:30200000:1,Coil Shield
31107000,31100000,m31_10_00_00,73110,pickup,0,goods:3310:1,Warming Stone
31107010,31100010,m31_10_00_00,73110,pickup,0,goods:2911:1,Golden Rune [12]
31107050,31100050,m31_10_00_00,73110,pickup,0,talisman:1210:1,Bull-Goat's Talisman
31107110,31100110,m31_10_00_00,73110,pickup,0,goods:2907:1,Golden Rune [8]
31107120,31100120,m31_10_00_00,73110,pickup,0,goods:15030:3,Beast Blood
31117000,31110000,m31_11_00_00,73111,pickup,0,goods:2902:1,Golden Rune [3]
31117010,31110010,m31_11_00_00,73111,pickup,0,goods:10070:1,Lost Ashes of War
31117020,31110020,m31_11_00_00,73111,pickup,0,goods:2904:1,Golden Rune [5]
31117030,31110030,m31_11_00_00,73111,pickup,0,goods:930:1,Stimulating Boluses
31117040,31110040,m31_11_00_00,73111,pickup,0,goods:10163:1,Somber Smithing Stone [4]
31117080,31110080,m31_11_00_00,73111,pickup,0,goods:940:3,Preserving Boluses
31117090,31110090,m31_11_00_00,73111,pickup,0,goods:1740:10,Crystal Dart
31117100,31110100,m31_11_00_00,73111,pickup,0,goods:2904:1,Golden Rune [5]
31117110,31110110,m31_11_00_00,73111,pickup,0,goods:2030:4,Glowstone
31117200,31110200,m31_11_00_00,73111,pickup,0,weapon:16020000:1,Crystal Spear
31117220,31110220,m31_11_00_00,73111,pickup,0,goods:208000:1,Crystalian Ashes
31117990,402040001,m31_11_00_00,73111,enemy,0,goods:10913:1,Ghost Glovewort [4]
31127000,31120000,m31_12_00_00,73112,pickup,0,goods:2906:1,Golden Rune [7]
31127010,31120010,m31_12_00_00,73112,pickup,0,goods:1470:1,Freezing Grease
31127020,31120020,m31_12_00_00,73112,pickup,0,goods:2915:1,Hero's Rune [2]
31127030,31120030,m31_12_00_00,73112,pickup,0,goods:190:1,Rune Arc
31127040,31120040,m31_12_00_00,73112,pickup,0,goods:20653:3,Miquella's Lily
31127050,31120050,m31_12_00_00,73112,pickup,0,goods:20800:1,Nascent Butterfly
31127060,31120060,m31_12_00_00,73112,pickup,0,goods:920:3,Thawfrost Boluses
31127070,31120070,m31_12_00_00,73112,pickup,0,goods:1740:8,Crystal Dart
31127080,31120080,m31_12_00_00,73112,pickup,0,goods:920:2,Thawfrost Boluses
31127090,31120090,m31_12_00_00,73112,pickup,0,goods:1470:6,Freezing Grease
31127100,31120100,m31_12_00_00,73112,pickup,0,goods:1470:4,Freezing Grease
31127110,31120110,m31_12_00_00,73112,pickup,0,goods:2909:1,Golden Rune [10]
31127120,31120120,m31_12_00_00,73112,pickup,0,weapon:50240000:10,Spiritflame Arrow
31157010,31150010,m31_15_00_00,73115,pickup,0,goods:15140:1,Land Octopus Ovary
31157020,31150020,m31_15_00_00,73115,pickup,0,goods:20802:1,Smoldering Butterfly
31177010,31170010,m31_17_00_00,73117,pickup,0,goods:2900:1,Golden Rune [1]
31177020,31170020,m31_17_00_00,73117,pickup,0,goods:20691:3,Arteria Leaf
31177030,31170030,m31_17_00_00,73117,pickup,0,goods:10100:3,Smithing Stone [1]
31177040,31170040,m31_17_00_00,73117,pickup,0,goods:10101:1,Smithing Stone [2]
31177050,31170050,m31_17_00_00,73117,pickup,0,goods:2903:1,Golden Rune [4]
31177060,31170060,m31_17_00_00,73117,pickup,0,goods:1400:2,Fire Grease
31177070,31170070,m31_17_00_00,73117,pickup,0,goods:150:1,Furlcalling Finger Remedy
31177080,31170080,m31_17_00_00,73117,pickup,0,weapon:7030000:1,Shamshir
31187020,31180020,m31_18_00_00,73118,pickup,0,goods:15410:10,Living Jar Shard
31187030,31180030,m31_18_00_00,73118,pickup,0,goods:15410:5,Living Jar Shard
31187040,31180040,m31_18_00_00,73118,pickup,0,goods:20691:3,Arteria Leaf
31187050,31180050,m31_18_00_00,73118,pickup,0,goods:2904:1,Golden Rune [5]
31187060,31180060,m31_18_00_00,73118,pickup,0,goods:15150:6,Miranda Powder
31187070,31180070,m31_18_00_00,73118,pickup,0,goods:3310:1,Warming Stone
31187080,31180080,m31_18_00_00,73118,pickup,0,goods:2904:1,Golden Rune [5]
31197000,31190000,m31_19_00_00,73119,pickup,0,goods:950:5,Rejuvenating Boluses
31197010,31190010,m31_19_00_00,73119,pickup,0,goods:10070:1,Lost Ashes of War
31197030,31190030,m31_19_00_00,73119,pickup,0,weapon:31250000:1,Candletree Wooden Shield
31197040,31190040,m31_19_00_00,73119,pickup,0,goods:1190:5,Silver-Pickled Fowl Foot
31197050,31190050,m31_19_00_00,73119,pickup,0,armor:1400000:1,Black Hood
31197060,31190060,m31_19_00_00,73119,pickup,0,goods:20800:1,Nascent Butterfly
31197080,31190080,m31_19_00_00,73119,pickup,0,goods:8000:1,Stonesword Key
31197090,31190090,m31_19_00_00,73119,pickup,0,goods:1480:4,Dragonwound Grease
31197100,31190100,m31_19_00_00,73119,pickup,0,weapon:22030000:1,Raptor Talons
31197110,31190110,m31_19_00_00,73119,pickup,0,weapon:51020000:10,Golden Great Arrow
31197120,31190120,m31_19_00_00,73119,pickup,0,armor:930100:1,Raptor's Black Feathers
31197130,31190130,m31_19_00_00,73119,pickup,0,armor:930000:1,Skeletal Mask
31197200,31190200,m31_19_00_00,73119,pickup,0,goods:2904:1,Golden Rune [5]
31197210,31190210,m31_19_00_00,73119,pickup,0,goods:2904:1,Golden Rune [5]
31207000,31200000,m31_20_00_00,73120,pickup,0,goods:1480:1,Dragonwound Grease
31207010,31200010,m31_20_00_00,73120,pickup,0,weapon:22010000:1,Venomous Fang
31207020,31200020,m31_20_00_00,73120,pickup,0,weapon:41040000:1,Serpent Bow
31207030,31200030,m31_20_00_00,73120,pickup,0,goods:1400:1,Fire Grease
31217000,31210000,m31_21_00_00,73121,pickup,0,goods:2901:1,Golden Rune [2]
31217030,31210030,m31_21_00_00,73121,pickup,0,goods:2901:1,Golden Rune [2]
31217040,31210040,m31_21_00_00,73121,pickup,0,goods:15040:5,Old Fang
31217070,31210070,m31_21_00_00,73121,pickup,0,goods:2901:1,Golden Rune [2]
31217080,31210080,m31_21_00_00,73121,pickup,0,goods:2903:1,Golden Rune [4]
31217090,31210090,m31_21_00_00,73121,pickup,0,goods:8000:1,Stonesword Key
31217100,31210100,m31_21_00_00,73121,pickup,0,weapon:1100000:1,Wakizashi
31217110,31210110,m31_21_00_00,73121,pickup,0,goods:2903:1,Golden Rune [4]
31217120,31210120,m31_21_00_00,73121,pickup,0,goods:15090:2,Turtle Neck Meat
31217140,31210140,m31_21_00_00,73121,pickup,0,goods:2904:1,Golden Rune [5]
31217150,31210150,m31_21_00_00,73121,pickup,0,goods:2020:1,Rainbow Stone
31217160,31210160,m31_21_00_00,73121,pickup,0,goods:2903:1,Golden Rune [4]
31217190,31210190,m31_21_00_00,73121,pickup,0,goods:2030:3,Glowstone
31217200,31210200,m31_21_00_00,73121,pickup,0,goods:10164:1,Somber Smithing Stone [5]
31217210,31210210,m31_21_00_00,73121,pickup,0,weapon:30040000:1,Pillory Shield
31217350,31210350,m31_21_00_00,73121,pickup,0,weapon:2220000:1,Regalia of Eochaid
31217400,31210400,m31_21_00_00,73121,pickup,0,goods:190:1,Rune Arc
31227000,31220000,m31_22_00_00,73122,pickup,0,armor:872100:1|armor:872200:1|armor:872300:1,White Reed Armor|White Reed Gauntlets|White Reed Greaves
31227010,31220010,m31_22_00_00,73122,pickup,0,goods:2905:1,Golden Rune [6]
31227020,31220020,m31_22_00_00,73122,pickup,0,goods:2911:1,Golden Rune [12]
31227030,31220030,m31_22_00_00,73122,pickup,0,goods:1470:2,Freezing Grease
31227040,31220040,m31_22_00_00,73122,pickup,0,goods:2909:1,Golden Rune [10]
31227050,31220050,m31_22_00_00,73122,pickup,0,goods:2914:1,Hero's Rune [1]
31227060,31220060,m31_22_00_00,73122,pickup,0,goods:190:1,Rune Arc
31227070,31220070,m31_22_00_00,73122,pickup,0,goods:1320:1,Invigorating White Cured Meat
31227080,31220080,m31_22_00_00,73122,pickup,0,goods:20691:5,Arteria Leaf
32007000,32000000,m32_00_00_00,73200,pickup,0,goods:2901:1,Golden Rune [2]
32007010,32000010,m32_00_00_00,73200,pickup,0,goods:2903:1,Golden Rune [4]
32007020,32000020,m32_00_00_00,73200,pickup,0,goods:3051:2,Large Glintstone Scrap
32007030,32000030,m32_00_00_00,73200,pickup,0,goods:910:1,Stanching Boluses
32007060,32000060,m32_00_00_00,73200,pickup,0,goods:2100:1,Soft Cotton
32007070,32000070,m32_00_00_00,73200,pickup,0,goods:20691:2,Arteria Leaf
32007900,32000900,m32_00_00_00,73200,pickup,0,goods:1210:1,Exalted Flesh
32017000,32010000,m32_01_00_00,73201,pickup,0,goods:10100:1,Smithing Stone [1]
32017010,32010010,m32_01_00_00,73201,pickup,0,goods:2903:1,Golden Rune [4]
32017020,32010020,m32_01_00_00,73201,pickup,0,goods:3051:5,Large Glintstone Scrap
32017030,32010030,m32_01_00_00,73201,pickup,0,goods:2900:1,Golden Rune [1]
32017040,32010040,m32_01_00_00,73201,pickup,0,goods:3050:3,Glintstone Scrap
32027000,32020000,m32_02_00_00,73202,pickup,0,goods:10161:1,Somber Smithing Stone [2]
32027010,32020010,m32_02_00_00,73202,pickup,0,goods:10162:1,Somber Smithing Stone [3]
32027020,32020020,m32_02_00_00,73202,pickup,0,goods:2902:1,Golden Rune [3]
32027030,32020030,m32_02_00_00,73202,pickup,0,goods:10102:1,Smithing Stone [3]
32027040,32020040,m32_02_00_00,73202,pickup,0,goods:10162:1,Somber Smithing Stone [3]
32027060,32020060,m32_02_00_00,73202,pickup,0,goods:10100:3,Smithing Stone [1]
32027070,32020070,m32_02_00_00,73202,pickup,0,goods:4100:1,Shatter Earth
32027900,32020900,m32_02_00_00,73202,pickup,0,weapon:1050000:1,Crystal Knife
32047000,32040000,m32_04_00_00,73204,pickup,0,goods:2905:1,Golden Rune [6]
32047010,32040010,m32_04_00_00,73204,pickup,0,goods:910:1,Stanching Boluses
32047020,32040020,m32_04_00_00,73204,pickup,0,goods:10163:1,Somber Smithing Stone [4]
32047030,32040030,m32_04_00_00,73204,pickup,0,goods:1831:3,Explosive Stone Clump
32047040,32040040,m32_04_00_00,73204,pickup,0,talisman:4031:1,Boltdrake Talisman +1
32047050,32040050,m32_04_00_00,73204,pickup,0,weapon:23130000:1,Troll's Hammer
32057000,32050000,m32_05_00_00,73205,pickup,0,goods:1740:8,Crystal Dart
32057010,32050010,m32_05_00_00,73205,pickup,0,goods:20691:2,Arteria Leaf
32057020,32050020,m32_05_00_00,73205,pickup,0,goods:2906:1,Golden Rune [7]
32057030,32050030,m32_05_00_00,73205,pickup,0,talisman:1031:1,Arsenal Charm +1
32057040,32050040,m32_05_00_00,73205,pickup,0,goods:3050:6,Glintstone Scrap
32057910,32050910,m32_05_00_00,73205,pickup,0,goods:190:1,Rune Arc
32077000,32070000,m32_07_00_00,73207,pickup,0,goods:10161:1,Somber Smithing Stone [2]
32077010,32070010,m32_07_00_00,73207,pickup,0,goods:2904:1,Golden Rune [5]
32077020,32070020,m32_07_00_00,73207,pickup,0,weapon:16110000:1,Cross-Naginata
32077030,32070030,m32_07_00_00,73207,pickup,0,goods:1200:1,Gold-Pickled Fowl Foot
32077060,32070060,m32_07_00_00,73257,pickup,0,goods:3051:5,Large Glintstone Scrap
32077070,32070070,m32_07_00_00,73257,pickup,0,goods:2050:5,Grace Mimic
32087000,32080000,m32_08_00_00,73208,pickup,0,goods:1490:1,Rot Grease
32087020,32080020,m32_08_00_00,73208,pickup,0,goods:2904:1,Golden Rune [5]
32087030,32080030,m32_08_00_00,73208,pickup,0,goods:3050:6,Glintstone Scrap
32087050,32080050,m32_08_00_00,73208,pickup,0,goods:190:1,Rune Arc
32087060,32080060,m32_08_00_00,73208,pickup,0,goods:3030:5,Cuckoo Glintstone
32087070,32080070,m32_08_00_00,73208,pickup,0,goods:10163:1,Somber Smithing Stone [4]
32087100,32080100,m32_08_00_00,73208,pickup,0,goods:2903:1,Golden Rune [4]
32087110,32080110,m32_08_00_00,73208,pickup,0,goods:1480:1,Dragonwound Grease
32087120,32080120,m32_08_00_00,73208,pickup,0,talisman:3040:1,Faithful's Canvas Talisman
32087900,32080900,m32_08_00_00,73208,pickup,0,goods:3060:6|goods:3070:3,Gravity Stone Fan|Gravity Stone Chunk
32087910,32080910,m32_08_00_00,73208,pickup,0,goods:4110:1,Rock Blaster
32117000,32110000,m32_11_00_00,73211,pickup,0,goods:1470:3,Freezing Grease
32117020,32110020,m32_11_00_00,73211,pickup,0,goods:2909:1,Golden Rune [10]
32117030,32110030,m32_11_00_00,73211,pickup,0,goods:10140:1,Ancient Dragon Smithing Stone
32117040,32110040,m32_11_00_00,73211,pickup,0,goods:190:1,Rune Arc
32117060,32110060,m32_11_00_00,73211,pickup,0,goods:1831:6,Explosive Stone Clump
32117080,32110080,m32_11_00_00,73211,pickup,0,goods:2918:1,Hero's Rune [5]
32117700,360000020,m32_11_00_00,73211,enemy,0,weapon:3070000:1,Alabaster Lord's Sword
34107000,34100000,m34_10_00_00,73410,pickup,0,goods:3310:1,Warming Stone
34107010,34100010,m34_10_00_00,73410,pickup,0,goods:2100:1,Soft Cotton
34107070,34100070,m34_10_00_00,73412,pickup,0,goods:15430:5,Stormhawk Feather
34107080,34100080,m34_10_00_00,73412,pickup,0,goods:1190:1,Silver-Pickled Fowl Foot
34107090,34100090,m34_10_00_00,73412,pickup,0,goods:2901:1,Golden Rune [2]
34107100,34100100,m34_10_00_00,73410,pickup,0,talisman:4030:1,Boltdrake Talisman
34107110,34100110,m34_10_00_00,73410,pickup,0,armor:1900000:1,Ash-of-War Scarab
34117010,34110010,m34_11_00_00,73420,pickup,0,goods:2902:1,Golden Rune [3]
34117060,34110060,m34_11_00_00,73420,pickup,0,goods:2903:1,Golden Rune [4]
34117080,34110080,m34_11_00_00,73420,pickup,0,talisman:5010:1,Cerulean Seed Talisman
34117100,34110100,m34_11_00_00,73420,pickup,0,armor:911000:1,Mask of Confidence
34117110,34110110,m34_11_00_00,73420,pickup,0,goods:1180:2,Holyproof Dried Liver
34117120,34110120,m34_11_00_00,73420,pickup,0,goods:20812:8,Glintstone Firefly
34117200,34110200,m34_11_00_00,73420,pickup,0,weapon:33210000:1,Carian Glintstone Staff
34117400,34110400,m34_11_00_00,73421,reward,0,armor:530000:1,Godskin Noble Hood
34117401,34110401,m34_11_00_00,73421,reward,0,armor:530100:1,Godskin Noble Robe
34117402,34110402,m34_11_00_00,73421,reward,0,armor:530200:1,Godskin Noble Bracelets
34117403,34110403,m34_11_00_00,73421,reward,0,armor:530300:1,Godskin Noble Trousers
34117500,34110500,m34_11_00_00,73422,pickup,0,goods:8191:1|talisman:1080:1,Cursemark of Death|Stargazer Heirloom
34117700,34110700,m34_11_00_00,73420,reward,0,goods:4370:1,Magic Downpour
34117710,34110710,m34_11_00_00,73420,reward,0,goods:4480:1,Lucidity
34127010,34120010,m34_12_00_00,73431,pickup,0,goods:2904:1,Golden Rune [5]
34127020,34120020,m34_12_00_00,73431,pickup,0,goods:2904:1,Golden Rune [5]
34127040,34120040,m34_12_00_00,73431,pickup,0,goods:15341:5,Hefty Beast Bone
34127050,34120050,m34_12_00_00,73431,pickup,0,goods:1200:1,Gold-Pickled Fowl Foot
34127060,34120060,m34_12_00_00,73431,pickup,0,goods:8000:1,Stonesword Key
34127070,34120070,m34_12_00_00,73431,pickup,0,goods:190:1,Rune Arc
34127080,34120080,m34_12_00_00,73431,pickup,0,goods:2900:1,Golden Rune [1]
34127090,34120090,m34_12_00_00,73431,pickup,0,goods:150:3,Furlcalling Finger Remedy
34127100,34120100,m34_12_00_00,73431,pickup,0,goods:15040:2,Old Fang
34127110,34120110,m34_12_00_00,73431,pickup,0,goods:2050:5,Grace Mimic
34127120,34120120,m34_12_00_00,73431,pickup,0,goods:3051:3,Large Glintstone Scrap
34127130,34120130,m34_12_00_00,73431,pickup,0,goods:10105:3,Smithing Stone [6]
34127150,34120150,m34_12_00_00,73431,pickup,0,goods:1410:4,Lightning Grease
34127160,34120160,m34_12_00_00,73432,pickup,0,goods:2908:1,Golden Rune [9]
34127900,34120900,m34_12_00_00,73431,pickup,0,goods:8952:1,Smithing-Stone Miner's Bell Bearing [2]
34137000,34130000,m34_13_00_00,73441,pickup,0,goods:8000:1,Stonesword Key
34137010,34130010,m34_13_00_00,73441,pickup,0,goods:190:1,Rune Arc
34137020,34130020,m34_13_00_00,73441,pickup,0,goods:2911:1,Golden Rune [12]
34137900,34130900,m34_13_00_00,73440,pickup,0,weapon:4070000:1,Godslayer's Greatsword
34147000,34140000,m34_14_00_00,73450,pickup,0,goods:1320:1,Invigorating White Cured Meat
34147010,34140010,m34_14_00_00,73450,pickup,0,armor:964100:1,Official's Attire
34147020,34140020,m34_14_00_00,73450,pickup,0,talisman:4021:1,Flamedrake Talisman +1
34147720,34140720,m34_14_00_00,73450,reward,0,goods:10165:1,Somber Smithing Stone [6]
34147800,34140800,m34_14_00_00,73450,pickup,0,goods:2908:1,Golden Rune [9]
34147810,34140810,m34_14_00_00,73450,pickup,0,weapon:1160000:1,Blade of Calling
35007000,35000000,m35_00_00_00,73501,pickup,0,goods:1720:6,Poisonbone Dart
35007030,35000030,m35_00_00_00,73501,pickup,0,talisman:1002:1,Crimson Amber Medallion +2
35007040,35000040,m35_00_00_00,73501,pickup,0,goods:2910:1,Golden Rune [11]
35007050,35000050,m35_00_00_00,73501,pickup,0,armor:963200:1|armor:964000:1,Bloodsoaked Manchettes|Bloodsoaked Mask
35007060,35000060,m35_00_00_00,73500,pickup,0,goods:20740:5,Eye of Yelough
35007080,35000080,m35_00_00_00,73501,pickup,0,goods:940:1,Preserving Boluses
35007090,35000090,m35_00_00_00,73501,pickup,0,goods:150:1,Furlcalling Finger Remedy
35007110,35000110,m35_00_00_00,73503,pickup,0,goods:2910:1,Golden Rune [11]
35007120,35000120,m35_00_00_00,73501,pickup,0,goods:190:1,Rune Arc
35007130,35000130,m35_00_00_00,73501,pickup,0,goods:10070:1,Lost Ashes of War
35007150,35000150,m35_00_00_00,73501,pickup,0,goods:10000:1,Glass Shard
35007160,35000160,m35_00_00_00,73501,pickup,0,goods:8000:1,Stonesword Key
35007170,35000170,m35_00_00_00,73501,pickup,0,weapon:50080000:10,Rainbow Stone Arrow (Fletched)
35007180,35000180,m35_00_00_00,73501,pickup,0,goods:20654:5,Grave Violet
35007190,35000190,m35_00_00_00,73501,pickup,0,goods:10106:1,Smithing Stone [7]
35007200,35000200,m35_00_00_00,73501,pickup,0,goods:1160:1,Fireproof Dried Liver
35007210,35000210,m35_00_00_00,73501,pickup,0,goods:10167:1,Somber Smithing Stone [8]
35007220,35000220,m35_00_00_00,73501,pickup,0,goods:10106:1,Smithing Stone [7]
35007240,35000240,m35_00_00_00,73501,pickup,0,goods:2050:1,Grace Mimic
35007250,35000250,m35_00_00_00,73501,pickup,0,goods:15400:1,String
35007260,35000260,m35_00_00_00,73501,pickup,0,goods:1400:2,Fire Grease
35007270,35000270,m35_00_00_00,73501,pickup,0,goods:205000:1,Nomad Ashes
35007280,35000280,m35_00_00_00,73503,pickup,0,goods:940:1,Preserving Boluses
35007300,35000300,m35_00_00_00,73503,pickup,0,goods:10000:1,Glass Shard
35007310,35000310,m35_00_00_00,73503,pickup,0,goods:2150:1,Mohg's Shackle
35007320,35000320,m35_00_00_00,73503,pickup,0,goods:1340:1,Dappled White Cured Meat
35007330,35000330,m35_00_00_00,73503,pickup,0,goods:10000:3,Glass Shard
35007340,35000340,m35_00_00_00,73503,pickup,0,goods:20820:2,Golden Centipede
35007350,35000350,m35_00_00_00,73501,pickup,0,goods:1840:3,Poisoned Stone
35007370,35000370,m35_00_00_00,73501,pickup,0,goods:1470:1,Freezing Grease
35007380,35000380,m35_00_00_00,73501,pickup,0,weapon:50020000:10,Serpent Arrow
35007390,35000390,m35_00_00_00,73503,pickup,0,goods:1400:5,Fire Grease
35007400,35000400,m35_00_00_00,73501,pickup,0,goods:10165:1,Somber Smithing Stone [6]
35007410,35000410,m35_00_00_00,73503,pickup,0,goods:10106:1,Smithing Stone [7]
35007420,35000420,m35_00_00_00,73501,pickup,0,goods:6520:1,Shadow Bait
35007430,35000430,m35_00_00_00,73503,pickup,0,goods:2909:1,Golden Rune [10]
35007450,35000450,m35_00_00_00,73503,pickup,0,goods:10166:1,Somber Smithing Stone [7]
35007460,35000460,m35_00_00_00,73503,pickup,0,goods:10106:2,Smithing Stone [7]
35007470,35000470,m35_00_00_00,73503,pickup,0,goods:10000:5,Glass Shard
35007480,35000480,m35_00_00_00,73503,pickup,0,goods:10106:2,Smithing Stone [7]
35007510,35000510,m35_00_00_00,73503,pickup,0,goods:2910:1,Golden Rune [11]
35007530,35000530,m35_00_00_00,73501,pickup,0,goods:3310:1,Warming Stone
35007540,35000540,m35_00_00_00,73501,pickup,0,goods:10107:1,Smithing Stone [8]
35007550,35000550,m35_00_00_00,73501,pickup,0,goods:20740:1,Eye of Yelough
35007560,35000560,m35_00_00_00,73503,pickup,0,goods:2907:1,Golden Rune [8]
35007570,35000570,m35_00_00_00,73501,pickup,0,goods:10106:4,Smithing Stone [7]
35007590,35000590,m35_00_00_00,73503,pickup,0,goods:2910:1,Golden Rune [11]
35007600,35000600,m35_00_00_00,73503,pickup,0,goods:10104:1,Smithing Stone [5]
35007630,35000630,m35_00_00_00,73500,pickup,0,goods:10105:1,Smithing Stone [6]
35007650,35000650,m35_00_00_00,73500,pickup,0,goods:2050:5,Grace Mimic
35007660,35000660,m35_00_00_00,73500,pickup,0,goods:2910:1,Golden Rune [11]
35007670,35000670,m35_00_00_00,73500,pickup,0,goods:15341:3,Hefty Beast Bone
35007680,35000680,m35_00_00_00,73504,pickup,0,goods:7300:1,Inescapable Frenzy
35007700,35000700,m35_00_00_00,73500,pickup,0,talisman:1041:1,Erdtree's Favor +1
35007710,35000710,m35_00_00_00,73500,pickup,0,armor:250000:1|armor:250100:1|armor:250300:1,Nomadic Merchant's Chapeau|Nomadic Merchant's Finery|Nomadic Merchant's Trousers
35007720,35000720,m35_00_00_00,73504,pickup,0,weapon:32130000:1,Fingerprint Stone Shield
35007730,35000730,m35_00_00_00,73501,pickup,0,goods:3310:1,Warming Stone
35007740,35000740,m35_00_00_00,73501,pickup,0,goods:1840:8,Poisoned Stone
35007780,35000780,m35_00_00_00,73504,pickup,0,goods:190:1,Rune Arc
35007900,35000900,m35_00_00_00,73503,pickup,0,goods:10915:1,Ghost Glovewort [6]
35007910,35000910,m35_00_00_00,73503,pickup,0,goods:20775:4,Root Resin
35007930,35000930,m35_00_00_00,73503,pickup,0,goods:20753:2,Sacramental Bud
35007940,35000940,m35_00_00_00,73503,pickup,0,talisman:4060:1,Crucible Scale Talisman
35007950,35000950,m35_00_00_00,73503,pickup,0,talisman:4041:1,Haligdrake Talisman +1
35007970,35000970,m35_00_00_00,73501,reward,0,goods:10165:1,Somber Smithing Stone [6]
35007980,35000980,m35_00_00_00,73503,reward,0,goods:10166:1,Somber Smithing Stone [7]
35007990,214000991,m35_00_00_00,73503,enemy,0,goods:3010:1,Omen Bairn
35007993,424035000,m35_00_00_00,73501,enemy,0,goods:10166:1,Somber Smithing Stone [7]
35007995,402035001,m35_00_00_00,73501,enemy,0,goods:10915:1,Ghost Glovewort [6]
35007997,449035001,m35_00_00_00,73501,enemy,0,goods:15410:1|goods:1235:1,Living Jar Shard|Raw Meat Dumpling
39207000,39200000,m39_20_00_00,73901,pickup,0,goods:2900:1,Golden Rune [1]
39207010,39200010,m39_20_00_00,73901,pickup,0,goods:10104:1,Smithing Stone [5]
39207020,39200020,m39_20_00_00,73901,pickup,0,goods:190:1,Rune Arc
39207030,39200030,m39_20_00_00,73901,pickup,0,goods:10162:1,Somber Smithing Stone [3]
39207040,39200040,m39_20_00_00,73901,pickup,0,weapon:7110000:1,Serpent-God's Curved Sword
39207050,39200050,m39_20_00_00,73901,pickup,0,goods:10103:1,Smithing Stone [4]
39207060,39200060,m39_20_00_00,73901,pickup,0,goods:2903:1,Golden Rune [4]
39207070,39200070,m39_20_00_00,73902,pickup,0,goods:2904:1,Golden Rune [5]
39207080,39200080,m39_20_00_00,73902,pickup,0,goods:190:1,Rune Arc
39207090,39200090,m39_20_00_00,73901,pickup,0,goods:2100:1,Soft Cotton
39207100,39200100,m39_20_00_00,73901,pickup,0,goods:2904:1,Golden Rune [5]
39207110,39200110,m39_20_00_00,73901,pickup,0,goods:2904:1,Golden Rune [5]
39207120,39200120,m39_20_00_00,73902,pickup,0,goods:10070:1,Lost Ashes of War
39207130,39200130,m39_20_00_00,73902,pickup,0,goods:10102:1,Smithing Stone [3]
39207140,39200140,m39_20_00_00,73901,pickup,0,goods:10102:1,Smithing Stone [3]
39207150,39200150,m39_20_00_00,73901,pickup,0,goods:10102:1,Smithing Stone [3]
39207160,39200160,m39_20_00_00,73901,pickup,0,goods:1410:2,Lightning Grease
39207500,39200500,m39_20_00_00,73901,reward,0,armor:140000:1|armor:140100:1|armor:140200:1|armor:140300:1,Bull-Goat Helm|Bull-Goat Armor|Bull-Goat Gauntlets|Bull-Goat Greaves
39207970,420126020,m39_20_00_00,73902,enemy,0,goods:2905:1,Golden Rune [6]
39207980,420126010,m39_20_00_00,73902,enemy,0,goods:2905:1,Golden Rune [6]
39207990,420126000,m39_20_00_00,73902,enemy,0,goods:2905:1,Golden Rune [6]
40007000,40000000,m40_00_00_00,74000,pickup,1,goods:10904:1,Grave Glovewort [5]
40007020,40000020,m40_00_00_00,74000,pickup,1,goods:2020004:3,Knot Resin
40007040,40000040,m40_00_00_00,74000,pickup,1,goods:2001410:2,Dragonbolt Grease
40007050,40000050,m40_00_00_00,74000,pickup,1,goods:10905:1,Grave Glovewort [6]
40007060,40000060,m40_00_00_00,74000,pickup,1,goods:10000:1,Glass Shard
40007070,40000070,m40_00_00_00,74000,pickup,1,goods:2002951:1,Broken Rune
40007080,40000080,m40_00_00_00,74000,pickup,1,goods:10914:1,Ghost Glovewort [5]
40007090,40000090,m40_00_00_00,74000,pickup,1,goods:2006920:1,Electrocharge
40007100,40000100,m40_00_00_00,74000,pickup,1,goods:10915:1,Ghost Glovewort [6]
40007110,40000110,m40_00_00_00,74000,pickup,1,goods:10906:1,Grave Glovewort [7]
40007120,40000120,m40_00_00_00,74000,pickup,1,goods:2020001:4,Rada Fruit
40007800,40000800,m40_00_00_00,74000,pickup,1,goods:10919:1,Great Ghost Glovewort
40007810,40000810,m40_00_00_00,74000,pickup,1,goods:2208000:1,Black Knight Commander Andreas
40007820,40000820,m40_00_00_00,74000,pickup,1,goods:2002954:1,Shadow Realm Rune [3]
40007900,40000900,m40_00_00_00,74000,pickup,1,gem:413000:1,Ash of War: Blinkbolt
40017000,40010000,m40_01_00_00,74001,pickup,1,goods:950:3,Rejuvenating Boluses
40017010,40010010,m40_01_00_00,74001,pickup,1,goods:10906:1,Grave Glovewort [7]
40017020,40010020,m40_01_00_00,74001,pickup,1,goods:2020002:5,Redflesh Mushroom
40017030,40010030,m40_01_00_00,74001,pickup,1,goods:10916:1,Ghost Glovewort [7]
40017040,40010040,m40_01_00_00,74001,pickup,1,goods:10915:1,Ghost Glovewort [6]
40017050,40010050,m40_01_00_00,74001,pickup,1,goods:2209000:1,Black Knight Captain Huw
40017060,40010060,m40_01_00_00,74001,pickup,1,goods:10918:1,Ghost Glovewort [9]
40017070,40010070,m40_01_00_00,74001,pickup,1,armor:5330000:1,Imp Head (Lion)
40017080,40010080,m40_01_00_00,74001,pickup,1,goods:2006900:1,Knight's Lightning Spear
40017090,40010090,m40_01_00_00,74001,pickup,1,goods:2020008:6,Yellow Fulgurbloom
40017100,40010100,m40_01_00_00,74001,pickup,1,goods:10906:1,Grave Glovewort [7]
40017110,40010110,m40_01_00_00,74001,pickup,1,goods:950:2,Rejuvenating Boluses
40017120,40010120,m40_01_00_00,74001,pickup,1,goods:10919:1,Great Ghost Glovewort
40017130,40010130,m40_01_00_00,74001,pickup,1,goods:10917:1,Ghost Glovewort [8]
40017140,40010140,m40_01_00_00,74001,pickup,1,goods:2002955:1,Shadow Realm Rune [4]
40017150,40010150,m40_01_00_00,74001,pickup,1,goods:2002951:1,Broken Rune
40027000,40020000,m40_02_00_00,74002,pickup,1,goods:10905:1,Grave Glovewort [6]
40027010,40020010,m40_02_00_00,74002,pickup,1,goods:10906:1,Grave Glovewort [7]
40027020,40020020,m40_02_00_00,74002,pickup,1,talisman:7020:1,Viridian Amber Medallion +3
40027100,40020100,m40_02_00_00,74002,pickup,1,goods:10916:1,Ghost Glovewort [7]
40027110,40020110,m40_02_00_00,74002,pickup,1,goods:15340:4,Thin Beast Bones
40027120,40020120,m40_02_00_00,74002,pickup,1,goods:2002956:1,Shadow Realm Rune [5]
40027130,40020130,m40_02_00_00,74002,pickup,1,armor:5200000:1|armor:5200100:1|armor:5200200:1|armor:5200300:1,Death Knight Helm|Death Knight Armor|Death Knight Gauntlets|Death Knight Greaves
40027140,40020140,m40_02_00_00,74002,pickup,1,goods:10918:1,Ghost Glovewort [9]
40027200,40020200,m40_02_00_00,74002,pickup,1,goods:10917:1,Ghost Glovewort [8]
40027210,40020210,m40_02_00_00,74002,pickup,1,goods:10919:1,Great Ghost Glovewort
40027220,40020220,m40_02_00_00,74002,pickup,1,goods:2210000:1,Bigmouth Imp Ashes
40027900,587200700,m40_02_00_00,74002,enemy,1,goods:10919:1,Great Ghost Glovewort
41007000,41000000,m41_00_00_00,74100,pickup,1,goods:2020013:6,Frozen Maggot
41007010,41000010,m41_00_00_00,74100,pickup,1,goods:2001220:1,Silver Horn Tender
41007020,41000020,m41_00_00_00,74100,pickup,1,goods:2020013:4,Frozen Maggot
41007100,41000100,m41_00_00_00,74100,pickup,1,goods:2002951:1,Broken Rune
41007110,41000110,m41_00_00_00,74100,pickup,1,goods:920:1,Thawfrost Boluses
41007120,41000120,m41_00_00_00,74100,pickup,1,goods:2002954:1,Shadow Realm Rune [3]
41007130,41000130,m41_00_00_00,74100,pickup,1,goods:10000:1,Glass Shard
41007200,41000200,m41_00_00_00,74100,pickup,1,goods:10105:3,Smithing Stone [6]
41007210,41000210,m41_00_00_00,74100,pickup,1,goods:2001700:1,Innard Meat
41007250,41000250,m41_00_00_00,74100,pickup,1,armor:5320000:1,Greatjar
41007260,41000260,m41_00_00_00,74100,pickup,1,goods:10105:4,Smithing Stone [6]
41007270,41000270,m41_00_00_00,74100,pickup,1,goods:10070:1,Lost Ashes of War
41007970,575080751,m41_00_00_00,74100,enemy,1,goods:15410:1|goods:1235:1,Living Jar Shard|Raw Meat Dumpling
41007975,575080741,m41_00_00_00,74100,enemy,1,goods:15410:1|goods:1235:1,Living Jar Shard|Raw Meat Dumpling
41007985,575080721,m41_00_00_00,74100,enemy,1,goods:15410:1|goods:1235:1,Living Jar Shard|Raw Meat Dumpling
41017010,41010010,m41_01_00_00,74101,pickup,1,weapon:52000000:10,Bolt
41017020,41010020,m41_01_00_00,74101,pickup,1,talisman:7040:1,Stalwart Horn Charm +2
41017030,41010030,m41_01_00_00,74101,pickup,1,goods:2020013:8,Frozen Maggot
41017100,41010100,m41_01_00_00,74101,pickup,1,goods:2002951:1,Broken Rune
41017110,41010110,m41_01_00_00,74101,pickup,1,goods:10107:2,Smithing Stone [8]
41017120,41010120,m41_01_00_00,74101,pickup,1,goods:1120:1,Invigorating Cured Meat
41017130,41010130,m41_01_00_00,74101,pickup,1,goods:2002951:1,Broken Rune
41017200,41010200,m41_01_00_00,74101,pickup,1,goods:2002951:1,Broken Rune
41017210,41010210,m41_01_00_00,74101,pickup,1,goods:10070:1,Lost Ashes of War
41017220,41010220,m41_01_00_00,74101,pickup,1,weapon:21550000:1,Shield of Night
41017230,41010230,m41_01_00_00,74101,pickup,1,goods:2001700:1,Innard Meat
41017240,41010240,m41_01_00_00,74101,pickup,1,goods:1235:1,Raw Meat Dumpling
41017300,41010300,m41_01_00_00,74101,pickup,1,armor:5090000:1|armor:5090100:1|armor:5090200:1|armor:5090300:1,Helm of Night|Armor of Night|Gauntlets of Night|Greaves of Night
41017310,41010310,m41_01_00_00,74101,pickup,1,goods:2001220:1,Silver Horn Tender
41017980,575090731,m41_01_00_00,74101,enemy,1,goods:15410:1|goods:1235:1,Living Jar Shard|Raw Meat Dumpling
41017990,575090711,m41_01_00_00,74101,enemy,1,goods:15410:1|goods:1235:1,Living Jar Shard|Raw Meat Dumpling
41017995,575090701,m41_01_00_00,74101,enemy,1,goods:15410:1|goods:1235:1,Living Jar Shard|Raw Meat Dumpling
41027000,41020000,m41_02_00_00,74102,pickup,1,goods:2008005:1,Gaol Upper Level Key
41027010,41020010,m41_02_00_00,74102,pickup,1,goods:2002150:1,"Prattling Pate ""Lamentation"""
41027100,41020100,m41_02_00_00,74102,pickup,1,weapon:61510000:1,Chilling Perfume Bottle
41027110,41020110,m41_02_00_00,74102,pickup,1,goods:2003150:1,Call of Tibia
41027120,41020120,m41_02_00_00,74102,pickup,1,goods:2002955:1,Shadow Realm Rune [4]
41027130,41020130,m41_02_00_00,74102,pickup,1,weapon:24510000:1,Lamenting Visage
41027200,41020200,m41_02_00_00,74102,pickup,1,goods:2001700:2,Innard Meat
41027210,41020210,m41_02_00_00,74102,pickup,1,talisman:7060:1,Clarifying Horn Charm +2
41027300,41020300,m41_02_00_00,74102,pickup,1,goods:15410:6,Living Jar Shard
41027320,41020320,m41_02_00_00,74102,pickup,1,goods:2008006:1,Gaol Lower Level Key
41027985,575084721,m41_02_00_00,74102,enemy,1,goods:15410:1|goods:1235:1,Living Jar Shard|Raw Meat Dumpling
41027990,575084711,m41_02_00_00,74102,enemy,1,goods:15410:1|goods:1235:1,Living Jar Shard|Raw Meat Dumpling
41027995,575084701,m41_02_00_00,74102,enemy,1,goods:15410:1|goods:1235:1,Living Jar Shard|Raw Meat Dumpling
42007000,42000000,m42_00_00_00,74200,reward,1,weapon:12510000:1|goods:10140:1,Anvil Hammer|Ancient Dragon Smithing Stone
42007100,42000100,m42_00_00_00,74200,pickup,1,goods:10105:6,Smithing Stone [6]
42007110,42000110,m42_00_00_00,74200,pickup,1,goods:10104:4,Smithing Stone [5]
42007130,42000130,m42_00_00_00,74200,pickup,1,goods:10106:5,Smithing Stone [7]
42007140,42000140,m42_00_00_00,74200,pickup,1,goods:10106:3,Smithing Stone [7]
42007150,42000150,m42_00_00_00,74200,pickup,1,weapon:63500000:1,Smithscript Dagger
42007160,42000160,m42_00_00_00,74200,pickup,1,goods:10166:1,Somber Smithing Stone [7]
42007170,42000170,m42_00_00_00,74200,pickup,1,goods:10164:1,Somber Smithing Stone [5]
42007180,42000180,m42_00_00_00,74200,pickup,1,goods:10000:1,Glass Shard
42027000,42020000,m42_02_00_00,74202,reward,1,weapon:4500000:1|goods:10140:1,Ancient Meteoric Ore Greatsword|Ancient Dragon Smithing Stone
42027010,42020010,m42_02_00_00,74202,pickup,1,goods:10000:1,Glass Shard
42027020,42020020,m42_02_00_00,74202,pickup,1,goods:10167:1,Somber Smithing Stone [8]
42027030,42020030,m42_02_00_00,74202,pickup,1,talisman:8110:1,Smithing Talisman
42027040,42020040,m42_02_00_00,74202,pickup,1,goods:10167:1,Somber Smithing Stone [8]
42027050,42020050,m42_02_00_00,74202,pickup,1,weapon:16500000:1,Smithscript Spear
42027060,42020060,m42_02_00_00,74202,pickup,1,weapon:64510000:1,Smithscript Cirque
42027070,42020070,m42_02_00_00,74202,pickup,1,goods:10105:5,Smithing Stone [6]
42027080,42020080,m42_02_00_00,74202,pickup,1,goods:10107:3,Smithing Stone [8]
42037000,42030000,m42_03_00_00,74203,reward,1,goods:2212000:1|goods:10140:1,Taylew the Golem Smith|Ancient Dragon Smithing Stone
42037100,42030100,m42_03_00_00,74203,pickup,1,weapon:14500000:1,Smithscript Axe
42037110,42030110,m42_03_00_00,74203,pickup,1,goods:10140:1,Ancient Dragon Smithing Stone
42037120,42030120,m42_03_00_00,74203,pickup,1,weapon:30510000:1,Smithscript Shield
42037130,42030130,m42_03_00_00,74203,pickup,1,goods:10200:1,Somber Smithing Stone [9]
42037140,42030140,m42_03_00_00,74203,pickup,1,goods:10167:1,Somber Smithing Stone [8]
42037150,42030150,m42_03_00_00,74203,pickup,1,goods:2002954:1,Shadow Realm Rune [3]
42037160,42030160,m42_03_00_00,74203,pickup,1,weapon:12500000:1,Smithscript Greathammer
42037170,42030170,m42_03_00_00,74203,pickup,1,goods:10107:2,Smithing Stone [8]
42037180,42030180,m42_03_00_00,74203,pickup,1,goods:10107:3,Smithing Stone [8]
43007000,43000000,m43_00_00_00,74300,pickup,1,goods:15000:3,Sliver of Meat
43007010,43000010,m43_00_00_00,74300,pickup,1,goods:15341:2,Hefty Beast Bone
43007020,43000020,m43_00_00_00,74300,pickup,1,goods:2002952:1,Shadow Realm Rune [1]
43007030,43000030,m43_00_00_00,74300,pickup,1,goods:2020012:6,Sanguine Amaryllis
43007040,43000040,m43_00_00_00,74300,pickup,1,goods:2001210:3,Sacred Bloody Flesh
43007050,43000050,m43_00_00_00,74300,pickup,1,goods:2001210:1,Sacred Bloody Flesh
43017000,43010000,m43_01_00_00,74301,pickup,1,goods:10106:4,Smithing Stone [7]
43017010,43010010,m43_01_00_00,74301,pickup,1,goods:2002953:1,Shadow Realm Rune [2]
43017020,43010020,m43_01_00_00,74301,pickup,1,goods:2020004:4,Knot Resin
43017030,43010030,m43_01_00_00,74301,pickup,1,goods:10104:3,Smithing Stone [5]
43017040,43010040,m43_01_00_00,74351,pickup,1,goods:10106:3,Smithing Stone [7]
43017900,43010900,m43_01_00_00,74301,reward,1,goods:10060:1|goods:10140:1,Dragon Heart|Ancient Dragon Smithing Stone
1033407100,1033400100,m60_33_40_00,76252,pickup,0,goods:4361:1,Ranni's Dark Moon
1033417000,1033410000,m60_33_41_00,76252,pickup,0,goods:10106:3,Smithing Stone [7]
1033417010,1033410010,m60_33_41_00,76252,pickup,0,goods:10107:3,Smithing Stone [8]
1033417020,1033410020,m60_33_41_00,76252,pickup,0,goods:10106:3,Smithing Stone [7]
1033417400,1033410400,m60_33_41_00,76250,reward,0,goods:10060:1,Dragon Heart
1033417410,1033410410,m60_33_41_00,76250,reward,0,goods:10060:1,Dragon Heart
1033447000,1033440000,m60_33_44_00,76218,pickup,0,goods:1235:1,Raw Meat Dumpling
1033447010,1033440010,m60_33_44_00,76218,pickup,0,goods:1235:1,Raw Meat Dumpling
1033447020,1033440020,m60_33_44_00,76218,pickup,0,goods:1235:1,Raw Meat Dumpling
1033447030,1033440030,m60_33_44_00,76218,pickup,0,goods:1235:1,Raw Meat Dumpling
1033447040,1033440040,m60_33_44_00,76218,pickup,0,goods:1235:1,Raw Meat Dumpling
1033457100,1033450100,m60_33_45_00,76210,other,0,weapon:9070000:1,Dragonscale Blade
1033457990,420120000,m60_33_45_00,76210,enemy,0,goods:2905:1,Golden Rune [6]
1033467000,1033460000,m60_33_46_00,76210,pickup,0,goods:15160:1,Strip of White Flesh
1033467030,1033460030,m60_33_46_00,76210,pickup,0,goods:1440:3,Blood Grease
1033467040,1033460040,m60_33_46_00,76210,pickup,0,weapon:32120000:1,Jellyfish Shield
1033477000,1033470000,m60_33_47_00,76227,pickup,0,goods:10162:1,Somber Smithing Stone [3]
1033477010,1033470010,m60_33_47_00,76227,pickup,0,goods:10103:1,Smithing Stone [4]
1033477020,1033470020,m60_33_47_00,76227,pickup,0,goods:8186:1,Imbued Sword Key
1033477030,1033470030,m60_33_47_00,76227,pickup,0,goods:190:1,Rune Arc
1033477200,1033470200,m60_08_11_02,76227,pickup,0,weapon:2180000:1,Carian Knight's Sword
1033477900,1033470900,m60_33_47_00,76227,pickup,0,goods:15420:6,Albinauric Bloodclot
1033477910,1033470910,m60_33_47_00,76227,pickup,0,goods:3030:10,Cuckoo Glintstone
1034417000,1034410000,m60_34_41_00,76250,pickup,0,goods:20855:5,Gravel Stone
1034427000,1034420000,m60_34_42_00,76250,pickup,0,goods:2908:1,Golden Rune [9]
1034427010,1034420010,m60_34_42_00,76250,pickup,0,goods:1420:1,Magic Grease
1034427020,1034420020,m60_34_42_00,76220,pickup,0,goods:15420:1,Albinauric Bloodclot
1034427030,1034420030,m60_34_42_00,76220,pickup,0,goods:10101:2,Smithing Stone [2]
1034427040,1034420040,m60_34_42_00,76250,pickup,0,goods:190:1,Rune Arc
1034427050,1034420050,m60_34_42_00,76220,pickup,0,weapon:2150000:1,Crystal Sword
1034427060,1034420060,m60_34_42_00,76220,pickup,0,goods:8185:1,Larval Tear
1034427100,1034420100,m60_34_42_00,76220,pickup,0,goods:10167:1,Somber Smithing Stone [8]
1034427400,1034420400,m60_34_42_00,76250,reward,0,goods:10060:1,Dragon Heart
1034437000,1034430000,m60_34_43_00,76237,pickup,0,goods:1420:2,Magic Grease
1034437200,1034430200,m60_34_43_00,76237,reward,0,goods:2905:1,Golden Rune [6]
1034437300,1034430300,m60_34_43_00,76237,pickup,0,goods:3030:5,Cuckoo Glintstone
1034447000,1034440000,m60_34_44_00,76241,pickup,0,goods:20751:3,Rimed Crystal Bud
1034447010,1034440010,m60_34_44_00,76241,pickup,0,goods:10101:3,Smithing Stone [2]
1034447900,1034440900,m60_34_44_00,76241,pickup,0,weapon:14080000:1,Icerind Hatchet
1034457010,1034450010,m60_34_45_00,76243,pickup,0,goods:1480:1,Dragonwound Grease
1034457020,1034450020,m60_34_45_00,76243,pickup,0,goods:1730:6,Kukri
1034457100,1034450100,m60_34_45_00,76243,pickup,0,goods:8109:1,Academy Glintstone Key
1034467100,1034460100,m60_34_46_00,76243,pickup,0,goods:10102:3,Smithing Stone [3]
1034477000,1034470000,m60_34_47_00,76227,pickup,0,goods:1700:6,Throwing Dagger
1034477110,1034471010,m60_34_47_00,76211,pickup,0,goods:2900:1,Golden Rune [1]
1034477120,1034471020,m60_34_47_00,76211,pickup,0,goods:2902:1,Golden Rune [3]
1034477130,1034471030,m60_34_47_00,76211,pickup,0,goods:2902:1,Golden Rune [3]
1034477140,1034471040,m60_34_47_00,76211,pickup,0,goods:2900:1,Golden Rune [1]
1034477150,1034471050,m60_34_47_00,76211,pickup,0,goods:2904:1,Golden Rune [5]
1034477160,1034471060,m60_34_47_00,76211,pickup,0,goods:2902:1,Golden Rune [3]
1034477170,1034471070,m60_34_47_00,76211,pickup,0,goods:2901:1,Golden Rune [2]
1034477180,1034471080,m60_34_47_00,76211,pickup,0,goods:2902:1,Golden Rune [3]
1034477190,1034471090,m60_34_47_00,76211,pickup,0,goods:2902:1,Golden Rune [3]
1034477200,1034471100,m60_34_47_00,76211,pickup,0,goods:2903:1,Golden Rune [4]
1034477210,1034471110,m60_34_47_00,76211,pickup,0,goods:2901:1,Golden Rune [2]
1034477220,1034471120,m60_34_47_00,76211,pickup,0,goods:2903:1,Golden Rune [4]
1034477300,1034471300,m60_34_47_00,76211,reward,0,goods:2905:1,Golden Rune [6]
1034477310,1034471310,m60_34_47_00,76211,reward,0,goods:2905:1,Golden Rune [6]
1034477500,1034471500,m60_34_47_00,76211,pickup,0,goods:2901:1,Golden Rune [2]
1034487000,1034480000,m60_34_48_00,76213,pickup,0,goods:20751:8,Rimed Crystal Bud
1034487010,1034480010,m60_34_48_00,76213,pickup,0,goods:20812:4,Glintstone Firefly
1034487100,1034480100,m60_34_48_00,76212,pickup,0,weapon:5050000:1,Frozen Needle
1034487300,1034481300,m60_34_48_00,76211,reward,0,goods:2905:1,Golden Rune [6]
1034487310,1034481310,m60_34_48_00,76211,reward,0,goods:2905:1,Golden Rune [6]
1034507010,1034500010,m60_34_50_00,76228,pickup,0,goods:2902:1,Golden Rune [3]
1034507020,1034500020,m60_34_50_00,76228,pickup,0,goods:2903:1,Golden Rune [4]
1034507030,1034500030,m60_34_50_00,76228,pickup,0,goods:2904:1,Golden Rune [5]
1034507040,1034500040,m60_34_50_00,76228,pickup,0,goods:2900:1,Golden Rune [1]
1034507050,1034500050,m60_34_50_00,76228,pickup,0,goods:2902:1,Golden Rune [3]
1034507060,1034500060,m60_34_50_00,76228,pickup,0,goods:2902:1,Golden Rune [3]
1034507070,1034500070,m60_34_50_00,76228,pickup,0,goods:2901:1,Golden Rune [2]
1034507080,1034500080,m60_34_50_00,76228,pickup,0,goods:2902:1,Golden Rune [3]
1034507090,1034500090,m60_34_50_00,76231,pickup,0,armor:170000:1,Black Wolf Mask
1034517900,1034510900,m60_34_51_00,76232,pickup,0,armor:1010000:1|armor:1010100:1|armor:1010300:1,Snow Witch Hat|Snow Witch Robe|Snow Witch Skirt
1035417000,1035410000,m60_35_41_00,76251,pickup,0,goods:2909:1,Golden Rune [10]
1035417010,1035410010,m60_35_41_00,76251,pickup,0,goods:20812:5,Glintstone Firefly
1035417100,1035410100,m60_35_41_00,76251,pickup,0,talisman:1012:1,Cerulean Amber Medallion +2
1035417110,1035410110,m60_35_41_00,76251,pickup,0,goods:10107:3,Smithing Stone [8]
1035417980,402022011,m60_35_41_00,76251,enemy,0,goods:10911:1,Ghost Glovewort [2]
1035417990,402022001,m60_35_41_00,76251,enemy,0,goods:10911:1,Ghost Glovewort [2]
1035427010,1035420010,m60_35_42_00,76219,pickup,0,goods:10101:2,Smithing Stone [2]
1035427030,1035420030,m60_35_42_00,76220,pickup,0,goods:190:1,Rune Arc
1035427040,1035420040,m60_35_42_00,76220,pickup,0,weapon:1130000:1,Ivory Sickle
1035427100,1035420100,m60_35_42_00,76251,pickup,0,goods:1290:1,Starlight Shards
1035427110,1035420110,m60_35_42_00,76251,pickup,0,goods:1290:1,Starlight Shards
1035427120,1035420120,m60_35_42_00,76251,pickup,0,goods:1290:1,Starlight Shards
1035427130,1035420130,m60_35_42_00,76251,pickup,0,goods:1290:1,Starlight Shards
1035427140,1035420140,m60_35_42_00,76251,pickup,0,goods:1290:1,Starlight Shards
1035427150,1035420150,m60_35_42_00,76251,pickup,0,goods:1290:1,Starlight Shards
1035427160,1035420160,m60_35_42_00,76251,pickup,0,goods:1290:1,Starlight Shards
1035427170,1035420170,m60_35_42_00,76251,pickup,0,goods:1290:1,Starlight Shards
1035427180,1035420180,m60_35_42_00,76251,pickup,0,goods:1290:1,Starlight Shards
1035427190,1035420190,m60_35_42_00,76251,pickup,0,goods:1290:1,Starlight Shards
1035427200,1035420200,m60_35_42_00,76251,pickup,0,goods:1290:1,Starlight Shards
1035437010,1035430010,m60_35_43_00,76219,pickup,0,goods:10160:2,Somber Smithing Stone [1]
1035437100,1035430100,m60_35_43_00,76236,reward,0,goods:8185:1,Larval Tear
1035447000,1035440000,m60_35_44_00,76205,pickup,0,goods:10102:1,Smithing Stone [3]
1035447010,1035440010,m60_35_44_00,76205,pickup,0,goods:2900:1,Golden Rune [1]
1035447020,1035440020,m60_35_44_00,76205,pickup,0,goods:2903:1,Golden Rune [4]
1035447030,1035440030,m60_35_44_00,76205,pickup,0,goods:2902:1,Golden Rune [3]
1035447040,1035440040,m60_35_44_00,76205,pickup,0,goods:2901:1,Golden Rune [2]
1035447050,1035440050,m60_35_44_00,76205,pickup,0,goods:2903:1,Golden Rune [4]
1035447060,1035440060,m60_35_44_00,76205,pickup,0,goods:2901:1,Golden Rune [2]
1035447070,1035440070,m60_35_44_00,76205,pickup,0,goods:2900:1,Golden Rune [1]
1035447080,1035440080,m60_35_44_00,76205,pickup,0,goods:2904:1,Golden Rune [5]
1035447090,1035440090,m60_35_44_00,76205,pickup,0,goods:2901:1,Golden Rune [2]
1035447100,1035440100,m60_35_44_00,76205,pickup,0,goods:2902:1,Golden Rune [3]
1035447110,1035440110,m60_35_44_00,76205,pickup,0,goods:10101:3,Smithing Stone [2]
1035447120,1035440120,m60_35_44_00,76205,pickup,0,weapon:30100000:1,Blue-White Wooden Shield
1035447990,446002001,m60_35_44_00,76205,enemy,0,goods:20802:5|goods:20682:3,Smoldering Butterfly|Fire Blossom
1035457000,1035450000,m60_35_45_00,76205,pickup,0,goods:2130:1,Celestial Dew
1035457030,1035450030,m60_35_45_00,76205,pickup,0,goods:15160:2,Strip of White Flesh
1035457100,1035450100,m60_35_45_00,76205,pickup,0,goods:8198:1,Meeting Place Map
1035467020,1035460020,m60_35_46_00,76206,pickup,0,goods:8000:1,Stonesword Key
1035467100,1035460100,m60_35_46_00,76242,pickup,0,goods:10010:1,Golden Seed
1035467700,1035460700,m60_35_46_00,76242,reward,0,gem:80200:1,Ash of War: Raptor of the Mists
1035477010,1035470010,m60_35_47_00,76242,pickup,0,goods:10101:3,Smithing Stone [2]
1035487010,1035480010,m60_35_48_00,76211,pickup,0,goods:15040:2,Old Fang
1035487020,1035480020,m60_35_48_00,76235,pickup,0,goods:1450:3,Soporific Grease
1035487030,1035480030,m60_35_48_00,76207,pickup,0,goods:15020:1,Lump of Flesh
1035487100,1035480100,m60_35_48_00,76211,reward,0,goods:2905:1,Golden Rune [6]
1035497020,1035490020,m60_35_49_00,76235,pickup,0,goods:10163:1,Somber Smithing Stone [4]
1035497990,424020000,m60_35_49_00,76214,enemy,0,goods:10161:1,Somber Smithing Stone [2]
1035507000,1035500000,m60_35_50_00,76230,pickup,0,goods:190:1,Rune Arc
1035507010,1035500010,m60_35_50_00,76214,pickup,0,goods:2903:1,Golden Rune [4]
1035507020,1035500020,m60_35_50_00,76214,pickup,0,goods:8000:1,Stonesword Key
1035507030,1035500030,m60_35_50_00,76231,pickup,0,goods:15120:3,Slumbering Egg
1035507050,1035500050,m60_35_50_00,76214,pickup,0,goods:10162:1,Somber Smithing Stone [3]
1035507060,1035500060,m60_35_50_00,76230,pickup,0,goods:2902:1,Golden Rune [3]
1035507070,1035500070,m60_35_50_00,76232,pickup,0,goods:1740:8,Crystal Dart
1035507080,1035500080,m60_35_50_00,76238,pickup,0,goods:10103:1,Smithing Stone [4]
1035507090,1035500090,m60_35_50_00,76231,pickup,0,gem:21800:1,Ash of War: Carian Grandeur
1035507100,1035500100,m60_35_50_00,76230,pickup,0,goods:10162:1,Somber Smithing Stone [3]
1035507110,1035500110,m60_35_50_00,76231,pickup,0,goods:1150:1,Spellproof Dried Liver
1035507120,1035500120,m60_35_50_00,76214,pickup,0,goods:20751:5,Rimed Crystal Bud
1035507130,1035500130,m60_35_50_00,76214,pickup,0,goods:10101:3,Smithing Stone [2]
1035507140,1035500140,m60_35_50_00,76231,pickup,0,goods:10103:1,Smithing Stone [4]
1035507150,1035500150,m60_35_50_00,76214,pickup,0,weapon:20070000:1,Urumi
1035507160,1035500160,m60_35_50_00,76230,pickup,0,goods:10102:1,Smithing Stone [3]
1035507170,1035500170,m60_35_50_00,76232,pickup,0,goods:2903:1,Golden Rune [4]
1035507180,1035500180,m60_35_50_00,76231,pickup,0,goods:15040:5,Old Fang
1035507190,1035500190,m60_35_50_00,76231,pickup,0,goods:20812:6,Glintstone Firefly
1035507200,1035500200,m60_35_50_00,76230,pickup,0,weapon:30140000:1,Ice Crest Shield
1035507220,1035500220,m60_35_50_00,76230,pickup,0,goods:1420:2,Magic Grease
1035507230,1035500230,m60_35_50_00,76232,pickup,0,goods:20751:5,Rimed Crystal Bud
1035507240,1035500240,m60_35_50_00,76238,pickup,0,goods:20751:3,Rimed Crystal Bud
1035507250,1035500250,m60_35_50_00,76214,pickup,0,goods:20751:8,Rimed Crystal Bud
1035507260,1035500260,m60_35_50_00,76214,pickup,0,goods:20751:3,Rimed Crystal Bud
1035507270,1035500270,m60_35_50_00,76231,pickup,0,goods:20751:2,Rimed Crystal Bud
1035507280,1035500280,m60_35_50_00,76214,pickup,0,goods:20751:2,Rimed Crystal Bud
1035507300,1035500300,m60_35_50_00,76230,pickup,0,goods:10010:1,Golden Seed
1035507610,449021021,m60_35_50_00,76230,enemy,0,goods:15410:1|goods:1235:1,Living Jar Shard|Raw Meat Dumpling
1035507620,449021011,m60_35_50_00,76230,enemy,0,goods:15410:1|goods:1235:1,Living Jar Shard|Raw Meat Dumpling
1035507630,449021001,m60_35_50_00,76232,enemy,0,goods:15410:1|goods:1235:1,Living Jar Shard|Raw Meat Dumpling
1035507650,424021160,m60_35_50_00,76231,enemy,0,goods:10161:1,Somber Smithing Stone [2]
1035507660,424021150,m60_35_50_00,76231,enemy,0,goods:10161:1,Somber Smithing Stone [2]
1035507670,424021140,m60_35_50_00,76231,enemy,0,goods:10161:1,Somber Smithing Stone [2]
1035507680,424021130,m60_35_50_00,76231,enemy,0,goods:10161:1,Somber Smithing Stone [2]
1035507690,424021120,m60_35_50_00,76231,enemy,0,goods:10161:1,Somber Smithing Stone [2]
1035507700,424021110,m60_35_50_00,76231,enemy,0,goods:10161:1,Somber Smithing Stone [2]
1035507710,424021100,m60_35_50_00,76231,enemy,0,goods:10161:1,Somber Smithing Stone [2]
1035507720,424021090,m60_35_50_00,76231,enemy,0,goods:10161:1,Somber Smithing Stone [2]
1035507730,424021080,m60_35_50_00,76231,enemy,0,goods:10161:1,Somber Smithing Stone [2]
1035507740,424021070,m60_35_50_00,76230,enemy,0,goods:10161:1,Somber Smithing Stone [2]
1035507750,424021060,m60_35_50_00,76230,enemy,0,goods:10161:1,Somber Smithing Stone [2]
1035507760,424021050,m60_35_50_00,76214,enemy,0,goods:10161:1,Somber Smithing Stone [2]
1035507770,424021040,m60_35_50_00,76214,enemy,0,goods:10161:1,Somber Smithing Stone [2]
1035507780,424021030,m60_35_50_00,76214,enemy,0,goods:10161:1,Somber Smithing Stone [2]
1035507790,424021020,m60_35_50_00,76214,enemy,0,goods:10161:1,Somber Smithing Stone [2]
1035507800,424021010,m60_35_50_00,76214,enemy,0,goods:10161:1,Somber Smithing Stone [2]
1035507900,1035500900,m60_35_50_00,76214,pickup,0,weapon:2140000:1,Sword of Night and Flame
1035507990,460021400,m60_35_50_00,76232,enemy,0,weapon:4110000:1,Troll Knight's Sword
1035527010,1035520010,m60_35_52_00,76356,pickup,0,goods:2901:1,Golden Rune [2]
1035527020,1035520020,m60_35_52_00,76356,pickup,0,goods:2903:1,Golden Rune [4]
1035527030,1035520030,m60_35_52_00,76356,pickup,0,goods:2901:1,Golden Rune [2]
1035527040,1035520040,m60_35_52_00,76356,pickup,0,goods:2905:1,Golden Rune [6]
1035537000,1035530000,m60_35_53_00,76355,pickup,0,goods:20802:8,Smoldering Butterfly
1035537010,1035530010,m60_35_53_00,76355,pickup,0,goods:2902:1,Golden Rune [3]
1035537020,1035530020,m60_08_13_02,76355,pickup,0,goods:20760:5,Mushroom
1035537030,1035530030,m60_35_53_00,76355,pickup,0,goods:20802:2,Smoldering Butterfly
1035537040,1035530040,m60_35_53_00,76355,pickup,0,goods:20802:5,Smoldering Butterfly
1035537050,1035530050,m60_35_53_00,76355,pickup,0,goods:2904:1,Golden Rune [5]
1035537980,446032011,m60_35_53_00,76355,enemy,0,goods:20802:5|goods:20682:3,Smoldering Butterfly|Fire Blossom
1035537990,446032001,m60_35_53_00,76355,enemy,0,goods:20802:5|goods:20682:3,Smoldering Butterfly|Fire Blossom
1035547000,1035540000,m60_35_54_00,76353,pickup,0,goods:1480:1,Dragonwound Grease
1035547010,1035540010,m60_35_54_00,76353,pickup,0,goods:2902:1,Golden Rune [3]
1035547020,1035540020,m60_35_54_00,76355,pickup,0,goods:8000:1,Stonesword Key
1035547050,1035540050,m60_35_54_00,76355,pickup,0,talisman:2020:1,Fire Scorpion Charm
1035547060,1035540060,m60_35_54_00,76355,pickup,0,goods:2907:1,Golden Rune [8]
1035547070,1035540070,m60_35_54_00,76355,pickup,0,goods:15120:3,Slumbering Egg
1035547700,391000704,m60_35_54_00,76355,enemy,0,weapon:23000000:1,Prelate's Inferno Crozier
1035547980,424032000,m60_35_54_00,76353,enemy,0,goods:10163:1,Somber Smithing Stone [4]
1035547990,446032021,m60_35_54_00,76355,enemy,0,goods:20802:5|goods:20682:3,Smoldering Butterfly|Fire Blossom
1036417000,1036410000,m60_36_41_00,76215,pickup,0,goods:8855:1,Fire Monks' Prayerbook
1036417010,1036410010,m60_36_41_00,76215,pickup,0,goods:1140:1,Dappled Cured Meat
1036417020,1036410020,m60_36_41_00,76215,pickup,0,goods:190:1,Rune Arc
1036437000,1036430000,m60_36_43_00,76236,pickup,0,goods:10101:3,Smithing Stone [2]
1036437020,1036430020,m60_36_43_00,76236,pickup,0,goods:20685:4,Tarnished Golden Sunflower
1036437030,1036430030,m60_36_43_00,76204,pickup,0,goods:2020:4,Rainbow Stone
1036447000,1036440000,m60_36_44_00,76204,pickup,0,goods:20750:2,Crystal Bud
1036447010,1036440010,m60_36_44_00,76204,pickup,0,goods:20691:2,Arteria Leaf
1036447040,1036440040,m60_36_44_00,76236,pickup,0,goods:10101:3,Smithing Stone [2]
1036447050,1036440050,m60_36_44_00,76205,pickup,0,weapon:50060000:6,Shattershard Arrow (Fletched)
1036447060,1036440060,m60_36_44_00,76205,pickup,0,goods:20812:4,Glintstone Firefly
1036447300,1036440300,m60_36_44_00,76236,pickup,0,goods:10010:1,Golden Seed
1036457020,1036450020,m60_36_45_00,76205,pickup,0,goods:20842:3,Crystal Cave Moss
1036457110,1036450110,m60_36_45_00,76205,pickup,0,goods:8000:1,Stonesword Key
1036457400,1036450400,m60_36_45_00,76233,reward,0,goods:5001:1,Ancient Death Rancor
1036477000,1036470000,m60_36_47_00,76207,pickup,0,goods:10162:1,Somber Smithing Stone [3]
1036487000,1036480000,m60_36_48_00,76208,pickup,0,goods:20795:3,Sanctuary Stone
1036487400,1036480400,m60_36_48_00,76208,reward,0,gem:11600:1|weapon:18050000:1,Ash of War: Giant Hunt|Nightrider Glaive
1036497000,1036490000,m60_36_49_00,76208,pickup,0,goods:10020:1,Sacred Tear
1036507010,1036500010,m60_36_50_00,76238,pickup,0,goods:2902:1,Golden Rune [3]
1036507020,1036500020,m60_36_50_00,76238,pickup,0,goods:920:1,Thawfrost Boluses
1036507030,1036500030,m60_36_50_00,76230,pickup,0,goods:211000:1,Albinauric Ashes
1036517000,1036510000,m60_36_51_00,76356,pickup,0,goods:2904:1,Golden Rune [5]
1036517700,482000500,m60_36_51_00,76356,enemy,0,armor:1890100:1|armor:1890200:1|armor:1890300:1,Omenkiller Robe|Omenkiller Long Gloves|Omenkiller Boots
1036527000,1036520000,m60_36_52_00,76356,pickup,0,goods:10105:3,Smithing Stone [6]
1036527010,1036520010,m60_36_52_00,76356,pickup,0,talisman:2220:1,Perfumer's Talisman
1036527020,1036520020,m60_36_52_00,76356,pickup,0,goods:20841:4,Budding Cave Moss
1036527030,1036520030,m60_36_52_00,76356,pickup,0,goods:20800:1,Nascent Butterfly
1036527040,1036520040,m60_36_52_00,76356,pickup,0,goods:20855:1,Gravel Stone
1036527050,1036520050,m60_36_52_00,76356,pickup,0,goods:4820:1,Roiling Magma
1036527060,1036520060,m60_36_52_00,76356,pickup,0,weapon:43050000:1,Pulley Crossbow
1036537000,1036530000,m60_36_53_00,76355,pickup,0,goods:2905:1,Golden Rune [6]
1036547000,1036540000,m60_36_54_00,76352,pickup,0,goods:2902:1,Golden Rune [3]
1036547010,1036540010,m60_36_54_00,76353,pickup,0,goods:20802:4,Smoldering Butterfly
1036547020,1036540020,m60_36_54_00,76353,pickup,0,goods:2906:1,Golden Rune [7]
1036547030,1036540030,m60_36_54_00,76353,pickup,0,goods:20802:6,Smoldering Butterfly
1036547040,1036540040,m60_36_54_00,76352,pickup,0,goods:1290:1,Starlight Shards
1036547050,1036540050,m60_36_54_00,76353,pickup,0,goods:1160:3,Fireproof Dried Liver
1036547100,1036540100,m60_36_54_00,76353,reward,0,goods:8185:1,Larval Tear
1036547400,1036540400,m60_36_54_00,76353,pickup,0,goods:10010:1,Golden Seed
1036547990,424032010,m60_35_54_00,76353,enemy,0,goods:10163:1,Somber Smithing Stone [4]
1037417010,1037410010,m60_37_41_00,76215,pickup,0,weapon:53000000:5,Ballista Bolt
1037427000,1037420000,m60_37_42_00,76202,pickup,0,goods:2902:1,Golden Rune [3]
1037427010,1037420010,m60_37_42_00,76202,pickup,0,goods:10102:1,Smithing Stone [3]
1037427030,1037420030,m60_37_42_00,76203,pickup,0,goods:10000:1,Glass Shard
1037427400,1037420400,m60_37_42_00,76203,reward,0,talisman:2040:1,Red-Feathered Branchsword
1037427900,1037420900,m60_37_42_00,76202,pickup,0,goods:3080:1,Wraith Calling Bell
1037427990,402020001,m60_37_42_00,76202,enemy,0,goods:10911:1,Ghost Glovewort [2]
1037437000,1037430000,m60_37_43_00,76204,pickup,0,goods:2902:1,Golden Rune [3]
1037437010,1037430010,m60_37_43_00,76204,pickup,0,goods:10102:3,Smithing Stone [3]
1037447000,1037440000,m60_37_44_00,76204,pickup,0,goods:2903:1,Golden Rune [4]
1037447010,1037440010,m60_37_44_00,76204,pickup,0,goods:1420:1,Magic Grease
1037457100,1037450100,m60_37_45_00,76223,pickup,0,goods:10102:3,Smithing Stone [3]
1037467000,1037460000,m60_37_46_00,76224,pickup,0,goods:8162:1,Gold Sewing Needle
1037467010,1037460010,m60_37_46_00,76224,pickup,0,goods:15430:5,Stormhawk Feather
1037467400,1037460400,m60_37_46_00,76224,reward,0,goods:8946:1,Meat Peddler's Bell Bearing
1037477000,1037470000,m60_37_47_00,76225,pickup,0,goods:20654:1,Grave Violet
1037477010,1037470010,m60_37_47_00,76226,pickup,0,goods:20691:3,Arteria Leaf
1037477020,1037470020,m60_37_47_00,76226,pickup,0,talisman:1160:1,Stalwart Horn Charm
1037477030,1037470030,m60_37_47_00,76225,pickup,0,weapon:30190000:1,Spiralhorn Shield
1037487000,1037480000,m60_37_48_00,76208,pickup,0,goods:15120:2,Slumbering Egg
1037487010,1037480010,m60_37_48_00,76226,pickup,0,goods:2902:1,Golden Rune [3]
1037487020,1037480020,m60_37_48_00,76226,pickup,0,goods:2902:1,Golden Rune [3]
1037487030,1037480030,m60_37_48_00,76226,pickup,0,goods:2900:1,Golden Rune [1]
1037487040,1037480040,m60_37_48_00,76226,pickup,0,goods:2906:1,Golden Rune [7]
1037487050,1037480050,m60_37_48_00,76226,pickup,0,goods:2902:1,Golden Rune [3]
1037487060,1037480060,m60_37_48_00,76226,pickup,0,goods:2901:1,Golden Rune [2]
1037487070,1037480070,m60_37_48_00,76226,pickup,0,goods:2903:1,Golden Rune [4]
1037487080,1037480080,m60_37_48_00,76226,pickup,0,goods:2902:1,Golden Rune [3]
1037497000,1037490000,m60_37_49_00,76240,pickup,0,goods:3030:3,Cuckoo Glintstone
1037497010,1037490010,m60_37_49_00,76208,pickup,0,goods:190:1,Rune Arc
1037497020,1037490020,m60_37_49_00,76240,pickup,0,goods:190:1,Rune Arc
1037497030,1037490030,m60_37_49_00,76240,pickup,0,armor:902000:1|armor:902100:1|armor:902300:1,Finger Maiden Fillet|Finger Maiden Robe|Finger Maiden Shoes
1037497100,1037490100,m60_37_49_00,76240,pickup,0,goods:10020:1,Sacred Tear
1037497200,1037490200,m60_37_49_00,76240,pickup,0,weapon:12060000:1,Great Mace
1037497300,1037490300,m60_37_49_00,76240,reward,0,goods:8126:1|weapon:17050000:1,Fingerprint Grape|Vyke's War Spear
1037497990,446002021,m60_37_49_00,76240,enemy,0,goods:20802:5|goods:20682:3,Smoldering Butterfly|Fire Blossom
1037507000,1037500000,m60_37_50_00,76229,pickup,0,goods:900:5|goods:910:5|goods:241000:1,Neutralizing Boluses|Stanching Boluses|Noble Sorcerer Ashes
1037507100,1037500100,m60_37_50_00,76229,pickup,0,goods:10010:1,Golden Seed
1037517000,1037510000,m60_37_51_00,76300,pickup,0,goods:10104:1,Smithing Stone [5]
1037517010,1037510010,m60_37_51_00,76300,pickup,0,goods:20652:5,Fulgurbloom
1037517020,1037510020,m60_37_51_00,76300,pickup,0,armor:961000:1|armor:961100:1,Ruler's Mask|Ruler's Robe
1037527020,1037520020,m60_37_52_00,76354,pickup,0,weapon:50000000:10,Arrow
1037527030,1037520030,m60_37_52_00,76356,pickup,0,goods:20753:2,Sacramental Bud
1037527040,1037520040,m60_37_52_00,76357,pickup,0,goods:15400:5,String
1037527050,1037520050,m60_37_52_00,76357,pickup,0,goods:20830:1,Gold-Tinged Excrement
1037527060,1037520060,m60_37_52_00,76354,pickup,0,goods:20811:1,Gold Firefly
1037527070,1037520070,m60_37_52_00,76357,pickup,0,goods:2207:1,"Prattling Pate ""You're beautiful"""
1037527080,1037520080,m60_37_52_00,76354,pickup,0,goods:1290:1,Starlight Shards
1037527090,1037520090,m60_37_52_00,76357,pickup,0,armor:990000:1,Hierodas Glintstone Crown
1037527100,1037520100,m60_37_52_00,76357,pickup,0,armor:990200:1|armor:990300:1|armor:991100:1,Errant Sorcerer Manchettes|Errant Sorcerer Boots|Errant Sorcerer Robe (Altered)
1037537000,1037530000,m60_37_53_00,76357,pickup,0,goods:20760:6,Mushroom
1037537010,1037530010,m60_37_53_00,76357,pickup,0,goods:2905:1,Golden Rune [6]
1037537020,1037530020,m60_37_53_00,76357,pickup,0,goods:10104:1,Smithing Stone [5]
1037537400,1037530400,m60_37_53_00,76357,pickup,0,goods:10010:1,Golden Seed
1037547000,1037540000,m60_37_54_00,76351,pickup,0,goods:15030:3,Beast Blood
1037547010,1037540010,m60_37_54_00,76351,pickup,0,goods:8000:1,Stonesword Key
1037547020,1037540020,m60_37_54_00,76352,pickup,0,goods:1450:2,Soporific Grease
1037547030,1037540030,m60_37_54_00,76353,pickup,0,goods:20690:3,Herba
1037547040,1037540040,m60_37_54_00,76352,pickup,0,goods:20740:3,Eye of Yelough
1037547050,1037540050,m60_37_54_00,76357,pickup,0,weapon:50090000:5,Golden Arrow
1037547060,1037540060,m60_37_54_00,76357,pickup,0,goods:10000:1,Glass Shard
1037547070,1037540070,m60_37_54_00,76357,pickup,0,goods:20800:1,Nascent Butterfly
1037547080,1037540080,m60_37_54_00,76357,pickup,0,goods:950:1,Rejuvenating Boluses
1037547090,1037540090,m60_37_54_00,76357,pickup,0,goods:15341:2,Hefty Beast Bone
1037547100,1037540100,m60_37_54_00,76351,pickup,0,goods:2905:1,Golden Rune [6]
1037547110,1037540110,m60_37_54_00,76352,pickup,0,weapon:51000000:5,Great Arrow
1037547120,1037540120,m60_37_54_00,76352,pickup,0,goods:1750:5,Fan Daggers
1037547130,1037540130,m60_37_54_00,76352,pickup,0,goods:1500:3,Drawstring Fire Grease
1037547140,1037540140,m60_37_54_00,76352,pickup,0,goods:2903:1,Golden Rune [4]
1037547150,1037540150,m60_37_54_00,76352,pickup,0,weapon:7080000:1,Scavenger's Curved Sword
1037557000,1037550000,m60_37_55_00,76352,pickup,0,goods:1460:2,Poison Grease
1038397000,1038390000,m60_38_39_00,76200,pickup,0,goods:3310:3,Warming Stone
1038407000,1038400000,m60_38_40_00,76201,pickup,0,goods:20802:6,Smoldering Butterfly
1038417010,1038410010,m60_38_41_00,76201,pickup,0,talisman:6070:1,Sacrificial Twig
1038417020,1038410020,m60_38_41_00,76201,pickup,0,weapon:67530000:1,Idus Sword
1038427000,1038420000,m60_38_42_00,76222,pickup,0,goods:10101:3,Smithing Stone [2]
1038427010,1038420010,m60_38_42_00,76222,pickup,0,goods:2903:1,Golden Rune [4]
1038427020,1038420020,m60_38_42_00,76222,pickup,0,weapon:33170000:1,Carian Glintblade Staff
1038437000,1038430000,m60_38_43_00,76222,pickup,0,goods:15160:3,Strip of White Flesh
1038437010,1038430010,m60_38_43_00,76222,pickup,0,goods:15000:1,Sliver of Meat
1038437020,1038430020,m60_38_43_00,76222,pickup,0,goods:1190:3,Silver-Pickled Fowl Foot
1038437100,1038430100,m60_38_43_00,76222,reward,0,goods:2905:1,Golden Rune [6]
1038447030,1038440030,m60_38_44_00,76223,pickup,0,goods:10102:3,Smithing Stone [3]
1038447040,1038440040,m60_38_44_00,76217,pickup,0,goods:244000:1,Land Squirt Ashes
1038447100,1038440100,m60_38_44_00,76223,other,0,goods:8864:1,Dragon Cult Prayerbook
1038447500,435320006,m60_38_44_00,76217,enemy,0,goods:8864:1,Dragon Cult Prayerbook
1038457000,1038450000,m60_38_45_00,76234,pickup,0,goods:20802:8,Smoldering Butterfly
1038457010,1038450010,m60_38_45_00,76234,pickup,0,goods:6040:1,"Flame, Cleanse Me"
1038457020,1038450020,m60_38_45_00,76217,pickup,0,goods:10103:1,Smithing Stone [4]
1038457500,438100012,m60_38_45_00,76223,enemy,0,goods:4900:1,Briars of Sin
1038467000,1038460000,m60_38_46_00,76234,pickup,0,goods:1310:1,Immunizing White Cured Meat
1038467990,446002011,m60_38_46_00,76234,enemy,0,goods:20802:5|goods:20682:3,Smoldering Butterfly|Fire Blossom
1038477010,1038470010,m60_38_47_00,76225,pickup,0,goods:3311:1,Frenzyflame Stone
1038477030,1038470030,m60_38_47_00,76225,pickup,0,goods:8000:1,Stonesword Key
1038487020,1038480020,m60_38_48_00,76239,pickup,0,goods:20740:3,Eye of Yelough
1038487030,1038480030,m60_38_48_00,76239,pickup,0,goods:8000:1,Stonesword Key
1038487100,1038480100,m60_38_48_00,76239,pickup,0,talisman:6050:1,Shabriri's Woe
1038487120,1038480120,m60_38_48_00,76239,pickup,0,goods:20740:1,Eye of Yelough
1038487130,1038480130,m60_38_48_00,76239,pickup,0,goods:3311:1,Frenzyflame Stone
1038497000,1038490000,m60_38_49_00,76240,pickup,0,goods:20845:1,Yellow Ember
1038497010,1038490010,m60_38_49_00,76240,pickup,0,goods:10101:2,Smithing Stone [2]
1038497030,1038490030,m60_38_49_00,76239,pickup,0,weapon:52040000:5,Burred Bolt
1038497040,1038490040,m60_38_49_00,76239,pickup,0,goods:2902:1,Golden Rune [3]
1038497900,1038490900,m60_38_49_00,76239,pickup,0,goods:7330:1,Howl of Shabriri
1038507000,1038500000,m60_38_50_00,76229,pickup,0,goods:10104:1,Smithing Stone [5]
1038507010,1038500010,m60_38_50_00,76209,pickup,0,goods:1480:1,Dragonwound Grease
1038517000,1038510000,m60_38_51_00,76302,pickup,0,goods:20800:1,Nascent Butterfly
1038517010,1038510010,m60_38_51_00,76301,pickup,0,goods:15400:5,String
1038517020,1038510020,m60_38_51_00,76301,pickup,0,goods:1170:1,Lightningproof Dried Liver
1038517030,1038510030,m60_09_12_02,76302,pickup,0,talisman:4100:1,Greatshield Talisman
1038517040,1038510040,m60_38_51_00,76302,pickup,0,goods:1170:1,Lightningproof Dried Liver
1038517050,1038510050,m60_38_51_00,76302,pickup,0,talisman:2050:1,Ritual Sword Talisman
1038517060,1038510060,m60_38_51_00,76302,pickup,0,goods:1410:1,Lightning Grease
1038517070,1038510070,m60_38_51_00,76302,pickup,0,goods:15400:3,String
1038517080,1038510080,m60_38_51_00,76302,pickup,0,goods:2902:1,Golden Rune [3]
1038517090,1038510090,m60_09_12_02,76302,pickup,0,weapon:4030000:1,Troll's Golden Sword
1038517400,1038510400,m60_38_51_00,76302,pickup,0,goods:10010:1,Golden Seed
1038527000,1038520000,m60_38_52_00,76354,pickup,0,talisman:4051:1,Pearldrake Talisman +1
1038527010,1038520010,m60_38_52_00,76354,pickup,0,goods:10104:1,Smithing Stone [5]
1038527020,1038520020,m60_38_52_00,76302,pickup,0,goods:2902:1,Golden Rune [3]
1038527030,1038520030,m60_38_52_00,76354,pickup,0,goods:2906:1,Golden Rune [7]
1038527040,1038520040,m60_38_52_00,76354,pickup,0,goods:1340:1,Dappled White Cured Meat
1038527050,1038520050,m60_38_52_00,76354,pickup,0,goods:15430:4,Stormhawk Feather
1038527060,1038520060,m60_38_52_00,76354,pickup,0,goods:2903:1,Golden Rune [4]
1038527070,1038520070,m60_38_52_00,76354,pickup,0,goods:15100:5,Human Bone Shard
1038537000,1038530000,m60_38_53_00,76351,pickup,0,goods:2901:1,Golden Rune [2]
1038537010,1038530010,m60_38_53_00,76351,pickup,0,goods:2902:1,Golden Rune [3]
1038537020,1038530020,m60_38_53_00,76351,pickup,0,goods:2903:1,Golden Rune [4]
1038537030,1038530030,m60_38_53_00,76351,pickup,0,goods:2906:1,Golden Rune [7]
1038537040,1038530040,m60_38_53_00,76351,pickup,0,goods:2902:1,Golden Rune [3]
1038537050,1038530050,m60_38_53_00,76351,pickup,0,goods:10165:1,Somber Smithing Stone [6]
1038547000,1038540000,m60_38_54_00,76351,pickup,0,goods:20723:3,Bloodrose
1038547010,1038540010,m60_38_54_00,76351,pickup,0,weapon:53020000:5,Explosive Greatbolt
1038547020,1038540020,m60_38_54_00,76351,pickup,0,goods:2907:1,Golden Rune [8]
1038547030,1038540030,m60_38_54_00,76351,pickup,0,weapon:50010000:10,Fire Arrow
1038547050,1038540050,m60_38_54_00,76351,pickup,0,goods:6600:1,Golden Vow
1038547060,1038540060,m60_38_54_00,76351,pickup,0,goods:20691:2,Arteria Leaf
1038547070,1038540070,m60_38_54_00,76351,pickup,0,goods:1700:6,Throwing Dagger
1038547080,1038540080,m60_38_54_00,76351,pickup,0,goods:15030:1,Beast Blood
1038547090,1038540090,m60_38_54_00,76321,pickup,0,goods:10104:1,Smithing Stone [5]
1038547100,1038540100,m60_38_54_00,76321,reward,0,weapon:5040000:1|armor:963000:1|armor:963100:1,Antspur Rapier|Marais Mask|Marais Robe
1038547110,1038540110,m60_38_54_00,76351,pickup,0,weapon:41060000:1,Pulley Bow
1038547700,1038540700,m60_38_54_00,76351,reward,0,weapon:15120700:1,Sacred Butchering Knife
1039397000,1039390000,m60_39_39_00,76200,pickup,0,goods:10020:1,Sacred Tear
1039407000,1039400000,m60_39_40_00,76200,pickup,0,goods:8866:1,Academy Scroll
1039417000,1039410000,m60_39_41_00,76221,pickup,0,goods:2902:1,Golden Rune [3]
1039417010,1039410010,m60_39_41_00,76221,pickup,0,goods:3030:4,Cuckoo Glintstone
1039417020,1039410020,m60_39_41_00,76244,pickup,0,goods:10161:2,Somber Smithing Stone [2]
1039417030,1039410030,m60_39_41_00,76244,pickup,0,goods:15430:3,Stormhawk Feather
1039417100,1039410100,m60_39_41_00,76221,pickup,0,talisman:1090:1,Two Fingers Heirloom
1039417200,1039410200,m60_39_41_00,76221,pickup,0,goods:1240:1,Shabriri Grape
1039417300,1039410300,m60_39_41_00,76244,reward,0,goods:2905:1,Golden Rune [6]
1039417310,1039410310,m60_39_41_00,76244,reward,0,goods:2905:1,Golden Rune [6]
1039427000,1039420000,m60_39_42_00,76221,pickup,0,goods:20760:5,Mushroom
1039427010,1039420010,m60_39_42_00,76221,pickup,0,goods:1740:5,Crystal Dart
1039427020,1039420020,m60_39_42_00,76221,pickup,0,goods:2905:1,Golden Rune [6]
1039427030,1039420030,m60_39_42_00,76221,pickup,0,goods:2902:1,Golden Rune [3]
1039427040,1039420040,m60_39_42_00,76221,pickup,0,goods:15030:1,Beast Blood
1039427050,1039420050,m60_39_42_00,76221,pickup,0,weapon:18020000:1,Lucerne
1039437010,1039430010,m60_39_43_00,76245,pickup,0,goods:2901:1,Golden Rune [2]
1039437020,1039430020,m60_39_43_00,76245,pickup,0,goods:2905:1,Golden Rune [6]
1039437030,1039430030,m60_39_43_00,76245,pickup,0,goods:2900:1,Golden Rune [1]
1039437040,1039430040,m60_39_43_00,76245,pickup,0,goods:2902:1,Golden Rune [3]
1039437050,1039430050,m60_39_43_00,76245,pickup,0,goods:2901:1,Golden Rune [2]
1039437060,1039430060,m60_39_43_00,76245,pickup,0,goods:2902:1,Golden Rune [3]
1039437100,1039430100,m60_39_43_00,76222,pickup,0,goods:1290:1,Starlight Shards
1039437400,1039430400,m60_39_43_00,76222,reward,0,gem:20200:1,Ash of War: Ice Spear
1039447000,1039440000,m60_39_44_00,76245,pickup,0,goods:10102:1,Smithing Stone [3]
1039447010,1039440010,m60_39_44_00,76217,pickup,0,goods:15110:5,Great Dragonfly Head
1039447020,1039440020,m60_39_44_00,76245,pickup,0,goods:20651:1,Trina's Lily
1039447030,1039440030,m60_39_44_00,76245,pickup,0,goods:10102:3,Smithing Stone [3]
1039447040,1039440040,m60_39_44_00,76245,pickup,0,goods:15410:1,Living Jar Shard
1039447980,449020001,m60_39_44_00,76245,enemy,0,goods:15410:1|goods:1235:1,Living Jar Shard|Raw Meat Dumpling
1039447990,449020011,m60_39_44_00,76245,enemy,0,goods:15410:1|goods:1235:1,Living Jar Shard|Raw Meat Dumpling
1039487000,1039480000,m60_39_48_00,76239,pickup,0,goods:1740:3,Crystal Dart
1039487100,1039480100,m60_39_48_00,76239,pickup,0,goods:4080:1|goods:4120:1,Cannon of Haima|Gavel of Haima
1039507000,1039500000,m60_39_50_00,76301,pickup,0,goods:15341:2,Hefty Beast Bone
1039507010,1039500010,m60_39_50_00,76301,pickup,0,goods:8000:1,Stonesword Key
1039507020,1039500020,m60_39_50_00,76303,pickup,0,goods:2903:1,Golden Rune [4]
1039507100,1039500100,m60_39_50_00,76301,reward,0,talisman:3090:1,Godfrey Icon
1039517010,1039510010,m60_39_51_00,76303,pickup,0,goods:1750:5,Fan Daggers
1039517020,1039510020,m60_39_51_00,76303,pickup,0,talisman:6070:1,Sacrificial Twig
1039517030,1039510030,m60_39_51_00,76303,pickup,0,goods:3310:1,Warming Stone
1039517040,1039510040,m60_39_51_00,76303,pickup,0,goods:15090:1,Turtle Neck Meat
1039517200,1039510200,m60_39_51_00,76303,reward,0,gem:60500:1,Ash of War: Shared Order
1039517400,1039510400,m60_39_51_00,76303,pickup,0,goods:10010:1,Golden Seed
1039527000,1039520000,m60_39_52_00,76350,pickup,0,goods:15100:6,Human Bone Shard
1039527020,1039520020,m60_39_52_00,76350,pickup,0,goods:1420:1,Magic Grease
1039527400,1039520400,m60_39_52_00,76350,pickup,0,goods:10020:1,Sacred Tear
1039537000,1039530000,m60_39_53_00,76350,pickup,0,goods:2903:1,Golden Rune [4]
1039537010,1039530010,m60_39_53_00,76350,pickup,0,goods:1440:2,Blood Grease
1039537020,1039530020,m60_39_53_00,76350,pickup,0,goods:2902:1,Golden Rune [3]
1039537030,1039530030,m60_39_53_00,76350,pickup,0,goods:20653:1,Miquella's Lily
1039537040,1039530040,m60_39_53_00,76350,pickup,0,goods:20800:1,Nascent Butterfly
1039537050,1039530050,m60_39_53_00,76306,pickup,0,goods:4660:1|goods:4670:1,Unseen Blade|Unseen Form
1039537060,1039530060,m60_39_53_00,76306,pickup,0,goods:15120:5,Slumbering Egg
1039537070,1039530070,m60_39_53_00,76306,pickup,0,goods:2902:1,Golden Rune [3]
1039537080,1039530080,m60_39_53_00,76320,reward,0,goods:8660:1,Mirage Riddle
1039537700,1039530700,m60_39_53_00,76350,reward,0,talisman:6000:1|weapon:52030000:20,Crepus's Vial|Black-Key Bolt
1039537750,430030413,m60_39_53_00,76350,enemy,0,goods:2909:1,Golden Rune [10]
1039547010,1039540010,m60_39_54_00,76320,pickup,0,goods:2902:1,Golden Rune [3]
1039547020,1039540020,m60_39_54_00,76320,pickup,0,goods:10104:1,Smithing Stone [5]
1039547030,1039540030,m60_39_54_00,76320,pickup,0,goods:20650:4,Poisonbloom
1039547050,1039540050,m60_39_54_00,76320,pickup,0,goods:1720:5,Poisonbone Dart
1039547060,1039540060,m60_39_54_00,76320,pickup,0,goods:2905:1,Golden Rune [6]
1039547070,1039540070,m60_39_54_00,76320,pickup,0,goods:10103:1,Smithing Stone [4]
1039547080,1039540080,m60_39_54_00,76321,pickup,0,goods:10164:1,Somber Smithing Stone [5]
1039547090,1039540090,m60_39_54_00,76321,pickup,0,goods:10104:1,Smithing Stone [5]
1039547100,1039540100,m60_39_54_00,76320,pickup,0,goods:1500:2,Drawstring Fire Grease
1039547110,1039540110,m60_39_54_00,76320,pickup,0,goods:2905:1,Golden Rune [6]
1039547120,1039540120,m60_39_54_00,76321,pickup,0,goods:15030:1,Beast Blood
1039547130,1039540130,m60_39_54_00,76321,pickup,0,goods:900:2,Neutralizing Boluses
1039547140,1039540140,m60_39_54_00,76321,pickup,0,goods:10000:2,Glass Shard
1039547150,1039540150,m60_39_54_00,76320,pickup,0,goods:8000:1,Stonesword Key
1039547160,1039540160,m60_39_54_00,76321,pickup,0,goods:2905:1,Golden Rune [6]
1039547170,1039540170,m60_39_54_00,76320,pickup,0,goods:1460:1,Poison Grease
1039547180,1039540180,m60_39_54_00,76322,pickup,0,goods:15341:4,Hefty Beast Bone
1039547200,1039540200,m60_39_54_00,76322,pickup,0,goods:10104:1,Smithing Stone [5]
1039547210,1039540210,m60_39_54_00,76322,pickup,0,goods:20811:2,Gold Firefly
1039547220,1039540220,m60_39_54_00,76320,pickup,0,goods:10000:1,Glass Shard
1039547230,1039540230,m60_39_54_00,76321,pickup,0,goods:10104:1,Smithing Stone [5]
1039547240,1039540240,m60_39_54_00,76320,pickup,0,goods:10104:1,Smithing Stone [5]
1039547250,1039540250,m60_39_54_00,76321,pickup,0,goods:2903:1,Golden Rune [4]
1039547260,1039540260,m60_39_54_00,76321,pickup,0,goods:10103:1,Smithing Stone [4]
1039547300,1039540300,m60_39_54_00,76321,pickup,0,goods:8977:1,Valkyrie's Prosthesis
1039547350,1039540350,m60_39_54_00,76321,pickup,0,goods:1290:1,Starlight Shards
1039547980,402031011,m60_39_54_00,76321,enemy,0,goods:10913:1,Ghost Glovewort [4]
1039547990,402031001,m60_39_54_00,76321,enemy,0,goods:10913:1,Ghost Glovewort [4]
1039570000,1039540000,m60_39_54_00,76321,pickup,0,goods:1490:3,Rot Grease
1040387000,1040380000,m60_40_38_00,76102,pickup,0,goods:10100:1,Smithing Stone [1]
1040407000,1040400000,m60_10_10_02,76200,pickup,0,weapon:17070000:1,Treespear
1040507000,1040500000,m60_40_50_00,76303,pickup,0,goods:3060:4,Gravity Stone Fan
1040517000,1040510000,m60_40_51_00,76305,pickup,0,goods:2130:1,Celestial Dew
1040517010,1040510010,m60_40_51_00,76303,pickup,0,goods:15040:3,Old Fang
1040517020,1040510020,m60_40_51_00,76303,pickup,0,goods:6971:1,Dragonbolt Blessing
1040517030,1040510030,m60_40_51_00,76303,pickup,0,goods:15030:1,Beast Blood
1040517040,1040510040,m60_40_51_00,76303,pickup,0,weapon:53010000:10,Lightning Greatbolt
1040517400,1040510400,m60_40_51_00,76303,pickup,0,goods:10020:1,Sacred Tear
1040527000,1040520000,m60_40_52_00,76304,pickup,0,goods:8142:1,Amber Starlight
1040527010,1040520010,m60_40_52_00,76304,pickup,0,goods:2905:1,Golden Rune [6]
1040527020,1040520020,m60_40_52_00,76304,pickup,0,goods:2905:1,Golden Rune [6]
1040527030,1040520030,m60_40_52_00,76304,pickup,0,goods:2903:1,Golden Rune [4]
1040527040,1040520040,m60_40_52_00,76304,pickup,0,goods:2902:1,Golden Rune [3]
1040527050,1040520050,m60_40_52_00,76304,pickup,0,goods:2903:1,Golden Rune [4]
1040537000,1040530000,m60_40_53_00,76306,pickup,0,goods:2904:1,Golden Rune [5]
1040537010,1040530010,m60_40_53_00,76320,pickup,0,weapon:6000000:1,Bloody Helice
1040537020,1040530020,m60_40_53_00,76306,pickup,0,goods:20800:1,Nascent Butterfly
1040537030,1040530030,m60_40_53_00,76304,pickup,0,goods:20652:4,Fulgurbloom
1040537040,1040530040,m60_40_53_00,76304,pickup,0,weapon:50090000:10,Golden Arrow
1040537050,1040530050,m60_40_53_00,76306,pickup,0,goods:15020:3,Lump of Flesh
1040537060,1040530060,m60_40_53_00,76306,pickup,0,goods:15341:2,Hefty Beast Bone
1040547000,1040540000,m60_10_13_02,76307,pickup,0,weapon:12180000:1,Great Stars
1040547010,1040540010,m60_40_54_00,76320,pickup,0,goods:20855:2,Gravel Stone
1040547030,1040540030,m60_40_54_00,76307,pickup,0,goods:930:2,Stimulating Boluses
1040547050,1040540050,m60_10_13_02,76307,pickup,0,goods:1480:1,Dragonwound Grease
1040547090,1040540090,m60_40_54_00,76307,pickup,0,armor:1040000:1,Radiant Gold Mask
1040547700,430030403,m60_40_54_00,76307,enemy,0,goods:2909:1,Golden Rune [10]
1040557000,1040550000,m60_40_55_00,76307,pickup,0,goods:233000:1,Giant Rat Ashes
1040557700,370400703,m60_40_55_00,76307,enemy,0,armor:1000000:1|armor:1000100:1|armor:1000200:1|armor:1000300:1,Haima Glintstone Crown|Battlemage Robe|Battlemage Manchettes|Battlemage Legwraps
1041327000,1041320000,m60_41_32_00,76156,pickup,0,goods:2900:1,Golden Rune [1]
1041327010,1041320010,m60_41_32_00,76156,pickup,0,goods:2900:1,Golden Rune [1]
1041327020,1041320020,m60_41_32_00,76156,pickup,0,goods:2901:1,Golden Rune [2]
1041327030,1041320030,m60_41_32_00,76156,pickup,0,goods:2900:1,Golden Rune [1]
1041327040,1041320040,m60_41_32_00,76156,pickup,0,goods:2900:1,Golden Rune [1]
1041327050,1041320050,m60_41_32_00,76156,pickup,0,goods:2902:1,Golden Rune [3]
1041337000,1041330000,m60_41_33_00,76162,pickup,0,goods:2900:1,Golden Rune [1]
1041337010,1041330010,m60_41_33_00,76156,pickup,0,goods:2904:1,Golden Rune [5]
1041337030,1041330030,m60_41_33_00,76162,pickup,0,goods:15110:1,Great Dragonfly Head
1041337100,1041330100,m60_41_33_00,76162,pickup,0,goods:4600:1,Ambush Shard
1041337200,1041330200,m60_41_33_00,76162,pickup,0,goods:10020:1,Sacred Tear
1041357000,1041350000,m60_41_35_00,76110,pickup,0,goods:15110:4,Great Dragonfly Head
1041357010,1041350010,m60_41_35_00,76110,pickup,0,goods:10101:1,Smithing Stone [2]
1041357020,1041350020,m60_41_35_00,76110,pickup,0,goods:1210:1,Exalted Flesh
1041367000,1041360000,m60_41_36_00,76100,pickup,0,goods:15140:1,Land Octopus Ovary
1041377000,1041370000,m60_41_37_00,76102,pickup,0,goods:15160:1,Strip of White Flesh
1041377020,1041370020,m60_41_37_00,76100,pickup,0,goods:1290:1,Starlight Shards
1041387010,1041380010,m60_41_38_00,76102,pickup,0,goods:1420:3,Magic Grease
1041387030,1041380030,m60_41_38_00,76102,pickup,0,goods:10100:3,Smithing Stone [1]
1041387040,1041380040,m60_41_38_00,76102,pickup,0,goods:8000:1,Stonesword Key
1041387050,1041380050,m60_41_38_00,76102,pickup,0,goods:250000:1,Godrick Soldier Ashes
1041387100,1041380100,m60_41_38_00,76102,pickup,0,goods:10010:1,Golden Seed
1041387200,1041382000,m60_41_38_00,76102,pickup,0,goods:20723:3,Bloodrose
1041397000,1041390000,m60_41_39_00,76102,pickup,0,goods:15020:1,Lump of Flesh
1041517000,1041510000,m60_41_51_00,76309,pickup,0,goods:2902:1,Golden Rune [3]
1041517010,1041510010,m60_41_51_00,76309,pickup,0,goods:2905:1,Golden Rune [6]
1041517020,1041510020,m60_41_51_00,76309,pickup,0,goods:1190:1,Silver-Pickled Fowl Foot
1041517030,1041510030,m60_41_51_00,76303,pickup,0,goods:3070:2,Gravity Stone Chunk
1041527000,1041520000,m60_41_52_00,76305,pickup,0,goods:2907:1,Golden Rune [8]
1041527010,1041520010,m60_41_52_00,76305,pickup,0,goods:2905:1,Golden Rune [6]
1041527020,1041520020,m60_41_52_00,76305,pickup,0,goods:2903:1,Golden Rune [4]
1041527030,1041520030,m60_41_52_00,76305,pickup,0,goods:2902:1,Golden Rune [3]
1041527040,1041520040,m60_41_52_00,76305,pickup,0,goods:2900:1,Golden Rune [1]
1041527070,1041520070,m60_41_52_00,76304,pickup,0,goods:15020:1,Lump of Flesh
1041527080,1041520080,m60_41_52_00,76305,pickup,0,goods:15140:1,Land Octopus Ovary
1041527090,1041520090,m60_41_52_00,76305,pickup,0,goods:8000:1,Stonesword Key
1041537010,1041530010,m60_41_53_00,76304,pickup,0,goods:1720:5,Poisonbone Dart
1041537020,1041530020,m60_41_53_00,76305,pickup,0,goods:6410:1,Wrath of Gold
1041537030,1041530030,m60_41_53_00,76304,pickup,0,goods:1320:1,Invigorating White Cured Meat
1041537040,1041530040,m60_41_53_00,76304,pickup,0,goods:15030:2,Beast Blood
1041537060,1041530060,m60_41_53_00,76308,pickup,0,goods:20855:2,Gravel Stone
1041537070,1041530070,m60_41_53_00,76304,pickup,0,goods:2100:1,Soft Cotton
1041537080,1041530080,m60_41_53_00,76308,pickup,0,weapon:32140000:1,Icon Shield
1041547000,1041540000,m60_41_54_00,76308,pickup,0,goods:1460:1,Poison Grease
1041547400,1041540400,m60_41_54_00,76307,pickup,0,goods:10010:1,Golden Seed
1041557000,1041550000,m60_41_55_00,76307,pickup,0,weapon:10030000:1,Twinned Knight Swords
1041557010,1041550010,m60_41_55_00,76308,pickup,0,goods:1235:10,Raw Meat Dumpling
1041557020,1041550020,m60_41_55_00,76307,pickup,0,armor:741000:1|armor:740100:1|armor:740200:1|armor:740300:1,Navy Hood|Noble's Traveling Garb|Noble's Gloves|Noble's Trousers
1042327000,1042320000,m60_42_32_00,76152,pickup,0,goods:15110:3,Great Dragonfly Head
1042327020,1042320020,m60_42_32_00,76152,pickup,0,goods:20760:4,Mushroom
1042337000,1042330000,m60_42_33_00,76152,pickup,0,weapon:31310000:1,Eclipse Crest Heater Shield
1042337100,1042330100,m60_42_33_00,76162,reward,0,talisman:1050:1,Radagon's Scarseal
1042347000,1042340000,m60_42_34_00,76150,pickup,0,goods:1440:2,Blood Grease
1042347010,1042340010,m60_42_34_00,76152,pickup,0,goods:15010:1,Beast Liver
1042347020,1042340020,m60_42_34_00,76162,pickup,0,goods:2901:1,Golden Rune [2]
1042347030,1042340030,m60_42_34_00,76150,pickup,0,weapon:30130000:1,Gilded Iron Shield
1042347100,1042340100,m60_42_34_00,76152,pickup,0,weapon:19060000:1,Winged Scythe
1042357000,1042350000,m60_42_35_00,76113,pickup,0,goods:15020:3,Lump of Flesh
1042357010,1042350010,m60_42_35_00,76101,pickup,0,goods:1200:1,Gold-Pickled Fowl Foot
1042357020,1042350020,m60_42_35_00,76150,pickup,0,goods:15000:1,Sliver of Meat
1042357030,1042350030,m60_42_35_00,76150,pickup,0,goods:3350:3,Bewitching Branch
1042367010,1042360010,m60_42_36_00,76101,pickup,0,goods:1190:2,Silver-Pickled Fowl Foot
1042367030,1042360030,m60_42_36_00,76100,pickup,0,goods:2901:1,Golden Rune [2]
1042367040,1042360040,m60_42_36_00,76100,pickup,0,goods:2900:1,Golden Rune [1]
1042367050,1042360050,m60_42_36_00,76101,pickup,0,goods:10100:1,Smithing Stone [1]
1042367060,1042360060,m60_42_36_00,76100,pickup,0,goods:10100:1,Smithing Stone [1]
1042377000,1042370000,m60_42_37_00,76111,pickup,0,goods:1760:3,Ruin Fragment
1042377010,1042370010,m60_42_37_00,76100,pickup,0,goods:1730:4,Kukri
1042377060,942370060,m60_10_09_02,76108,pickup,0,weapon:13010000:1,Flail
1042377070,942370070,m60_10_09_02,76111,pickup,0,weapon:3030000:1,Lordsworn's Greatsword
1042377110,1042371011,m60_42_37_00,76111,pickup,0,gem:50200:1,Ash of War: Storm Stomp
1042377300,1042371300,m60_42_37_00,76111,pickup,0,talisman:2100:1,Arrow's Reach Talisman
1042377700,1042370700,m60_43_37_00,76108,reward,0,weapon:1040000:1,Reduvia
1042387000,1042380000,m60_42_38_00,76118,pickup,0,goods:15010:1,Beast Liver
1042387010,1042380010,m60_42_38_00,76111,pickup,0,goods:2900:1,Golden Rune [1]
1042387020,1042380020,m60_42_38_00,76118,pickup,0,weapon:50010000:5,Fire Arrow
1042387030,1042380030,m60_42_38_00,76118,pickup,0,goods:2904:1,Golden Rune [5]
1042387040,1042380040,m60_42_38_00,76118,pickup,0,goods:2900:1,Golden Rune [1]
1042387050,1042380050,m60_42_38_00,76118,pickup,0,goods:2902:1,Golden Rune [3]
1042387070,1042380070,m60_42_38_00,76118,pickup,0,goods:2901:1,Golden Rune [2]
1042387080,1042380080,m60_42_38_00,76118,pickup,0,goods:2900:1,Golden Rune [1]
1042387090,1042380090,m60_42_38_00,76118,pickup,0,goods:2901:1,Golden Rune [2]
1042387100,1042380100,m60_42_38_00,76118,pickup,0,goods:2900:1,Golden Rune [1]
1042387110,1042380110,m60_42_38_00,76118,pickup,0,goods:2900:1,Golden Rune [1]
1042387120,1042380120,m60_42_38_00,76111,pickup,0,goods:2901:1,Golden Rune [2]
1042387140,1042380140,m60_42_38_00,76111,pickup,0,goods:15020:1,Lump of Flesh
1042387200,1042382000,m60_42_38_00,76111,pickup,0,goods:20802:5,Smoldering Butterfly
1042387400,1042380400,m60_42_38_00,76118,reward,0,talisman:4080:1,Blue-Feathered Branchsword
1042387410,1042380410,m60_42_38_00,76118,reward,0,goods:8945:1,Bone Peddler's Bell Bearing
1042387600,1042380600,m60_42_38_00,76118,pickup,0,goods:10100:5|goods:10101:1,Smithing Stone [1]|Smithing Stone [2]
1042397010,1042390010,m60_42_39_00,76118,pickup,0,weapon:17060000:1,Lance
1042397500,1042390500,m60_42_39_00,76118,reward,0,armor:80000:1|armor:80100:1|armor:80200:1|armor:80300:1,Scaled Helm|Scaled Armor|Scaled Gauntlets|Scaled Greaves
1042397700,1042390700,m60_42_39_00,76118,reward,0,talisman:2070:1,Hammer Talisman
1042397900,1042390900,m60_42_39_00,76118,pickup,0,weapon:31280000:1,Beast Crest Heater Shield
1042507000,1042500000,m60_10_12_02,76309,pickup,0,weapon:23110000:1,Giant-Crusher
1042507020,1042500020,m60_42_50_00,76309,reward,0,goods:10010:1,Golden Seed
1042517000,1042510000,m60_42_51_00,76309,pickup,0,goods:1430:2,Holy Grease
1042517400,1042510400,m60_42_51_00,76309,pickup,0,goods:10010:1,Golden Seed
1042517410,1042510410,m60_42_51_00,76309,pickup,0,goods:10010:1,Golden Seed
1042517900,1042510900,m60_42_51_00,76309,reward,0,weapon:15130000:1,Gargoyle's Great Axe
1042527000,1042520000,m60_42_52_00,76305,pickup,0,goods:15040:3,Old Fang
1042527010,1042520010,m60_42_52_00,76305,pickup,0,goods:2903:1,Golden Rune [4]
1042527020,1042520020,m60_42_52_00,76305,pickup,0,goods:2020:4,Rainbow Stone
1042527030,1042520030,m60_42_52_00,76305,pickup,0,goods:2909:1,Golden Rune [10]
1042527040,1042520040,m60_42_52_00,76312,pickup,0,goods:20691:3,Arteria Leaf
1042527990,420133000,m60_42_52_00,76305,enemy,0,goods:2908:1,Golden Rune [9]
1042537000,1042530000,m60_42_53_00,76305,pickup,0,weapon:53010000:3,Lightning Greatbolt
1042537010,1042530010,m60_42_53_00,76305,pickup,0,goods:10164:1,Somber Smithing Stone [5]
1042547000,1042540000,m60_42_54_00,76308,pickup,0,goods:15080:3,Four-Toed Fowl Foot
1042547010,1042540010,m60_42_54_00,76308,pickup,0,goods:2904:1,Golden Rune [5]
1042547020,1042540020,m60_42_54_00,76313,pickup,0,goods:1180:1,Holyproof Dried Liver
1042547030,1042540030,m60_42_54_00,76308,pickup,0,goods:15430:3,Stormhawk Feather
1042547040,1042540040,m60_42_54_00,76308,pickup,0,goods:15341:10,Hefty Beast Bone
1042547050,1042540050,m60_42_54_00,76308,pickup,0,weapon:50090000:6,Golden Arrow
1042547060,1042540060,m60_42_54_00,76308,pickup,0,weapon:42040000:1|weapon:51000000:20,Greatbow|Great Arrow
1042547070,1042540070,m60_42_54_00,76313,pickup,0,goods:20811:1,Gold Firefly
1042547080,1042540080,m60_42_54_00,76313,pickup,0,goods:1410:1,Lightning Grease
1042547090,1042540090,m60_42_54_00,76313,pickup,0,goods:1210:2,Exalted Flesh
1042547100,1042540100,m60_42_54_00,76308,pickup,0,goods:190:1,Rune Arc
1042547400,1042540400,m60_42_54_00,76308,pickup,0,goods:10010:1,Golden Seed
1042557000,1042550000,m60_42_55_00,76313,pickup,0,weapon:12130000:1,Celebrant's Skull
1043307000,1043300000,m60_43_30_00,76160,pickup,0,goods:10160:1,Somber Smithing Stone [1]
1043307010,1043300010,m60_43_30_00,76160,pickup,0,weapon:50010000:15,Fire Arrow
1043317000,1043310000,m60_43_31_00,76159,pickup,0,goods:1400:2,Fire Grease
1043317020,1043310020,m60_43_31_00,76158,pickup,0,goods:10101:1,Smithing Stone [2]
1043317080,1043310080,m60_43_31_00,76159,pickup,0,goods:2901:1,Golden Rune [2]
1043317090,1043310090,m60_43_31_00,76159,pickup,0,goods:10101:2,Smithing Stone [2]
1043317110,1043310110,m60_43_31_00,76159,pickup,0,goods:2901:1,Golden Rune [2]
1043317140,1043310140,m60_43_31_00,76159,pickup,0,goods:1100:1,Pickled Turtle Neck
1043317170,1043310170,m60_43_31_00,76159,pickup,0,goods:8000:1,Stonesword Key
1043317220,1043310220,m60_43_31_00,76160,pickup,0,goods:20685:3,Tarnished Golden Sunflower
1043317240,1043310240,m60_43_31_00,76160,pickup,0,goods:10101:1,Smithing Stone [2]
1043317280,1043310280,m60_43_31_00,76160,pickup,0,goods:1700:8,Throwing Dagger
1043317320,1043310320,m60_43_31_00,76159,pickup,0,goods:150:1,Furlcalling Finger Remedy
1043317330,1043310330,m60_43_31_00,76159,pickup,0,weapon:24020000:1,Steel-Wire Torch
1043317350,1043310350,m60_43_31_00,76159,pickup,0,goods:10100:3,Smithing Stone [1]
1043317370,1043310370,m60_43_31_00,76160,pickup,0,weapon:20000000:1,Whip
1043317400,1043310400,m60_43_31_00,76158,pickup,0,goods:2900:1,Golden Rune [1]
1043317500,1043310500,m60_43_31_00,76158,other,0,goods:10100:1,Smithing Stone [1]
1043317900,1043310900,m60_43_31_00,76159,pickup,0,talisman:2120:1,Twinblade Talisman
1043317910,1043310910,m60_43_31_00,76159,pickup,0,weapon:3180000:1,Claymore
1043327000,1043320000,m60_43_32_00,76154,pickup,0,goods:20845:1,Yellow Ember
1043327010,1043320010,m60_43_32_00,76152,pickup,0,goods:15000:1,Sliver of Meat
1043327990,420112000,m60_43_32_00,76152,enemy,0,goods:2905:1,Golden Rune [6]
1043337000,1043330000,m60_43_33_00,76154,pickup,0,goods:2901:1,Golden Rune [2]
1043337010,1043330010,m60_43_33_00,76154,pickup,0,goods:2901:1,Golden Rune [2]
1043347000,1043340000,m60_43_34_00,76150,pickup,0,goods:20691:2,Arteria Leaf
1043347040,1043340040,m60_43_34_00,76154,pickup,0,goods:20830:2,Gold-Tinged Excrement
1043347050,1043340050,m60_43_34_00,76154,pickup,0,goods:15400:5,String
1043347100,1043340100,m60_43_34_00,76150,pickup,0,weapon:31170000:1,Shield of the Guilty
1043347400,1043340400,m60_43_34_00,76150,reward,0,weapon:33060000:1|goods:4090:1,Demi-Human Queen's Staff|Crystal Burst
1043357000,1043350000,m60_43_35_00,76113,pickup,0,goods:15130:1,Crab Eggs
1043357010,1043350010,m60_43_35_00,76113,pickup,0,goods:2900:1,Golden Rune [1]
1043357030,1043350030,m60_43_35_00,76113,pickup,0,goods:15120:1,Slumbering Egg
1043357100,1043350100,m60_43_35_00,76150,pickup,0,goods:10020:1,Sacred Tear
1043357500,360010000,m60_43_35_00,76113,enemy,0,gem:20900:1,Ash of War: Gravitas
1043367010,1043360010,m60_43_36_00,76113,pickup,0,goods:8000:1,Stonesword Key
1043367020,1043360020,m60_43_36_00,76113,pickup,0,goods:2901:1,Golden Rune [2]
1043367040,1043360040,m60_43_36_00,76113,pickup,0,goods:15130:1,Crab Eggs
1043367070,1043360070,m60_43_36_00,76113,pickup,0,goods:20691:1,Arteria Leaf
1043367110,1043361010,m60_43_36_00,76113,pickup,0,weapon:10000000:1,Twinblade
1043377000,1043370000,m60_43_37_00,76120,pickup,0,goods:10100:1,Smithing Stone [1]
1043377010,1043370010,m60_43_37_00,76120,pickup,0,goods:1400:1,Fire Grease
1043377020,1043370020,m60_43_37_00,76108,pickup,0,goods:20691:1,Arteria Leaf
1043377400,1043370400,m60_43_37_00,76108,reward,0,gem:10900:1,Ash of War: Repeating Thrust
1043387010,1043380010,m60_43_38_00,76116,pickup,0,goods:10100:1,Smithing Stone [1]
1043387020,1043380020,m60_43_38_00,76116,pickup,0,goods:2901:1,Golden Rune [2]
1043397010,1043390010,m60_43_39_00,76118,pickup,0,goods:1210:1,Exalted Flesh
1043397020,1043390020,m60_43_39_00,76117,pickup,0,goods:10100:2,Smithing Stone [1]
1043397030,1043390030,m60_43_39_00,76117,pickup,0,goods:15090:1,Turtle Neck Meat
1043397200,1043392000,m60_43_39_00,76117,pickup,0,goods:2902:1,Golden Rune [3]
1043397500,435110106,m60_43_39_00,76117,enemy,0,gem:60300:1,Ash of War: Golden Vow
1043407000,1043400000,m60_43_40_00,76117,pickup,0,goods:1450:3,Soporific Grease
1043407010,1043400010,m60_43_40_00,76117,pickup,0,talisman:2140:1,Lance Talisman
1043507000,1043500000,m60_43_50_00,76310,pickup,0,weapon:34060000:1,Golden Order Seal
1043507010,1043500010,m60_43_50_00,76310,pickup,0,goods:20802:3,Smoldering Butterfly
1043527000,1043520000,m60_43_52_00,76312,pickup,0,goods:10070:1,Lost Ashes of War
1043527030,1043520030,m60_43_52_00,76312,pickup,0,goods:2904:1,Golden Rune [5]
1043527400,1043520400,m60_43_52_00,76312,pickup,0,goods:10010:1,Golden Seed
1043527410,1043520410,m60_43_52_00,76312,pickup,0,goods:10010:1,Golden Seed
1043527500,1043520500,m60_43_52_00,76312,reward,0,talisman:1021:1,Viridian Amber Medallion +1
1043527700,430033423,m60_43_52_00,76312,enemy,0,goods:2911:1,Golden Rune [12]
1043527750,430052433,m60_49_55_00,76550,enemy,0,goods:2912:1,Golden Rune [13]
1043527760,430052443,m60_49_55_00,76551,enemy,0,goods:2912:1,Golden Rune [13]
1043537000,1043530000,m60_43_53_00,76311,pickup,0,goods:2908:1,Golden Rune [9]
1043537010,1043530010,m60_43_53_00,76311,pickup,0,goods:2909:1,Golden Rune [10]
1043537020,1043530020,m60_43_53_00,76311,pickup,0,goods:2050:3,Grace Mimic
1043537030,1043530030,m60_43_53_00,76311,pickup,0,goods:1530:3,Drawstring Holy Grease
1043537040,1043530040,m60_43_53_00,76311,pickup,0,goods:10104:1,Smithing Stone [5]
1043537050,1043530050,m60_43_53_00,76311,pickup,0,goods:2904:1,Golden Rune [5]
1043537060,1043530060,m60_43_53_00,76312,pickup,0,goods:2906:1,Golden Rune [7]
1043537070,1043530070,m60_43_53_00,76312,pickup,0,goods:20760:8,Mushroom
1043537100,1043530100,m60_42_53_00,76305,reward,0,goods:8185:1,Larval Tear
1043537400,1043530400,m60_43_53_00,76311,reward,0,goods:8947:1,Medicine Peddler's Bell Bearing
1044317010,1044310010,m60_44_31_00,76158,pickup,0,goods:2903:1,Golden Rune [4]
1044317020,1044310020,m60_44_31_00,76158,pickup,0,goods:20691:1,Arteria Leaf
1044317030,1044310030,m60_44_31_00,76158,pickup,0,goods:10161:1,Somber Smithing Stone [2]
1044327010,1044320010,m60_44_32_00,76151,pickup,0,goods:10100:1,Smithing Stone [1]
1044327020,1044320020,m60_44_32_00,76151,pickup,0,goods:10010:1,Golden Seed
1044327030,1044320030,m60_44_32_00,76151,pickup,0,goods:3310:2,Warming Stone
1044327040,1044320040,m60_44_32_00,76151,pickup,0,weapon:31140000:1,Great Turtle Shell
1044327400,1044320400,m60_44_32_00,76151,reward,0,weapon:14110000:1,Sacrificial Axe
1044327410,1044320410,m60_44_32_00,76151,reward,0,gem:30100:1|weapon:13000000:1,Ash of War: Barricade Shield|Nightrider Flail
1044337000,1044330000,m60_44_33_00,76154,pickup,0,weapon:31260000:1,Flame Crest Wooden Shield
1044337020,1044330020,m60_44_33_00,76153,pickup,0,goods:2020:5,Rainbow Stone
1044337030,1044330030,m60_44_33_00,76153,pickup,0,goods:15160:1,Strip of White Flesh
1044337050,1044330050,m60_44_33_00,76153,pickup,0,goods:2901:1,Golden Rune [2]
1044337080,1044330080,m60_44_33_00,76154,pickup,0,goods:7310:1,The Flame of Frenzy
1044337100,1044330100,m60_44_33_00,76154,pickup,0,goods:10020:1,Sacred Tear
1044337200,1044330200,m60_44_33_00,76153,pickup,0,goods:10101:1,Smithing Stone [2]
1044337210,1044330210,m60_11_08_02,76153,pickup,0,weapon:11050000:1,Morning Star
1044347000,1044340000,m60_44_34_00,76157,pickup,0,goods:8000:1,Stonesword Key
1044347010,1044340010,m60_44_34_00,76157,pickup,0,goods:10100:3,Smithing Stone [1]
1044347040,1044340040,m60_44_34_00,76153,pickup,0,goods:2020:1,Rainbow Stone
1044347050,1044340050,m60_44_34_00,76157,pickup,0,goods:1760:3,Ruin Fragment
1044347060,1044340060,m60_44_34_00,76157,pickup,0,goods:2900:3,Golden Rune [1]
1044347070,1044340070,m60_44_34_00,76157,pickup,0,goods:2900:3,Golden Rune [1]
1044347080,1044340080,m60_44_34_00,76157,pickup,0,weapon:12000000:1,Large Club
1044347100,1044340100,m60_44_34_00,76153,pickup,0,weapon:44000000:1|weapon:53000000:5,Hand Ballista|Ballista Bolt
1044357000,1044350000,m60_44_35_00,76106,pickup,0,goods:2901:1,Golden Rune [2]
1044357010,1044350010,m60_44_35_00,76106,pickup,0,goods:8851:1,Royal House Scroll
1044357020,1044350020,m60_44_35_00,76106,pickup,0,goods:2900:1,Golden Rune [1]
1044357030,1044350030,m60_44_35_00,76106,pickup,0,goods:15000:1,Sliver of Meat
1044357040,1044350040,m60_44_35_00,76106,pickup,0,goods:15130:1,Crab Eggs
1044357060,1044350060,m60_44_35_00,76106,pickup,0,goods:2900:1,Golden Rune [1]
1044357070,1044350070,m60_44_35_00,76106,pickup,0,goods:1290:1,Starlight Shards
1044357100,1044350100,m60_44_35_00,76106,reward,0,goods:8185:1,Larval Tear
1044357900,1044350900,m60_44_35_00,76106,pickup,0,weapon:6020000:1,Great Épée
1044367000,1044360000,m60_44_36_00,76120,pickup,0,goods:2030:2,Glowstone
1044367010,1044360010,m60_44_36_00,76120,pickup,0,goods:2900:1,Golden Rune [1]
1044367020,1044360020,m60_44_36_00,76120,pickup,0,goods:1110:1,Immunizing Cured Meat
1044367030,1044360030,m60_44_36_00,76120,pickup,0,goods:20802:4,Smoldering Butterfly
1044367040,1044360040,m60_44_36_00,76120,pickup,0,goods:10160:1,Somber Smithing Stone [1]
1044367100,1044360100,m60_44_36_00,76120,pickup,0,goods:20651:4,Trina's Lily
1044367200,944360200,m60_11_09_02,76120,pickup,0,weapon:15000000:1,Greataxe
1044367300,1044360300,m60_44_36_00,76120,pickup,0,goods:2900:1,Golden Rune [1]
1044367310,1044360310,m60_44_36_00,76120,pickup,0,goods:2900:1,Golden Rune [1]
1044367320,1044360320,m60_44_36_00,76120,pickup,0,goods:2901:1,Golden Rune [2]
1044367330,1044360330,m60_44_36_00,76120,pickup,0,goods:2900:1,Golden Rune [1]
1044367340,1044360340,m60_44_36_00,76120,pickup,0,goods:2902:1,Golden Rune [3]
1044367700,430000257,m60_44_36_00,76120,enemy,0,weapon:33000000:1,Glintstone Staff
1044377010,1044370010,m60_44_37_00,76114,pickup,0,goods:2900:1,Golden Rune [1]
1044377020,1044370020,m60_44_37_00,76120,pickup,0,talisman:6070:1,Sacrificial Twig
1044377200,1044372000,m60_44_37_00,76120,pickup,0,goods:1200:1,Gold-Pickled Fowl Foot
1044387010,1044380010,m60_44_38_00,76103,pickup,0,goods:10100:1,Smithing Stone [1]
1044387040,1044380040,m60_44_38_00,76116,pickup,0,goods:20650:2,Poisonbloom
1044387100,1044380100,m60_44_38_00,76116,pickup,0,goods:2900:1,Golden Rune [1]
1044527000,1044520000,m60_44_52_00,76314,pickup,0,weapon:51000000:10,Great Arrow
1044527010,1044520010,m60_44_52_00,76314,pickup,0,goods:2905:1,Golden Rune [6]
1044527020,1044520020,m60_44_52_00,76311,pickup,0,goods:2901:1,Golden Rune [2]
1044537010,1044530010,m60_44_53_00,76311,pickup,0,goods:2903:1,Golden Rune [4]
1044537300,1044530300,m60_44_53_00,76311,reward,0,weapon:31090000:1,Twinbird Kite Shield
1045337000,1045330000,m60_45_33_00,76155,pickup,0,goods:1290:1,Starlight Shards
1045347000,1045340000,m60_45_34_00,76157,pickup,0,goods:8000:1,Stonesword Key
1045357000,1045350000,m60_45_35_00,76105,pickup,0,goods:2900:1,Golden Rune [1]
1045357020,1045350020,m60_45_35_00,76105,pickup,0,goods:2900:1,Golden Rune [1]
1045357030,1045350030,m60_45_35_00,76105,pickup,0,goods:2903:1,Golden Rune [4]
1045357040,1045350040,m60_45_35_00,76105,pickup,0,goods:2902:1,Golden Rune [3]
1045357050,1045350050,m60_45_35_00,76105,pickup,0,goods:2901:1,Golden Rune [2]
1045357060,1045350060,m60_45_35_00,76105,pickup,0,goods:2900:1,Golden Rune [1]
1045357070,1045350070,m60_45_35_00,76105,pickup,0,goods:2901:1,Golden Rune [2]
1045357080,1045350080,m60_45_35_00,76105,pickup,0,goods:2900:1,Golden Rune [1]
1045357090,1045350090,m60_45_35_00,76105,pickup,0,goods:2900:1,Golden Rune [1]
1045377000,1045370000,m60_45_37_00,76120,pickup,0,goods:2901:1,Golden Rune [2]
1045377010,1045370010,m60_45_37_00,76120,pickup,0,goods:10101:1,Smithing Stone [2]
1045377050,1045370050,m60_45_37_00,76114,pickup,0,goods:2900:1,Golden Rune [1]
1045377060,1045370060,m60_45_37_00,76114,pickup,0,goods:15340:3,Thin Beast Bones
1045377070,1045370070,m60_45_37_00,76114,pickup,0,goods:20830:5,Gold-Tinged Excrement
1045377080,1045370080,m60_45_37_00,76114,pickup,0,goods:1700:5,Throwing Dagger
1045377090,1045370090,m60_45_37_00,76114,pickup,0,goods:2904:1,Golden Rune [5]
1045377100,1045371000,m60_45_37_00,76120,pickup,0,talisman:2130:1,Axe Talisman
1045387000,1045380000,m60_45_38_00,76114,pickup,0,goods:1420:1,Magic Grease
1045387020,1045380020,m60_45_38_00,76119,pickup,0,goods:2900:1,Golden Rune [1]
1045387030,1045380030,m60_45_38_00,76119,pickup,0,goods:2900:1,Golden Rune [1]
1045387040,1045380040,m60_45_38_00,76119,pickup,0,goods:2900:1,Golden Rune [1]
1045387050,1045380050,m60_45_38_00,76119,pickup,0,goods:2901:1,Golden Rune [2]
1045387060,1045380060,m60_45_38_00,76119,pickup,0,goods:2903:1,Golden Rune [4]
1045387070,1045380070,m60_45_38_00,76119,pickup,0,goods:2903:1,Golden Rune [4]
1045387080,1045380080,m60_45_38_00,76119,pickup,0,goods:2905:1,Golden Rune [6]
1045397000,1045390000,m60_45_39_00,76119,pickup,0,goods:2903:1,Golden Rune [4]
1045397020,1045390020,m60_45_39_00,76119,pickup,0,goods:20760:3,Mushroom
1045397040,1045390040,m60_45_39_00,76119,pickup,0,goods:10101:1,Smithing Stone [2]
1045397050,1045390050,m60_45_39_00,76119,pickup,0,goods:2900:1,Golden Rune [1]
1045397060,1045390060,m60_45_39_00,76104,pickup,0,goods:2900:1,Golden Rune [1]
1045397070,1045390070,m60_45_39_00,76119,pickup,0,goods:2900:1,Golden Rune [1]
1045397080,1045390080,m60_45_39_00,76104,pickup,0,goods:2900:1,Golden Rune [1]
1045397090,1045390090,m60_45_39_00,76104,pickup,0,goods:2904:1,Golden Rune [5]
1045397100,1045390100,m60_45_39_00,76119,pickup,0,goods:2901:1,Golden Rune [2]
1045397110,1045390110,m60_45_39_00,76104,pickup,0,goods:2900:1,Golden Rune [1]
1045397120,1045390120,m60_45_39_00,76119,pickup,0,talisman:1150:1,Green Turtle Talisman
1045397140,1045390140,m60_45_39_00,76119,pickup,0,goods:10100:1,Smithing Stone [1]
1045527000,1045520000,m60_11_13_02,76314,pickup,0,goods:3060:3,Gravity Stone Fan
1045527010,1045520010,m60_45_52_00,76314,pickup,0,goods:20855:1,Gravel Stone
1045527020,1045520020,m60_45_52_00,76314,pickup,0,goods:10105:2,Smithing Stone [6]
1045527030,1045520030,m60_45_52_00,76314,pickup,0,goods:10104:1,Smithing Stone [5]
1046367000,1046360000,m60_46_36_00,76105,pickup,0,goods:10100:1,Smithing Stone [1]
1046367010,1046360010,m60_46_36_00,76105,pickup,0,goods:20723:5,Bloodrose
1046367030,1046360030,m60_46_36_00,76105,pickup,0,goods:20723:3,Bloodrose
1046367100,1046360100,m60_46_36_00,76105,pickup,0,goods:10010:1,Golden Seed
1046367500,1046360500,m60_46_36_00,76105,pickup,0,goods:8105:1,Dectus Medallion (Left)
1046367700,1046360700,m60_46_36_00,76105,reward,0,gem:20400:1,Ash of War: Bloody Slash
1046377000,1046370000,m60_46_37_00,76104,pickup,0,goods:15160:3,Strip of White Flesh
1046387010,1046380010,m60_46_38_00,76104,pickup,0,goods:900:1,Neutralizing Boluses
1046387100,1046380100,m60_46_38_00,76104,pickup,0,goods:10020:1,Sacred Tear
1046397000,1046390000,m60_46_39_00,76401,pickup,0,goods:2900:1,Golden Rune [1]
1046397010,1046390010,m60_46_39_00,76401,pickup,0,goods:2901:1,Golden Rune [2]
1046397020,1046390020,m60_46_39_00,76401,pickup,0,goods:2902:1,Golden Rune [3]
1046407000,1046400000,m60_46_40_00,76401,pickup,0,goods:20800:2,Nascent Butterfly
1046407010,1046400010,m60_46_40_00,76401,pickup,0,goods:190:1,Rune Arc
1046407020,1046400020,m60_46_40_00,76401,pickup,0,goods:2902:1,Golden Rune [3]
1046407040,1046400040,m60_46_40_00,76401,pickup,0,goods:940:5,Preserving Boluses
1046407060,1046400060,m60_46_40_00,76401,pickup,0,goods:1510:2,Drawstring Lightning Grease
1046407700,1046400700,m60_46_40_00,76400,reward,0,talisman:2030:1,Sacred Scorpion Charm
1046577300,1046570300,m60_46_57_00,76653,pickup,0,goods:2900:6,Golden Rune [1]
1046577800,1046570800,m60_46_57_00,76653,pickup,0,goods:10106:3|goods:10107:1,Smithing Stone [7]|Smithing Stone [8]
1047377000,1047370000,m60_47_37_00,76405,pickup,0,goods:2900:1,Golden Rune [1]
1047377010,1047370010,m60_47_37_00,76405,pickup,0,goods:2904:1,Golden Rune [5]
1047377020,1047370020,m60_47_37_00,76405,pickup,0,goods:2900:1,Golden Rune [1]
1047377030,1047370030,m60_47_37_00,76405,pickup,0,goods:2901:1,Golden Rune [2]
1047377040,1047370040,m60_47_37_00,76405,pickup,0,goods:20650:4,Poisonbloom
1047377050,1047370050,m60_47_37_00,76405,pickup,0,goods:1290:1,Starlight Shards
1047377100,1047370100,m60_47_37_00,76405,reward,0,goods:8185:1,Larval Tear
1047387010,1047380020,m60_47_38_00,76407,pickup,0,goods:10163:1,Somber Smithing Stone [4]
1047387030,1047380030,m60_47_38_00,76407,pickup,0,goods:15110:5,Great Dragonfly Head
1047387040,1047380040,m60_47_38_00,76405,pickup,0,goods:1490:3,Rot Grease
1047387070,1047380070,m60_47_38_00,76402,pickup,0,goods:190:1,Rune Arc
1047387080,1047380080,m60_47_38_00,76402,pickup,0,goods:3310:2,Warming Stone
1047387100,1047380100,m60_47_38_00,76402,pickup,0,goods:20802:6,Smoldering Butterfly
1047387110,1047380110,m60_47_38_00,76402,pickup,0,goods:20760:10,Mushroom
1047387120,1047380120,m60_47_38_00,76402,pickup,0,goods:6050:1,"Flame, Grant Me Strength"
1047387130,1047380130,m60_47_38_00,76402,pickup,0,weapon:53020000:5,Explosive Greatbolt
1047387700,1047380700,m60_47_38_00,76402,reward,0,gem:10000:1,Ash of War: Lion's Claw
1047387900,1047380900,m60_47_38_00,76402,pickup,0,talisman:1060:1,Starscourge Heirloom
1047387910,1047380910,m60_47_38_00,76407,pickup,0,weapon:9030000:1,Meteoric Ore Blade
1047387920,1047380920,m60_47_38_00,76402,pickup,0,weapon:21100000:1,Katar
1047387980,446040021,m60_47_38_00,76402,enemy,0,goods:20802:5|goods:20682:3,Smoldering Butterfly|Fire Blossom
1047387990,446040001,m60_47_38_00,76402,enemy,0,goods:20802:5|goods:20682:3,Smoldering Butterfly|Fire Blossom
1047397000,1047390000,m60_47_39_00,76402,pickup,0,goods:10104:1,Smithing Stone [5]
1047397040,1047390040,m60_47_39_00,76409,pickup,0,goods:2908:1,Golden Rune [9]
1047397080,1047390080,m60_47_39_00,76409,pickup,0,goods:15120:2,Slumbering Egg
1047397990,446040011,m60_47_39_00,76402,enemy,0,goods:20802:5|goods:20682:3,Smoldering Butterfly|Fire Blossom
1047407000,1047400000,m60_47_40_00,76401,pickup,0,goods:2904:1,Golden Rune [5]
1047407020,1047400020,m60_47_40_00,76401,pickup,0,goods:10103:1,Smithing Stone [4]
1047407030,1047400030,m60_47_40_00,76451,pickup,0,goods:10163:1,Somber Smithing Stone [4]
1047407040,1047400040,m60_47_40_00,76403,pickup,0,weapon:52060000:6,Explosive Bolt
1047407070,1047400070,m60_47_40_00,76403,pickup,0,goods:1500:3,Drawstring Fire Grease
1047407080,1047400080,m60_47_40_00,76403,pickup,0,goods:20802:3,Smoldering Butterfly
1047407900,1047400900,m60_47_40_00,76403,pickup,0,goods:190:1,Rune Arc
1047407910,1047400910,m60_47_40_00,76401,pickup,0,weapon:2190000:1,Sword of St. Trina
1047407920,1047400920,m60_11_10_02,76403,pickup,0,weapon:4000000:1,Greatsword
1047407990,446040031,m60_47_40_00,76403,enemy,0,goods:20802:5|goods:20682:3,Smoldering Butterfly|Fire Blossom
1047427000,1047420000,m60_47_42_00,76451,pickup,0,weapon:62520000:1,Ritual Thrusting Shield
1047517000,1047510000,m60_47_51_00,76500,pickup,0,goods:1500:2,Drawstring Fire Grease
1047517010,1047510010,m60_47_51_00,76500,pickup,0,goods:2906:1,Golden Rune [7]
1047517300,1047510300,m60_47_51_00,76500,pickup,0,goods:1480:1,Dragonwound Grease
1047557000,1047550000,m60_47_55_00,76551,pickup,0,goods:10106:1,Smithing Stone [7]
1047557010,1047550010,m60_47_55_00,76551,pickup,0,goods:20722:8,Rimed Rowa
1047557020,1047550020,m60_47_55_00,76551,pickup,0,goods:2912:1,Golden Rune [13]
1047557030,1047550030,m60_47_55_00,76551,pickup,0,goods:8000:1,Stonesword Key
1047557900,1047550900,m60_47_55_00,76551,pickup,0,goods:7311:1,Unendurable Frenzy
1047567300,1047560300,m60_47_56_00,76652,pickup,0,goods:2915:1,Hero's Rune [2]
1047567310,1047560310,m60_47_56_00,76652,pickup,0,goods:10107:1,Smithing Stone [8]
1047567320,1047560320,m60_11_14_02,76652,pickup,0,goods:920:2,Thawfrost Boluses
1047567330,1047560330,m60_47_56_00,76652,pickup,0,goods:1740:4,Crystal Dart
1047567700,1047560700,m60_47_56_00,76652,reward,0,armor:320000:1|armor:320100:1|armor:320300:1,Sanguine Noble Hood|Sanguine Noble Robe|Sanguine Noble Waistcloth
1047577300,1047570300,m60_47_57_00,76653,pickup,0,goods:2906:1,Golden Rune [7]
1047577310,1047570310,m60_47_57_00,76653,pickup,0,goods:2911:1,Golden Rune [12]
1047587000,1047580000,m60_47_58_00,76653,pickup,0,goods:10200:1,Somber Smithing Stone [9]
1047587800,1047580800,m60_47_58_00,76653,pickup,0,weapon:31060000:1,Silver Mirrorshield
1048377000,1048370000,m60_48_37_00,76411,pickup,0,goods:15130:4,Crab Eggs
1048377020,1048370020,m60_48_37_00,76405,pickup,0,goods:2902:1,Golden Rune [3]
1048377030,1048370030,m60_48_37_00,76406,pickup,0,goods:2903:1,Golden Rune [4]
1048387000,1048380000,m60_48_38_00,76406,pickup,0,goods:2903:1,Golden Rune [4]
1048387010,1048380011,m60_48_38_00,76406,pickup,0,armor:100000:1|armor:100100:1|armor:100200:1|armor:100300:1,Traveler's Hat|Perfumer's Traveling Garb|Traveler's Gloves|Traveler's Slops
1048387020,1048380020,m60_48_38_00,76406,pickup,0,weapon:33250000:1,Meteorite Staff
1048387500,1048380500,m60_48_38_00,76406,reward,0,goods:20753:5|goods:2902:1|goods:2904:1|goods:2909:1,Sacramental Bud|Golden Rune [3]|Golden Rune [5]|Golden Rune [10]
1048397000,1048390000,m60_48_39_00,76409,pickup,0,goods:20753:1,Sacramental Bud
1048397010,1048390010,m60_48_39_00,76410,pickup,0,goods:10164:1,Somber Smithing Stone [5]
1048397040,1048390040,m60_48_39_00,76409,pickup,0,goods:15110:3,Great Dragonfly Head
1048397050,1048390050,m60_48_39_00,76410,pickup,0,goods:8000:1,Stonesword Key
1048397900,1048390900,m60_48_39_00,76407,pickup,0,goods:4710:1,Rock Sling
1048407010,1048400010,m60_48_40_00,76410,pickup,0,goods:2900:1,Golden Rune [1]
1048407020,1048400020,m60_48_40_00,76410,pickup,0,goods:2905:1,Golden Rune [6]
1048407030,1048400030,m60_48_40_00,76410,pickup,0,goods:2901:1,Golden Rune [2]
1048407040,1048400040,m60_48_40_00,76409,pickup,0,goods:20753:1,Sacramental Bud
1048407050,1048400050,m60_48_40_00,76403,pickup,0,goods:15341:3,Hefty Beast Bone
1048407060,1048400060,m60_48_40_00,76403,pickup,0,weapon:32170000:1,Spiked Palisade Shield
1048407900,1048400900,m60_48_40_00,76403,pickup,0,weapon:32160000:1,Visage Shield
1048407980,446040051,m60_48_39_00,76403,enemy,0,goods:20802:5|goods:20682:3,Smoldering Butterfly|Fire Blossom
1048407990,446040041,m60_48_40_00,76403,enemy,0,goods:20802:5|goods:20682:3,Smoldering Butterfly|Fire Blossom
1048417800,1048410800,m60_48_41_00,76451,reward,0,goods:8948:1,Gravity Stone Peddler's Bell Bearing
1048517000,1048510000,m60_48_51_00,76502,pickup,0,goods:10166:1,Somber Smithing Stone [7]
1048517700,1048510700,m60_48_51_00,76500,other,0,gem:22500:1,Ash of War: Phantom Slash
1048547800,1048540800,m60_48_54_00,76550,pickup,0,goods:2900:1,Golden Rune [1]
1048547810,1048540810,m60_48_54_00,76550,pickup,0,goods:2902:1,Golden Rune [3]
1048547820,1048540820,m60_48_54_00,76550,pickup,0,goods:2905:1,Golden Rune [6]
1048547830,1048540830,m60_48_54_00,76550,pickup,0,goods:2908:1,Golden Rune [9]
1048547840,1048540840,m60_48_54_00,76550,pickup,0,goods:2910:1,Golden Rune [11]
1048547990,340051300,m60_48_54_00,76550,enemy,0,weapon:12210000:1|armor:2000000:1,Rotten Battle Hammer|Rotten Duelist Helm
1048557300,1048550300,m60_48_55_00,76551,pickup,0,goods:2912:1,Golden Rune [13]
1048557600,1048550600,m60_48_55_00,76551,pickup,0,talisman:1161:1,Stalwart Horn Charm +1
1048557700,1048550700,m60_48_55_00,76502,other,0,goods:10140:1,Ancient Dragon Smithing Stone
1048557710,1048550710,m60_48_55_00,76502,other,0,armor:230000:1|armor:230100:1|armor:230200:1|armor:230300:1,Night's Cavalry Helm|Night's Cavalry Armor|Night's Cavalry Gauntlets|Night's Cavalry Greaves
1048557900,1048550900,m60_12_13_02,76551,pickup,0,weapon:7060000:1,Flowing Curved Sword
1048567300,1048560300,m60_48_56_00,76551,pickup,0,goods:8000:1,Stonesword Key
1048567800,1048560800,m60_48_56_00,76551,reward,0,goods:10168:1,Somber Ancient Dragon Smithing Stone
1048577000,1048570000,m60_48_57_00,76652,pickup,0,goods:190:1,Rune Arc
1048577010,1048570010,m60_48_57_00,76652,pickup,0,goods:2912:1,Golden Rune [13]
1048577020,1048570020,m60_48_57_00,76652,pickup,0,goods:15341:3,Hefty Beast Bone
1048577030,1048570030,m60_48_57_00,76652,pickup,0,goods:2912:1,Golden Rune [13]
1048577040,1048570040,m60_48_57_00,76652,pickup,0,goods:1470:2,Freezing Grease
1048577050,1048570050,m60_48_57_00,76652,pickup,0,goods:3030:8,Cuckoo Glintstone
1048577060,1048570060,m60_48_57_00,76652,pickup,0,goods:1740:5,Crystal Dart
1048577070,1048570070,m60_48_57_00,76652,pickup,0,goods:15040:3,Old Fang
1048577080,1048570080,m60_48_57_00,76652,pickup,0,goods:15120:3,Slumbering Egg
1048577090,1048570090,m60_48_57_00,76652,pickup,0,goods:2911:1,Golden Rune [12]
1048577300,1048570300,m60_48_57_00,76652,pickup,0,goods:1120:1,Invigorating Cured Meat
1048577310,1048570310,m60_48_57_00,76652,pickup,0,goods:2909:1,Golden Rune [10]
1048577700,1048570700,m60_48_57_00,76653,reward,0,goods:5010:1,Explosive Ghostflame
1048577800,1048570800,m60_48_57_00,76652,pickup,0,goods:10010:1,Golden Seed
1048577810,1048570810,m60_48_57_00,76652,pickup,0,armor:180000:1|armor:180100:1|armor:180200:1|armor:180300:1,Black Knife Hood|Black Knife Armor|Black Knife Gauntlets|Black Knife Greaves
1048577900,1048570900,m60_48_57_00,76652,reward,0,goods:10918:1,Ghost Glovewort [9]
1048577910,1048570910,m60_48_57_00,76652,reward,0,goods:10918:1,Ghost Glovewort [9]
1048577920,1048570920,m60_48_57_00,76652,reward,0,goods:10918:1,Ghost Glovewort [9]
1048577930,1048570930,m60_48_57_00,76652,reward,0,goods:10918:1,Ghost Glovewort [9]
1048577990,340052100,m60_48_57_00,76652,enemy,0,armor:2000300:1|weapon:23150000:1,Rotten Duelist Greaves|Rotten Greataxe
1048587300,1048580300,m60_48_58_00,76653,pickup,0,goods:2912:1,Golden Rune [13]
1049367000,1049360000,m60_49_36_00,76417,pickup,0,goods:20802:3,Smoldering Butterfly
1049367010,1049360010,m60_49_36_00,76411,pickup,0,goods:1750:6,Fan Daggers
1049377010,1049370010,m60_49_37_00,76411,pickup,0,goods:15030:2,Beast Blood
1049377020,1049370020,m60_49_37_00,76411,pickup,0,goods:10010:1,Golden Seed
1049377050,1049370050,m60_49_37_00,76411,pickup,0,goods:15030:3,Beast Blood
1049377070,1049370070,m60_49_37_00,76411,pickup,0,goods:2901:1,Golden Rune [2]
1049377100,1049370100,m60_49_37_00,76411,reward,0,gem:11900:1,Ash of War: Poison Moth Flight
1049377110,1049370110,m60_49_37_00,76411,reward,0,weapon:3200000:1,Death's Poker
1049377700,1049370700,m60_49_37_00,76411,reward,0,goods:10163:1|goods:15030:1|goods:15040:2,Somber Smithing Stone [4]|Beast Blood|Old Fang
1049387010,1049380010,m60_49_38_00,76412,pickup,0,goods:10163:1,Somber Smithing Stone [4]
1049387020,1049380020,m60_49_38_00,76412,pickup,0,goods:20801:1,Aeonian Butterfly
1049387030,1049380030,m60_49_38_00,76411,pickup,0,goods:10103:3,Smithing Stone [4]
1049387040,1049380040,m60_49_38_00,76411,pickup,0,weapon:52030000:20,Black-Key Bolt
1049387060,1049380060,m60_49_38_00,76411,pickup,0,goods:20753:2,Sacramental Bud
1049387070,1049380070,m60_49_38_00,76411,pickup,0,goods:190:1,Rune Arc
1049387080,1049380080,m60_49_38_00,76412,pickup,0,goods:2903:1,Golden Rune [4]
1049387110,1049380110,m60_49_38_00,76411,pickup,0,goods:2904:1,Golden Rune [5]
1049387120,1049380120,m60_49_38_00,76411,pickup,0,goods:10000:5,Glass Shard
1049387800,1049380000,m60_49_38_00,76412,pickup,0,goods:4650:1,Eternal Darkness
1049397000,1049390000,m60_49_39_00,76416,pickup,0,goods:8000:1,Stonesword Key
1049397010,1049390010,m60_49_39_00,76416,pickup,0,goods:20650:5,Poisonbloom
1049397020,1049390020,m60_49_39_00,76416,pickup,0,goods:190:1,Rune Arc
1049397030,1049390030,m60_49_39_00,76416,pickup,0,weapon:33280000:1,Staff of Loss
1049397040,1049390040,m60_49_39_00,76416,pickup,0,goods:235000:1,Rotten Stray Ashes
1049397800,1049390800,m60_49_39_00,76416,reward,0,weapon:2080000:1,Nox Flowing Sword
1049397850,1049390850,m60_49_39_00,76413,reward,0,goods:221000:1,Battlemage Hugues
1049397900,1049390900,m60_49_39_00,76415,pickup,0,weapon:33240000:1,Lusat's Glintstone Staff
1049397910,1049390910,m60_49_39_00,76416,pickup,0,talisman:4011:1,Spelldrake Talisman +1
1049407000,1049400000,m60_49_40_00,76450,pickup,0,goods:2904:1,Golden Rune [5]
1049407010,1049400010,m60_49_40_00,76450,pickup,0,goods:20855:1,Gravel Stone
1049407020,1049400020,m60_49_40_00,76450,pickup,0,goods:15000:3,Sliver of Meat
1049407040,1049400040,m60_49_40_00,76410,pickup,0,goods:10104:3,Smithing Stone [5]
1049417040,1049410040,m60_49_41_00,76450,pickup,0,goods:20691:2,Arteria Leaf
1049417070,1049410070,m60_49_41_00,76450,pickup,0,goods:1480:1,Dragonwound Grease
1049417080,1049410080,m60_49_41_00,76450,pickup,0,goods:190:1,Rune Arc
1049417090,1049410090,m60_49_41_00,76450,pickup,0,goods:10200:1,Somber Smithing Stone [9]
1049417100,1049410100,m60_49_41_00,76452,pickup,0,goods:2913:1,Numen's Rune
1049527000,1049520000,m60_49_52_00,76502,pickup,0,goods:1470:1,Freezing Grease
1049527800,1049520800,m60_49_52_00,76502,pickup,0,goods:10010:1,Golden Seed
1049537000,1049530000,m60_49_53_00,76501,pickup,0,goods:15000:2,Sliver of Meat
1049537010,1049530010,m60_49_53_00,76501,pickup,0,goods:1120:1,Invigorating Cured Meat
1049537020,1049530020,m60_49_53_00,76501,pickup,0,goods:2909:1,Golden Rune [10]
1049537030,1049530030,m60_49_53_00,76501,pickup,0,goods:4410:1,Zamor Ice Storm
1049537300,1049530300,m60_49_53_00,76501,pickup,0,goods:15030:2,Beast Blood
1049537900,1049530900,m60_49_53_00,76501,pickup,0,goods:8953:1,Smithing-Stone Miner's Bell Bearing [3]
1049547300,1049540300,m60_49_54_00,76550,pickup,0,goods:2912:1,Golden Rune [13]
1049547310,1049540310,m60_49_54_00,76550,pickup,0,goods:2910:1,Golden Rune [11]
1049547700,1049540700,m60_49_54_00,76550,reward,0,goods:10167:1,Somber Smithing Stone [8]
1049547900,1049540900,m60_12_13_02,76550,pickup,0,weapon:24040000:1,St. Trina's Torch
1049557300,1049550300,m60_49_55_00,76551,pickup,0,goods:10200:1,Somber Smithing Stone [9]
1049557310,1049550310,m60_49_55_00,76550,pickup,0,goods:15040:2,Old Fang
1049557320,1049550320,m60_49_55_00,76551,pickup,0,goods:20682:6,Fire Blossom
1049557330,1049550330,m60_49_55_00,76551,pickup,0,goods:20653:3,Miquella's Lily
1049557700,1049550700,m60_49_55_00,76551,reward,0,goods:8185:1,Larval Tear
1049557800,1049550800,m60_49_55_00,76550,pickup,0,goods:10010:1,Golden Seed
1049557810,1049550810,m60_49_55_00,76550,pickup,0,goods:2910:1,Golden Rune [11]
1049567300,1049560300,m60_49_56_00,76551,pickup,0,goods:15420:2,Albinauric Bloodclot
1049567310,1049560310,m60_49_56_00,76551,pickup,0,goods:15040:3,Old Fang
1049567320,1049560320,m60_49_56_00,76551,pickup,0,goods:15160:2,Strip of White Flesh
1049567330,1049560330,m60_49_56_00,76652,pickup,0,goods:1480:2,Dragonwound Grease
1049567340,1049560340,m60_49_56_00,76551,pickup,0,goods:20800:3,Nascent Butterfly
1049567350,1049560350,m60_49_56_00,76652,pickup,0,goods:10107:1,Smithing Stone [8]
1049577700,1049570700,m60_49_57_00,76652,reward,0,goods:10166:1,Somber Smithing Stone [7]
1049577710,1049570710,m60_49_57_00,76652,reward,0,goods:10167:1,Somber Smithing Stone [8]
1049577720,1049570720,m60_49_57_00,76652,reward,0,goods:10200:1,Somber Smithing Stone [9]
1050367000,1050360000,m60_50_36_00,76417,pickup,0,goods:20760:6,Mushroom
1050367900,1050360900,m60_50_36_00,76417,pickup,0,talisman:2150:1,Arrow's Sting Talisman
1050387000,1050380000,m60_50_38_00,76418,pickup,0,goods:2904:1,Golden Rune [5]
1050387010,1050380010,m60_50_38_00,76418,pickup,0,goods:1560:3,Drawstring Poison Grease
1050387020,1050380020,m60_50_38_00,76418,pickup,0,goods:10020:1,Sacred Tear
1050387950,420140040,m60_50_38_00,76418,enemy,0,goods:2908:1,Golden Rune [9]
1050387960,420140030,m60_50_38_00,76418,enemy,0,goods:2908:1,Golden Rune [9]
1050387970,420140020,m60_50_38_00,76418,enemy,0,goods:2908:1,Golden Rune [9]
1050387980,420140010,m60_50_38_00,76418,enemy,0,goods:2908:1,Golden Rune [9]
1050387990,420140000,m60_50_38_00,76418,enemy,0,goods:2908:1,Golden Rune [9]
1050397000,1050390000,m60_50_39_00,76416,pickup,0,goods:1460:2,Poison Grease
1050397010,1050390010,m60_50_39_00,76416,pickup,0,goods:20770:5,Toxic Mushroom
1050397020,1050390020,m60_50_39_00,76414,pickup,0,goods:10106:1,Smithing Stone [7]
1050397030,1050390030,m60_50_39_00,76414,pickup,0,goods:10106:1,Smithing Stone [7]
1050397040,1050390040,m60_50_39_00,76414,pickup,0,goods:8000:1,Stonesword Key
1050397050,1050390050,m60_50_39_00,76414,pickup,0,goods:10107:1,Smithing Stone [8]
1050397060,1050390060,m60_50_39_00,76418,pickup,0,goods:1290:1,Starlight Shards
1050397070,1050390070,m60_50_39_00,76416,pickup,0,armor:1920000:1,Cerulean Tear Scarab
1050397090,1050390090,m60_50_39_00,76453,pickup,0,goods:15030:2,Beast Blood
1050397100,1050390100,m60_50_39_00,76414,pickup,0,goods:10010:1,Golden Seed
1050397900,1050390900,m60_50_39_00,76416,pickup,0,goods:4620:1,Night Comet
1050397910,1050390910,m60_50_39_00,76416,pickup,0,goods:8186:1,Imbued Sword Key
1050407000,1050400000,m60_50_40_00,76453,pickup,0,weapon:66530000:1,Reed Great Katana
1050407800,1050400800,m60_50_40_00,76453,reward,0,goods:10060:5,Dragon Heart
1050537000,1050530000,m60_50_53_00,76507,pickup,0,goods:10166:1,Somber Smithing Stone [7]
1050537300,1050530300,m60_50_53_00,76501,pickup,0,goods:20802:4,Smoldering Butterfly
1050537700,1050530700,m60_50_53_00,76501,reward,0,goods:10166:1,Somber Smithing Stone [7]
1050537980,424050010,m60_50_53_00,76507,enemy,0,goods:10166:1,Somber Smithing Stone [7]
1050537990,424050000,m60_50_53_00,76501,enemy,0,goods:10166:1,Somber Smithing Stone [7]
1050547000,1050540000,m60_50_54_00,76501,pickup,0,goods:10070:1,Lost Ashes of War
1050547800,1050540800,m60_50_54_00,76501,pickup,0,goods:20691:3,Arteria Leaf
1050547810,1050540810,m60_50_54_00,76501,pickup,0,goods:4910:1,Briars of Punishment
1050557300,1050550300,m60_50_55_00,76551,pickup,0,goods:15341:2,Hefty Beast Bone
1050557310,1050550310,m60_50_55_00,76551,pickup,0,goods:2908:1,Golden Rune [9]
1050557320,1050550320,m60_50_55_00,76550,pickup,0,goods:15020:4,Lump of Flesh
1050557800,1050550800,m60_50_55_00,76551,pickup,0,goods:10167:1,Somber Smithing Stone [8]
1050557900,1050550900,m60_50_55_00,76551,pickup,0,goods:190:1,Rune Arc
1050567300,1050560300,m60_50_56_00,76551,pickup,0,goods:20685:3,Tarnished Golden Sunflower
1050567500,1050560500,m60_50_56_00,76503,pickup,0,goods:3310:3,Warming Stone
1050567510,1050560510,m60_50_56_00,76503,pickup,0,goods:1320:1,Invigorating White Cured Meat
1050567520,1050560520,m60_50_56_00,76503,pickup,0,goods:10106:1,Smithing Stone [7]
1050567600,1050560600,m60_50_56_00,76551,pickup,0,goods:10140:1,Ancient Dragon Smithing Stone
1050567620,1050560620,m60_50_56_00,76503,pickup,0,armor:900000:1|armor:900100:1|armor:900200:1|armor:900300:1,Traveling Maiden Hood|Traveling Maiden Robe|Traveling Maiden Gloves|Traveling Maiden Boots
1050567700,1050560700,m60_50_56_00,76503,reward,0,weapon:20050000:1|armor:650000:1|armor:650100:1|armor:650200:1|armor:650300:1,Hoslow's Petal Whip|Hoslow's Helm|Hoslow's Armor|Hoslow's Gauntlets|Hoslow's Greaves
1050567800,1050560800,m60_50_56_00,76551,pickup,0,goods:10107:3,Smithing Stone [8]
1050567820,1050560820,m60_50_56_00,76551,pickup,0,talisman:3001:1,Graven-Mass Talisman
1050577300,1050570300,m60_50_57_00,76652,pickup,0,goods:3310:4,Warming Stone
1050577800,1050570800,m60_50_57_00,76522,pickup,0,goods:1290:1,Starlight Shards
1051357000,1051350000,m60_51_35_00,76420,pickup,0,goods:20802:8,Smoldering Butterfly
1051357990,420141000,m60_51_35_00,76420,enemy,0,goods:2908:1,Golden Rune [9]
1051367000,1051360000,m60_51_36_00,76420,pickup,0,goods:2905:1,Golden Rune [6]
1051367020,1051360020,m60_51_36_00,76420,pickup,0,goods:10105:1,Smithing Stone [6]
1051367030,1051360030,m60_51_36_00,76420,pickup,0,goods:10102:1,Smithing Stone [3]
1051367040,1051360040,m60_51_36_00,76420,pickup,0,goods:10103:1,Smithing Stone [4]
1051367050,1051360050,m60_51_36_00,76420,pickup,0,goods:10102:1,Smithing Stone [3]
1051367060,1051360060,m60_51_36_00,76420,pickup,0,goods:10104:1,Smithing Stone [5]
1051367080,1051360080,m60_51_36_00,76420,pickup,0,goods:10104:1,Smithing Stone [5]
1051367090,1051360090,m60_51_36_00,76420,pickup,0,goods:10103:1,Smithing Stone [4]
1051367100,1051360100,m60_51_36_00,76419,pickup,0,goods:10105:1,Smithing Stone [6]
1051367110,1051360110,m60_51_36_00,76419,pickup,0,goods:10164:1,Somber Smithing Stone [5]
1051367130,1051360130,m60_51_36_00,76420,pickup,0,weapon:3050000:1,Flamberge
1051367700,1051360700,m60_51_36_00,76420,reward,0,goods:10163:1|goods:15030:1|goods:15040:2,Somber Smithing Stone [4]|Beast Blood|Old Fang
1051367800,1051360800,m60_51_36_00,76420,reward,0,goods:10163:1|goods:15030:1|goods:15040:2,Somber Smithing Stone [4]|Beast Blood|Old Fang
1051367910,1051360910,m60_51_36_00,76420,pickup,0,goods:10105:1,Smithing Stone [6]
1051387000,1051380000,m60_51_38_00,76422,pickup,0,weapon:51040000:4,Radahn's Spear
1051387010,1051380010,m60_51_38_00,76422,pickup,0,weapon:51040000:6,Radahn's Spear
1051387020,1051380020,m60_51_38_00,76422,pickup,0,weapon:51040000:10,Radahn's Spear
1051397040,1051390040,m60_51_39_00,76453,pickup,0,goods:2911:1,Golden Rune [12]
1051397050,1051390050,m60_51_39_00,76453,pickup,0,goods:900:2,Neutralizing Boluses
1051397060,1051390060,m60_51_39_00,76453,pickup,0,talisman:1051:1,Radagon's Soreseal
1051397900,1051390900,m60_51_39_00,76453,pickup,0,goods:8106:1,Dectus Medallion (Right)
1051397960,420141040,m60_51_39_00,76453,enemy,0,goods:2908:1,Golden Rune [9]
1051397970,420141030,m60_51_39_00,76453,enemy,0,goods:2908:1,Golden Rune [9]
1051397980,420141020,m60_51_39_00,76453,enemy,0,goods:2908:1,Golden Rune [9]
1051397990,420141010,m60_51_39_00,76453,enemy,0,goods:2908:1,Golden Rune [9]
1051407040,1051400040,m60_51_40_00,76453,pickup,0,goods:190:1,Rune Arc
1051417000,1051430000,m60_51_43_00,76454,pickup,0,goods:2100:3,Soft Cotton
1051417010,1051430010,m60_51_43_00,76454,pickup,0,weapon:1110000:1,Cinquedea
1051417030,1051430030,m60_51_43_00,76454,pickup,0,talisman:4000:1,Dragoncrest Shield Talisman
1051437020,1051430020,m60_51_43_00,76456,pickup,0,goods:10010:1,Golden Seed
1051537000,1051530000,m60_51_53_00,76507,pickup,0,goods:10140:1,Ancient Dragon Smithing Stone
1051537010,1051530010,m60_51_53_00,76508,pickup,0,goods:10106:1,Smithing Stone [7]
1051537300,1051530300,m60_51_53_00,76507,pickup,0,goods:1530:2,Drawstring Holy Grease
1051537500,1051530500,m60_51_53_00,76507,reward,0,weapon:9040000:1|armor:872000:1,Rivers of Blood|Okina Mask
1051537600,1051530600,m60_51_53_00,76507,pickup,0,gem:65300:1,Ash of War: Troll's Roar
1051537700,1051530700,m60_51_53_00,76508,reward,0,goods:10167:1,Somber Smithing Stone [8]
1051537800,1051530800,m60_51_53_00,76507,pickup,0,goods:10020:1,Sacred Tear
1051537810,1051530810,m60_51_53_00,76508,pickup,0,goods:3310:2,Warming Stone
1051537950,424050060,m60_51_53_00,76507,enemy,0,goods:10166:1,Somber Smithing Stone [7]
1051537960,424050050,m60_51_53_00,76507,enemy,0,goods:10166:1,Somber Smithing Stone [7]
1051537970,424050040,m60_51_53_00,76507,enemy,0,goods:10166:1,Somber Smithing Stone [7]
1051537980,424050030,m60_51_53_00,76507,enemy,0,goods:10166:1,Somber Smithing Stone [7]
1051537990,424050020,m60_51_53_00,76507,enemy,0,goods:10166:1,Somber Smithing Stone [7]
1051547000,1051540000,m60_51_54_00,76507,pickup,0,goods:1320:3,Invigorating White Cured Meat
1051547800,1051540800,m60_51_54_00,76508,pickup,0,goods:1750:5,Fan Daggers
1051547960,424050100,m60_51_54_00,76506,enemy,0,goods:10166:1,Somber Smithing Stone [7]
1051547970,424050090,m60_51_54_00,76506,enemy,0,goods:10166:1,Somber Smithing Stone [7]
1051547980,424050080,m60_51_54_00,76507,enemy,0,goods:10166:1,Somber Smithing Stone [7]
1051547990,424050070,m60_51_54_00,76506,enemy,0,goods:10166:1,Somber Smithing Stone [7]
1051557300,1051550300,m60_51_55_00,76503,pickup,0,goods:2906:1,Golden Rune [7]
1051557310,1051550310,m60_51_55_00,76503,pickup,0,goods:1530:2,Drawstring Holy Grease
1051557320,1051550320,m60_51_55_00,76503,pickup,0,goods:2020:4,Rainbow Stone
1051557330,1051550330,m60_51_55_00,76503,pickup,0,goods:2912:1,Golden Rune [13]
1051567020,1051560020,m60_51_56_00,76503,pickup,0,goods:10200:1,Somber Smithing Stone [9]
1051567030,1051560030,m60_51_56_00,76503,pickup,0,goods:1470:2,Freezing Grease
1051567300,1051560300,m60_51_56_00,76503,pickup,0,goods:20852:2,Formic Rock
1051567310,1051560310,m60_51_56_00,76503,pickup,0,goods:2100:6,Soft Cotton
1051567320,1051560320,m60_51_56_00,76503,pickup,0,goods:2909:1,Golden Rune [10]
1051567700,1051560700,m60_51_56_00,76503,reward,0,goods:10167:1,Somber Smithing Stone [8]
1051567800,1051560800,m60_51_56_00,76503,pickup,0,goods:20653:1,Miquella's Lily
1051567810,1051560810,m60_51_56_00,76503,pickup,0,goods:20653:1,Miquella's Lily
1051567900,1051560900,m60_51_56_00,76503,pickup,0,talisman:3080:1,Primal Glintstone Blade
1051577000,1051570000,m60_51_57_00,76522,pickup,0,goods:1470:5,Freezing Grease
1051577010,1051570010,m60_51_57_00,76522,pickup,0,goods:2909:1,Golden Rune [10]
1051577020,1051570020,m60_51_57_00,76523,pickup,0,goods:10104:1,Smithing Stone [5]
1051577030,1051570030,m60_51_57_00,76523,pickup,0,goods:1750:5,Fan Daggers
1051577040,1051570040,m60_51_57_00,76522,pickup,0,goods:2909:1,Golden Rune [10]
1051577050,1051570050,m60_51_57_00,76524,pickup,0,goods:2909:1,Golden Rune [10]
1051577060,1051570060,m60_51_57_00,76523,pickup,0,goods:20800:1,Nascent Butterfly
1051577070,1051570070,m60_51_57_00,76522,pickup,0,talisman:1011:1,Cerulean Amber Medallion +1
1051577080,1051570080,m60_51_57_00,76523,pickup,0,goods:10106:3,Smithing Stone [7]
1051577090,1051570090,m60_51_57_00,76523,pickup,0,goods:10104:1,Smithing Stone [5]
1051577100,1051570100,m60_51_57_00,76523,pickup,0,goods:10105:1,Smithing Stone [6]
1051577110,1051570110,m60_51_57_00,76522,pickup,0,goods:10167:1,Somber Smithing Stone [8]
1051577120,1051570120,m60_51_57_00,76522,pickup,0,goods:2909:1,Golden Rune [10]
1051577130,1051570130,m60_51_57_00,76522,pickup,0,goods:15100:5,Human Bone Shard
1051577140,1051570140,m60_51_57_00,76522,pickup,0,goods:2910:1,Golden Rune [11]
1051577150,1051570150,m60_51_57_00,76523,pickup,0,goods:920:3,Thawfrost Boluses
1051577160,1051570160,m60_51_57_00,76523,pickup,0,goods:150:1,Furlcalling Finger Remedy
1051577170,1051570170,m60_51_57_00,76523,pickup,0,goods:10105:1,Smithing Stone [6]
1051577180,1051570180,m60_51_57_00,76523,pickup,0,goods:920:1,Thawfrost Boluses
1051577190,1051570190,m60_51_57_00,76523,pickup,0,goods:10167:1,Somber Smithing Stone [8]
1051577200,1051570200,m60_51_57_00,76524,pickup,0,goods:2908:1,Golden Rune [9]
1051577210,1051570210,m60_51_57_00,76523,pickup,0,goods:190:1,Rune Arc
1051577220,1051570220,m60_51_57_00,76523,pickup,0,weapon:14140000:1,Stormhawk Axe
1051577230,1051570230,m60_51_57_00,76521,pickup,0,goods:2909:1,Golden Rune [10]
1051577300,1051570300,m60_51_57_00,76524,pickup,0,goods:8000:1,Stonesword Key
1051577600,1051570600,m60_51_57_00,76523,pickup,0,weapon:7100000:1,Eclipse Shotel
1051577720,1051570720,m60_51_57_00,76522,reward,0,weapon:3130000:1|goods:2090:1,Helphen's Steeple|Deathroot
1051577800,1051570800,m60_51_57_00,76522,reward,0,goods:10166:1|goods:15030:1|goods:15040:2,Somber Smithing Stone [7]|Beast Blood|Old Fang
1051577810,1051570810,m60_51_57_00,76522,reward,0,goods:10166:1|goods:15030:1|goods:15040:2,Somber Smithing Stone [7]|Beast Blood|Old Fang
1051587800,1051580800,m60_51_58_00,76524,pickup,0,goods:8175:1,Haligtree Secret Medallion (Left)
1052397500,1052390500,m60_52_39_00,76422,reward,0,weapon:3560000:1|armor:5360000:1|armor:5360100:1|armor:5360200:1|armor:5360300:1,Leontiel's Greatsword|Leontiel's Hat|Leontiel's Armor|Leontiel's Leather Gloves|Leontiel's Boots
1052417000,1052410000,m60_52_41_00,76455,pickup,0,goods:2907:1,Golden Rune [8]
1052417010,1052410010,m60_52_41_00,76455,pickup,0,goods:2905:1,Golden Rune [6]
1052417020,1052410020,m60_52_41_00,76455,pickup,0,goods:2902:1,Golden Rune [3]
1052417030,1052410030,m60_52_41_00,76455,pickup,0,goods:2900:1,Golden Rune [1]
1052417100,1052410100,m60_52_41_00,76455,reward,0,gem:80100:1,Ash of War: Bloodhound's Step
1052437000,1052430000,m60_52_43_00,76456,pickup,0,goods:1290:1,Starlight Shards
1052537000,1052530000,m60_52_53_00,76508,pickup,0,goods:2909:1,Golden Rune [10]
1052537800,1052530800,m60_52_53_00,76508,pickup,0,goods:10010:1,Golden Seed
1052547000,1052540000,m60_52_54_00,76506,pickup,0,goods:2050:3,Grace Mimic
1052547010,1052540010,m60_52_54_00,76506,pickup,0,goods:2909:1,Golden Rune [10]
1052547020,1052540020,m60_52_54_00,76506,pickup,0,goods:2909:1,Golden Rune [10]
1052547800,1052540800,m60_52_54_00,76506,pickup,0,goods:1290:1,Starlight Shards
1052547980,424050120,m60_52_54_00,76506,enemy,0,goods:10166:1,Somber Smithing Stone [7]
1052547990,424050110,m60_52_54_00,76506,enemy,0,goods:10166:1,Somber Smithing Stone [7]
1052557000,1052550000,m60_52_55_00,76520,pickup,0,goods:20802:5,Smoldering Butterfly
1052557010,1052550010,m60_52_55_00,76520,pickup,0,goods:10106:1,Smithing Stone [7]
1052557020,1052550020,m60_52_55_00,76520,pickup,0,goods:2909:1,Golden Rune [10]
1052557030,1052550030,m60_52_55_00,76520,pickup,0,goods:20802:6,Smoldering Butterfly
1052557300,1052550300,m60_52_55_00,76520,pickup,0,goods:2907:1,Golden Rune [8]
1052557310,1052550310,m60_52_55_00,76520,pickup,0,goods:8000:1,Stonesword Key
1052557700,1052550700,m60_52_55_00,76520,reward,0,weapon:32150000:1,One-Eyed Shield
1052557800,1052550800,m60_52_55_00,76520,pickup,0,goods:20855:2,Gravel Stone
1052557900,1052550900,m60_52_55_00,76520,pickup,0,goods:8856:1,Giant's Prayerbook
1052567300,1052560300,m60_52_56_00,76520,pickup,0,weapon:53020000:5,Explosive Greatbolt
1052567310,1052560310,m60_52_56_00,76521,pickup,0,goods:190:1,Rune Arc
1052577000,1052570000,m60_52_57_00,76504,pickup,0,goods:930:3,Stimulating Boluses
1052577300,1052570300,m60_52_57_00,76504,pickup,0,goods:920:2,Thawfrost Boluses
1052577310,1052570310,m60_52_57_00,76504,pickup,0,goods:15040:5,Old Fang
1052577800,1052570800,m60_52_57_00,76521,pickup,0,goods:10010:1,Golden Seed
1052577810,1052570810,m60_52_57_00,76504,pickup,0,goods:10106:3,Smithing Stone [7]
1052577900,1052570900,m60_52_57_00,76504,pickup,0,goods:4210:1,Founding Rain of Stars
1052587800,1052580800,m60_52_58_00,76524,pickup,0,goods:2903:1,Golden Rune [4]
1052587810,1052580810,m60_52_58_00,76524,pickup,0,goods:2904:1,Golden Rune [5]
1052587820,1052580820,m60_52_58_00,76524,pickup,0,goods:2909:1,Golden Rune [10]
1053567300,1053560300,m60_53_56_00,76505,pickup,0,goods:10167:1,Somber Smithing Stone [8]
1053567310,1053560310,m60_53_56_00,76505,pickup,0,goods:2909:1,Golden Rune [10]
1053567700,1053560700,m60_53_56_00,76520,reward,0,goods:2911:1,Golden Rune [12]
1053567710,1053560710,m60_53_56_00,76520,reward,0,goods:2911:1,Golden Rune [12]
1053567720,1053560720,m60_53_56_00,76504,reward,0,goods:2911:1,Golden Rune [12]
1053567800,1053560800,m60_53_56_00,76505,pickup,0,goods:2906:1,Golden Rune [7]
1053567810,1053560810,m60_53_56_00,76505,pickup,0,goods:2906:1,Golden Rune [7]
1053577300,1053570300,m60_53_57_00,76504,pickup,0,goods:2910:1,Golden Rune [11]
1054557000,1054550000,m60_54_55_00,76505,pickup,0,goods:10106:3,Smithing Stone [7]
1054557310,1054550310,m60_54_55_00,76505,pickup,0,goods:8957:1,Somberstone Miner's Bell Bearing [3]
1054557800,1054550800,m60_54_55_00,76505,pickup,0,goods:10020:1,Sacred Tear
2044417000,2044410000,m61_44_41_00,76804,pickup,1,goods:10914:1,Ghost Glovewort [5]
2044417995,524080714,m61_44_41_00,76804,enemy,1,goods:2010000:1|goods:2001220:1,Scadutree Fragment|Silver Horn Tender
2044457000,2044450000,m61_44_45_00,76944,pickup,1,goods:2010000:1,Scadutree Fragment
2044457010,2044450010,m61_44_45_00,76944,pickup,1,goods:15080:3,Four-Toed Fowl Foot
2044457020,2044450020,m61_44_45_00,76944,pickup,1,goods:2020028:2,Spiritgrave Stone
2044457900,2044450900,m61_44_45_00,76944,pickup,1,talisman:8240:1,Talisman of All Crucibles
2044457950,524094724,m61_44_45_00,76944,enemy,1,goods:2015010:3,Spirit Calculus
2044467000,2044460000,m61_44_46_00,76944,pickup,1,goods:2010100:1,Revered Spirit Ash
2044467010,2044460010,m61_44_46_00,76943,pickup,1,goods:1340:2,Dappled White Cured Meat
2044467020,2044460020,m61_44_46_00,76943,pickup,1,goods:1110:3,Immunizing Cured Meat
2044467030,2044460030,m61_44_46_00,76944,pickup,1,goods:2002955:1,Shadow Realm Rune [4]
2044467040,2044460040,m61_44_46_00,76943,pickup,1,goods:2007210:1,Pest-Thread Spears
2044467050,2044460050,m61_44_46_00,76943,pickup,1,goods:2020004:3,Knot Resin
2044467060,2044460060,m61_44_46_00,76943,pickup,1,goods:10107:6,Smithing Stone [8]
2044467070,2044460070,m61_44_46_00,76943,pickup,1,goods:2015040:4,Fly Mold
2044467080,2044460080,m61_44_46_00,76943,pickup,1,goods:2020011:6,Scarlet Bud
2044467110,2044460110,m61_44_46_00,76943,pickup,1,goods:2007740:1,Divine Bird Feathers
2044467950,524094744,m61_44_46_00,76943,enemy,1,goods:2010100:1|goods:2001220:1,Revered Spirit Ash|Silver Horn Tender
2044477000,2044470000,m61_44_47_00,76914,pickup,1,goods:10915:1,Ghost Glovewort [6]
2044477010,2044470010,m61_44_47_00,76914,pickup,1,armor:5190000:1|armor:5190100:1|armor:5190200:1|armor:5190300:1,Leather Headband|Gloried Attire|Leather Arm Wraps|Leather Leg Wraps
2044477020,2044470020,m61_44_47_00,76914,pickup,1,goods:15030:2,Beast Blood
2044477030,2044470030,m61_44_47_00,76914,pickup,1,goods:15020:3,Lump of Flesh
2044477040,2044470040,m61_44_47_00,76914,pickup,1,goods:1700:5,Throwing Dagger
2044477050,2044470050,m61_44_47_00,76914,pickup,1,goods:10200:1,Somber Smithing Stone [9]
2044477900,2044470900,m61_44_47_00,76914,pickup,1,goods:2008033:1,Larval Tear
2045417000,2045410000,m61_45_41_00,76804,pickup,1,goods:15030:2,Beast Blood
2045417010,2045410010,m61_45_41_00,76804,pickup,1,goods:2020003:3,Whiteflesh Mushroom
2045417020,2045410020,m61_45_41_00,76804,pickup,1,goods:2020012:2,Sanguine Amaryllis
2045417030,2045410030,m61_45_41_00,76804,pickup,1,goods:10165:1,Somber Smithing Stone [6]
2045417040,2045410040,m61_45_41_00,76804,pickup,1,goods:2001210:2|goods:10104:4,Sacred Bloody Flesh|Smithing Stone [5]
2045417050,2045410050,m61_45_41_00,76804,pickup,1,weapon:51000000:10,Great Arrow
2045417700,2045410700,m61_45_41_00,76804,pickup,1,goods:2010100:1,Revered Spirit Ash
2045417710,2045410710,m61_45_41_00,76804,pickup,1,goods:2008909:1,String-Seller's Bell Bearing
2045417800,2045410800,m61_45_41_00,76804,pickup,1,talisman:8020:1,Outer God Heirloom
2045417900,2045410900,m61_45_41_00,76804,pickup,1,goods:2008033:1,Larval Tear
2045417950,508000702,m61_45_41_00,76804,enemy,1,weapon:12530000:1,Bloodfiend's Arm
2045427000,2045420000,m61_45_42_00,76803,pickup,1,goods:10104:4,Smithing Stone [5]
2045427700,2045420700,m61_45_42_00,76803,pickup,1,goods:2010000:1,Scadutree Fragment
2045437000,2045430000,m61_45_43_00,76805,pickup,1,goods:2002952:1,Shadow Realm Rune [1]
2045437700,2045430700,m61_45_43_00,76805,pickup,1,gem:415000:1,Ash of War: Savage Lion's Claw
2045447000,2045440000,m61_45_44_00,76805,pickup,1,goods:2020003:3,Whiteflesh Mushroom
2045447010,2045440010,m61_45_44_00,76805,pickup,1,weapon:66500000:1,Great Katana
2045447020,2045440020,m61_45_44_00,76805,pickup,1,armor:5231100:1,Gravebird Armor
2045457000,2045450000,m61_45_45_00,76944,pickup,1,goods:1730:6,Kukri
2045457010,2045450010,m61_45_45_00,76913,pickup,1,goods:10907:1,Grave Glovewort [8]
2045457020,2045450020,m61_45_45_00,76944,pickup,1,goods:2015010:1,Spirit Calculus
2045467000,2045460000,m61_45_46_00,76943,pickup,1,goods:2015000:2,Beast Horn
2045467020,2045460020,m61_45_46_00,76942,pickup,1,goods:10106:3,Smithing Stone [7]
2045467040,2045460040,m61_45_46_00,76943,pickup,1,goods:2001230:1,Golden Horn Tender
2045467050,2045460050,m61_45_46_00,76941,pickup,1,goods:2002958:1,Shadow Realm Rune [7]
2045467060,2045460060,m61_45_46_00,76913,pickup,1,goods:10106:3,Smithing Stone [7]
2045467070,2045460070,m61_45_46_00,76914,pickup,1,armor:5230100:1,Gravebird's Blackquill Armor
2045467080,2045460080,m61_45_46_00,76913,pickup,1,goods:2020003:5,Whiteflesh Mushroom
2045467090,2045460090,m61_45_46_00,76914,pickup,1,goods:940:2,Preserving Boluses
2045467500,2045460500,m61_45_46_00,76913,other,1,goods:2020035:1,Furnace Visage
2045467900,2045460900,m61_45_46_00,76941,pickup,1,talisman:7080:1,Mottled Necklace +2
2045467910,2045460910,m61_45_46_00,76913,pickup,1,goods:2015000:2,Beast Horn
2045467995,508100700,m61_45_46_00,76941,enemy,1,goods:2001210:5,Sacred Bloody Flesh
2045477010,2045470010,m61_45_47_00,76941,pickup,1,goods:2002958:1,Shadow Realm Rune [7]
2045477020,2045470020,m61_45_47_00,76941,pickup,1,goods:15060:2,Flight Pinion
2045477040,2045470040,m61_45_47_00,76914,pickup,1,goods:2006660:1,Aspects of the Crucible: Bloom
2045477050,2045470050,m61_45_47_00,76941,pickup,1,goods:2002951:1,Broken Rune
2045477060,2045470060,m61_45_47_00,76941,pickup,1,goods:2020005:4,Dewgem
2045477070,2045470070,m61_45_47_00,76941,pickup,1,goods:2020029:5,Rauh Burrow
2045477400,2045470400,m61_45_47_00,76941,reward,1,weapon:23500000:1|armor:5310000:1,Devonia's Hammer|Crucible Hammer-Helm
2045477500,2045470500,m61_45_47_00,76914,reward,1,weapon:2550000:1,Sword of Light
2045477510,2045470510,m61_45_47_00,76914,reward,1,weapon:2550001:1,Sword of Light
2045477520,2045470520,m61_45_47_00,76914,reward,1,weapon:2550002:1,Sword of Light
2045477530,2045470530,m61_45_47_00,76914,reward,1,weapon:2550003:1,Sword of Light
2045477540,2045470540,m61_45_47_00,76914,reward,1,weapon:2550004:1,Sword of Light
2045477550,2045470550,m61_45_47_00,76914,reward,1,weapon:2550005:1,Sword of Light
2045477560,2045470560,m61_45_47_00,76914,reward,1,weapon:2550006:1,Sword of Light
2045477570,2045470570,m61_45_47_00,76914,reward,1,weapon:2550007:1,Sword of Light
2045477580,2045470580,m61_45_47_00,76914,reward,1,weapon:2550008:1,Sword of Light
2045477590,2045470590,m61_45_47_00,76914,reward,1,weapon:2550009:1,Sword of Light
2045477600,2045470600,m61_45_47_00,76914,reward,1,weapon:2550010:1,Sword of Light
2045477700,2045470700,m40_00_00_00,74000,reward,1,weapon:2560000:1,Sword of Darkness
2045477710,2045470710,m40_00_00_00,74000,reward,1,weapon:2560001:1,Sword of Darkness
2045477720,2045470720,m40_00_00_00,74000,reward,1,weapon:2560002:1,Sword of Darkness
2045477730,2045470730,m40_00_00_00,74000,reward,1,weapon:2560003:1,Sword of Darkness
2045477740,2045470740,m40_00_00_00,74000,reward,1,weapon:2560004:1,Sword of Darkness
2045477750,2045470750,m40_00_00_00,74000,reward,1,weapon:2560005:1,Sword of Darkness
2045477760,2045470760,m40_00_00_00,74000,reward,1,weapon:2560006:1,Sword of Darkness
2045477770,2045470770,m40_00_00_00,74000,reward,1,weapon:2560007:1,Sword of Darkness
2045477780,2045470780,m40_00_00_00,74000,reward,1,weapon:2560008:1,Sword of Darkness
2045477790,2045470790,m40_00_00_00,74000,reward,1,weapon:2560009:1,Sword of Darkness
2045477800,2045470800,m40_00_00_00,74000,reward,1,weapon:2560010:1,Sword of Darkness
2045477900,2045470900,m40_00_00_00,74000,reward,1,weapon:2540000:1,Stone-Sheathed Sword
2045487000,2045480000,m61_45_48_00,76941,pickup,1,talisman:8010:1,Fine Crucible Feather Talisman
2046387000,2046380000,m61_46_38_00,76832,pickup,1,goods:10070:1,Lost Ashes of War
2046387010,2046380010,m61_46_38_00,76832,pickup,1,goods:2002954:1,Shadow Realm Rune [3]
2046387020,2046380020,m61_46_38_00,76832,pickup,1,goods:15400:3,String
2046387030,2046380030,m61_46_38_00,76832,pickup,1,goods:2020028:2,Spiritgrave Stone
2046387040,2046380040,m61_46_38_00,76832,pickup,1,goods:15130:2,Crab Eggs
2046387050,2046380050,m61_46_38_00,76832,pickup,1,goods:10165:1,Somber Smithing Stone [6]
2046387070,2046380070,m61_46_38_00,76832,pickup,1,goods:2003140:1,Perfumed Oil of Ranah
2046397000,2046390000,m61_46_39_00,76832,pickup,1,goods:10905:1,Grave Glovewort [6]
2046397020,2046390020,m61_46_39_00,76832,pickup,1,goods:10909:1,Great Grave Glovewort
2046397030,2046390030,m61_46_39_00,76832,pickup,1,goods:2001130:1,Fireproof Pickled Liver
2046397040,2046390040,m61_46_39_00,76832,pickup,1,goods:2202000:1,Gravebird Ashes
2046397050,2046390050,m61_46_39_00,76832,pickup,1,goods:10907:1,Grave Glovewort [8]
2046397060,2046390060,m61_46_39_00,76832,other,1,goods:2020035:1,Furnace Visage
2046407000,2046400000,m61_46_40_00,76800,pickup,1,weapon:21510000:1,Pata
2046407001,2046400001,m61_46_40_00,76800,pickup,1,armor:5000000:1,Oathseeker Knight Helm
2046407002,2046400002,m61_46_40_00,76800,pickup,1,armor:5002100:1,Oathseeker Knight Armor
2046407003,2046400003,m61_46_40_00,76800,pickup,1,armor:5000200:1,Oathseeker Knight Gauntlets
2046407004,2046400004,m61_46_40_00,76800,pickup,1,armor:5000300:1,Oathseeker Knight Greaves
2046407040,2046400040,m61_46_40_00,76832,pickup,1,goods:10909:1,Great Grave Glovewort
2046407050,2046400050,m61_46_40_00,76800,pickup,1,goods:10917:1,Ghost Glovewort [8]
2046407060,2046400060,m61_46_40_00,76800,pickup,1,goods:10918:1,Ghost Glovewort [9]
2046407700,2046400700,m61_46_40_00,76800,pickup,1,talisman:8000:1,Blessed Blue Dew Talisman
2046427700,2046420700,m61_46_42_00,76802,pickup,1,goods:2010000:1,Scadutree Fragment
2046427980,2046420980,m61_46_42_00,76802,other,1,goods:2020035:1,Furnace Visage
2046437000,2046430000,m61_46_43_00,76813,pickup,1,weapon:53000000:5,Ballista Bolt
2046437010,2046430010,m61_46_43_00,76813,pickup,1,goods:10070:1,Lost Ashes of War
2046437020,2046430020,m61_46_43_00,76813,pickup,1,goods:2002952:1,Shadow Realm Rune [1]
2046437040,2046430040,m61_46_43_00,76805,pickup,1,goods:10105:1,Smithing Stone [6]
2046437700,2046430700,m61_46_43_00,76805,pickup,1,goods:2020035:1,Furnace Visage
2046437710,2046430710,m61_46_43_00,76805,pickup,1,goods:2020035:1,Furnace Visage
2046447000,2046440000,m61_46_44_00,76805,pickup,1,goods:2002951:1,Broken Rune
2046447010,2046440010,m61_46_44_00,76805,pickup,1,goods:15100:1,Human Bone Shard
2046447020,2046440020,m61_46_44_00,76805,pickup,1,goods:2015040:3,Fly Mold
2046447030,2046440030,m61_46_44_00,76805,pickup,1,talisman:8120:1,Ailment Talisman
2046447050,2046440050,m61_46_44_00,76805,pickup,1,goods:2001220:1,Silver Horn Tender
2046447060,2046440060,m61_46_44_00,76813,pickup,1,goods:2015040:3,Fly Mold
2046447070,2046440070,m61_46_44_00,76805,pickup,1,goods:2020006:2,Black Pyrefly
2046447700,2046440700,m61_46_44_00,76805,pickup,1,goods:2010100:1,Revered Spirit Ash
2046447710,2046440710,m61_46_44_00,76805,pickup,1,goods:2008903:1,Mushroom-Seller's Bell Bearing [1]
2046447900,2046440900,m61_46_44_00,76805,pickup,1,goods:2008033:1,Larval Tear
2046457000,2046450000,m61_46_45_00,76913,pickup,1,talisman:7030:1,Two-Headed Turtle Talisman
2046457020,2046450020,m61_46_45_00,76913,pickup,1,weapon:50000000:10,Arrow
2046457030,2046450030,m61_46_45_00,76913,pickup,1,goods:15030:3,Beast Blood
2046457040,2046450040,m61_46_45_00,76913,pickup,1,goods:2010000:1,Scadutree Fragment
2046457050,2046450050,m61_46_45_00,76913,pickup,1,goods:2020028:3,Spiritgrave Stone
2046457060,2046450060,m61_46_45_00,76913,pickup,1,goods:10165:1,Somber Smithing Stone [6]
2046457070,2046450070,m61_46_45_00,76913,pickup,1,goods:10104:6,Smithing Stone [5]
2046457720,2046450720,m61_46_45_00,76805,pickup,1,goods:2010100:1,Revered Spirit Ash
2046457910,2046450910,m61_46_45_00,76913,pickup,1,talisman:8040:1,Two-Handed Sword Talisman
2046457920,2046450920,m61_46_45_00,76913,pickup,1,goods:2213000:1,Divine Bird Warrior Ornis
2046457950,524095705,m61_46_45_00,76913,enemy,1,goods:2020029:4|goods:2001220:1,Rauh Burrow|Silver Horn Tender
2046467000,2046460000,m61_46_46_00,76941,pickup,1,goods:2010000:1,Scadutree Fragment
2046467010,2046460010,m61_46_46_00,76941,pickup,1,goods:2020002:1,Redflesh Mushroom
2046467020,2046460020,m61_46_46_00,76913,pickup,1,goods:10107:4,Smithing Stone [8]
2046467800,2046460800,m61_46_46_00,76907,pickup,1,goods:2008033:1,Larval Tear
2046477000,2046470000,m61_46_47_00,76941,pickup,1,goods:1700:5,Throwing Dagger
2046477010,2046470010,m61_46_47_00,76941,pickup,1,goods:2002957:1,Shadow Realm Rune [6]
2046477020,2046470020,m61_46_47_00,76940,pickup,1,goods:2204000:1,Spider Scorpion Ashes
2046477030,2046470030,m61_46_47_00,76941,pickup,1,goods:10200:1,Somber Smithing Stone [9]
2046477060,2046470060,m61_46_47_00,76941,pickup,1,goods:2003190:1,Fire Spritestone
2046477070,2046470070,m61_46_47_00,76941,pickup,1,goods:10167:1,Somber Smithing Stone [8]
2046477090,2046470090,m61_46_47_00,76940,pickup,1,goods:2020005:2,Dewgem
2046477100,2046470100,m61_46_47_00,76940,pickup,1,goods:15340:8,Thin Beast Bones
2046477120,2046470120,m61_46_47_00,76940,pickup,1,goods:15000:2,Sliver of Meat
2046477130,2046470130,m61_46_47_00,76940,pickup,1,goods:2015030:3,Scorpion Liver
2046477140,2046470140,m61_46_47_00,76941,pickup,1,goods:10000:1,Glass Shard
2046477150,2046470150,m61_46_47_00,76941,pickup,1,gem:200000:1,Ash of War: Dryleaf Whirlwind
2046477160,2046470160,m61_46_47_00,76941,pickup,1,goods:2015000:2,Beast Horn
2046477700,2047470000,m61_47_47_00,76940,pickup,1,goods:2001210:3|goods:10167:1,Sacred Bloody Flesh|Somber Smithing Stone [8]
2046477720,2046470720,m61_46_47_00,76941,pickup,1,talisman:8210:1,Verdigris Discus
2046477750,2046470750,m61_46_47_00,76941,pickup,1,goods:2010000:1,Scadutree Fragment
2046477950,524094734,m61_46_47_00,76941,enemy,1,goods:2010100:1|goods:2001220:1,Revered Spirit Ash|Silver Horn Tender
2046477955,524094704,m61_46_47_00,76941,enemy,1,goods:2015010:3,Spirit Calculus
2046477960,524094714,m61_46_47_00,76941,enemy,1,goods:2010000:1|goods:2001230:1,Scadutree Fragment|Golden Horn Tender
2046477970,524095716,m61_46_47_00,76914,enemy,1,goods:2003190:3,Fire Spritestone
2046487000,2046480000,m61_46_48_00,76940,pickup,1,goods:2002956:1,Shadow Realm Rune [5]
2046487010,2046480010,m61_46_48_00,76940,pickup,1,goods:2003000:1,Bondstone
2047357000,2047350000,m61_47_35_00,76833,pickup,1,goods:2002952:1,Shadow Realm Rune [1]
2047367000,2047360000,m61_47_36_00,76833,pickup,1,goods:10907:1,Grave Glovewort [8]
2047367010,2047360010,m61_47_36_00,76833,pickup,1,goods:2020014:3,Deep-Purple Lily
2047377000,2047370000,m61_47_37_00,76835,pickup,1,goods:2020003:4,Whiteflesh Mushroom
2047387000,2047380000,m61_47_38_00,76832,pickup,1,goods:10906:1,Grave Glovewort [7]
2047387010,2047380010,m61_47_38_00,76831,pickup,1,goods:10908:1,Grave Glovewort [9]
2047397000,2047390000,m61_47_39_00,76831,pickup,1,weapon:7500000:1,Spirit Sword
2047397040,2047390040,m61_47_39_00,76831,pickup,1,goods:10908:1,Grave Glovewort [9]
2047397050,2047390050,m61_47_39_00,76832,pickup,1,goods:2020021:4,Ghostflame Bloom
2047397070,2047390070,m61_47_39_00,76832,reward,1,goods:2010000:1,Scadutree Fragment
2047397080,2047390080,m61_47_39_00,76831,pickup,1,goods:10908:1,Grave Glovewort [9]
2047397090,2047390090,m61_47_39_00,76831,pickup,1,goods:10105:4,Smithing Stone [6]
2047397995,581000704,m61_47_39_00,76832,enemy,1,goods:1290:1,Starlight Shards
2047407000,2047400000,m61_47_40_00,76800,pickup,1,goods:10000:1,Glass Shard
2047407010,2047400010,m61_47_40_00,76830,pickup,1,goods:2020006:1,Black Pyrefly
2047407020,2047400020,m61_47_40_00,76830,pickup,1,weapon:50000000:10,Arrow
2047407030,2047400030,m61_47_40_00,76800,pickup,1,goods:15020:2,Lump of Flesh
2047407100,2047400100,m61_47_40_00,76832,pickup,1,goods:2010000:1,Scadutree Fragment
2047407710,2047410710,m61_47_41_00,76801,pickup,1,goods:2008902:1,Herbalist's Bell Bearing
2047407900,2047400900,m61_47_40_00,76800,pickup,1,goods:2008033:1,Larval Tear
2047407980,2047400980,m61_47_40_00,76800,reward,1,weapon:68500000:1,Beast Claw
2047417000,2047410000,m61_47_41_00,76801,pickup,1,goods:2020006:3,Black Pyrefly
2047417010,2047410010,m61_47_41_00,76801,pickup,1,goods:2002953:1,Shadow Realm Rune [2]
2047417020,2047410020,m61_47_41_00,76801,pickup,1,goods:150:2,Furlcalling Finger Remedy
2047417030,2047410040,m61_47_41_00,76801,pickup,1,goods:2020002:5,Redflesh Mushroom
2047417060,2047410060,m61_47_41_00,76801,pickup,1,goods:2020006:3,Black Pyrefly
2047417100,2047410100,m61_47_41_00,76830,pickup,1,goods:15340:6,Thin Beast Bones
2047417110,2047410110,m61_47_41_00,76830,pickup,1,goods:2008904:1,Mushroom-Seller's Bell Bearing [2]
2047417700,2047410700,m61_47_41_00,76801,pickup,1,goods:2010100:1,Revered Spirit Ash
2047417800,2047410800,m61_47_41_00,76801,pickup,1,talisman:8230:1,Blade of Mercy
2047417995,524080704,m61_47_41_00,76801,enemy,1,goods:2010000:1|goods:2001220:1,Scadutree Fragment|Silver Horn Tender
2047427000,2047420000,m61_47_42_00,76812,pickup,1,goods:10904:1,Grave Glovewort [5]
2047427030,2047420030,m61_47_42_00,76830,pickup,1,goods:10165:1,Somber Smithing Stone [6]
2047427040,2047420040,m61_47_42_00,76812,pickup,1,goods:10168:1,Somber Ancient Dragon Smithing Stone
2047427700,2047420700,m61_47_42_00,76801,pickup,1,weapon:64500000:1,Backhand Blade
2047427950,563000704,m61_47_42_00,76812,enemy,1,goods:10107:3,Smithing Stone [8]
2047437000,2047430000,m61_47_43_00,76822,pickup,1,goods:10904:1,Grave Glovewort [5]
2047437010,2047430010,m61_47_43_00,76813,pickup,1,weapon:43510000:1,Spread Crossbow
2047437020,2047430020,m61_47_43_00,76813,pickup,1,goods:10105:3,Smithing Stone [6]
2047437030,2047430030,m61_47_43_00,76813,pickup,1,weapon:16520000:1,Swift Spear
2047437040,2047430040,m61_47_43_00,76812,pickup,1,goods:2002953:1,Shadow Realm Rune [2]
2047437050,2047430050,m61_47_43_00,76812,pickup,1,goods:10163:1,Somber Smithing Stone [4]
2047437700,2047430700,m61_47_43_00,76812,pickup,1,goods:2010100:1,Revered Spirit Ash
2047437980,2047430980,m61_47_43_00,76812,reward,1,goods:2003130:1,Horned Bairn
2047447010,2047440010,m61_47_44_00,76813,pickup,1,goods:2020006:3,Black Pyrefly
2047447020,2047440020,m61_47_44_00,76813,pickup,1,goods:10164:1,Somber Smithing Stone [5]
2047447030,2047440030,m61_47_44_00,76821,pickup,1,goods:2002951:1,Broken Rune
2047447040,2047440040,m61_47_44_00,76821,pickup,1,goods:2020007:3,Glintslab Firefly
2047447050,2047440050,m61_47_44_00,76821,pickup,1,goods:15060:2,Flight Pinion
2047447060,2047440060,m61_47_44_00,76821,pickup,1,goods:1190:1,Silver-Pickled Fowl Foot
2047447070,2047440070,m61_47_44_00,76821,pickup,1,goods:10165:1,Somber Smithing Stone [6]
2047447080,2047440080,m61_47_44_00,76823,pickup,1,goods:10166:1,Somber Smithing Stone [7]
2047447090,2047440090,m61_47_44_00,76821,pickup,1,goods:2004310:1,Glintblade Trio
2047447100,2047440100,m61_47_44_00,76813,pickup,1,goods:10167:1,Somber Smithing Stone [8]
2047447110,2047440110,m61_47_44_00,76813,pickup,1,goods:2020007:1,Glintslab Firefly
2047447120,2047440120,m61_47_44_00,76822,pickup,1,goods:2020005:3,Dewgem
2047447130,2047440130,m61_47_44_00,76821,pickup,1,goods:10164:1,Somber Smithing Stone [5]
2047447140,2047440140,m61_47_44_00,76821,pickup,1,weapon:50000000:10,Arrow
2047447150,2047440150,m61_47_44_00,76821,pickup,1,weapon:52000000:10,Bolt
2047447160,2047440160,m61_47_44_00,76813,pickup,1,goods:2002953:1,Shadow Realm Rune [2]
2047447170,2047440170,m61_47_44_00,76823,pickup,1,goods:2020007:1,Glintslab Firefly
2047447190,2047440190,m61_47_44_00,76813,pickup,1,talisman:7090:1,Spelldrake Talisman +3
2047447200,2047440200,m61_47_44_00,76821,pickup,1,goods:2001520:3,Drawstring Royal Magic Grease
2047447210,2047440210,m61_47_44_00,76821,pickup,1,goods:2020004:3,Knot Resin
2047447600,2047440600,m61_47_44_00,76821,pickup,1,goods:2002955:1,Shadow Realm Rune [4]
2047447610,2047440610,m61_47_44_00,76821,pickup,1,goods:1290:1,Starlight Shards
2047447620,2047440620,m61_47_44_00,76821,pickup,1,goods:2002953:1,Shadow Realm Rune [2]
2047447700,2047440700,m61_47_44_00,76822,pickup,1,talisman:8220:1,Rellana's Cameo
2047447710,2047440710,m61_47_44_00,76821,pickup,1,goods:2008027:1,Castle Cross Message
2047447720,2047440720,m61_47_44_00,76821,pickup,1,goods:2010000:1,Scadutree Fragment
2047447730,2047440730,m61_47_44_00,76821,pickup,1,goods:1290:1,Starlight Shards
2047447750,2047440750,m61_47_44_00,76813,pickup,1,goods:2010000:1,Scadutree Fragment
2047447800,2047440800,m61_47_44_00,76821,pickup,1,weapon:67500000:1,Milady
2047447820,2047440820,m61_47_44_00,76821,pickup,1,weapon:2530000:1,Carian Sorcery Sword
2047447830,2047440830,m61_47_44_00,76821,pickup,1,weapon:31510000:1,Wolf Crest Shield
2047447840,2047440840,m61_47_44_00,76813,pickup,1,weapon:61500000:1,Firespark Perfume Bottle
2047447900,2047440900,m61_47_44_00,76813,reward,1,goods:10200:1,Somber Smithing Stone [9]
2047447901,2047440901,m61_47_44_00,76813,reward,1,goods:2001420:3,Royal Magic Grease
2047457000,2047450000,m61_47_45_00,76907,pickup,1,goods:2020006:5,Black Pyrefly
2047457010,2047450010,m61_47_45_00,76907,pickup,1,goods:2001400:1|goods:10106:3,Messmerfire Grease|Smithing Stone [7]
2047457020,2047450020,m61_47_45_00,76907,pickup,1,goods:10166:1,Somber Smithing Stone [7]
2047457040,2047450040,m61_47_45_00,76907,pickup,1,goods:2001400:1,Messmerfire Grease
2047457070,2047450070,m61_47_45_00,76907,pickup,1,goods:2020002:8,Redflesh Mushroom
2047457080,2047450080,m61_47_45_00,76907,pickup,1,weapon:50010000:10,Fire Arrow
2047457180,2047440180,m61_47_44_00,76821,pickup,1,goods:10907:1,Grave Glovewort [8]
2047457700,2047450700,m61_47_45_00,76907,reward,1,goods:10107:9,Smithing Stone [8]
2047457800,2047450800,m61_47_45_00,76907,pickup,1,goods:2008033:1,Larval Tear
2047457900,2047450900,m61_47_45_00,76907,pickup,1,weapon:13500000:1,Serpent Flail
2047457910,2047450910,m61_47_45_00,76907,pickup,1,talisman:8070:1,Arrow's Soaring Sting Talisman
2047457920,2047450920,m61_47_45_00,76907,pickup,1,goods:2020031:3|goods:10107:6,Blessed Bone Shard|Smithing Stone [8]
2047467000,2047460000,m61_47_46_00,76907,pickup,1,goods:190:1,Rune Arc
2047467010,2047460010,m61_47_46_00,76912,pickup,1,goods:2020029:1,Rauh Burrow
2047467030,2047460030,m61_47_46_00,76912,pickup,1,goods:2020029:1,Rauh Burrow
2047467500,2047460500,m61_47_46_00,76907,pickup,1,goods:2010000:2,Scadutree Fragment
2047477000,2046470700,m61_46_47_00,76941,pickup,1,goods:2008028:1,Ancient Ruins Cross Message
2047477010,2047470010,m61_47_47_00,76940,pickup,1,goods:2001230:1,Golden Horn Tender
2047477020,2047470020,m61_47_47_00,76940,pickup,1,goods:2015010:1,Spirit Calculus
2047477030,2047470030,m61_47_47_00,76912,pickup,1,goods:2001210:5,Sacred Bloody Flesh
2047477040,2047470040,m61_47_47_00,76912,pickup,1,goods:2020012:5,Sanguine Amaryllis
2047477050,2047470050,m61_47_47_00,76912,pickup,1,goods:2001210:3|goods:10106:4,Sacred Bloody Flesh|Smithing Stone [7]
2047477070,2047470070,m61_47_47_00,76912,pickup,1,goods:2002954:1,Shadow Realm Rune [3]
2047477900,2047470900,m61_47_47_00,76912,pickup,1,talisman:8090:1,Pearl Shield Talisman
2047477950,508095202,m61_47_47_00,76912,enemy,1,weapon:16550000:1,Bloodfiend's Sacred Spear
2047477995,508100710,m61_47_47_00,76912,enemy,1,goods:2001210:5,Sacred Bloody Flesh
2048377010,2048370010,m61_48_37_00,76835,pickup,1,goods:10908:1,Grave Glovewort [9]
2048377020,2048370020,m61_48_37_00,76835,pickup,1,goods:10909:1,Great Grave Glovewort
2048377030,2048370030,m61_48_37_00,76835,pickup,1,goods:10908:1,Grave Glovewort [9]
2048377050,2048370050,m61_48_37_00,76835,pickup,1,goods:2010000:1,Scadutree Fragment
2048387000,2048380000,m61_48_38_00,76831,pickup,1,goods:2020022:6,Grave Cricket
2048387010,2048380010,m61_48_38_00,76835,pickup,1,goods:10909:1,Great Grave Glovewort
2048387030,2048380030,m61_48_38_00,76841,pickup,1,goods:10909:1,Great Grave Glovewort
2048397000,2048390000,m61_48_39_00,76831,pickup,1,goods:10106:4,Smithing Stone [7]
2048397010,2048390010,m61_48_39_00,76831,pickup,1,goods:2020022:6,Grave Cricket
2048397020,2048390020,m61_48_39_00,76831,pickup,1,goods:15100:1,Human Bone Shard
2048397030,2048390030,m61_48_39_00,76841,pickup,1,goods:2003150:1,Call of Tibia
2048397040,2048390040,m61_48_39_00,76840,pickup,1,goods:10908:1,Grave Glovewort [9]
2048397050,2048390050,m61_48_39_00,76841,pickup,1,goods:2005000:1,Rings of Spectral Light
2048407000,2048400000,m61_48_40_00,76831,pickup,1,weapon:61530000:1,Lightning Perfume Bottle
2048407010,2048400010,m61_48_40_00,76830,pickup,1,weapon:18500000:1,Spirit Glaive
2048407020,2048400020,m61_48_40_00,76830,pickup,1,goods:2020035:1,Furnace Visage
2048417000,2048410000,m61_48_41_00,76830,pickup,1,goods:2003180:2,Fire Coil
2048417010,2048410010,m61_48_41_00,76830,pickup,1,goods:2000900:1,Blessing of Marika
2048417030,2048410030,m61_48_41_00,76801,pickup,1,goods:10105:4,Smithing Stone [6]
2048417700,2048410700,m61_48_41_00,76830,pickup,1,goods:2010000:2,Scadutree Fragment
2048417800,2048410800,m61_48_41_00,76811,pickup,1,goods:10140:1,Ancient Dragon Smithing Stone
2048417980,2048410980,m61_48_41_00,76830,reward,1,weapon:12520000:1,Black Steel Greathammer
2048427000,2048420000,m61_48_42_00,76811,pickup,1,goods:2001600:1,Festive Grease
2048427020,2048420020,m61_48_42_00,76811,pickup,1,armor:5230200:1,Gravebird Bracelets
2048427900,2048420900,m61_48_42_00,76811,pickup,1,goods:2008033:1,Larval Tear
2048437000,2048430000,m61_48_43_00,76812,pickup,1,goods:2020014:1,Deep-Purple Lily
2048437010,2048430010,m61_48_43_00,76810,pickup,1,goods:2020010:8,Toxic Mossling
2048437020,2048430020,m61_48_43_00,76810,pickup,1,goods:2002952:1,Shadow Realm Rune [1]
2048437030,2048430030,m61_48_43_00,76810,pickup,1,goods:10905:1,Grave Glovewort [6]
2048437700,2048430700,m61_48_43_00,76810,pickup,1,goods:2010000:1,Scadutree Fragment
2048447000,2048440000,m61_48_44_00,76821,pickup,1,goods:2020004:4,Knot Resin
2048447010,2048440010,m61_48_44_00,76822,pickup,1,goods:2002953:1,Shadow Realm Rune [2]
2048447020,2048440020,m61_48_44_00,76822,pickup,1,goods:15341:4,Hefty Beast Bone
2048447030,2048440030,m61_48_44_00,76821,pickup,1,goods:15400:3,String
2048447040,2048440040,m61_48_44_00,76822,pickup,1,goods:15020:2,Lump of Flesh
2048447050,2048440050,m61_48_44_00,76822,pickup,1,goods:10166:1,Somber Smithing Stone [7]
2048447060,2048440060,m61_48_44_00,76822,pickup,1,goods:10165:1,Somber Smithing Stone [6]
2048447070,2048440070,m61_48_44_00,76822,pickup,1,goods:10166:1,Somber Smithing Stone [7]
2048447080,2048440080,m61_48_44_00,76822,pickup,1,goods:10916:1,Ghost Glovewort [7]
2048447500,2048440500,m61_48_44_00,76900,pickup,1,goods:2010000:1,Scadutree Fragment
2048447800,2048440800,m61_48_44_00,76822,pickup,1,goods:8186:1,Imbued Sword Key
2048447810,2048440810,m61_48_44_00,76822,pickup,1,gem:412000:1,Ash of War: Wing Stance
2048457000,2048450000,m61_48_45_00,76900,pickup,1,goods:2020006:3,Black Pyrefly
2048457510,2048450510,m61_48_45_00,76900,pickup,1,goods:2008029:1,Monk's Missive
2048457520,2048450520,m61_48_45_00,76902,pickup,1,goods:2010000:1,Scadutree Fragment
2048467010,2048460010,m61_48_46_00,76912,pickup,1,goods:2003170:2,Golden Vow
2048467030,2048460030,m61_48_46_00,76916,pickup,1,weapon:52020000:20|goods:10166:1,Perfumer's Bolt|Somber Smithing Stone [7]
2048467040,2048460040,m61_48_46_00,76912,pickup,1,goods:2020030:6,Ember of Messmer
2048467050,2048460050,m61_48_46_00,76912,pickup,1,goods:2001500:1,Drawstring Messmerfire Grease
2048467060,2048460060,m61_48_46_00,76912,pickup,1,goods:10106:2,Smithing Stone [7]
2048467090,2048460090,m61_48_46_00,76912,pickup,1,goods:2020009:2,Shadow Sunflower
2048467500,2048460500,m61_48_46_00,76912,pickup,1,goods:2002955:1,Shadow Realm Rune [4]
2048467510,2048460510,m61_48_46_00,76912,pickup,1,goods:2010000:1,Scadutree Fragment
2048467701,2048460701,m61_48_46_00,76912,other,1,goods:2020035:1,Furnace Visage
2048467710,2048460710,m61_48_46_00,76912,reward,1,weapon:10510000:1,Black Steel Twinblade
2049377000,2049370000,m61_49_37_00,76834,pickup,1,weapon:50000000:10,Arrow
2049387000,2049380000,m61_49_38_00,76840,pickup,1,goods:2001710:1,Dragon Communion Harpoon
2049387010,2049380010,m61_49_38_00,76840,pickup,1,goods:2001710:1,Dragon Communion Harpoon
2049387020,2049380020,m61_49_38_00,76840,pickup,1,goods:2001480:1,Dragon Communion Grease
2049387030,2049380030,m61_49_38_00,76840,pickup,1,goods:2001710:1,Dragon Communion Harpoon
2049387060,2049380060,m61_49_38_00,76834,pickup,1,goods:10105:3,Smithing Stone [6]
2049397000,2049390000,m61_49_39_00,76840,pickup,1,goods:2020032:3,Red Fulgurbloom
2049427000,2049420000,m61_49_42_00,76910,pickup,1,talisman:8170:1,Talisman of the Dread
2049427010,2049420010,m61_49_42_00,76861,pickup,1,goods:10909:1,Great Grave Glovewort
2049427700,2049420700,m61_49_42_00,76861,reward,1,goods:2020017:1,Swollen Grape
2049427720,2049420720,m61_49_42_00,76861,reward,1,goods:2020017:1,Swollen Grape
2049437000,2049430000,m61_49_43_00,76908,pickup,1,weapon:43500000:1,Repeating Crossbow
2049437200,2049430200,m61_49_43_00,76908,pickup,1,goods:190:1,Rune Arc
2049437210,2049430210,m61_49_43_00,76909,pickup,1,goods:2020031:1,Blessed Bone Shard
2049437220,2049430220,m61_49_43_00,76909,pickup,1,goods:2002951:1,Broken Rune
2049437230,2049430230,m61_49_43_00,76910,pickup,1,goods:2207000:1,Messmer Soldier Ashes
2049437240,2049430240,m61_49_43_00,76909,pickup,1,goods:2020004:6,Knot Resin
2049437250,2049430250,m61_49_43_00,76909,pickup,1,goods:2002960:1,Marika's Rune
2049437260,2049430260,m61_49_43_00,76909,pickup,1,goods:2002951:1,Broken Rune
2049437270,2049430270,m61_49_43_00,76910,pickup,1,talisman:7100:1,Flamedrake Talisman +3
2049437280,2049430280,m61_49_43_00,76910,pickup,1,goods:2020028:3,Spiritgrave Stone
2049437290,2049430290,m61_49_43_00,76909,pickup,1,goods:2020005:3,Dewgem
2049437300,2049430300,m61_49_43_00,76910,pickup,1,goods:2001130:1,Fireproof Pickled Liver
2049437310,2049430310,m61_49_43_00,76909,pickup,1,goods:2020031:1,Blessed Bone Shard
2049437320,2049430320,m61_49_43_00,76909,pickup,1,goods:2002951:1,Broken Rune
2049437330,2049430330,m61_49_43_00,76909,pickup,1,goods:10915:1,Ghost Glovewort [6]
2049437340,2049430340,m61_49_43_00,76909,pickup,1,goods:2002951:1,Broken Rune
2049437350,2049430350,m61_49_43_00,76909,pickup,1,goods:2020002:5,Redflesh Mushroom
2049437360,2049430360,m61_49_43_00,76909,pickup,1,goods:1700:8,Throwing Dagger
2049437370,2049430370,m61_49_43_00,76909,pickup,1,goods:2002955:1,Shadow Realm Rune [4]
2049437380,2049430380,m61_49_43_00,76910,pickup,1,goods:2001600:2,Festive Grease
2049437500,2049430500,m61_49_43_00,76910,pickup,1,goods:2003310:3|goods:10106:6,Sunwarmth Stone|Smithing Stone [7]
2049437520,2049430520,m61_49_43_00,76909,pickup,1,goods:10140:1,Ancient Dragon Smithing Stone
2049437600,2049430600,m61_49_43_00,76910,pickup,1,goods:10105:6,Smithing Stone [6]
2049437620,2049430620,m61_49_43_00,76910,pickup,1,goods:2000900:1,Blessing of Marika
2049437900,2049430900,m61_49_43_00,76908,other,1,goods:2002951:5|goods:2002953:1|goods:2002954:1,Broken Rune|Shadow Realm Rune [2]|Shadow Realm Rune [3]
2049437901,2049430901,m61_49_43_00,76908,other,1,goods:2002953:1,Shadow Realm Rune [2]
2049437902,2049430902,m61_49_43_00,76908,other,1,goods:2002954:1,Shadow Realm Rune [3]
2049437910,2049430910,m61_49_43_00,76908,other,1,goods:2002951:5|goods:2002951:4|goods:2002952:2|goods:2002955:1,Broken Rune|Broken Rune|Shadow Realm Rune [1]|Shadow Realm Rune [4]
2049437920,2049430920,m61_49_43_00,76908,other,1,goods:2020031:3,Blessed Bone Shard
2049437930,2049430930,m61_49_43_00,76908,other,1,goods:2020031:4,Blessed Bone Shard
2049437940,2049430940,m61_49_43_00,76908,other,1,goods:2002130:1,Iris of Occultation
2049440990,524090704,m61_49_44_00,76903,enemy,1,goods:2010000:1|goods:2001230:1,Scadutree Fragment|Golden Horn Tender
2049447020,2049440020,m61_49_44_00,76903,pickup,1,goods:2020009:4,Shadow Sunflower
2049447030,2049440030,m61_49_44_00,76903,pickup,1,goods:15400:2,String
2049447040,2049440040,m61_49_44_00,76902,pickup,1,goods:2002954:1,Shadow Realm Rune [3]
2049447050,2049440050,m61_49_44_00,76903,pickup,1,goods:2001230:1,Golden Horn Tender
2049447060,2049440060,m61_49_44_00,76903,pickup,1,goods:2020003:3,Whiteflesh Mushroom
2049447070,2049440070,m61_49_44_00,76908,pickup,1,goods:10106:2,Smithing Stone [7]
2049447090,2049440090,m61_49_44_00,76903,pickup,1,talisman:8030:1,Shattered Stone Talisman
2049447500,2049440500,m61_49_44_00,76903,pickup,1,goods:2010100:1,Revered Spirit Ash
2049447530,2049440530,m61_49_44_00,76902,pickup,1,goods:2010000:1,Scadutree Fragment
2049447900,2049440900,m61_49_44_00,76903,pickup,1,goods:2007700:1,Golden Arcs
2049457000,2049450000,m61_49_45_00,76917,pickup,1,goods:2020009:2,Shadow Sunflower
2049457010,2049450010,m61_49_45_00,76917,pickup,1,goods:2002954:1,Shadow Realm Rune [3]
2049457050,2049450050,m61_49_45_00,76902,pickup,1,goods:15080:1,Four-Toed Fowl Foot
2049457200,2049450200,m61_49_45_00,76917,pickup,1,armor:5191000:1|armor:5191100:1|armor:5190200:1|armor:5190300:1,Leather Crown|Highland Attire|Leather Arm Wraps|Leather Leg Wraps
2049457500,2049450500,m61_49_45_00,76917,pickup,1,goods:2006400:1,Heal from Afar
2049457510,2049450510,m61_49_45_00,76917,pickup,1,goods:2010000:1,Scadutree Fragment
2049467010,2049460010,m61_49_46_00,76916,pickup,1,armor:5230300:1,Gravebird Anklets
2049467510,2049460510,m61_49_46_00,76916,pickup,1,goods:2020035:1,Furnace Visage
2049467520,2049460520,m61_49_46_00,76916,pickup,1,goods:2020035:1,Furnace Visage
2049467530,2049460530,m61_49_46_00,76916,pickup,1,goods:2020035:1,Furnace Visage
2049467540,2049460540,m61_49_46_00,76916,pickup,1,goods:2020035:1,Furnace Visage
2049467550,2049460550,m61_49_46_00,76916,pickup,1,goods:2020035:1,Furnace Visage
2049467560,2049460560,m61_49_46_00,76916,pickup,1,goods:2020035:1,Furnace Visage
2049467570,2049460570,m61_49_46_00,76916,pickup,1,goods:2020035:1,Furnace Visage
2049467580,2049460580,m61_49_46_00,76916,pickup,1,goods:2020035:1,Furnace Visage
2049467590,2049460590,m61_49_46_00,76916,pickup,1,goods:2020035:1,Furnace Visage
2049467600,2049460600,m61_49_46_00,76916,pickup,1,goods:2020035:1,Furnace Visage
2049467900,2049460900,m61_49_46_00,76916,pickup,1,goods:2008033:1,Larval Tear
2049477000,2049470000,m61_49_47_00,76916,pickup,1,goods:2008025:1,Furnace Keeper's Note
2049477500,2049470500,m61_49_47_00,76916,pickup,1,goods:2020035:1,Furnace Visage
2049477510,2049470510,m61_49_47_00,76916,pickup,1,goods:2020035:1,Furnace Visage
2049487000,2049480000,m61_49_48_00,76931,pickup,1,goods:2010000:1,Scadutree Fragment
2049490900,621000707,m61_49_49_00,76930,enemy,1,armor:3010300:1|goods:15420:1,Gaius's Greaves|Albinauric Bloodclot
2049497500,2049490500,m61_49_49_00,76930,pickup,1,goods:2010000:1,Scadutree Fragment
2049497510,2049490510,m61_49_49_00,76930,pickup,1,talisman:8150:1,Sharpshot Talisman
2049497520,2049490520,m61_49_49_00,76930,pickup,1,goods:2010000:1,Scadutree Fragment
2049497530,2049490530,m61_49_49_00,76930,pickup,1,goods:2010000:1,Scadutree Fragment
2049497540,2049490540,m61_49_49_00,76930,pickup,1,goods:2010000:1,Scadutree Fragment
2049497550,2049490550,m61_49_49_00,76930,pickup,1,goods:2010000:1,Scadutree Fragment
2050387000,2050380000,m61_50_38_00,76834,pickup,1,goods:2002953:1,Shadow Realm Rune [2]
2050387010,2050380010,m61_50_38_00,76834,pickup,1,goods:10908:1,Grave Glovewort [9]
2050407000,2050400000,m61_50_40_00,76840,reward,1,talisman:7140:1,Crimson Seed Talisman +1
2050417010,2050410010,m61_50_41_00,76860,pickup,1,goods:960:3,Clarifying Boluses
2050417700,2050410700,m61_50_41_00,76860,reward,1,goods:2020017:1,Swollen Grape
2050427700,2050420700,m61_50_42_00,76860,reward,1,goods:2020017:1,Swollen Grape
2050437000,2050430000,m61_50_43_00,76918,pickup,1,goods:2001220:1,Silver Horn Tender
2050437010,2050430010,m61_50_43_00,76860,pickup,1,goods:2010000:1,Scadutree Fragment
2050437040,2050430040,m61_50_43_00,76860,pickup,1,goods:1130:2|goods:10106:2,Clarifying Cured Meat|Smithing Stone [7]
2050437220,2050430220,m61_50_43_00,76910,pickup,1,goods:10105:8,Smithing Stone [6]
2050437500,2050430500,m61_50_43_00,76911,pickup,1,goods:2010000:1,Scadutree Fragment
2050437720,2050430720,m61_50_43_00,76903,pickup,1,goods:2010100:1,Revered Spirit Ash
2050447000,2050440000,m61_50_44_00,76918,pickup,1,goods:10106:2,Smithing Stone [7]
2050447010,2050440010,m61_50_44_00,76918,pickup,1,goods:2002955:1,Shadow Realm Rune [4]
2050447020,2050440020,m61_50_44_00,76903,pickup,1,goods:15410:3,Living Jar Shard
2050447030,2050440030,m61_50_44_00,76903,pickup,1,goods:15410:2,Living Jar Shard
2050447040,2050440040,m61_50_44_00,76918,pickup,1,goods:1235:1,Raw Meat Dumpling
2050447050,2050440050,m61_50_44_00,76903,pickup,1,weapon:15510000:1,Bonny Butchering Knife
2050447060,2050440060,m61_50_44_00,76903,pickup,1,goods:15100:2,Human Bone Shard
2050447070,2050440070,m61_50_44_00,76918,pickup,1,goods:10000:1,Glass Shard
2050447090,2050440090,m61_50_44_00,76903,pickup,1,goods:2002951:1,Broken Rune
2050447100,2050440100,m61_50_44_00,76903,pickup,1,goods:1730:5,Kukri
2050447120,2050440120,m61_50_44_00,76918,pickup,1,goods:15100:1,Human Bone Shard
2050447140,2050440140,m61_50_44_00,76918,pickup,1,goods:2001230:1,Golden Horn Tender
2050447500,2050440500,m61_50_44_00,76903,pickup,1,goods:2010100:1,Revered Spirit Ash
2050447710,2050440710,m61_50_44_00,76918,pickup,1,goods:2211000:1,Man-Fly Ashes
2050447720,2050440720,m61_50_44_00,76918,pickup,1,armor:3000100:1|armor:3000200:1|armor:3000300:1,Dryleaf Robe|Dryleaf Arm Wraps|Dryleaf Cuissardes
2050447730,2050440730,m61_50_44_00,76918,pickup,1,goods:2008906:1,Moldmonger's Bell Bearing
2050447740,2050440740,m61_50_44_00,76918,reward,1,goods:10167:1,Somber Smithing Stone [8]
2050457000,2050450000,m61_50_45_00,76917,pickup,1,goods:15340:6,Thin Beast Bones
2050457020,2050450720,m61_50_45_00,76918,pickup,1,weapon:34500000:1,Dryleaf Seal
2050457060,2050450060,m61_50_45_00,76917,pickup,1,goods:2015040:4,Fly Mold
2050457080,2050450080,m61_50_45_00,76917,pickup,1,goods:10166:1,Somber Smithing Stone [7]
2050457730,2050450730,m61_50_45_00,76917,pickup,1,goods:2010000:1,Scadutree Fragment
2050467000,2050460000,m61_50_46_00,76916,pickup,1,goods:10107:3,Smithing Stone [8]
2050467020,2050460020,m61_50_46_00,76916,pickup,1,goods:10070:1,Lost Ashes of War
2050467030,2050460030,m61_50_46_00,76916,pickup,1,goods:2020030:5,Ember of Messmer
2050467040,2050460040,m61_50_46_00,76917,pickup,1,goods:2020003:3,Whiteflesh Mushroom
2050467500,2050460500,m61_50_46_00,76917,other,1,goods:2020035:1,Furnace Visage
2050467510,2050460510,m61_50_46_00,76917,other,1,goods:2020035:1,Furnace Visage
2050467700,2050460700,m61_50_46_00,76917,pickup,1,goods:2010100:1,Revered Spirit Ash
2050467710,2050460710,m61_50_46_00,76916,pickup,1,goods:2020035:1,Furnace Visage
2050467720,2050460720,m61_50_46_00,76916,pickup,1,goods:2020035:1,Furnace Visage
2050467730,2050460730,m61_50_46_00,76916,pickup,1,goods:2020035:1,Furnace Visage
2050467800,2050460800,m61_50_46_00,76905,pickup,1,goods:2008033:1,Larval Tear
2050467900,2050460900,m61_50_46_00,76916,pickup,1,weapon:2540000:1,Stone-Sheathed Sword
2050467910,2050460910,m61_50_46_00,76916,pickup,1,goods:2007710:1,Giant Golden Arc
2050477010,2050470010,m61_50_47_00,76905,pickup,1,goods:10906:1,Grave Glovewort [7]
2050477020,2050470020,m61_50_47_00,76905,pickup,1,goods:2020031:1,Blessed Bone Shard
2051417000,2051410000,m61_51_41_00,76864,pickup,1,goods:1130:2|goods:10918:1,Clarifying Cured Meat|Ghost Glovewort [9]
2051417700,2051410700,m61_51_41_00,76863,reward,1,talisman:8060:1,Aged One's Exultation
2051417710,2051410710,m61_51_41_00,76860,reward,1,goods:2020017:1,Swollen Grape
2051427000,2051420000,m61_51_42_00,76863,pickup,1,goods:2002958:1,Shadow Realm Rune [7]
2051447000,2051440000,m61_51_44_00,76918,pickup,1,weapon:20500000:1,Tooth Whip
2051447010,2051440010,m61_51_44_00,76918,pickup,1,goods:20800:2,Nascent Butterfly
2051447020,2051440020,m61_51_44_00,76904,pickup,1,goods:10107:4,Smithing Stone [8]
2051447030,2051440030,m61_51_44_00,76904,pickup,1,goods:2015040:3,Fly Mold
2051447040,2051440040,m61_51_44_00,76918,pickup,1,goods:2015030:4,Scorpion Liver
2051447500,2051440500,m61_51_44_00,76918,reward,1,goods:2010000:1,Scadutree Fragment
2051447510,2051440510,m61_51_44_00,76904,reward,1,goods:2010000:1,Scadutree Fragment
2051457000,2051450000,m61_51_45_00,76906,pickup,1,goods:2003200:2,Glinting Nail
2051457530,2051450530,m61_51_45_00,76906,pickup,1,goods:1290:1,Starlight Shards
2051457700,2051450700,m61_51_45_00,76904,other,1,goods:2020035:1,Furnace Visage
2051467020,2051460020,m61_51_46_00,76905,pickup,1,goods:2008908:1,Spellmachinist's Bell Bearing
2051467500,2051460500,m61_51_46_00,76905,pickup,1,goods:2008905:1,Greasemonger's Bell Bearing
2051467900,2051460900,m61_51_46_00,76905,pickup,1,weapon:44500000:1,Rabbath's Cannon
2051477010,2051470010,m61_51_47_00,76937,pickup,1,goods:2020009:3,Shadow Sunflower
2051477020,2051470020,m61_51_47_00,76937,pickup,1,goods:2015020:1,Pearlescent Scale
2051477030,2051470030,m61_51_47_00,76937,pickup,1,goods:2001110:2,Fingerprint Nostrum
2051477500,2051470500,m61_51_47_00,76937,pickup,1,goods:2006670:1,Minor Erdtree
2051477510,2051470510,m61_51_47_00,76905,pickup,1,talisman:7120:1,Golden Braid
2052407010,2052400010,m61_52_40_00,76864,pickup,1,goods:2003160:1|goods:10200:1,Surging Frenzied Flame|Somber Smithing Stone [9]
2052417000,2052410000,m61_52_41_00,76864,pickup,1,goods:2002958:1,Shadow Realm Rune [7]
2052417010,2052410010,m61_52_41_00,76864,pickup,1,goods:960:1,Clarifying Boluses
2052427500,2052420500,m61_52_42_00,76863,reward,1,weapon:21530000:1,Madding Hand
2053397000,2054390000,m61_54_39_00,76852,pickup,1,goods:10140:1,Ancient Dragon Smithing Stone
2053397010,2053390010,m61_53_39_00,76851,pickup,1,goods:10168:1,Somber Ancient Dragon Smithing Stone
2053397020,2053390020,m61_53_39_00,76851,pickup,1,goods:2010000:1,Scadutree Fragment
2053407000,2053400000,m61_53_40_00,76851,pickup,1,goods:2020032:8,Red Fulgurbloom
2053417000,2053410000,m61_53_41_00,76864,pickup,1,weapon:61520000:1,Frenzyflame Perfume Bottle
2053417020,2053410020,m61_53_41_00,76864,pickup,1,goods:960:2,Clarifying Boluses
2053417500,2053410500,m61_53_41_00,76864,pickup,1,goods:2010000:2,Scadutree Fragment
2053467600,2053460600,m61_53_46_00,76905,reward,1,talisman:7150:1,Cerulean Seed Talisman +1
2053487000,2053480000,m61_53_48_00,76936,pickup,1,goods:2217000:1,Fingercreeper Ashes
2053487010,2053480010,m61_53_48_00,76936,pickup,1,goods:2002957:1,Shadow Realm Rune [6]
