category,name,id,max_quantity,max_upgrade,durability,sort_id,icon_id,key_item,spell,infusion
weapon_items,Fists,0x1adb0,1,0,1,220000,0,0,0,
weapon_items,Dagger,0xf4240,1,10,20,40100,1001,0,0,Normal
weapon_items,Lethal Dagger,0xf42a4,1,10,20,40101,1001,0,0,Lethal
weapon_items,Cursed Dagger,0xf4308,1,10,20,40102,1001,0,0,Cursed
weapon_items,Poison Dagger,0xf436c,1,10,20,40103,1001,0,0,Poison
weapon_items,Blood Dagger,0xf43d0,1,10,20,40104,1001,0,0,Blood
weapon_items,Frost Dagger,0xf4434,1,10,20,40105,1001,0,0,Frost
weapon_items,Magic Dagger,0xf4498,1,10,20,40106,1001,0,0,Magic
weapon_items,Fire Dagger,0xf44fc,1,10,20,40107,1001,0,0,Fire
weapon_items,Lightning Dagger,0xf4560,1,10,20,40108,1001,0,0,Lightning
weapon_items,Dark Dagger,0xf45c4,1,10,20,40109,1001,0,0,Dark
weapon_items,Lucky Dagger,0xf4628,1,10,20,40110,1001,0,0,Lucky
weapon_items,Enchanted Dagger,0xf468c,1,10,20,40111,1001,0,0,Enchanted
weapon_items,Holy Dagger,0xf46f0,1,10,20,40112,1001,0,0,Holy
weapon_items,Sharp Dagger,0xf4754,1,10,20,40113,1001,0,0,Sharp
weapon_items,Blunt Dagger,0xf47b8,1,10,20,40114,1001,0,0,Blunt
weapon_items,Bandit's Knife,0xf6950,1,10,20,41100,1002,0,0,Normal
weapon_items,Lethal Bandit's Knife,0xf69b4,1,10,20,41101,1002,0,0,Lethal
weapon_items,Cursed Bandit's Knife,0xf6a18,1,10,20,41102,1002,0,0,Cursed
weapon_items,Poison Bandit's Knife,0xf6a7c,1,10,20,41103,1002,0,0,Poison
weapon_items,Blood Bandit's Knife,0xf6ae0,1,10,20,41104,1002,0,0,Blood
weapon_items,Frost Bandit's Knife,0xf6b44,1,10,20,41105,1002,0,0,Frost
weapon_items,Magic Bandit's Knife,0xf6ba8,1,10,20,41106,1002,0,0,Magic
weapon_items,Fire Bandit's Knife,0xf6c0c,1,10,20,41107,1002,0,0,Fire
weapon_items,Lightning Bandit's Knife,0xf6c70,1,10,20,41108,1002,0,0,Lightning
weapon_items,Dark Bandit's Knife,0xf6cd4,1,10,20,41109,1002,0,0,Dark
weapon_items,Lucky Bandit's Knife,0xf6d38,1,10,20,41110,1002,0,0,Lucky
weapon_items,Enchanted Bandit's Knife,0xf6d9c,1,10,20,41111,1002,0,0,Enchanted
weapon_items,Holy Bandit's Knife,0xf6e00,1,10,20,41112,1002,0,0,Holy
weapon_items,Sharp Bandit's Knife,0xf6e64,1,10,20,41113,1002,0,0,Sharp
weapon_items,Blunt Bandit's Knife,0xf6ec8,1,10,20,41114,1002,0,0,Blunt
weapon_items,Parrying Dagger,0xf9060,1,10,20,40300,1003,0,0,Normal
weapon_items,Lethal Parrying Dagger,0xf90c4,1,10,20,40301,1003,0,0,Lethal
weapon_items,Cursed Parrying Dagger,0xf9128,1,10,20,40302,1003,0,0,Cursed
weapon_items,Poison Parrying Dagger,0xf918c,1,10,20,40303,1003,0,0,Poison
weapon_items,Blood Parrying Dagger,0xf91f0,1,10,20,40304,1003,0,0,Blood
weapon_items,Frost Parrying Dagger,0xf9254,1,10,20,40305,1003,0,0,Frost
weapon_items,Magic Parrying Dagger,0xf92b8,1,10,20,40306,1003,0,0,Magic
weapon_items,Fire Parrying Dagger,0xf931c,1,10,20,40307,1003,0,0,Fire
weapon_items,Lightning Parrying Dagger,0xf9380,1,10,20,40308,1003,0,0,Lightning
weapon_items,Dark Parrying Dagger,0xf93e4,1,10,20,40309,1003,0,0,Dark
weapon_items,Lucky Parrying Dagger,0xf9448,1,10,20,40310,1003,0,0,Lucky
weapon_items,Enchanted Parrying Dagger,0xf94ac,1,10,20,40311,1003,0,0,Enchanted
weapon_items,Holy Parrying Dagger,0xf9510,1,10,20,40312,1003,0,0,Holy
weapon_items,Sharp Parrying Dagger,0xf9574,1,10,20,40313,1003,0,0,Sharp
weapon_items,Blunt Parrying Dagger,0xf95d8,1,10,20,40314,1003,0,0,Blunt
weapon_items,Engraved Dagger,0xfb770,1,10,20,42500,6046,0,0,Normal
weapon_items,Lethal Engraved Dagger,0xfb7d4,1,10,20,42501,6046,0,0,Lethal
weapon_items,Cursed Engraved Dagger,0xfb838,1,10,20,42502,6046,0,0,Cursed
weapon_items,Poison Engraved Dagger,0xfb89c,1,10,20,42503,6046,0,0,Poison
weapon_items,Blood Engraved Dagger,0xfb900,1,10,20,42504,6046,0,0,Blood
weapon_items,Frost Engraved Dagger,0xfb964,1,10,20,42505,6046,0,0,Frost
weapon_items,Magic Engraved Dagger,0xfb9c8,1,10,20,42506,6046,0,0,Magic
weapon_items,Fire Engraved Dagger,0xfba2c,1,10,20,42507,6046,0,0,Fire
weapon_items,Lightning Engraved Dagger,0xfba90,1,10,20,42508,6046,0,0,Lightning
weapon_items,Dark Engraved Dagger,0xfbaf4,1,10,20,42509,6046,0,0,Dark
weapon_items,Lucky Engraved Dagger,0xfbb58,1,10,20,42510,6046,0,0,Lucky
weapon_items,Enchanted Engraved Dagger,0xfbbbc,1,10,20,42511,6046,0,0,Enchanted
weapon_items,Holy Engraved Dagger,0xfbc20,1,10,20,42512,6046,0,0,Holy
weapon_items,Sharp Engraved Dagger,0xfbc84,1,10,20,42513,6046,0,0,Sharp
weapon_items,Blunt Engraved Dagger,0xfbce8,1,10,20,42514,6046,0,0,Blunt
weapon_items,Rotten Ghru Dagger,0xfde80,1,10,15,41300,1005,0,0,Normal
weapon_items,Lethal Rotten Ghru Dagger,0xfdee4,1,10,15,41301,1005,0,0,Lethal
weapon_items,Cursed Rotten Ghru Dagger,0xfdf48,1,10,15,41302,1005,0,0,Cursed
weapon_items,Poison Rotten Ghru Dagger,0xfdfac,1,10,15,41303,1005,0,0,Poison
weapon_items,Blood Rotten Ghru Dagger,0xfe010,1,10,15,41304,1005,0,0,Blood
weapon_items,Frost Rotten Ghru Dagger,0xfe074,1,10,15,41305,1005,0,0,Frost
weapon_items,Magic Rotten Ghru Dagger,0xfe0d8,1,10,15,41306,1005,0,0,Magic
weapon_items,Fire Rotten Ghru Dagger,0xfe13c,1,10,15,41307,1005,0,0,Fire
weapon_items,Lightning Rotten Ghru Dagger,0xfe1a0,1,10,15,41308,1005,0,0,Lightning
weapon_items,Dark Rotten Ghru Dagger,0xfe204,1,10,15,41309,1005,0,0,Dark
weapon_items,Lucky Rotten Ghru Dagger,0xfe268,1,10,15,41310,1005,0,0,Lucky
weapon_items,Enchanted Rotten Ghru Dagger,0xfe2cc,1,10,15,41311,1005,0,0,Enchanted
weapon_items,Holy Rotten Ghru Dagger,0xfe330,1,10,15,41312,1005,0,0,Holy
weapon_items,Sharp Rotten Ghru Dagger,0xfe394,1,10,15,41313,1005,0,0,Sharp
weapon_items,Blunt Rotten Ghru Dagger,0xfe3f8,1,10,15,41314,1005,0,0,Blunt
weapon_items,Harpe,0x102ca0,1,10,20,40700,1007,0,0,Normal
weapon_items,Lethal Harpe,0x102d04,1,10,20,40701,1007,0,0,Lethal
weapon_items,Cursed Harpe,0x102d68,1,10,20,40702,1007,0,0,Cursed
weapon_items,Poison Harpe,0x102dcc,1,10,20,40703,1007,0,0,Poison
weapon_items,Blood Harpe,0x102e30,1,10,20,40704,1007,0,0,Blood
weapon_items,Frost Harpe,0x102e94,1,10,20,40705,1007,0,0,Frost
weapon_items,Magic Harpe,0x102ef8,1,10,20,40706,1007,0,0,Magic
weapon_items,Fire Harpe,0x102f5c,1,10,20,40707,1007,0,0,Fire
weapon_items,Lightning Harpe,0x102fc0,1,10,20,40708,1007,0,0,Lightning
weapon_items,Dark Harpe,0x103024,1,10,20,40709,1007,0,0,Dark
weapon_items,Lucky Harpe,0x103088,1,10,20,40710,1007,0,0,Lucky
weapon_items,Enchanted Harpe,0x1030ec,1,10,20,40711,1007,0,0,Enchanted
weapon_items,Holy Harpe,0x103150,1,10,20,40712,1007,0,0,Holy
weapon_items,Sharp Harpe,0x1031b4,1,10,20,40713,1007,0,0,Sharp
weapon_items,Blunt Harpe,0x103218,1,10,20,40714,1007,0,0,Blunt
weapon_items,Scholar's Candlestick,0x1053b0,1,10,20,43300,1008,0,0,Normal
weapon_items,Cursed Scholar's Candlestick,0x105478,1,10,20,43301,1008,0,0,Cursed
weapon_items,Poison Scholar's Candlestick,0x1054dc,1,10,20,43302,1008,0,0,Poison
weapon_items,Blood Scholar's Candlestick,0x105540,1,10,20,43303,1008,0,0,Blood
weapon_items,Frost Scholar's Candlestick,0x1055a4,1,10,20,43304,1008,0,0,Frost
weapon_items,Magic Scholar's Candlestick,0x105608,1,10,20,43305,1008,0,0,Magic
weapon_items,Fire Scholar's Candlestick,0x10566c,1,10,20,43306,1008,0,0,Fire
weapon_items,Lightning Scholar's Candlestick,0x1056d0,1,10,20,43307,1008,0,0,Lightning
weapon_items,Dark Scholar's Candlestick,0x105734,1,10,20,43308,1008,0,0,Dark
weapon_items,Lucky Scholar's Candlestick,0x105798,1,10,20,43309,1008,0,0,Lucky
weapon_items,Enchanted Scholar's Candlestick,0x1057fc,1,10,20,43310,1008,0,0,Enchanted
weapon_items,Holy Scholar's Candlestick,0x105860,1,10,20,43311,1008,0,0,Holy
weapon_items,Tailbone Short Sword,0x107ac0,1,10,20,43900,1009,0,0,Normal
weapon_items,Lethal Tailbone Short Sword,0x107b24,1,10,20,43901,1009,0,0,Lethal
weapon_items,Cursed Tailbone Short Sword,0x107b88,1,10,20,43902,1009,0,0,Cursed
weapon_items,Poison Tailbone Short Sword,0x107bec,1,10,20,43903,1009,0,0,Poison
weapon_items,Blood Tailbone Short Sword,0x107c50,1,10,20,43904,1009,0,0,Blood
weapon_items,Frost Tailbone Short Sword,0x107cb4,1,10,20,43905,1009,0,0,Frost
weapon_items,Magic Tailbone Short Sword,0x107d18,1,10,20,43906,1009,0,0,Magic
weapon_items,Fire Tailbone Short Sword,0x107d7c,1,10,20,43907,1009,0,0,Fire
weapon_items,Lightning Tailbone Short Sword,0x107de0,1,10,20,43908,1009,0,0,Lightning
weapon_items,Dark Tailbone Short Sword,0x107e44,1,10,20,43909,1009,0,0,Dark
weapon_items,Lucky Tailbone Short Sword,0x107ea8,1,10,20,43910,1009,0,0,Lucky
weapon_items,Enchanted Tailbone Short Sword,0x107f0c,1,10,20,43911,1009,0,0,Enchanted
weapon_items,Holy Tailbone Short Sword,0x107f70,1,10,20,43912,1009,0,0,Holy
weapon_items,Sharp Tailbone Short Sword,0x107fd4,1,10,20,43913,1009,0,0,Sharp
weapon_items,Blunt Tailbone Short Sword,0x108038,1,10,20,43914,1009,0,0,Blunt
weapon_items,Corvian Greatknife,0x10a1d0,1,10,20,41500,1010,0,0,Normal
weapon_items,Lethal Corvian Greatknife,0x10a234,1,10,20,41501,1010,0,0,Lethal
weapon_items,Cursed Corvian Greatknife,0x10a298,1,10,20,41502,1010,0,0,Cursed
weapon_items,Poison Corvian Greatknife,0x10a2fc,1,10,20,41503,1010,0,0,Poison
weapon_items,Blood Corvian Greatknife,0x10a360,1,10,20,41504,1010,0,0,Blood
weapon_items,Frost Corvian Greatknife,0x10a3c4,1,10,20,41505,1010,0,0,Frost
weapon_items,Magic Corvian Greatknife,0x10a428,1,10,20,41506,1010,0,0,Magic
weapon_items,Fire Corvian Greatknife,0x10a48c,1,10,20,41507,1010,0,0,Fire
weapon_items,Lightning Corvian Greatknife,0x10a4f0,1,10,20,41508,1010,0,0,Lightning
weapon_items,Dark Corvian Greatknife,0x10a554,1,10,20,41509,1010,0,0,Dark
weapon_items,Lucky Corvian Greatknife,0x10a5b8,1,10,20,41510,1010,0,0,Lucky
weapon_items,Enchanted Corvian Greatknife,0x10a61c,1,10,20,41511,1010,0,0,Enchanted
weapon_items,Holy Corvian Greatknife,0x10a680,1,10,20,41512,1010,0,0,Holy
weapon_items,Sharp Corvian Greatknife,0x10a6e4,1,10,20,41513,1010,0,0,Sharp
weapon_items,Blunt Corvian Greatknife,0x10a748,1,10,20,41514,1010,0,0,Blunt
weapon_items,Handmaid's Dagger,0x111700,1,10,15,43100,1180,0,0,Normal
weapon_items,Lethal Handmaid's Dagger,0x111764,1,10,15,43101,1180,0,0,Lethal
weapon_items,Cursed Handmaid's Dagger,0x1117c8,1,10,15,43102,1180,0,0,Cursed
weapon_items,Poison Handmaid's Dagger,0x11182c,1,10,15,43103,1180,0,0,Poison
weapon_items,Blood Handmaid's Dagger,0x111890,1,10,15,43104,1180,0,0,Blood
weapon_items,Frost Handmaid's Dagger,0x1118f4,1,10,15,43105,1180,0,0,Frost
weapon_items,Magic Handmaid's Dagger,0x111958,1,10,15,43106,1180,0,0,Magic
weapon_items,Fire Handmaid's Dagger,0x1119bc,1,10,15,43107,1180,0,0,Fire
weapon_items,Lightning Handmaid's Dagger,0x111a20,1,10,15,43108,1180,0,0,Lightning
weapon_items,Dark Handmaid's Dagger,0x111a84,1,10,15,43109,1180,0,0,Dark
weapon_items,Lucky Handmaid's Dagger,0x111ae8,1,10,15,43110,1180,0,0,Lucky
weapon_items,Enchanted Handmaid's Dagger,0x111b4c,1,10,15,43111,1180,0,0,Enchanted
weapon_items,Holy Handmaid's Dagger,0x111bb0,1,10,15,43112,1180,0,0,Holy
weapon_items,Sharp Handmaid's Dagger,0x111c14,1,10,15,43113,1180,0,0,Sharp
weapon_items,Blunt Handmaid's Dagger,0x111c78,1,10,15,43114,1180,0,0,Blunt
weapon_items,Aquamarine Dagger,0x116520,1,10,20,43500,1281,0,0,Normal
weapon_items,Lethal Aquamarine Dagger,0x116584,1,10,20,43501,1281,0,0,Lethal
weapon_items,Curse Aquamarine Dagger,0x1165e8,1,10,20,43502,1281,0,0,Cursed
weapon_items,Poison Aquamarine Dagger,0x11664c,1,10,20,43503,1281,0,0,Poison
weapon_items,Blood Aquamarine Dagger,0x1166b0,1,10,20,43504,1281,0,0,Blood
weapon_items,Frost Aquamarine Dagger,0x116714,1,10,20,43505,1281,0,0,Frost
weapon_items,Magic Aquamarine Dagger,0x116778,1,10,20,43506,1281,0,0,Magic
weapon_items,Fire Aquamarine Dagger,0x1167dc,1,10,20,43507,1281,0,0,Fire
weapon_items,Lightning Aquamarine Dagger,0x116840,1,10,20,43508,1281,0,0,Lightning
weapon_items,Dark Aquamarine Dagger,0x1168a4,1,10,20,43509,1281,0,0,Dark
weapon_items,Lucky Aquamarine Dagger,0x116908,1,10,20,43510,1281,0,0,Lucky
weapon_items,Enchanted Aquamarine Dagger,0x11696c,1,10,20,43511,1281,0,0,Enchanted
weapon_items,Holy Aquamarine Dagger,0x1169d0,1,10,20,43512,1281,0,0,Holy
weapon_items,Sharp Aquamarine Dagger,0x116a34,1,10,20,43513,1281,0,0,Sharp
weapon_items,Blunt Aquamarine Dagger,0x116a98,1,10,20,43514,1281,0,0,Blunt
weapon_items,Murky Hand Scythe,0x118c30,1,10,20,42300,1282,0,0,Normal
weapon_items,Lethal Murky Hand Scythe,0x118c94,1,10,20,42301,1282,0,0,Lethal
weapon_items,Curse Murky Hand Scythe,0x118cf8,1,10,20,42302,1282,0,0,Cursed
weapon_items,Poison Murky Hand Scythe,0x118d5c,1,10,20,42303,1282,0,0,Poison
weapon_items,Blood Murky Hand Scythe,0x118dc0,1,10,20,42304,1282,0,0,Blood
weapon_items,Frost Murky Hand Scythe,0x118e24,1,10,20,42305,1282,0,0,Frost
weapon_items,Magic Murky Hand Scythe,0x118e88,1,10,20,42306,1282,0,0,Magic
weapon_items,Fire Murky Hand Scythe,0x118eec,1,10,20,42307,1282,0,0,Fire
weapon_items,Lightning Murky Hand Scythe,0x118f50,1,10,20,42308,1282,0,0,Lightning
weapon_items,Dark Murky Hand Scythe,0x118fb4,1,10,20,42309,1282,0,0,Dark
weapon_items,Lucky Murky Hand Scythe,0x119018,1,10,20,42310,1282,0,0,Lucky
weapon_items,Enchanted Murky Hand Scythe,0x11907c,1,10,20,42311,1282,0,0,Enchanted
weapon_items,Holy Murky Hand Scythe,0x1190e0,1,10,20,42312,1282,0,0,Holy
weapon_items,Sharp Murky Hand Scythe,0x119144,1,10,20,42313,1282,0,0,Sharp
weapon_items,Blunt Murky Hand Scythe,0x1191a8,1,10,20,42314,1282,0,0,Blunt
weapon_items,Frostfall,0x11b340,1,10,20,44700,3312,0,0,Normal
weapon_items,Lethal Frostfall,0x11b3a4,1,10,20,44701,3312,0,0,Lethal
weapon_items,Cursed Frostfall,0x11b408,1,10,20,44702,3312,0,0,Cursed
weapon_items,Poison Frostfall,0x11b46c,1,10,20,44703,3312,0,0,Poison
weapon_items,Blood Frostfall,0x11b4d0,1,10,20,44704,3312,0,0,Blood
weapon_items,Frost Frostfall,0x11b534,1,10,20,44705,3312,0,0,Frost
weapon_items,Magic Frostfall,0x11b598,1,10,20,44706,3312,0,0,Magic
weapon_items,Fire Frostfall,0x11b5fc,1,10,20,44707,3312,0,0,Fire
weapon_items,Lightning Frostfall,0x11b660,1,10,20,44708,3312,0,0,Lightning
weapon_items,Dark Frostfall,0x11b6c4,1,10,20,44709,3312,0,0,Dark
weapon_items,Lucky Frostfall,0x11b728,1,10,20,44710,3312,0,0,Lucky
weapon_items,Enchanted Frostfall,0x11b78c,1,10,20,44711,3312,0,0,Enchanted
weapon_items,Holy Frostfall,0x11b7f0,1,10,20,44712,3312,0,0,Holy
weapon_items,Sharp Frostfall,0x11b854,1,10,20,44713,3312,0,0,Sharp
weapon_items,Blunt Frostfall,0x11b8b8,1,10,20,44714,3312,0,0,Blunt
weapon_items,Shortsword,0x1e8480,1,10,25,50000,1012,0,0,Normal
weapon_items,Lethal Shortsword,0x1e84e4,1,10,25,50001,1012,0,0,Lethal
weapon_items,Cursed Shortsword,0x1e8548,1,10,25,50002,1012,0,0,Cursed
weapon_items,Poison Shortsword,0x1e85ac,1,10,25,50003,1012,0,0,Poison
weapon_items,Blood Shortsword,0x1e8610,1,10,25,50004,1012,0,0,Blood
weapon_items,Frost Shortsword,0x1e8674,1,10,25,50005,1012,0,0,Frost
weapon_items,Magic Shortsword,0x1e86d8,1,10,25,50006,1012,0,0,Magic
weapon_items,Fire Shortsword,0x1e873c,1,10,25,50007,1012,0,0,Fire
weapon_items,Lightning Shortsword,0x1e87a0,1,10,25,50008,1012,0,0,Lightning
weapon_items,Dark Shortsword,0x1e8804,1,10,25,50009,1012,0,0,Dark
weapon_items,Lucky Shortsword,0x1e8868,1,10,25,50010,1012,0,0,Lucky
weapon_items,Enchanted Shortsword,0x1e88cc,1,10,25,50011,1012,0,0,Enchanted
weapon_items,Holy Shortsword,0x1e8930,1,10,25,50012,1012,0,0,Holy
weapon_items,Sharp Shortsword,0x1e8994,1,10,25,50013,1012,0,0,Sharp
weapon_items,Blunt Shortsword,0x1e89f8,1,10,25,50014,1012,0,0,Blunt
weapon_items,Long Sword,0x1eab90,1,10,25,50200,1013,0,0,Normal
weapon_items,Lethal Long Sword,0x1eabf4,1,10,25,50201,1013,0,0,Lethal
weapon_items,Cursed Long Sword,0x1eac58,1,10,25,50202,1013,0,0,Cursed
weapon_items,Poison Long Sword,0x1eacbc,1,10,25,50203,1013,0,0,Poison
weapon_items,Blood Long Sword,0x1ead20,1,10,25,50204,1013,0,0,Blood
weapon_items,Frost Long Sword,0x1ead84,1,10,25,50205,1013,0,0,Frost
weapon_items,Magic Long Sword,0x1eade8,1,10,25,50206,1013,0,0,Magic
weapon_items,Fire Long Sword,0x1eae4c,1,10,25,50207,1013,0,0,Fire
weapon_items,Lightning Long Sword,0x1eaeb0,1,10,25,50208,1013,0,0,Lightning
weapon_items,Dark Long Sword,0x1eaf14,1,10,25,50209,1013,0,0,Dark
weapon_items,Lucky Long Sword,0x1eaf78,1,10,25,50210,1013,0,0,Lucky
weapon_items,Enchanted Long Sword,0x1eafdc,1,10,25,50211,1013,0,0,Enchanted
weapon_items,Holy Long Sword,0x1eb040,1,10,25,50212,1013,0,0,Holy
weapon_items,Sharp Long Sword,0x1eb0a4,1,10,25,50213,1013,0,0,Sharp
weapon_items,Blunt Long Sword,0x1eb108,1,10,25,50214,1013,0,0,Blunt
weapon_items,Broadsword,0x1ed2a0,1,10,25,50400,1014,0,0,Normal
weapon_items,Lethal Broadsword,0x1ed304,1,10,25,50401,1014,0,0,Lethal
weapon_items,Cursed Broadsword,0x1ed368,1,10,25,50402,1014,0,0,Cursed
weapon_items,Poison Broadsword,0x1ed3cc,1,10,25,50403,1014,0,0,Poison
weapon_items,Blood Broadsword,0x1ed430,1,10,25,50404,1014,0,0,Blood
weapon_items,Frost Broadsword,0x1ed494,1,10,25,50405,1014,0,0,Frost
weapon_items,Magic Broadsword,0x1ed4f8,1,10,25,50406,1014,0,0,Magic
weapon_items,Fire Broadsword,0x1ed55c,1,10,25,50407,1014,0,0,Fire
weapon_items,Lightning Broadsword,0x1ed5c0,1,10,25,50408,1014,0,0,Lightning
weapon_items,Dark Broadsword,0x1ed624,1,10,25,50409,1014,0,0,Dark
weapon_items,Lucky Broadsword,0x1ed688,1,10,25,50410,1014,0,0,Lucky
weapon_items,Enchanted Broadsword,0x1ed6ec,1,10,25,50411,1014,0,0,Enchanted
weapon_items,Holy Broadsword,0x1ed750,1,10,25,50412,1014,0,0,Holy
weapon_items,Sharp Broadsword,0x1ed7b4,1,10,25,50413,1014,0,0,Sharp
weapon_items,Blunt Broadsword,0x1ed818,1,10,25,50414,1014,0,0,Blunt
weapon_items,Broken Straight Sword,0x1ef9b0,1,10,20,50600,1015,0,0,Normal
weapon_items,Lethal Broken Straight Sword,0x1efa14,1,10,20,50601,1015,0,0,Lethal
weapon_items,Cursed Broken Straight Sword,0x1efa78,1,10,20,50602,1015,0,0,Cursed
weapon_items,Poison Broken Straight Sword,0x1efadc,1,10,20,50603,1015,0,0,Poison
weapon_items,Blood Broken Straight Sword,0x1efb40,1,10,20,50604,1015,0,0,Blood
weapon_items,Frost Broken Straight Sword,0x1efba4,1,10,20,50605,1015,0,0,Frost
weapon_items,Magic Broken Straight Sword,0x1efc08,1,10,20,50606,1015,0,0,Magic
weapon_items,Fire Broken Straight Sword,0x1efc6c,1,10,20,50607,1015,0,0,Fire
weapon_items,Lightning Broken Straight Sword,0x1efcd0,1,10,20,50608,1015,0,0,Lightning
weapon_items,Dark Broken Straight Sword,0x1efd34,1,10,20,50609,1015,0,0,Dark
weapon_items,Lucky Broken Straight Sword,0x1efd98,1,10,20,50610,1015,0,0,Lucky
weapon_items,Enchanted Broken Straight Sword,0x1efdfc,1,10,20,50611,1015,0,0,Enchanted
weapon_items,Holy Broken Straight Sword,0x1efe60,1,10,20,50612,1015,0,0,Holy
weapon_items,Sharp Broken Straight Sword,0x1efec4,1,10,20,50613,1015,0,0,Sharp
weapon_items,Blunt Broken Straight Sword,0x1eff28,1,10,20,50614,1015,0,0,Blunt
weapon_items,Lothric Knight Sword,0x1f6ee0,1,10,25,51000,1018,0,0,Normal
weapon_items,Lethal Lothric Knight Sword,0x1f6f44,1,10,25,51001,1018,0,0,Lethal
weapon_items,Cursed Lothric Knight Sword,0x1f6fa8,1,10,25,51002,1018,0,0,Cursed
weapon_items,Poison Lothric Knight Sword,0x1f700c,1,10,25,51003,1018,0,0,Poison
weapon_items,Blood Lothric Knight Sword,0x1f7070,1,10,25,51004,1018,0,0,Blood
weapon_items,Frost Lothric Knight Sword,0x1f70d4,1,10,25,51005,1018,0,0,Frost
weapon_items,Magic Lothric Knight Sword,0x1f7138,1,10,25,51006,1018,0,0,Magic
weapon_items,Fire Lothric Knight Sword,0x1f719c,1,10,25,51007,1018,0,0,Fire
weapon_items,Lightning Lothric Knight Sword,0x1f7200,1,10,25,51008,1018,0,0,Lightning
weapon_items,Dark Lothric Knight Sword,0x1f7264,1,10,25,51009,1018,0,0,Dark
weapon_items,Lucky Lothric Knight Sword,0x1f72c8,1,10,25,51010,1018,0,0,Lucky
weapon_items,Enchanted Lothric Knight Sword,0x1f732c,1,10,25,51011,1018,0,0,Enchanted
weapon_items,Holy Lothric Knight Sword,0x1f7390,1,10,25,51012,1018,0,0,Holy
weapon_items,Sharp Lothric Knight Sword,0x1f73f4,1,10,25,51013,1018,0,0,Sharp
weapon_items,Blunt Lothric Knight Sword,0x1f7458,1,10,25,51014,1018,0,0,Blunt
weapon_items,Sunlight Straight Sword,0x203230,1,10,25,52600,1022,0,0,Normal
weapon_items,Lethal Sunlight Straight Sword,0x203294,1,10,25,52601,1022,0,0,Lethal
weapon_items,Cursed Sunlight Straight Sword,0x2032f8,1,10,25,52602,1022,0,0,Cursed
weapon_items,Poison Sunlight Straight Sword,0x20335c,1,10,25,52603,1022,0,0,Poison
weapon_items,Blood Sunlight Straight Sword,0x2033c0,1,10,25,52604,1022,0,0,Blood
weapon_items,Frost Sunlight Straight Sword,0x203424,1,10,25,52605,1022,0,0,Frost
weapon_items,Magic Sunlight Straight Sword,0x203488,1,10,25,52606,1022,0,0,Magic
weapon_items,Fire Sunlight Straight Sword,0x2034ec,1,10,25,52607,1022,0,0,Fire
weapon_items,Lightning Sunlight Straight Sword,0x203550,1,10,25,52608,1022,0,0,Lightning
weapon_items,Dark Sunlight Straight Sword,0x2035b4,1,10,25,52609,1022,0,0,Dark
weapon_items,Lucky Sunlight Straight Sword,0x203618,1,10,25,52610,1022,0,0,Lucky
weapon_items,Enchanted Sunlight Straight Sword,0x20367c,1,10,25,52611,1022,0,0,Enchanted
weapon_items,Holy Sunlight Straight Sword,0x2036e0,1,10,25,52612,1022,0,0,Holy
weapon_items,Sharp Sunlight Straight Sword,0x203744,1,10,25,52613,1022,0,0,Sharp
weapon_items,Blunt Sunlight Straight Sword,0x2037a8,1,10,25,52614,1022,0,0,Blunt
weapon_items,Rotten Ghru Curved Sword,0x205940,1,10,20,81600,1023,0,0,Normal
weapon_items,Lethal Rotten Ghru Curved Sword,0x2059a4,1,10,20,81601,1023,0,0,Lethal
weapon_items,Cursed Rotten Ghru Curved Sword,0x205a08,1,10,20,81602,1023,0,0,Cursed
weapon_items,Poison Rotten Ghru Curved Sword,0x205a6c,1,10,20,81603,1023,0,0,Poison
weapon_items,Blood Rotten Ghru Curved Sword,0x205ad0,1,10,20,81604,1023,0,0,Blood
weapon_items,Frost Rotten Ghru Curved Sword,0x205b34,1,10,20,81605,1023,0,0,Frost
weapon_items,Magic Rotten Ghru Curved Sword,0x205b98,1,10,20,81606,1023,0,0,Magic
weapon_items,Fire Rotten Ghru Curved Sword,0x205bfc,1,10,20,81607,1023,0,0,Fire
weapon_items,Lightning Rotten Ghru Curved Sword,0x205c60,1,10,20,81608,1023,0,0,Lightning
weapon_items,Dark Rotten Ghru Curved Sword,0x205cc4,1,10,20,81609,1023,0,0,Dark
weapon_items,Lucky Rotten Ghru Curved Sword,0x205d28,1,10,20,81610,1023,0,0,Lucky
weapon_items,Enchanted Rotten Ghru Curved Sword,0x205d8c,1,10,20,81611,1023,0,0,Enchanted
weapon_items,Holy Rotten Ghru Curved Sword,0x205df0,1,10,20,81612,1023,0,0,Holy
weapon_items,Sharp Rotten Ghru Curved Sword,0x205e54,1,10,20,81613,1023,0,0,Sharp
weapon_items,Blunt Rotten Ghru Curved Sword,0x205eb8,1,10,20,81614,1023,0,0,Blunt
weapon_items,Irithyll Straight Sword,0x20a760,1,10,20,52200,1025,0,0,Normal
weapon_items,Lethal Irithyll Straight Sword,0x20a7c4,1,10,20,52201,1025,0,0,Lethal
weapon_items,Cursed Irithyll Straight Sword,0x20a828,1,10,20,52202,1025,0,0,Cursed
weapon_items,Poison Irithyll Straight Sword,0x20a88c,1,10,20,52203,1025,0,0,Poison
weapon_items,Blood Irithyll Straight Sword,0x20a8f0,1,10,20,52204,1025,0,0,Blood
weapon_items,Frost Irithyll Straight Sword,0x20a954,1,10,20,52205,1025,0,0,Frost
weapon_items,Magic Irithyll Straight Sword,0x20a9b8,1,10,20,52206,1025,0,0,Magic
weapon_items,Fire Irithyll Straight Sword,0x20aa1c,1,10,20,52207,1025,0,0,Fire
weapon_items,Lightning Irithyll Straight Sword,0x20aa80,1,10,20,52208,1025,0,0,Lightning
weapon_items,Dark Irithyll Straight Sword,0x20aae4,1,10,20,52209,1025,0,0,Dark
weapon_items,Lucky Irithyll Straight Sword,0x20ab48,1,10,20,52210,1025,0,0,Lucky
weapon_items,Enchanted Irithyll Straight Sword,0x20abac,1,10,20,52211,1025,0,0,Enchanted
weapon_items,Holy Irithyll Straight Sword,0x20ac10,1,10,20,52212,1025,0,0,Holy
weapon_items,Sharp Irithyll Straight Sword,0x20ac74,1,10,20,52213,1025,0,0,Sharp
weapon_items,Blunt Irithyll Straight Sword,0x20acd8,1,10,20,52214,1025,0,0,Blunt
weapon_items,Morion Blade,0x2143a0,1,10,25,52800,1184,0,0,Normal
weapon_items,Lethal Morion Blade,0x214404,1,10,25,52801,1184,0,0,Lethal
weapon_items,Cursed Morion Blade,0x214468,1,10,25,52802,1184,0,0,Cursed
weapon_items,Poison Morion Blade,0x2144cc,1,10,25,52803,1184,0,0,Poison
weapon_items,Blood Morion Blade,0x214530,1,10,25,52804,1184,0,0,Blood
weapon_items,Frost Morion Blade,0x214594,1,10,25,52805,1184,0,0,Frost
weapon_items,Magic Morion Blade,0x2145f8,1,10,25,52806,1184,0,0,Magic
weapon_items,Fire Morion Blade,0x21465c,1,10,25,52807,1184,0,0,Fire
weapon_items,Lightning Morion Blade,0x2146c0,1,10,25,52808,1184,0,0,Lightning
weapon_items,Dark Morion Blade,0x214724,1,10,25,52809,1184,0,0,Dark
weapon_items,Lucky Morion Blade,0x214788,1,10,25,52810,1184,0,0,Lucky
weapon_items,Enchanted Morion Blade,0x2147ec,1,10,25,52811,1184,0,0,Enchanted
weapon_items,Holy Morion Blade,0x214850,1,10,25,52812,1184,0,0,Holy
weapon_items,Sharp Morion Blade,0x2148b4,1,10,25,52813,1184,0,0,Sharp
weapon_items,Blunt Morion Blade,0x214918,1,10,25,52814,1184,0,0,Blunt
weapon_items,Astora Straight Sword,0x2191c0,1,10,25,50800,1185,0,0,Normal
weapon_items,Lethal Astora Straight Sword,0x219224,1,10,25,50801,1185,0,0,Lethal
weapon_items,Cursed Astora Straight Sword,0x219288,1,10,25,50802,1185,0,0,Cursed
weapon_items,Poison Astora Straight Sword,0x2192ec,1,10,25,50803,1185,0,0,Poison
weapon_items,Blood Astora Straight Sword,0x219350,1,10,25,50804,1185,0,0,Blood
weapon_items,Frost Astora Straight Sword,0x2193b4,1,10,25,50805,1185,0,0,Frost
weapon_items,Magic Astora Straight Sword,0x219418,1,10,25,50806,1185,0,0,Magic
weapon_items,Fire Astora Straight Sword,0x21947c,1,10,25,50807,1185,0,0,Fire
weapon_items,Lightning Astora Straight Sword,0x2194e0,1,10,25,50808,1185,0,0,Lightning
weapon_items,Dark Astora Straight Sword,0x219544,1,10,25,50809,1185,0,0,Dark
weapon_items,Lucky Astora Straight Sword,0x2195a8,1,10,25,50810,1185,0,0,Lucky
weapon_items,Enchanted Astora Straight Sword,0x21960c,1,10,25,50811,1185,0,0,Enchanted
weapon_items,Holy Astora Straight Sword,0x219670,1,10,25,50812,1185,0,0,Holy
weapon_items,Sharp Astora Straight Sword,0x2196d4,1,10,25,50813,1185,0,0,Sharp
weapon_items,Blunt Astora Straight Sword,0x219738,1,10,25,50814,1185,0,0,Blunt
weapon_items,Barbed Straight Sword,0x21b8d0,1,10,25,51600,1186,0,0,Normal
weapon_items,Lethal Barbed Straight Sword,0x21b934,1,10,25,51601,1186,0,0,Lethal
weapon_items,Cursed Barbed Straight Sword,0x21b998,1,10,25,51602,1186,0,0,Cursed
weapon_items,Poison Barbed Straight Sword,0x21b9fc,1,10,25,51603,1186,0,0,Poison
weapon_items,Blood Barbed Straight Sword,0x21ba60,1,10,25,51604,1186,0,0,Blood
weapon_items,Frost Barbed Straight Sword,0x21bac4,1,10,25,51605,1186,0,0,Frost
weapon_items,Magic Barbed Straight Sword,0x21bb28,1,10,25,51606,1186,0,0,Magic
weapon_items,Fire Barbed Straight Sword,0x21bb8c,1,10,25,51607,1186,0,0,Fire
weapon_items,Lightning Barbed Straight Sword,0x21bbf0,1,10,25,51608,1186,0,0,Lightning
weapon_items,Dark Barbed Straight Sword,0x21bc54,1,10,25,51609,1186,0,0,Dark
weapon_items,Lucky Barbed Straight Sword,0x21bcb8,1,10,25,51610,1186,0,0,Lucky
weapon_items,Enchanted Barbed Straight Sword,0x21bd1c,1,10,25,51611,1186,0,0,Enchanted
weapon_items,Holy Barbed Straight Sword,0x21bd80,1,10,25,51612,1186,0,0,Holy
weapon_items,Sharp Barbed Straight Sword,0x21bde4,1,10,25,51613,1186,0,0,Sharp
weapon_items,Blunt Barbed Straight Sword,0x21be48,1,10,25,51614,1186,0,0,Blunt
weapon_items,Executioner's Greatsword,0x21dfe0,1,10,30,61400,1187,0,0,Normal
weapon_items,Lethal Executioner's Greatsword,0x21e044,1,10,30,61401,1187,0,0,Lethal
weapon_items,Cursed Executioner's Greatsword,0x21e0a8,1,10,30,61402,1187,0,0,Cursed
weapon_items,Poison Executioner's Greatsword,0x21e10c,1,10,30,61403,1187,0,0,Poison
weapon_items,Blood Executioner's Greatsword,0x21e170,1,10,30,61404,1187,0,0,Blood
weapon_items,Frost Executioner's Greatsword,0x21e1d4,1,10,30,61405,1187,0,0,Frost
weapon_items,Magic Executioner's Greatsword,0x21e238,1,10,30,61406,1187,0,0,Magic
weapon_items,Fire Executioner's Greatsword,0x21e29c,1,10,30,61407,1187,0,0,Fire
weapon_items,Lightning Executioner's Greatsword,0x21e300,1,10,30,61408,1187,0,0,Lightning
weapon_items,Dark Executioner's Greatsword,0x21e364,1,10,30,61409,1187,0,0,Dark
weapon_items,Lucky Executioner's Greatsword,0x21e3c8,1,10,30,61410,1187,0,0,Lucky
weapon_items,Enchanted Executioner's Greatsword,0x21e42c,1,10,30,61411,1187,0,0,Enchanted
weapon_items,Holy Executioner's Greatsword,0x21e490,1,10,30,61412,1187,0,0,Holy
weapon_items,Sharp Executioner's Greatsword,0x21e4f4,1,10,30,61413,1187,0,0,Sharp
weapon_items,Blunt Executioner's Greatsword,0x21e558,1,10,30,61414,1187,0,0,Blunt
weapon_items,Anri's Straight Sword,0x2206f0,1,10,25,52400,1266,0,0,Normal
weapon_items,Anri's Lethal Straight Sword,0x220754,1,10,25,52401,1266,0,0,Lethal
weapon_items,Anri's Cursed Straight Sword,0x2207b8,1,10,25,52402,1266,0,0,Cursed
weapon_items,Anri's Poison Straight Sword,0x22081c,1,10,25,52403,1266,0,0,Poison
weapon_items,Anri's Blood Straight Sword,0x220880,1,10,25,52404,1266,0,0,Blood
weapon_items,Anri's Frost Straight Sword,0x2208e4,1,10,25,52405,1266,0,0,Frost
weapon_items,Anri's Magic Straight Sword,0x220948,1,10,25,52406,1266,0,0,Magic
weapon_items,Anri's Fire Straight Sword,0x2209ac,1,10,25,52407,1266,0,0,Fire
weapon_items,Anri's Lightning Straight Sword,0x220a10,1,10,25,52408,1266,0,0,Lightning
weapon_items,Anri's Dark Straight Sword,0x220a74,1,10,25,52409,1266,0,0,Dark
weapon_items,Anri's Lucky Straight Sword,0x220ad8,1,10,25,52410,1266,0,0,Lucky
weapon_items,Anri's Enchanted Straight Sword,0x220b3c,1,10,25,52411,1266,0,0,Enchanted
weapon_items,Anri's Holy Straight Sword,0x220ba0,1,10,25,52412,1266,0,0,Holy
weapon_items,Anri's Sharp Straight Sword,0x220c04,1,10,25,52413,1266,0,0,Sharp
weapon_items,Anri's Blunt Straight Sword,0x220c68,1,10,25,52414,1266,0,0,Blunt
weapon_items,Onyx Blade,0x222e00,1,10,30,62600,1267,0,0,Normal
weapon_items,Lethal Onyx Blade,0x222e64,1,10,30,62601,1267,0,0,Lethal
weapon_items,Curse Onyx Blade,0x222ec8,1,10,30,62602,1267,0,0,Cursed
weapon_items,Poison Onyx Blade,0x222f2c,1,10,30,62603,1267,0,0,Poison
weapon_items,Blood Onyx Blade,0x222f90,1,10,30,62604,1267,0,0,Blood
weapon_items,Frost Onyx Blade,0x222ff4,1,10,30,62605,1267,0,0,Frost
weapon_items,Magic Onyx Blade,0x223058,1,10,30,62606,1267,0,0,Magic
weapon_items,Fire Onyx Blade,0x2230bc,1,10,30,62607,1267,0,0,Fire
weapon_items,Lightning Onyx Blade,0x223120,1,10,30,62608,1267,0,0,Lightning
weapon_items,Dark Onyx Blade,0x223184,1,10,30,62609,1267,0,0,Dark
weapon_items,Lucky Onyx Blade,0x2231e8,1,10,30,62610,1267,0,0,Lucky
weapon_items,Enchanted Onyx Blade,0x22324c,1,10,30,62611,1267,0,0,Enchanted
weapon_items,Holy Onyx Blade,0x2232b0,1,10,30,62612,1267,0,0,Holy
weapon_items,Sharp Onyx Blade,0x223314,1,10,30,62613,1267,0,0,Sharp
weapon_items,Blunt Onyx Blade,0x223378,1,10,30,62614,1267,0,0,Blunt
weapon_items,Ringed Knight Straight Sword,0x225510,1,10,25,53000,1283,0,0,Normal
weapon_items,Lethal Ringed Knight Straight Sword,0x225574,1,10,25,53001,1283,0,0,Lethal
weapon_items,Curse Ringed Knight Straight Sword,0x2255d8,1,10,25,53002,1283,0,0,Cursed
weapon_items,Poison Ringed Knight Straight Sword,0x22563c,1,10,25,53003,1283,0,0,Poison
weapon_items,Blood Ringed Knight Straight Sword,0x2256a0,1,10,25,53004,1283,0,0,Blood
weapon_items,Frost Ringed Knight Straight Sword,0x225704,1,10,25,53005,1283,0,0,Frost
weapon_items,Magic Ringed Knight Straight Sword,0x225768,1,10,25,53006,1283,0,0,Magic
weapon_items,Fire Ringed Knight Straight Sword,0x2257cc,1,10,25,53007,1283,0,0,Fire
weapon_items,Lightning Ringed Knight Straight Sword,0x225830,1,10,25,53008,1283,0,0,Lightning
weapon_items,Dark Ringed Knight Straight Sword,0x225894,1,10,25,53009,1283,0,0,Dark
weapon_items,Lucky Ringed Knight Straight Sword,0x2258f8,1,10,25,53010,1283,0,0,Lucky
weapon_items,Enchanted Ringed Knight Straight Sword,0x22595c,1,10,25,53011,1283,0,0,Enchanted
weapon_items,Holy Ringed Knight Straight Sword,0x2259c0,1,10,25,53012,1283,0,0,Holy
weapon_items,Sharp Ringed Knight Straight Sword,0x225a24,1,10,25,53013,1283,0,0,Sharp
weapon_items,Blunt Ringed Knight Straight Sword,0x225a88,1,10,25,53014,1283,0,0,Blunt
weapon_items,Gael's Greatsword,0x227c20,1,10,30,64000,1284,0,0,Normal
weapon_items,Gael's Lethal Greatsword,0x227c84,1,10,30,64001,1284,0,0,Lethal
weapon_items,Gael's Curse Greatsword,0x227ce8,1,10,30,64002,1284,0,0,Cursed
weapon_items,Gael's Poison Greatsword,0x227d4c,1,10,30,64003,1284,0,0,Poison
weapon_items,Gael's Blood Greatsword,0x227db0,1,10,30,64004,1284,0,0,Blood
weapon_items,Gael's FrostGreatsword,0x227e14,1,10,30,64005,1284,0,0,Frost
weapon_items,Gael's Magic Greatsword,0x227e78,1,10,30,64006,1284,0,0,Magic
weapon_items,Gael's Fire Greatsword,0x227edc,1,10,30,64007,1284,0,0,Fire
weapon_items,Gael's Lightning Greatsword,0x227f40,1,10,30,64008,1284,0,0,Lightning
weapon_items,Gael's Dark Greatsword,0x227fa4,1,10,30,64009,1284,0,0,Dark
weapon_items,Gael's Lucky Greatsword,0x228008,1,10,30,64010,1284,0,0,Lucky
weapon_items,Gael's Enchanted Greatsword,0x22806c,1,10,30,64011,1284,0,0,Enchanted
weapon_items,Gael's Holy Greatsword,0x2280d0,1,10,30,64012,1284,0,0,Holy
weapon_items,Gael's Sharp Greatsword,0x228134,1,10,30,64013,1284,0,0,Sharp
weapon_items,Gael's Blunt Greatsword,0x228198,1,10,30,64014,1284,0,0,Blunt
weapon_items,Sword of Avowal,0x22a330,1,10,30,62800,188,0,0,Normal
weapon_items,Lethal Sword of Avowal,0x22a394,1,10,30,62801,188,0,0,Lethal
weapon_items,Cursed Sword of Avowal,0x22a3f8,1,10,30,62802,188,0,0,Cursed
weapon_items,Poison Sword of Avowal,0x22a45c,1,10,30,62803,188,0,0,Poison
weapon_items,Blood Sword of Avowal,0x22a4c0,1,10,30,62804,188,0,0,Blood
weapon_items,Frost Sword of Avowal,0x22a524,1,10,30,62805,188,0,0,Frost
weapon_items,Magic Sword of Avowal,0x22a588,1,10,30,62806,188,0,0,Magic
weapon_items,Fire Sword of Avowal,0x22a5ec,1,10,30,62807,188,0,0,Fire
weapon_items,Lightning Sword of Avowal,0x22a650,1,10,30,62808,188,0,0,Lightning
weapon_items,Dark Sword of Avowal,0x22a6b4,1,10,30,62809,188,0,0,Dark
weapon_items,Lucky Sword of Avowal,0x22a718,1,10,30,62810,188,0,0,Lucky
weapon_items,Enchanted Sword of Avowal,0x22a77c,1,10,30,62811,188,0,0,Enchanted
weapon_items,Holy Sword of Avowal,0x22a7e0,1,10,30,62812,188,0,0,Holy
weapon_items,Sharp Sword of Avowal,0x22a844,1,10,30,62813,188,0,0,Sharp
weapon_items,Blunt Sword of Avowal,0x22a8a8,1,10,30,62814,188,0,0,Blunt
weapon_items,Estoc,0x2dc6c0,1,10,20,100400,1028,0,0,Normal
weapon_items,Lethal Estoc,0x2dc724,1,10,20,100401,1028,0,0,Lethal
weapon_items,Cursed Estoc,0x2dc788,1,10,20,100402,1028,0,0,Cursed
weapon_items,Poison Estoc,0x2dc7ec,1,10,20,100403,1028,0,0,Poison
weapon_items,Blood Estoc,0x2dc850,1,10,20,100404,1028,0,0,Blood
weapon_items,Frost Estoc,0x2dc8b4,1,10,20,100405,1028,0,0,Frost
weapon_items,Magic Estoc,0x2dc918,1,10,20,100406,1028,0,0,Magic
weapon_items,Fire Estoc,0x2dc97c,1,10,20,100407,1028,0,0,Fire
weapon_items,Lightning Estoc,0x2dc9e0,1,10,20,100408,1028,0,0,Lightning
weapon_items,Dark Estoc,0x2dca44,1,10,20,100409,1028,0,0,Dark
weapon_items,Lucky Estoc,0x2dcaa8,1,10,20,100410,1028,0,0,Lucky
weapon_items,Enchanted Estoc,0x2dcb0c,1,10,20,100411,1028,0,0,Enchanted
weapon_items,Holy Estoc,0x2dcb70,1,10,20,100412,1028,0,0,Holy
weapon_items,Sharp Estoc,0x2dcbd4,1,10,20,100413,1028,0,0,Sharp
weapon_items,Blunt Estoc,0x2dcc38,1,10,20,100414,1028,0,0,Blunt
weapon_items,Mail Breaker,0x2dedd0,1,10,20,40500,1029,0,0,Normal
weapon_items,Lethal Mail Breaker,0x2dee34,1,10,20,40501,1029,0,0,Lethal
weapon_items,Cursed Mail Breaker,0x2dee98,1,10,20,40502,1029,0,0,Cursed
weapon_items,Poison Mail Breaker,0x2deefc,1,10,20,40503,1029,0,0,Poison
weapon_items,Blood Mail Breaker,0x2def60,1,10,20,40504,1029,0,0,Blood
weapon_items,Frost Mail Breaker,0x2defc4,1,10,20,40505,1029,0,0,Frost
weapon_items,Magic Mail Breaker,0x2df028,1,10,20,40506,1029,0,0,Magic
weapon_items,Fire Mail Breaker,0x2df08c,1,10,20,40507,1029,0,0,Fire
weapon_items,Lightning Mail Breaker,0x2df0f0,1,10,20,40508,1029,0,0,Lightning
weapon_items,Dark Mail Breaker,0x2df154,1,10,20,40509,1029,0,0,Dark
weapon_items,Lucky Mail Breaker,0x2df1b8,1,10,20,40510,1029,0,0,Lucky
weapon_items,Enchanted Mail Breaker,0x2df21c,1,10,20,40511,1029,0,0,Enchanted
weapon_items,Holy Mail Breaker,0x2df280,1,10,20,40512,1029,0,0,Holy
weapon_items,Sharp Mail Breaker,0x2df2e4,1,10,20,40513,1029,0,0,Sharp
weapon_items,Blunt Mail Breaker,0x2df348,1,10,20,40514,1029,0,0,Blunt
weapon_items,Rapier,0x2e14e0,1,10,20,100000,1030,0,0,Normal
weapon_items,Lethal Rapier,0x2e1544,1,10,20,100001,1030,0,0,Lethal
weapon_items,Cursed Rapier,0x2e15a8,1,10,20,100002,1030,0,0,Cursed
weapon_items,Poison Rapier,0x2e160c,1,10,20,100003,1030,0,0,Poison
weapon_items,Blood Rapier,0x2e1670,1,10,20,100004,1030,0,0,Blood
weapon_items,Frost Rapier,0x2e16d4,1,10,20,100005,1030,0,0,Frost
weapon_items,Magic Rapier,0x2e1738,1,10,20,100006,1030,0,0,Magic
weapon_items,Fire Rapier,0x2e179c,1,10,20,100007,1030,0,0,Fire
weapon_items,Lightning Rapier,0x2e1800,1,10,20,100008,1030,0,0,Lightning
weapon_items,Dark Rapier,0x2e1864,1,10,20,100009,1030,0,0,Dark
weapon_items,Lucky Rapier,0x2e18c8,1,10,20,100010,1030,0,0,Lucky
weapon_items,Enchanted Rapier,0x2e192c,1,10,20,100011,1030,0,0,Enchanted
weapon_items,Holy Rapier,0x2e1990,1,10,20,100012,1030,0,0,Holy
weapon_items,Sharp Rapier,0x2e19f4,1,10,20,100013,1030,0,0,Sharp
weapon_items,Blunt Rapier,0x2e1a58,1,10,20,100014,1030,0,0,Blunt
weapon_items,Ricard's Rapier,0x2e3bf0,1,10,20,100600,1031,0,0,Normal
weapon_items,Ricard's Lethal Rapier,0x2e3c54,1,10,20,100601,1031,0,0,Lethal
weapon_items,Ricard's Cursed Rapier,0x2e3cb8,1,10,20,100602,1031,0,0,Cursed
weapon_items,Ricard's Poison Rapier,0x2e3d1c,1,10,20,100603,1031,0,0,Poison
weapon_items,Ricard's Blood Rapier,0x2e3d80,1,10,20,100604,1031,0,0,Blood
weapon_items,Ricard's Frost Rapier,0x2e3de4,1,10,20,100605,1031,0,0,Frost
weapon_items,Ricard's Magic Rapier,0x2e3e48,1,10,20,100606,1031,0,0,Magic
weapon_items,Ricard's Fire Rapier,0x2e3eac,1,10,20,100607,1031,0,0,Fire
weapon_items,Ricard's Lightning Rapier,0x2e3f10,1,10,20,100608,1031,0,0,Lightning
weapon_items,Ricard's Dark Rapier,0x2e3f74,1,10,20,100609,1031,0,0,Dark
weapon_items,Ricard's Lucky Rapier,0x2e3fd8,1,10,20,100610,1031,0,0,Lucky
weapon_items,Ricard's Enchanted Rapier,0x2e403c,1,10,20,100611,1031,0,0,Enchanted
weapon_items,Ricard's Holy Rapier,0x2e40a0,1,10,20,100612,1031,0,0,Holy
weapon_items,Ricard's Sharp Rapier,0x2e4104,1,10,20,100613,1031,0,0,Sharp
weapon_items,Ricard's Blunt Rapier,0x2e4168,1,10,20,100614,1031,0,0,Blunt
weapon_items,Crystal Sage's Rapier,0x2e6300,1,10,15,101600,1032,0,0,Normal
weapon_items,Crystal Sage's Cursed Rapier,0x2e63c8,1,10,15,101601,1032,0,0,Cursed
weapon_items,Crystal Sage's Poison Rapier,0x2e642c,1,10,15,101602,1032,0,0,Poison
weapon_items,Crystal Sage's Blood Rapier,0x2e6490,1,10,15,101603,1032,0,0,Blood
weapon_items,Crystal Sage's Frost Rapier,0x2e64f4,1,10,15,101604,1032,0,0,Frost
weapon_items,Crystal Sage's Magic Rapier,0x2e6558,1,10,15,101605,1032,0,0,Magic
weapon_items,Crystal Sage's Fire Rapier,0x2e65bc,1,10,15,101606,1032,0,0,Fire
weapon_items,Crystal Sage's Lightning Rapier,0x2e6620,1,10,15,101607,1032,0,0,Lightning
weapon_items,Crystal Sage's Dark Rapier,0x2e6684,1,10,15,101608,1032,0,0,Dark
weapon_items,Crystal Sage's Lucky Rapier,0x2e66e8,1,10,15,101609,1032,0,0,Lucky
weapon_items,Crystal Sage's Enchanted Rapier,0x2e674c,1,10,15,101610,1032,0,0,Enchanted
weapon_items,Crystal Sage's Holy Rapier,0x2e67b0,1,10,15,101611,1032,0,0,Holy
weapon_items,Irithyll Rapier,0x2e8a10,1,10,15,101000,1188,0,0,Normal
weapon_items,Lethal Irithyll Rapier,0x2e8a74,1,10,15,101001,1188,0,0,Lethal
weapon_items,Cursed Irithyll Rapier,0x2e8ad8,1,10,15,101002,1188,0,0,Cursed
weapon_items,Poison Irithyll Rapier,0x2e8b3c,1,10,15,101003,1188,0,0,Poison
weapon_items,Blood Irithyll Rapier,0x2e8ba0,1,10,15,101004,1188,0,0,Blood
weapon_items,Frost Irithyll Rapier,0x2e8c04,1,10,15,101005,1188,0,0,Frost
weapon_items,Magic Irithyll Rapier,0x2e8c68,1,10,15,101006,1188,0,0,Magic
weapon_items,Fire Irithyll Rapier,0x2e8ccc,1,10,15,101007,1188,0,0,Fire
weapon_items,Lightning Irithyll Rapier,0x2e8d30,1,10,15,101008,1188,0,0,Lightning
weapon_items,Dark Irithyll Rapier,0x2e8d94,1,10,15,101009,1188,0,0,Dark
weapon_items,Lucky Irithyll Rapier,0x2e8df8,1,10,15,101010,1188,0,0,Lucky
weapon_items,Enchanted Irithyll Rapier,0x2e8e5c,1,10,15,101011,1188,0,0,Enchanted
weapon_items,Holy Irithyll Rapier,0x2e8ec0,1,10,15,101012,1188,0,0,Holy
weapon_items,Sharp Irithyll Rapier,0x2e8f24,1,10,15,101013,1188,0,0,Sharp
weapon_items,Blunt Irithyll Rapier,0x2e8f88,1,10,15,101014,1188,0,0,Blunt
weapon_items,Bone Rapier,0x2eb120,1,10,25,100800,6045,0,0,Normal
weapon_items,Lethal Bone Rapier,0x2eb184,1,10,25,100801,6045,0,0,Lethal
weapon_items,Cursed Bone Rapier,0x2eb1e8,1,10,25,100802,6045,0,0,Cursed
weapon_items,Poison Bone Rapier,0x2eb24c,1,10,25,100803,6045,0,0,Poison
weapon_items,Blood Bone Rapier,0x2eb2b0,1,10,25,100804,6045,0,0,Blood
weapon_items,Frost Bone Rapier,0x2eb314,1,10,25,100805,6045,0,0,Frost
weapon_items,Magic Bone Rapier,0x2eb378,1,10,25,100806,6045,0,0,Magic
weapon_items,Fire Bone Rapier,0x2eb3dc,1,10,25,100807,6045,0,0,Fire
weapon_items,Lightning Bone Rapier,0x2eb440,1,10,25,100808,6045,0,0,Lightning
weapon_items,Dark Bone Rapier,0x2eb4a4,1,10,25,100809,6045,0,0,Dark
weapon_items,Lucky Bone Rapier,0x2eb508,1,10,25,100810,6045,0,0,Lucky
weapon_items,Enchanted Bone Rapier,0x2eb56c,1,10,25,100811,6045,0,0,Enchanted
weapon_items,Holy Bone Rapier,0x2eb5d0,1,10,25,100812,6045,0,0,Holy
weapon_items,Sharp Bone Rapier,0x2eb634,1,10,25,100813,6045,0,0,Sharp
weapon_items,Blunt Bone Rapier,0x2eb698,1,10,25,100814,6045,0,0,Blunt
weapon_items,Shotel,0x3d3010,1,10,25,81000,1033,0,0,Normal
weapon_items,Lethal Shotel,0x3d3074,1,10,25,81001,1033,0,0,Lethal
weapon_items,Cursed Shotel,0x3d30d8,1,10,25,81002,1033,0,0,Cursed
weapon_items,Poison Shotel,0x3d313c,1,10,25,81003,1033,0,0,Poison
weapon_items,Blood Shotel,0x3d31a0,1,10,25,81004,1033,0,0,Blood
weapon_items,Frost Shotel,0x3d3204,1,10,25,81005,1033,0,0,Frost
weapon_items,Magic Shotel,0x3d3268,1,10,25,81006,1033,0,0,Magic
weapon_items,Fire Shotel,0x3d32cc,1,10,25,81007,1033,0,0,Fire
weapon_items,Lightning Shotel,0x3d3330,1,10,25,81008,1033,0,0,Lightning
weapon_items,Dark Shotel,0x3d3394,1,10,25,81009,1033,0,0,Dark
weapon_items,Lucky Shotel,0x3d33f8,1,10,25,81010,1033,0,0,Lucky
weapon_items,Enchanted Shotel,0x3d345c,1,10,25,81011,1033,0,0,Enchanted
weapon_items,Holy Shotel,0x3d34c0,1,10,25,81012,1033,0,0,Holy
weapon_items,Sharp Shotel,0x3d3524,1,10,25,81013,1033,0,0,Sharp
weapon_items,Blunt Shotel,0x3d3588,1,10,25,81014,1033,0,0,Blunt
weapon_items,Scimitar,0x3d7e30,1,10,25,80000,1035,0,0,Normal
weapon_items,Lethal Scimitar,0x3d7e94,1,10,25,80001,1035,0,0,Lethal
weapon_items,Cursed Scimitar,0x3d7ef8,1,10,25,80002,1035,0,0,Cursed
weapon_items,Poison Scimitar,0x3d7f5c,1,10,25,80003,1035,0,0,Poison
weapon_items,Blood Scimitar,0x3d7fc0,1,10,25,80004,1035,0,0,Blood
weapon_items,Frost Scimitar,0x3d8024,1,10,25,80005,1035,0,0,Frost
weapon_items,Magic Scimitar,0x3d8088,1,10,25,80006,1035,0,0,Magic
weapon_items,Fire Scimitar,0x3d80ec,1,10,25,80007,1035,0,0,Fire
weapon_items,Lightning Scimitar,0x3d8150,1,10,25,80008,1035,0,0,Lightning
weapon_items,Dark Scimitar,0x3d81b4,1,10,25,80009,1035,0,0,Dark
weapon_items,Lucky Scimitar,0x3d8218,1,10,25,80010,1035,0,0,Lucky
weapon_items,Enchanted Scimitar,0x3d827c,1,10,25,80011,1035,0,0,Enchanted
weapon_items,Holy Scimitar,0x3d82e0,1,10,25,80012,1035,0,0,Holy
weapon_items,Sharp Scimitar,0x3d8344,1,10,25,80013,1035,0,0,Sharp
weapon_items,Blunt Scimitar,0x3d83a8,1,10,25,80014,1035,0,0,Blunt
weapon_items,Falchion,0x3da540,1,10,25,80400,1036,0,0,Normal
weapon_items,Lethal Falchion,0x3da5a4,1,10,25,80401,1036,0,0,Lethal
weapon_items,Cursed Falchion,0x3da608,1,10,25,80402,1036,0,0,Cursed
weapon_items,Poison Falchion,0x3da66c,1,10,25,80403,1036,0,0,Poison
weapon_items,Blood Falchion,0x3da6d0,1,10,25,80404,1036,0,0,Blood
weapon_items,Frost Falchion,0x3da734,1,10,25,80405,1036,0,0,Frost
weapon_items,Magic Falchion,0x3da798,1,10,25,80406,1036,0,0,Magic
weapon_items,Fire Falchion,0x3da7fc,1,10,25,80407,1036,0,0,Fire
weapon_items,Lightning Falchion,0x3da860,1,10,25,80408,1036,0,0,Lightning
weapon_items,Dark Falchion,0x3da8c4,1,10,25,80409,1036,0,0,Dark
weapon_items,Lucky Falchion,0x3da928,1,10,25,80410,1036,0,0,Lucky
weapon_items,Enchanted Falchion,0x3da98c,1,10,25,80411,1036,0,0,Enchanted
weapon_items,Holy Falchion,0x3da9f0,1,10,25,80412,1036,0,0,Holy
weapon_items,Sharp Falchion,0x3daa54,1,10,25,80413,1036,0,0,Sharp
weapon_items,Blunt Falchion,0x3daab8,1,10,25,80414,1036,0,0,Blunt
weapon_items,Carthus Curved Sword,0x3dcc50,1,10,25,81200,1037,0,0,Normal
weapon_items,Lethal Carthus Curved Sword,0x3dccb4,1,10,25,81201,1037,0,0,Lethal
weapon_items,Cursed Carthus Curved Sword,0x3dcd18,1,10,25,81202,1037,0,0,Cursed
weapon_items,Poison Carthus Curved Sword,0x3dcd7c,1,10,25,81203,1037,0,0,Poison
weapon_items,Blood Carthus Curved Sword,0x3dcde0,1,10,25,81204,1037,0,0,Blood
weapon_items,Frost Carthus Curved Sword,0x3dce44,1,10,25,81205,1037,0,0,Frost
weapon_items,Magic Carthus Curved Sword,0x3dcea8,1,10,25,81206,1037,0,0,Magic
weapon_items,Fire Carthus Curved Sword,0x3dcf0c,1,10,25,81207,1037,0,0,Fire
weapon_items,Lightning Carthus Curved Sword,0x3dcf70,1,10,25,81208,1037,0,0,Lightning
weapon_items,Dark Carthus Curved Sword,0x3dcfd4,1,10,25,81209,1037,0,0,Dark
weapon_items,Lucky Carthus Curved Sword,0x3dd038,1,10,25,81210,1037,0,0,Lucky
weapon_items,Enchanted Carthus Curved Sword,0x3dd09c,1,10,25,81211,1037,0,0,Enchanted
weapon_items,Holy Carthus Curved Sword,0x3dd100,1,10,25,81212,1037,0,0,Holy
weapon_items,Sharp Carthus Curved Sword,0x3dd164,1,10,25,81213,1037,0,0,Sharp
weapon_items,Blunt Carthus Curved Sword,0x3dd1c8,1,10,25,81214,1037,0,0,Blunt
weapon_items,Carthus Curved Greatsword,0x3df360,1,10,30,90200,1038,0,0,Normal
weapon_items,Lethal Carthus Curved Greatsword,0x3df3c4,1,10,30,90201,1038,0,0,Lethal
weapon_items,Cursed Carthus Curved Greatsword,0x3df428,1,10,30,90202,1038,0,0,Cursed
weapon_items,Poison Carthus Curved Greatsword,0x3df48c,1,10,30,90203,1038,0,0,Poison
weapon_items,Blood Carthus Curved Greatsword,0x3df4f0,1,10,30,90204,1038,0,0,Blood
weapon_items,Frost Carthus Curved Greatsword,0x3df554,1,10,30,90205,1038,0,0,Frost
weapon_items,Magic Carthus Curved Greatsword,0x3df5b8,1,10,30,90206,1038,0,0,Magic
weapon_items,Fire Carthus Curved Greatsword,0x3df61c,1,10,30,90207,1038,0,0,Fire
weapon_items,Lightning Carthus Curved Greatsword,0x3df680,1,10,30,90208,1038,0,0,Lightning
weapon_items,Dark Carthus Curved Greatsword,0x3df6e4,1,10,30,90209,1038,0,0,Dark
weapon_items,Lucky Carthus Curved Greatsword,0x3df748,1,10,30,90210,1038,0,0,Lucky
weapon_items,Enchanted Carthus Curved Greatsword,0x3df7ac,1,10,30,90211,1038,0,0,Enchanted
weapon_items,Holy Carthus Curved Greatsword,0x3df810,1,10,30,90212,1038,0,0,Holy
weapon_items,Sharp Carthus Curved Greatsword,0x3df874,1,10,30,90213,1038,0,0,Sharp
weapon_items,Blunt Carthus Curved Greatsword,0x3df8d8,1,10,30,90214,1038,0,0,Blunt
weapon_items,Pontiff Knight Curved Sword,0x3e1a70,1,10,20,82800,1039,0,0,Normal
weapon_items,Lethal Pontiff Knight Curved Sword,0x3e1ad4,1,10,20,82801,1039,0,0,Lethal
weapon_items,Cursed Pontiff Knight Curved Sword,0x3e1b38,1,10,20,82802,1039,0,0,Cursed
weapon_items,Poison Pontiff Knight Curved Sword,0x3e1b9c,1,10,20,82803,1039,0,0,Poison
weapon_items,Blood Pontiff Knight Curved Sword,0x3e1c00,1,10,20,82804,1039,0,0,Blood
weapon_items,Frost Pontiff Knight Curved Sword,0x3e1c64,1,10,20,82805,1039,0,0,Frost
weapon_items,Magic Pontiff Knight Curved Sword,0x3e1cc8,1,10,20,82806,1039,0,0,Magic
weapon_items,Fire Pontiff Knight Curved Sword,0x3e1d2c,1,10,20,82807,1039,0,0,Fire
weapon_items,Lightning Pontiff Knight Curved Sword,0x3e1d90,1,10,20,82808,1039,0,0,Lightning
weapon_items,Dark Pontiff Knight Curved Sword,0x3e1df4,1,10,20,82809,1039,0,0,Dark
weapon_items,Lucky Pontiff Knight Curved Sword,0x3e1e58,1,10,20,82810,1039,0,0,Lucky
weapon_items,Enchanted Pontiff Knight Curved Sword,0x3e1ebc,1,10,20,82811,1039,0,0,Enchanted
weapon_items,Holy Pontiff Knight Curved Sword,0x3e1f20,1,10,20,82812,1039,0,0,Holy
weapon_items,Sharp Pontiff Knight Curved Sword,0x3e1f84,1,10,20,82813,1039,0,0,Sharp
weapon_items,Blunt Pontiff Knight Curved Sword,0x3e1fe8,1,10,20,82814,1039,0,0,Blunt
weapon_items,Storm Curved Sword,0x3e4180,1,10,25,83200,1040,0,0,Normal
weapon_items,Lethal Storm Curved Sword,0x3e41e4,1,10,25,83201,1040,0,0,Lethal
weapon_items,Cursed Storm Curved Sword,0x3e4248,1,10,25,83202,1040,0,0,Cursed
weapon_items,Poison Storm Curved Sword,0x3e42ac,1,10,25,83203,1040,0,0,Poison
weapon_items,Blood Storm Curved Sword,0x3e4310,1,10,25,83204,1040,0,0,Blood
weapon_items,Frost Storm Curved Sword,0x3e4374,1,10,25,83205,1040,0,0,Frost
weapon_items,Magic Storm Curved Sword,0x3e43d8,1,10,25,83206,1040,0,0,Magic
weapon_items,Fire Storm Curved Sword,0x3e443c,1,10,25,83207,1040,0,0,Fire
weapon_items,Lightning Storm Curved Sword,0x3e44a0,1,10,25,83208,1040,0,0,Lightning
weapon_items,Dark Storm Curved Sword,0x3e4504,1,10,25,83209,1040,0,0,Dark
weapon_items,Lucky Storm Curved Sword,0x3e4568,1,10,25,83210,1040,0,0,Lucky
weapon_items,Enchanted Storm Curved Sword,0x3e45cc,1,10,25,83211,1040,0,0,Enchanted
weapon_items,Holy Storm Curved Sword,0x3e4630,1,10,25,83212,1040,0,0,Holy
weapon_items,Sharp Storm Curved Sword,0x3e4694,1,10,25,83213,1040,0,0,Sharp
weapon_items,Blunt Storm Curved Sword,0x3e46f8,1,10,25,83214,1040,0,0,Blunt
weapon_items,Painting Guardian's Curved Sword,0x3e6890,1,10,20,82600,1189,0,0,Normal
weapon_items,Lethal Painting Guardian's Curved Sword,0x3e68f4,1,10,20,82601,1189,0,0,Lethal
weapon_items,Cursed Painting Guardian's Curved Sword,0x3e6958,1,10,20,82602,1189,0,0,Cursed
weapon_items,Poison Painting Guardian's Curved Sword,0x3e69bc,1,10,20,82603,1189,0,0,Poison
weapon_items,Blood Painting Guardian's Curved Sword,0x3e6a20,1,10,20,82604,1189,0,0,Blood
weapon_items,Frost Painting Guardian's Curved Sword,0x3e6a84,1,10,20,82605,1189,0,0,Frost
weapon_items,Magic Painting Guardian's Curved Sword,0x3e6ae8,1,10,20,82606,1189,0,0,Magic
weapon_items,Fire Painting Guardian's Curved Sword,0x3e6b4c,1,10,20,82607,1189,0,0,Fire
weapon_items,Lightning Painting Guardian's Curved Sword,0x3e6bb0,1,10,20,82608,1189,0,0,Lightning
weapon_items,Dark Painting Guardian's Curved Sword,0x3e6c14,1,10,20,82609,1189,0,0,Dark
weapon_items,Lucky Painting Guardian's Curved Sword,0x3e6c78,1,10,20,82610,1189,0,0,Lucky
weapon_items,Enchanted Painting Guardian's Curved Sword,0x3e6cdc,1,10,20,82611,1189,0,0,Enchanted
weapon_items,Holy Painting Guardian's Curved Sword,0x3e6d40,1,10,20,82612,1189,0,0,Holy
weapon_items,Sharp Painting Guardian's Curved Sword,0x3e6da4,1,10,20,82613,1189,0,0,Sharp
weapon_items,Blunt Painting Guardian's Curved Sword,0x3e6e08,1,10,20,82614,1189,0,0,Blunt
weapon_items,Crescent Moon Sword,0x3e8fa0,1,10,25,83000,1190,0,0,Normal
weapon_items,Lethal Crescent Moon Sword,0x3e9004,1,10,25,83001,1190,0,0,Lethal
weapon_items,Cursed Crescent Moon Sword,0x3e9068,1,10,25,83002,1190,0,0,Cursed
weapon_items,Poison Crescent Moon Sword,0x3e90cc,1,10,25,83003,1190,0,0,Poison
weapon_items,Blood Crescent Moon Sword,0x3e9130,1,10,25,83004,1190,0,0,Blood
weapon_items,Frost Crescent Moon Sword,0x3e9194,1,10,25,83005,1190,0,0,Frost
weapon_items,Magic Crescent Moon Sword,0x3e91f8,1,10,25,83006,1190,0,0,Magic
weapon_items,Fire Crescent Moon Sword,0x3e925c,1,10,25,83007,1190,0,0,Fire
weapon_items,Lightning Crescent Moon Sword,0x3e92c0,1,10,25,83008,1190,0,0,Lightning
weapon_items,Dark Crescent Moon Sword,0x3e9324,1,10,25,83009,1190,0,0,Dark
weapon_items,Lucky Crescent Moon Sword,0x3e9388,1,10,25,83010,1190,0,0,Lucky
weapon_items,Enchanted Crescent Moon Sword,0x3e93ec,1,10,25,83011,1190,0,0,Enchanted
weapon_items,Holy Crescent Moon Sword,0x3e9450,1,10,25,83012,1190,0,0,Holy
weapon_items,Sharp Crescent Moon Sword,0x3e94b4,1,10,25,83013,1190,0,0,Sharp
weapon_items,Blunt Crescent Moon Sword,0x3e9518,1,10,25,83014,1190,0,0,Blunt
weapon_items,Carthus Shotel,0x3eb6b0,1,10,25,81400,1191,0,0,Normal
weapon_items,Lethal Carthus Shotel,0x3eb714,1,10,25,81401,1191,0,0,Lethal
weapon_items,Cursed Carthus Shotel,0x3eb778,1,10,25,81402,1191,0,0,Cursed
weapon_items,Poison Carthus Shotel,0x3eb7dc,1,10,25,81403,1191,0,0,Poison
weapon_items,Blood Carthus Shotel,0x3eb840,1,10,25,81404,1191,0,0,Blood
weapon_items,Frost Carthus Shotel,0x3eb8a4,1,10,25,81405,1191,0,0,Frost
weapon_items,Magic Carthus Shotel,0x3eb908,1,10,25,81406,1191,0,0,Magic
weapon_items,Fire Carthus Shotel,0x3eb96c,1,10,25,81407,1191,0,0,Fire
weapon_items,Lightning Carthus Shotel,0x3eb9d0,1,10,25,81408,1191,0,0,Lightning
weapon_items,Dark Carthus Shotel,0x3eba34,1,10,25,81409,1191,0,0,Dark
weapon_items,Lucky Carthus Shotel,0x3eba98,1,10,25,81410,1191,0,0,Lucky
weapon_items,Enchanted Carthus Shotel,0x3ebafc,1,10,25,81411,1191,0,0,Enchanted
weapon_items,Holy Carthus Shotel,0x3ebb60,1,10,25,81412,1191,0,0,Holy
weapon_items,Sharp Carthus Shotel,0x3ebbc4,1,10,25,81413,1191,0,0,Sharp
weapon_items,Blunt Carthus Shotel,0x3ebc28,1,10,25,81414,1191,0,0,Blunt
weapon_items,Follower Sabre,0x3eddc0,1,10,25,81800,1268,0,0,Normal
weapon_items,Lethal Follower Sabre,0x3ede24,1,10,25,81801,1268,0,0,Lethal
weapon_items,Curse Follower Sabre,0x3ede88,1,10,25,81802,1268,0,0,Cursed
weapon_items,Poison Follower Sabre,0x3edeec,1,10,25,81803,1268,0,0,Poison
weapon_items,Blood Follower Sabre,0x3edf50,1,10,25,81804,1268,0,0,Blood
weapon_items,Frost Follower Sabre,0x3edfb4,1,10,25,81805,1268,0,0,Frost
weapon_items,Magic Follower Sabre,0x3ee018,1,10,25,81806,1268,0,0,Magic
weapon_items,Fire Follower Sabre,0x3ee07c,1,10,25,81807,1268,0,0,Fire
weapon_items,Lightning Follower Sabre,0x3ee0e0,1,10,25,81808,1268,0,0,Lightning
weapon_items,Dark Follower Sabre,0x3ee144,1,10,25,81809,1268,0,0,Dark
weapon_items,Lucky Follower Sabre,0x3ee1a8,1,10,25,81810,1268,0,0,Lucky
weapon_items,Enchanted Follower Sabre,0x3ee20c,1,10,25,81811,1268,0,0,Enchanted
weapon_items,Holy Follower Sabre,0x3ee270,1,10,25,81812,1268,0,0,Holy
weapon_items,Sharp Follower Sabre,0x3ee2d4,1,10,25,81813,1268,0,0,Sharp
weapon_items,Blunt Follower Sabre,0x3ee338,1,10,25,81814,1268,0,0,Blunt
weapon_items,Uchigatana,0x4c4b40,1,10,25,110000,1041,0,0,Normal
weapon_items,Lethal Uchigatana,0x4c4ba4,1,10,25,110001,1041,0,0,Lethal
weapon_items,Cursed Uchigatana,0x4c4c08,1,10,25,110002,1041,0,0,Cursed
weapon_items,Poison Uchigatana,0x4c4c6c,1,10,25,110003,1041,0,0,Poison
weapon_items,Blood Uchigatana,0x4c4cd0,1,10,25,110004,1041,0,0,Blood
weapon_items,Frost Uchigatana,0x4c4d34,1,10,25,110005,1041,0,0,Frost
weapon_items,Magic Uchigatana,0x4c4d98,1,10,25,110006,1041,0,0,Magic
weapon_items,Fire Uchigatana,0x4c4dfc,1,10,25,110007,1041,0,0,Fire
weapon_items,Lightning Uchigatana,0x4c4e60,1,10,25,110008,1041,0,0,Lightning
weapon_items,Dark Uchigatana,0x4c4ec4,1,10,25,110009,1041,0,0,Dark
weapon_items,Lucky Uchigatana,0x4c4f28,1,10,25,110010,1041,0,0,Lucky
weapon_items,Enchanted Uchigatana,0x4c4f8c,1,10,25,110011,1041,0,0,Enchanted
weapon_items,Holy Uchigatana,0x4c4ff0,1,10,25,110012,1041,0,0,Holy
weapon_items,Sharp Uchigatana,0x4c5054,1,10,25,110013,1041,0,0,Sharp
weapon_items,Blunt Uchigatana,0x4c50b8,1,10,25,110014,1041,0,0,Blunt
weapon_items,Washing Pole,0x4c7250,1,10,20,110200,1042,0,0,Normal
weapon_items,Lethal Washing Pole,0x4c72b4,1,10,20,110201,1042,0,0,Lethal
weapon_items,Cursed Washing Pole,0x4c7318,1,10,20,110202,1042,0,0,Cursed
weapon_items,Poison Washing Pole,0x4c737c,1,10,20,110203,1042,0,0,Poison
weapon_items,Blood Washing Pole,0x4c73e0,1,10,20,110204,1042,0,0,Blood
weapon_items,Frost Washing Pole,0x4c7444,1,10,20,110205,1042,0,0,Frost
weapon_items,Magic Washing Pole,0x4c74a8,1,10,20,110206,1042,0,0,Magic
weapon_items,Fire Washing Pole,0x4c750c,1,10,20,110207,1042,0,0,Fire
weapon_items,Lightning Washing Pole,0x4c7570,1,10,20,110208,1042,0,0,Lightning
weapon_items,Dark Washing Pole,0x4c75d4,1,10,20,110209,1042,0,0,Dark
weapon_items,Lucky Washing Pole,0x4c7638,1,10,20,110210,1042,0,0,Lucky
weapon_items,Enchanted Washing Pole,0x4c769c,1,10,20,110211,1042,0,0,Enchanted
weapon_items,Holy Washing Pole,0x4c7700,1,10,20,110212,1042,0,0,Holy
weapon_items,Sharp Washing Pole,0x4c7764,1,10,20,110213,1042,0,0,Sharp
weapon_items,Blunt Washing Pole,0x4c77c8,1,10,20,110214,1042,0,0,Blunt
weapon_items,Chaos Blade,0x4c9960,1,10,25,111000,1043,0,0,Normal
weapon_items,Lethal Chaos Blade,0x4c99c4,1,10,25,111001,1043,0,0,Lethal
weapon_items,Cursed Chaos Blade,0x4c9a28,1,10,25,111002,1043,0,0,Cursed
weapon_items,Poison Chaos Blade,0x4c9a8c,1,10,25,111003,1043,0,0,Poison
weapon_items,Blood Chaos Blade,0x4c9af0,1,10,25,111004,1043,0,0,Blood
weapon_items,Frost Chaos Blade,0x4c9b54,1,10,25,111005,1043,0,0,Frost
weapon_items,Magic Chaos Blade,0x4c9bb8,1,10,25,111006,1043,0,0,Magic
weapon_items,Fire Chaos Blade,0x4c9c1c,1,10,25,111007,1043,0,0,Fire
weapon_items,Lightning Chaos Blade,0x4c9c80,1,10,25,111008,1043,0,0,Lightning
weapon_items,Dark Chaos Blade,0x4c9ce4,1,10,25,111009,1043,0,0,Dark
weapon_items,Lucky Chaos Blade,0x4c9d48,1,10,25,111010,1043,0,0,Lucky
weapon_items,Enchanted Chaos Blade,0x4c9dac,1,10,25,111011,1043,0,0,Enchanted
weapon_items,Holy Chaos Blade,0x4c9e10,1,10,25,111012,1043,0,0,Holy
weapon_items,Sharp Chaos Blade,0x4c9e74,1,10,25,111013,1043,0,0,Sharp
weapon_items,Blunt Chaos Blade,0x4c9ed8,1,10,25,111014,1043,0,0,Blunt
weapon_items,Black Blade,0x4cc070,1,10,25,110400,1044,0,0,Normal
weapon_items,Lethal Black Blade,0x4cc0d4,1,10,25,110401,1044,0,0,Lethal
weapon_items,Cursed Black Blade,0x4cc138,1,10,25,110402,1044,0,0,Cursed
weapon_items,Poison Black Blade,0x4cc19c,1,10,25,110403,1044,0,0,Poison
weapon_items,Blood Black Blade,0x4cc200,1,10,25,110404,1044,0,0,Blood
weapon_items,Frost Black Blade,0x4cc264,1,10,25,110405,1044,0,0,Frost
weapon_items,Magic Black Blade,0x4cc2c8,1,10,25,110406,1044,0,0,Magic
weapon_items,Fire Black Blade,0x4cc32c,1,10,25,110407,1044,0,0,Fire
weapon_items,Lightning Black Blade,0x4cc390,1,10,25,110408,1044,0,0,Lightning
weapon_items,Dark Black Blade,0x4cc3f4,1,10,25,110409,1044,0,0,Dark
weapon_items,Lucky Black Blade,0x4cc458,1,10,25,110410,1044,0,0,Lucky
weapon_items,Enchanted Black Blade,0x4cc4bc,1,10,25,110411,1044,0,0,Enchanted
weapon_items,Holy Black Blade,0x4cc520,1,10,25,110412,1044,0,0,Holy
weapon_items,Sharp Black Blade,0x4cc584,1,10,25,110413,1044,0,0,Sharp
weapon_items,Blunt Black Blade,0x4cc5e8,1,10,25,110414,1044,0,0,Blunt
weapon_items,Bloodlust,0x4ce780,1,10,25,110800,1193,0,0,Normal
weapon_items,Lethal Bloodlust,0x4ce7e4,1,10,25,110801,1193,0,0,Lethal
weapon_items,Cursed Bloodlust,0x4ce848,1,10,25,110802,1193,0,0,Cursed
weapon_items,Poison Bloodlust,0x4ce8ac,1,10,25,110803,1193,0,0,Poison
weapon_items,Blood Bloodlust,0x4ce910,1,10,25,110804,1193,0,0,Blood
weapon_items,Frost Bloodlust,0x4ce974,1,10,25,110805,1193,0,0,Frost
weapon_items,Magic Bloodlust,0x4ce9d8,1,10,25,110806,1193,0,0,Magic
weapon_items,Fire Bloodlust,0x4cea3c,1,10,25,110807,1193,0,0,Fire
weapon_items,Lightning Bloodlust,0x4ceaa0,1,10,25,110808,1193,0,0,Lightning
weapon_items,Dark Bloodlust,0x4ceb04,1,10,25,110809,1193,0,0,Dark
weapon_items,Lucky Bloodlust,0x4ceb68,1,10,25,110810,1193,0,0,Lucky
weapon_items,Enchanted Bloodlust,0x4cebcc,1,10,25,110811,1193,0,0,Enchanted
weapon_items,Holy Bloodlust,0x4cec30,1,10,25,110812,1193,0,0,Holy
weapon_items,Sharp Bloodlust,0x4cec94,1,10,25,110813,1193,0,0,Sharp
weapon_items,Blunt Bloodlust,0x4cecf8,1,10,25,110814,1193,0,0,Blunt
weapon_items,Darkdrift,0x4d0e90,1,10,25,111400,1194,0,0,Normal
weapon_items,Lethal Darkdrift,0x4d0ef4,1,10,25,111401,1194,0,0,Lethal
weapon_items,Cursed Darkdrift,0x4d0f58,1,10,25,111402,1194,0,0,Cursed
weapon_items,Poison Darkdrift,0x4d0fbc,1,10,25,111403,1194,0,0,Poison
weapon_items,Blood Darkdrift,0x4d1020,1,10,25,111404,1194,0,0,Blood
weapon_items,Frost Darkdrift,0x4d1084,1,10,25,111405,1194,0,0,Frost
weapon_items,Magic Darkdrift,0x4d10e8,1,10,25,111406,1194,0,0,Magic
weapon_items,Fire Darkdrift,0x4d114c,1,10,25,111407,1194,0,0,Fire
weapon_items,Lightning Darkdrift,0x4d11b0,1,10,25,111408,1194,0,0,Lightning
weapon_items,Dark Darkdrift,0x4d1214,1,10,25,111409,1194,0,0,Dark
weapon_items,Lucky Darkdrift,0x4d1278,1,10,25,111410,1194,0,0,Lucky
weapon_items,Enchanted Darkdrift,0x4d12dc,1,10,25,111411,1194,0,0,Enchanted
weapon_items,Holy Darkdrift,0x4d1340,1,10,25,111412,1194,0,0,Holy
weapon_items,Sharp Darkdrift,0x4d13a4,1,10,25,111413,1194,0,0,Sharp
weapon_items,Blunt Darkdrift,0x4d1408,1,10,25,111414,1194,0,0,Blunt
weapon_items,Frayed Blade,0x4d35a0,1,10,20,111800,1286,0,0,Normal
weapon_items,Lethal Frayed Blade,0x4d3604,1,10,20,111801,1286,0,0,Lethal
weapon_items,Curse Frayed Blade,0x4d3668,1,10,20,111802,1286,0,0,Cursed
weapon_items,Poison Frayed Blade,0x4d36cc,1,10,20,111803,1286,0,0,Poison
weapon_items,Blood Frayed Blade,0x4d3730,1,10,20,111804,1286,0,0,Blood
weapon_items,Frost Frayed Blade,0x4d3794,1,10,20,111805,1286,0,0,Frost
weapon_items,Magic Frayed Blade,0x4d37f8,1,10,20,111806,1286,0,0,Magic
weapon_items,Fire Frayed Blade,0x4d385c,1,10,20,111807,1286,0,0,Fire
weapon_items,Lightning Frayed Blade,0x4d38c0,1,10,20,111808,1286,0,0,Lightning
weapon_items,Dark Frayed Blade,0x4d3924,1,10,20,111809,1286,0,0,Dark
weapon_items,Lucky Frayed Blade,0x4d3988,1,10,20,111810,1286,0,0,Lucky
weapon_items,Enchanted Frayed Blade,0x4d39ec,1,10,20,111811,1286,0,0,Enchanted
weapon_items,Holy Frayed Blade,0x4d3a50,1,10,20,111812,1286,0,0,Holy
weapon_items,Sharp Frayed Blade,0x4d3ab4,1,10,20,111813,1286,0,0,Sharp
weapon_items,Blunt Frayed Blade,0x4d3b18,1,10,20,111814,1286,0,0,Blunt
weapon_items,Bastard Sword,0x5b8d80,1,10,30,60000,1045,0,0,Normal
weapon_items,Lethal Bastard Sword,0x5b8de4,1,10,30,60001,1045,0,0,Lethal
weapon_items,Cursed Bastard Sword,0x5b8e48,1,10,30,60002,1045,0,0,Cursed
weapon_items,Poison Bastard Sword,0x5b8eac,1,10,30,60003,1045,0,0,Poison
weapon_items,Blood Bastard Sword,0x5b8f10,1,10,30,60004,1045,0,0,Blood
weapon_items,Frost Bastard Sword,0x5b8f74,1,10,30,60005,1045,0,0,Frost
weapon_items,Magic Bastard Sword,0x5b8fd8,1,10,30,60006,1045,0,0,Magic
weapon_items,Fire Bastard Sword,0x5b903c,1,10,30,60007,1045,0,0,Fire
weapon_items,Lightning Bastard Sword,0x5b90a0,1,10,30,60008,1045,0,0,Lightning
weapon_items,Dark Bastard Sword,0x5b9104,1,10,30,60009,1045,0,0,Dark
weapon_items,Lucky Bastard Sword,0x5b9168,1,10,30,60010,1045,0,0,Lucky
weapon_items,Enchanted Bastard Sword,0x5b91cc,1,10,30,60011,1045,0,0,Enchanted
weapon_items,Holy Bastard Sword,0x5b9230,1,10,30,60012,1045,0,0,Holy
weapon_items,Sharp Bastard Sword,0x5b9294,1,10,30,60013,1045,0,0,Sharp
weapon_items,Blunt Bastard Sword,0x5b92f8,1,10,30,60014,1045,0,0,Blunt
weapon_items,Smouldering Blade,0x5bb490,1,10,30,53200,6049,0,0,Normal
weapon_items,Lethal Smouldering Blade,0x5bb4f4,1,10,30,53201,6049,0,0,Lethal
weapon_items,Cursed Smouldering Blade,0x5bb558,1,10,30,53202,6049,0,0,Cursed
weapon_items,Poison Smouldering Blade,0x5bb5bc,1,10,30,53203,6049,0,0,Poison
weapon_items,Blood Smouldering Blade,0x5bb620,1,10,30,53204,6049,0,0,Blood
weapon_items,Frost Smouldering Blade,0x5bb684,1,10,30,53205,6049,0,0,Frost
weapon_items,Magic Smouldering Blade,0x5bb6e8,1,10,30,53206,6049,0,0,Magic
weapon_items,Fire Smouldering Blade,0x5bb74c,1,10,30,53207,6049,0,0,Fire
weapon_items,Lightning Smouldering Blade,0x5bb7b0,1,10,30,53208,6049,0,0,Lightning
weapon_items,Dark Smouldering Blade,0x5bb814,1,10,30,53209,6049,0,0,Dark
weapon_items,Lucky Smouldering Blade,0x5bb878,1,10,30,53210,6049,0,0,Lucky
weapon_items,Enchanted Smouldering Blade,0x5bb8dc,1,10,30,53211,6049,0,0,Enchanted
weapon_items,Holy Smouldering Blade,0x5bb940,1,10,30,53212,6049,0,0,Holy
weapon_items,Sharp Smouldering Blade,0x5bb9a4,1,10,30,53213,6049,0,0,Sharp
weapon_items,Blunt Smouldering Blade,0x5bba08,1,10,30,53214,6049,0,0,Blunt
weapon_items,Claymore,0x5bdba0,1,10,30,60200,1047,0,0,Normal
weapon_items,Lethal Claymore,0x5bdc04,1,10,30,60201,1047,0,0,Lethal
weapon_items,Cursed Claymore,0x5bdc68,1,10,30,60202,1047,0,0,Cursed
weapon_items,Poison Claymore,0x5bdccc,1,10,30,60203,1047,0,0,Poison
weapon_items,Blood Claymore,0x5bdd30,1,10,30,60204,1047,0,0,Blood
weapon_items,Frost Claymore,0x5bdd94,1,10,30,60205,1047,0,0,Frost
weapon_items,Magic Claymore,0x5bddf8,1,10,30,60206,1047,0,0,Magic
weapon_items,Fire Claymore,0x5bde5c,1,10,30,60207,1047,0,0,Fire
weapon_items,Lightning Claymore,0x5bdec0,1,10,30,60208,1047,0,0,Lightning
weapon_items,Dark Claymore,0x5bdf24,1,10,30,60209,1047,0,0,Dark
weapon_items,Lucky Claymore,0x5bdf88,1,10,30,60210,1047,0,0,Lucky
weapon_items,Enchanted Claymore,0x5bdfec,1,10,30,60211,1047,0,0,Enchanted
weapon_items,Holy Claymore,0x5be050,1,10,30,60212,1047,0,0,Holy
weapon_items,Sharp Claymore,0x5be0b4,1,10,30,60213,1047,0,0,Sharp
weapon_items,Blunt Claymore,0x5be118,1,10,30,60214,1047,0,0,Blunt
weapon_items,Zweihander,0x5c29c0,1,10,35,70000,1049,0,0,Normal
weapon_items,Lethal Zweihander,0x5c2a24,1,10,35,70001,1049,0,0,Lethal
weapon_items,Cursed Zweihander,0x5c2a88,1,10,35,70002,1049,0,0,Cursed
weapon_items,Poison Zweihander,0x5c2aec,1,10,35,70003,1049,0,0,Poison
weapon_items,Blood Zweihander,0x5c2b50,1,10,35,70004,1049,0,0,Blood
weapon_items,Frost Zweihander,0x5c2bb4,1,10,35,70005,1049,0,0,Frost
weapon_items,Magic Zweihander,0x5c2c18,1,10,35,70006,1049,0,0,Magic
weapon_items,Fire Zweihander,0x5c2c7c,1,10,35,70007,1049,0,0,Fire
weapon_items,Lightning Zweihander,0x5c2ce0,1,10,35,70008,1049,0,0,Lightning
weapon_items,Dark Zweihander,0x5c2d44,1,10,35,70009,1049,0,0,Dark
weapon_items,Lucky Zweihander,0x5c2da8,1,10,35,70010,1049,0,0,Lucky
weapon_items,Enchanted Zweihander,0x5c2e0c,1,10,35,70011,1049,0,0,Enchanted
weapon_items,Holy Zweihander,0x5c2e70,1,10,35,70012,1049,0,0,Holy
weapon_items,Sharp Zweihander,0x5c2ed4,1,10,35,70013,1049,0,0,Sharp
weapon_items,Blunt Zweihander,0x5c2f38,1,10,35,70014,1049,0,0,Blunt
weapon_items,Greatsword,0x5c50d0,1,10,40,70200,1050,0,0,Normal
weapon_items,Lethal Greatsword,0x5c5134,1,10,40,70201,1050,0,0,Lethal
weapon_items,Cursed Greatsword,0x5c5198,1,10,40,70202,1050,0,0,Cursed
weapon_items,Poison Greatsword,0x5c51fc,1,10,40,70203,1050,0,0,Poison
weapon_items,Blood Greatsword,0x5c5260,1,10,40,70204,1050,0,0,Blood
weapon_items,Frost Greatsword,0x5c52c4,1,10,40,70205,1050,0,0,Frost
weapon_items,Magic Greatsword,0x5c5328,1,10,40,70206,1050,0,0,Magic
weapon_items,Fire Greatsword,0x5c538c,1,10,40,70207,1050,0,0,Fire
weapon_items,Lightning Greatsword,0x5c53f0,1,10,40,70208,1050,0,0,Lightning
weapon_items,Dark Greatsword,0x5c5454,1,10,40,70209,1050,0,0,Dark
weapon_items,Lucky Greatsword,0x5c54b8,1,10,40,70210,1050,0,0,Lucky
weapon_items,Enchanted Greatsword,0x5c551c,1,10,40,70211,1050,0,0,Enchanted
weapon_items,Holy Greatsword,0x5c5580,1,10,40,70212,1050,0,0,Holy
weapon_items,Sharp Greatsword,0x5c55e4,1,10,40,70213,1050,0,0,Sharp
weapon_items,Blunt Greatsword,0x5c5648,1,10,40,70214,1050,0,0,Blunt
weapon_items,Irithyll Greatsword,0x5c77e0,1,10,30,63000,1025,0,0,Normal
weapon_items,Lethal Irithyll Greatsword,0x5c7844,1,10,30,63001,1025,0,0,Lethal
weapon_items,Cursed Irithyll Greatsword,0x5c78a8,1,10,30,63002,1025,0,0,Cursed
weapon_items,Poison Irithyll Greatsword,0x5c790c,1,10,30,63003,1025,0,0,Poison
weapon_items,Blood Irithyll Greatsword,0x5c7970,1,10,30,63004,1025,0,0,Blood
weapon_items,Frost Irithyll Greatsword,0x5c79d4,1,10,30,63005,1025,0,0,Frost
weapon_items,Magic Irithyll Greatsword,0x5c7a38,1,10,30,63006,1025,0,0,Magic
weapon_items,Fire Irithyll Greatsword,0x5c7a9c,1,10,30,63007,1025,0,0,Fire
weapon_items,Lightning Irithyll Greatsword,0x5c7b00,1,10,30,63008,1025,0,0,Lightning
weapon_items,Dark Irithyll Greatsword,0x5c7b64,1,10,30,63009,1025,0,0,Dark
weapon_items,Lucky Irithyll Greatsword,0x5c7bc8,1,10,30,63010,1025,0,0,Lucky
weapon_items,Enchanted Irithyll Greatsword,0x5c7c2c,1,10,30,63011,1025,0,0,Enchanted
weapon_items,Holy Irithyll Greatsword,0x5c7c90,1,10,30,63012,1025,0,0,Holy
weapon_items,Sharp Irithyll Greatsword,0x5c7cf4,1,10,30,63013,1025,0,0,Sharp
weapon_items,Blunt Irithyll Greatsword,0x5c7d58,1,10,30,63014,1025,0,0,Blunt
weapon_items,Astora Greatsword,0x5c9ef0,1,10,35,70400,1052,0,0,Normal
weapon_items,Lethal Astora Greatsword,0x5c9f54,1,10,35,70401,1052,0,0,Lethal
weapon_items,Cursed Astora Greatsword,0x5c9fb8,1,10,35,70402,1052,0,0,Cursed
weapon_items,Poison Astora Greatsword,0x5ca01c,1,10,35,70403,1052,0,0,Poison
weapon_items,Blood Astora Greatsword,0x5ca080,1,10,35,70404,1052,0,0,Blood
weapon_items,Frost Astora Greatsword,0x5ca0e4,1,10,35,70405,1052,0,0,Frost
weapon_items,Magic Astora Greatsword,0x5ca148,1,10,35,70406,1052,0,0,Magic
weapon_items,Fire Astora Greatsword,0x5ca1ac,1,10,35,70407,1052,0,0,Fire
weapon_items,Lightning Astora Greatsword,0x5ca210,1,10,35,70408,1052,0,0,Lightning
weapon_items,Dark Astora Greatsword,0x5ca274,1,10,35,70409,1052,0,0,Dark
weapon_items,Lucky Astora Greatsword,0x5ca2d8,1,10,35,70410,1052,0,0,Lucky
weapon_items,Enchanted Astora Greatsword,0x5ca33c,1,10,35,70411,1052,0,0,Enchanted
weapon_items,Holy Astora Greatsword,0x5ca3a0,1,10,35,70412,1052,0,0,Holy
weapon_items,Sharp Astora Greatsword,0x5ca404,1,10,35,70413,1052,0,0,Sharp
weapon_items,Blunt Astora Greatsword,0x5ca468,1,10,35,70414,1052,0,0,Blunt
weapon_items,Murakumo,0x5cc600,1,10,35,90000,1053,0,0,Normal
weapon_items,Lethal Murakumo,0x5cc664,1,10,35,90001,1053,0,0,Lethal
weapon_items,Cursed Murakumo,0x5cc6c8,1,10,35,90002,1053,0,0,Cursed
weapon_items,Poison Murakumo,0x5cc72c,1,10,35,90003,1053,0,0,Poison
weapon_items,Blood Murakumo,0x5cc790,1,10,35,90004,1053,0,0,Blood
weapon_items,Frost Murakumo,0x5cc7f4,1,10,35,90005,1053,0,0,Frost
weapon_items,Magic Murakumo,0x5cc858,1,10,35,90006,1053,0,0,Magic
weapon_items,Fire Murakumo,0x5cc8bc,1,10,35,90007,1053,0,0,Fire
weapon_items,Lightning Murakumo,0x5cc920,1,10,35,90008,1053,0,0,Lightning
weapon_items,Dark Murakumo,0x5cc984,1,10,35,90009,1053,0,0,Dark
weapon_items,Lucky Murakumo,0x5cc9e8,1,10,35,90010,1053,0,0,Lucky
weapon_items,Enchanted Murakumo,0x5cca4c,1,10,35,90011,1053,0,0,Enchanted
weapon_items,Holy Murakumo,0x5ccab0,1,10,35,90012,1053,0,0,Holy
weapon_items,Sharp Murakumo,0x5ccb14,1,10,35,90013,1053,0,0,Sharp
weapon_items,Blunt Murakumo,0x5ccb78,1,10,35,90014,1053,0,0,Blunt
weapon_items,Lothric Knight Greatsword,0x5d1420,1,10,35,70600,1055,0,0,Normal
weapon_items,Lethal Lothric Knight Greatsword,0x5d1484,1,10,35,70601,1055,0,0,Lethal
weapon_items,Cursed Lothric Knight Greatsword,0x5d14e8,1,10,35,70602,1055,0,0,Cursed
weapon_items,Poison Lothric Knight Greatsword,0x5d154c,1,10,35,70603,1055,0,0,Poison
weapon_items,Blood Lothric Knight Greatsword,0x5d15b0,1,10,35,70604,1055,0,0,Blood
weapon_items,Frost Lothric Knight Greatsword,0x5d1614,1,10,35,70605,1055,0,0,Frost
weapon_items,Magic Lothric Knight Greatsword,0x5d1678,1,10,35,70606,1055,0,0,Magic
weapon_items,Fire Lothric Knight Greatsword,0x5d16dc,1,10,35,70607,1055,0,0,Fire
weapon_items,Lightning Lothric Knight Greatsword,0x5d1740,1,10,35,70608,1055,0,0,Lightning
weapon_items,Dark Lothric Knight Greatsword,0x5d17a4,1,10,35,70609,1055,0,0,Dark
weapon_items,Lucky Lothric Knight Greatsword,0x5d1808,1,10,35,70610,1055,0,0,Lucky
weapon_items,Enchanted Lothric Knight Greatsword,0x5d186c,1,10,35,70611,1055,0,0,Enchanted
weapon_items,Holy Lothric Knight Greatsword,0x5d18d0,1,10,35,70612,1055,0,0,Holy
weapon_items,Sharp Lothric Knight Greatsword,0x5d1934,1,10,35,70613,1055,0,0,Sharp
weapon_items,Blunt Lothric Knight Greatsword,0x5d1998,1,10,35,70614,1055,0,0,Blunt
weapon_items,Black Knight Greatsword,0x5d8950,1,10,40,71400,1058,0,0,Normal
weapon_items,Lethal Black Knight Greatsword,0x5d89b4,1,10,40,71401,1058,0,0,Lethal
weapon_items,Cursed Black Knight Greatsword,0x5d8a18,1,10,40,71402,1058,0,0,Cursed
weapon_items,Poison Black Knight Greatsword,0x5d8a7c,1,10,40,71403,1058,0,0,Poison
weapon_items,Blood Black Knight Greatsword,0x5d8ae0,1,10,40,71404,1058,0,0,Blood
weapon_items,Frost Black Knight Greatsword,0x5d8b44,1,10,40,71405,1058,0,0,Frost
weapon_items,Magic Black Knight Greatsword,0x5d8ba8,1,10,40,71406,1058,0,0,Magic
weapon_items,Fire Black Knight Greatsword,0x5d8c0c,1,10,40,71407,1058,0,0,Fire
weapon_items,Lightning Black Knight Greatsword,0x5d8c70,1,10,40,71408,1058,0,0,Lightning
weapon_items,Dark Black Knight Greatsword,0x5d8cd4,1,10,40,71409,1058,0,0,Dark
weapon_items,Lucky Black Knight Greatsword,0x5d8d38,1,10,40,71410,1058,0,0,Lucky
weapon_items,Enchanted Black Knight Greatsword,0x5d8d9c,1,10,40,71411,1058,0,0,Enchanted
weapon_items,Holy Black Knight Greatsword,0x5d8e00,1,10,40,71412,1058,0,0,Holy
weapon_items,Sharp Black Knight Greatsword,0x5d8e64,1,10,40,71413,1058,0,0,Sharp
weapon_items,Blunt Black Knight Greatsword,0x5d8ec8,1,10,40,71414,1058,0,0,Blunt
weapon_items,Flamberge,0x5db060,1,10,30,60400,1059,0,0,Normal
weapon_items,Lethal Flamberge,0x5db0c4,1,10,30,60401,1059,0,0,Lethal
weapon_items,Cursed Flamberge,0x5db128,1,10,30,60402,1059,0,0,Cursed
weapon_items,Poison Flamberge,0x5db18c,1,10,30,60403,1059,0,0,Poison
weapon_items,Blood Flamberge,0x5db1f0,1,10,30,60404,1059,0,0,Blood
weapon_items,Frost Flamberge,0x5db254,1,10,30,60405,1059,0,0,Frost
weapon_items,Magic Flamberge,0x5db2b8,1,10,30,60406,1059,0,0,Magic
weapon_items,Fire Flamberge,0x5db31c,1,10,30,60407,1059,0,0,Fire
weapon_items,Lightning Flamberge,0x5db380,1,10,30,60408,1059,0,0,Lightning
weapon_items,Dark Flamberge,0x5db3e4,1,10,30,60409,1059,0,0,Dark
weapon_items,Lucky Flamberge,0x5db448,1,10,30,60410,1059,0,0,Lucky
weapon_items,Enchanted Flamberge,0x5db4ac,1,10,30,60411,1059,0,0,Enchanted
weapon_items,Holy Flamberge,0x5db510,1,10,30,60412,1059,0,0,Holy
weapon_items,Sharp Flamberge,0x5db574,1,10,30,60413,1059,0,0,Sharp
weapon_items,Blunt Flamberge,0x5db5d8,1,10,30,60414,1059,0,0,Blunt
weapon_items,Exile Greatsword,0x5dd770,1,10,40,90800,1060,0,0,Normal
weapon_items,Lethal Exile Greatsword,0x5dd7d4,1,10,40,90801,1060,0,0,Lethal
weapon_items,Cursed Exile Greatsword,0x5dd838,1,10,40,90802,1060,0,0,Cursed
weapon_items,Poison Exile Greatsword,0x5dd89c,1,10,40,90803,1060,0,0,Poison
weapon_items,Blood Exile Greatsword,0x5dd900,1,10,40,90804,1060,0,0,Blood
weapon_items,Frost Exile Greatsword,0x5dd964,1,10,40,90805,1060,0,0,Frost
weapon_items,Magic Exile Greatsword,0x5dd9c8,1,10,40,90806,1060,0,0,Magic
weapon_items,Fire Exile Greatsword,0x5dda2c,1,10,40,90807,1060,0,0,Fire
weapon_items,Lightning Exile Greatsword,0x5dda90,1,10,40,90808,1060,0,0,Lightning
weapon_items,Dark Exile Greatsword,0x5ddaf4,1,10,40,90809,1060,0,0,Dark
weapon_items,Lucky Exile Greatsword,0x5ddb58,1,10,40,90810,1060,0,0,Lucky
weapon_items,Enchanted Exile Greatsword,0x5ddbbc,1,10,40,90811,1060,0,0,Enchanted
weapon_items,Holy Exile Greatsword,0x5ddc20,1,10,40,90812,1060,0,0,Holy
weapon_items,Sharp Exile Greatsword,0x5ddc84,1,10,40,90813,1060,0,0,Sharp
weapon_items,Blunt Exile Greatsword,0x5ddce8,1,10,40,90814,1060,0,0,Blunt
weapon_items,Greatsword of Judgment,0x5e2590,1,10,30,64600,1062,0,0,Normal
weapon_items,Lethal Greatsword of Judgment,0x5e25f4,1,10,30,64601,1062,0,0,Lethal
weapon_items,Cursed Greatsword of Judgment,0x5e2658,1,10,30,64602,1062,0,0,Cursed
weapon_items,Poison Greatsword of Judgment,0x5e26bc,1,10,30,64603,1062,0,0,Poison
weapon_items,Blood Greatsword of Judgment,0x5e2720,1,10,30,64604,1062,0,0,Blood
weapon_items,Frost Greatsword of Judgment,0x5e2784,1,10,30,64605,1062,0,0,Frost
weapon_items,Magic Greatsword of Judgment,0x5e27e8,1,10,30,64606,1062,0,0,Magic
weapon_items,Fire Greatsword of Judgment,0x5e284c,1,10,30,64607,1062,0,0,Fire
weapon_items,Lightning Greatsword of Judgment,0x5e28b0,1,10,30,64608,1062,0,0,Lightning
weapon_items,Dark Greatsword of Judgment,0x5e2914,1,10,30,64609,1062,0,0,Dark
weapon_items,Lucky Greatsword of Judgment,0x5e2978,1,10,30,64610,1062,0,0,Lucky
weapon_items,Enchanted Greatsword of Judgment,0x5e29dc,1,10,30,64611,1062,0,0,Enchanted
weapon_items,Holy Greatsword of Judgment,0x5e2a40,1,10,30,64612,1062,0,0,Holy
weapon_items,Sharp Greatsword of Judgment,0x5e2aa4,1,10,30,64613,1062,0,0,Sharp
weapon_items,Blunt Greatsword of Judgment,0x5e2b08,1,10,30,64614,1062,0,0,Blunt
weapon_items,Profaned Greatsword,0x5e4ca0,1,10,30,72600,1063,0,0,Normal
weapon_items,Lethal Profaned Greatsword,0x5e4d04,1,10,30,72601,1063,0,0,Lethal
weapon_items,Cursed Profaned Greatsword,0x5e4d68,1,10,30,72602,1063,0,0,Cursed
weapon_items,Poison Profaned Greatsword,0x5e4dcc,1,10,30,72603,1063,0,0,Poison
weapon_items,Blood Profaned Greatsword,0x5e4e30,1,10,30,72604,1063,0,0,Blood
weapon_items,Frost Profaned Greatsword,0x5e4e94,1,10,30,72605,1063,0,0,Frost
weapon_items,Magic Profaned Greatsword,0x5e4ef8,1,10,30,72606,1063,0,0,Magic
weapon_items,Fire Profaned Greatsword,0x5e4f5c,1,10,30,72607,1063,0,0,Fire
weapon_items,Lightning Profaned Greatsword,0x5e4fc0,1,10,30,72608,1063,0,0,Lightning
weapon_items,Dark Profaned Greatsword,0x5e5024,1,10,30,72609,1063,0,0,Dark
weapon_items,Lucky Profaned Greatsword,0x5e5088,1,10,30,72610,1063,0,0,Lucky
weapon_items,Enchanted Profaned Greatsword,0x5e50ec,1,10,30,72611,1063,0,0,Enchanted
weapon_items,Holy Profaned Greatsword,0x5e5150,1,10,30,72612,1063,0,0,Holy
weapon_items,Sharp Profaned Greatsword,0x5e51b4,1,10,30,72613,1063,0,0,Sharp
weapon_items,Blunt Profaned Greatsword,0x5e5218,1,10,30,72614,1063,0,0,Blunt
weapon_items,Cathedral Knight Greatsword,0x5e73b0,1,10,40,70800,1064,0,0,Normal
weapon_items,Lethal Cathedral Knight Greatsword,0x5e7414,1,10,40,70801,1064,0,0,Lethal
weapon_items,Cursed Cathedral Knight Greatsword,0x5e7478,1,10,40,70802,1064,0,0,Cursed
weapon_items,Poison Cathedral Knight Greatsword,0x5e74dc,1,10,40,70803,1064,0,0,Poison
weapon_items,Blood Cathedral Knight Greatsword,0x5e7540,1,10,40,70804,1064,0,0,Blood
weapon_items,Frost Cathedral Knight Greatsword,0x5e75a4,1,10,40,70805,1064,0,0,Frost
weapon_items,Magic Cathedral Knight Greatsword,0x5e7608,1,10,40,70806,1064,0,0,Magic
weapon_items,Fire Cathedral Knight Greatsword,0x5e766c,1,10,40,70807,1064,0,0,Fire
weapon_items,Lightning Cathedral Knight Greatsword,0x5e76d0,1,10,40,70808,1064,0,0,Lightning
weapon_items,Dark Cathedral Knight Greatsword,0x5e7734,1,10,40,70809,1064,0,0,Dark
weapon_items,Lucky Cathedral Knight Greatsword,0x5e7798,1,10,40,70810,1064,0,0,Lucky
weapon_items,Enchanted Cathedral Knight Greatsword,0x5e77fc,1,10,40,70811,1064,0,0,Enchanted
weapon_items,Holy Cathedral Knight Greatsword,0x5e7860,1,10,40,70812,1064,0,0,Holy
weapon_items,Sharp Cathedral Knight Greatsword,0x5e78c4,1,10,40,70813,1064,0,0,Sharp
weapon_items,Blunt Cathedral Knight Greatsword,0x5e7928,1,10,40,70814,1064,0,0,Blunt
weapon_items,Farron Greatsword,0x5e9ac0,1,10,30,74200,1065,0,0,Normal
weapon_items,Lethal Farron Greatsword,0x5e9b24,1,10,30,74201,1065,0,0,Lethal
weapon_items,Cursed Farron Greatsword,0x5e9b88,1,10,30,74202,1065,0,0,Cursed
weapon_items,Poison Farron Greatsword,0x5e9bec,1,10,30,74203,1065,0,0,Poison
weapon_items,Blood Farron Greatsword,0x5e9c50,1,10,30,74204,1065,0,0,Blood
weapon_items,Frost Farron Greatsword,0x5e9cb4,1,10,30,74205,1065,0,0,Frost
weapon_items,Magic Farron Greatsword,0x5e9d18,1,10,30,74206,1065,0,0,Magic
weapon_items,Fire Farron Greatsword,0x5e9d7c,1,10,30,74207,1065,0,0,Fire
weapon_items,Lightning Farron Greatsword,0x5e9de0,1,10,30,74208,1065,0,0,Lightning
weapon_items,Dark Farron Greatsword,0x5e9e44,1,10,30,74209,1065,0,0,Dark
weapon_items,Lucky Farron Greatsword,0x5e9ea8,1,10,30,74210,1065,0,0,Lucky
weapon_items,Enchanted Farron Greatsword,0x5e9f0c,1,10,30,74211,1065,0,0,Enchanted
weapon_items,Holy Farron Greatsword,0x5e9f70,1,10,30,74212,1065,0,0,Holy
weapon_items,Sharp Farron Greatsword,0x5e9fd4,1,10,30,74213,1065,0,0,Sharp
weapon_items,Blunt Farron Greatsword,0x5ea038,1,10,30,74214,1065,0,0,Blunt
weapon_items,Farron Greatsword,0x5ec1d0,1,10,30,74400,1065,0,0,Normal
weapon_items,Lethal Farron Greatsword,0x5ec234,1,10,30,74401,1065,0,0,Lethal
weapon_items,Cursed Farron Greatsword,0x5ec298,1,10,30,74402,1065,0,0,Cursed
weapon_items,Poison Farron Greatsword,0x5ec2fc,1,10,30,74403,1065,0,0,Poison
weapon_items,Blood Farron Greatsword,0x5ec360,1,10,30,74404,1065,0,0,Blood
weapon_items,Frost Farron Greatsword,0x5ec3c4,1,10,30,74405,1065,0,0,Frost
weapon_items,Magic Farron Greatsword,0x5ec428,1,10,30,74406,1065,0,0,Magic
weapon_items,Fire Farron Greatsword,0x5ec48c,1,10,30,74407,1065,0,0,Fire
weapon_items,Lightning Farron Greatsword,0x5ec4f0,1,10,30,74408,1065,0,0,Lightning
weapon_items,Dark Farron Greatsword,0x5ec554,1,10,30,74409,1065,0,0,Dark
weapon_items,Lucky Farron Greatsword,0x5ec5b8,1,10,30,74410,1065,0,0,Lucky
weapon_items,Enchanted Farron Greatsword,0x5ec61c,1,10,30,74411,1065,0,0,Enchanted
weapon_items,Holy Farron Greatsword,0x5ec680,1,10,30,74412,1065,0,0,Holy
weapon_items,Sharp Farron Greatsword,0x5ec6e4,1,10,30,74413,1065,0,0,Sharp
weapon_items,Blunt Farron Greatsword,0x5ec748,1,10,30,74414,1065,0,0,Blunt
weapon_items,Yhorm's Great Machete,0x5f0ff0,1,10,40,132000,1068,0,0,Normal
weapon_items,Yhorm's Lethal Great Machete,0x5f1054,1,10,40,132001,1068,0,0,Lethal
weapon_items,Yhorm's Cursed Great Machete,0x5f10b8,1,10,40,132002,1068,0,0,Cursed
weapon_items,Yhorm's Poison Great Machete,0x5f111c,1,10,40,132003,1068,0,0,Poison
weapon_items,Yhorm's Blood Great Machete,0x5f1180,1,10,40,132004,1068,0,0,Blood
weapon_items,Yhorm's Frost Great Machete,0x5f11e4,1,10,40,132005,1068,0,0,Frost
weapon_items,Yhorm's Magic Great Machete,0x5f1248,1,10,40,132006,1068,0,0,Magic
weapon_items,Yhorm's Fire Great Machete,0x5f12ac,1,10,40,132007,1068,0,0,Fire
weapon_items,Yhorm's Lightning Great Machete,0x5f1310,1,10,40,132008,1068,0,0,Lightning
weapon_items,Yhorm's Dark Great Machete,0x5f1374,1,10,40,132009,1068,0,0,Dark
weapon_items,Yhorm's Lucky Great Machete,0x5f13d8,1,10,40,132010,1068,0,0,Lucky
weapon_items,Yhorm's Enchanted Great Machete,0x5f143c,1,10,40,132011,1068,0,0,Enchanted
weapon_items,Yhorm's Holy Great Machete,0x5f14a0,1,10,40,132012,1068,0,0,Holy
weapon_items,Yhorm's Sharp Great Machete,0x5f1504,1,10,40,132013,1068,0,0,Sharp
weapon_items,Yhorm's Blunt Great Machete,0x5f1568,1,10,40,132014,1068,0,0,Blunt
weapon_items,Dark Sword,0x5f3700,1,10,25,52000,1069,0,0,Normal
weapon_items,Lethal Dark Sword,0x5f3764,1,10,25,52001,1069,0,0,Lethal
weapon_items,Cursed Dark Sword,0x5f37c8,1,10,25,52002,1069,0,0,Cursed
weapon_items,Poison Dark Sword,0x5f382c,1,10,25,52003,1069,0,0,Poison
weapon_items,Blood Dark Sword,0x5f3890,1,10,25,52004,1069,0,0,Blood
weapon_items,Frost Dark Sword,0x5f38f4,1,10,25,52005,1069,0,0,Frost
weapon_items,Magic Dark Sword,0x5f3958,1,10,25,52006,1069,0,0,Magic
weapon_items,Fire Dark Sword,0x5f39bc,1,10,25,52007,1069,0,0,Fire
weapon_items,Lightning Dark Sword,0x5f3a20,1,10,25,52008,1069,0,0,Lightning
weapon_items,Abyssal Sword,0x5f3a84,1,10,25,52009,1069,0,0,Dark
weapon_items,Lucky Dark Sword,0x5f3ae8,1,10,25,52010,1069,0,0,Lucky
weapon_items,Enchanted Dark Sword,0x5f3b4c,1,10,25,52011,1069,0,0,Enchanted
weapon_items,Holy Dark Sword,0x5f3bb0,1,10,25,52012,1069,0,0,Holy
weapon_items,Sharp Dark Sword,0x5f3c14,1,10,25,52013,1069,0,0,Sharp
weapon_items,Blunt Dark Sword,0x5f3c78,1,10,25,52014,1069,0,0,Blunt
weapon_items,Black Knight Sword,0x5f5e10,1,10,30,62400,1070,0,0,Normal
weapon_items,Lethal Black Knight Sword,0x5f5e74,1,10,30,62401,1070,0,0,Lethal
weapon_items,Cursed Black Knight Sword,0x5f5ed8,1,10,30,62402,1070,0,0,Cursed
weapon_items,Poison Black Knight Sword,0x5f5f3c,1,10,30,62403,1070,0,0,Poison
weapon_items,Blood Black Knight Sword,0x5f5fa0,1,10,30,62404,1070,0,0,Blood
weapon_items,Frost Black Knight Sword,0x5f6004,1,10,30,62405,1070,0,0,Frost
weapon_items,Magic Black Knight Sword,0x5f6068,1,10,30,62406,1070,0,0,Magic
weapon_items,Fire Black Knight Sword,0x5f60cc,1,10,30,62407,1070,0,0,Fire
weapon_items,Lightning Black Knight Sword,0x5f6130,1,10,30,62408,1070,0,0,Lightning
weapon_items,Dark Black Knight Sword,0x5f6194,1,10,30,62409,1070,0,0,Dark
weapon_items,Lucky Black Knight Sword,0x5f61f8,1,10,30,62410,1070,0,0,Lucky
weapon_items,Enchanted Black Knight Sword,0x5f625c,1,10,30,62411,1070,0,0,Enchanted
weapon_items,Holy Black Knight Sword,0x5f62c0,1,10,30,62412,1070,0,0,Holy
weapon_items,Sharp Black Knight Sword,0x5f6324,1,10,30,62413,1070,0,0,Sharp
weapon_items,Blunt Black Knight Sword,0x5f6388,1,10,30,62414,1070,0,0,Blunt
weapon_items,Lorian's Greatsword,0x5f8520,1,10,35,72800,1061,0,0,Normal
weapon_items,Lorian's Lethal Greatsword,0x5f8584,1,10,35,72801,1061,0,0,Lethal
weapon_items,Lorian's Cursed Greatsword,0x5f85e8,1,10,35,72802,1061,0,0,Cursed
weapon_items,Lorian's Poison Greatsword,0x5f864c,1,10,35,72803,1061,0,0,Poison
weapon_items,Lorian's Blood Greatsword,0x5f86b0,1,10,35,72804,1061,0,0,Blood
weapon_items,Lorian's Frost Greatsword,0x5f8714,1,10,35,72805,1061,0,0,Frost
weapon_items,Lorian's Magic Greatsword,0x5f8778,1,10,35,72806,1061,0,0,Magic
weapon_items,Lorian's Fire Greatsword,0x5f87dc,1,10,35,72807,1061,0,0,Fire
weapon_items,Lorian's Lightning Greatsword,0x5f8840,1,10,35,72808,1061,0,0,Lightning
weapon_items,Lorian's Dark Greatsword,0x5f88a4,1,10,35,72809,1061,0,0,Dark
weapon_items,Lorian's Lucky Greatsword,0x5f8908,1,10,35,72810,1061,0,0,Lucky
weapon_items,Lorian's Enchanted Greatsword,0x5f896c,1,10,35,72811,1061,0,0,Enchanted
weapon_items,Lorian's Holy Greatsword,0x5f89d0,1,10,35,72812,1061,0,0,Holy
weapon_items,Lorian's Sharp Greatsword,0x5f8a34,1,10,35,72813,1061,0,0,Sharp
weapon_items,Lorian's Blunt Greatsword,0x5f8a98,1,10,35,72814,1061,0,0,Blunt
weapon_items,Twin Princes' Greatsword,0x5fac30,1,10,35,63400,1260,0,0,Normal
weapon_items,Twin Princes' Lethal Greatsword,0x5fac94,1,10,35,63401,1260,0,0,Lethal
weapon_items,Twin Princes' Cursed Greatsword,0x5facf8,1,10,35,63402,1260,0,0,Cursed
weapon_items,Twin Princes' Poison Greatsword,0x5fad5c,1,10,35,63403,1260,0,0,Poison
weapon_items,Twin Princes' Blood Greatsword,0x5fadc0,1,10,35,63404,1260,0,0,Blood
weapon_items,Twin Princes' Frost Greatsword,0x5fae24,1,10,35,63405,1260,0,0,Frost
weapon_items,Twin Princes' Magic Greatsword,0x5fae88,1,10,35,63406,1260,0,0,Magic
weapon_items,Twin Princes' Fire Greatsword,0x5faeec,1,10,35,63407,1260,0,0,Fire
weapon_items,Twin Princes' Lightning Greatsword,0x5faf50,1,10,35,63408,1260,0,0,Lightning
weapon_items,Twin Princes' Dark Greatsword,0x5fafb4,1,10,35,63409,1260,0,0,Dark
weapon_items,Twin Princes' Lucky Greatsword,0x5fb018,1,10,35,63410,1260,0,0,Lucky
weapon_items,Twin Princes' Enchanted Greatsword,0x5fb07c,1,10,35,63411,1260,0,0,Enchanted
weapon_items,Twin Princes' Holy Greatsword,0x5fb0e0,1,10,35,63412,1260,0,0,Holy
weapon_items,Twin Princes' Sharp Greatsword,0x5fb144,1,10,35,63413,1260,0,0,Sharp
weapon_items,Twin Princes' Blunt Greatsword,0x5fb1a8,1,10,35,63414,1260,0,0,Blunt
weapon_items,Lothric's Holy Sword,0x5fd340,1,10,25,54400,1261,0,0,Normal
weapon_items,Lothric's Lethal Sword,0x5fd3a4,1,10,25,54401,1261,0,0,Lethal
weapon_items,Lothric's Cursed Sword,0x5fd408,1,10,25,54402,1261,0,0,Cursed
weapon_items,Lothric's Poison Sword,0x5fd46c,1,10,25,54403,1261,0,0,Poison
weapon_items,Lothric's Blood Sword,0x5fd4d0,1,10,25,54404,1261,0,0,Blood
weapon_items,Lothric's Frost Sword,0x5fd534,1,10,25,54405,1261,0,0,Frost
weapon_items,Lothric's Magic Sword,0x5fd598,1,10,25,54406,1261,0,0,Magic
weapon_items,Lothric's Fire Sword,0x5fd5fc,1,10,25,54407,1261,0,0,Fire
weapon_items,Lothric's Lightning Sword,0x5fd660,1,10,25,54408,1261,0,0,Lightning
weapon_items,Lothric's Dark Sword,0x5fd6c4,1,10,25,54409,1261,0,0,Dark
weapon_items,Lothric's Lucky Sword,0x5fd728,1,10,25,54410,1261,0,0,Lucky
weapon_items,Lothric's Enchanted Sword,0x5fd78c,1,10,25,54411,1261,0,0,Enchanted
weapon_items,Lothric's Sacred Sword,0x5fd7f0,1,10,25,54412,1261,0,0,Holy
weapon_items,Lothric's Sharp Sword,0x5fd854,1,10,25,54413,1261,0,0,Sharp
weapon_items,Lothric's Blunt Sword,0x5fd8b8,1,10,25,54414,1261,0,0,Blunt
weapon_items,Wolnir's Holy Sword,0x5ffa50,1,10,30,64400,1262,0,0,Normal
weapon_items,Wolnir's Lethal Sword,0x5ffab4,1,10,30,64401,1262,0,0,Lethal
weapon_items,Wolnir's Cursed Sword,0x5ffb18,1,10,30,64402,1262,0,0,Cursed
weapon_items,Wolnir's Poison Sword,0x5ffb7c,1,10,30,64403,1262,0,0,Poison
weapon_items,Wolnir's Blood Sword,0x5ffbe0,1,10,30,64404,1262,0,0,Blood
weapon_items,Wolnir's Frost Sword,0x5ffc44,1,10,30,64405,1262,0,0,Frost
weapon_items,Wolnir's Magic Sword,0x5ffca8,1,10,30,64406,1262,0,0,Magic
weapon_items,Wolnir's Fire Sword,0x5ffd0c,1,10,30,64407,1262,0,0,Fire
weapon_items,Wolnir's Lightning Sword,0x5ffd70,1,10,30,64408,1262,0,0,Lightning
weapon_items,Wolnir's Dark Sword,0x5ffdd4,1,10,30,64409,1262,0,0,Dark
weapon_items,Wolnir's Lucky Sword,0x5ffe38,1,10,30,64410,1262,0,0,Lucky
weapon_items,Wolnir's Enchanted Sword,0x5ffe9c,1,10,30,64411,1262,0,0,Enchanted
weapon_items,Wolnir's Sacred Sword,0x5fff00,1,10,30,64412,1262,0,0,Holy
weapon_items,Wolnir's Sharp Sword,0x5fff64,1,10,30,64413,1262,0,0,Sharp
weapon_items,Wolnir's Blunt Sword,0x5fffc8,1,10,30,64414,1262,0,0,Blunt
weapon_items,Wolf Knight's Greatsword,0x602160,1,10,35,65000,1196,0,0,Normal
weapon_items,Wolf Knight's Lethal Greatsword,0x6021c4,1,10,35,65001,1196,0,0,Lethal
weapon_items,Wolf Knight's Cursed Greatsword,0x602228,1,10,35,65002,1196,0,0,Cursed
weapon_items,Wolf Knight's Poison Greatsword,0x60228c,1,10,35,65003,1196,0,0,Poison
weapon_items,Wolf Knight's Blood Greatsword,0x6022f0,1,10,35,65004,1196,0,0,Blood
weapon_items,Wolf Knight's Frost Greatsword,0x602354,1,10,35,65005,1196,0,0,Frost
weapon_items,Wolf Knight's Magic Greatsword,0x6023b8,1,10,35,65006,1196,0,0,Magic
weapon_items,Wolf Knight's Fire Greatsword,0x60241c,1,10,35,65007,1196,0,0,Fire
weapon_items,Wolf Knight's Lightning Greatsword,0x602480,1,10,35,65008,1196,0,0,Lightning
weapon_items,Wolf Knight's Dark Greatsword,0x6024e4,1,10,35,65009,1196,0,0,Dark
weapon_items,Wolf Knight's Lucky Greatsword,0x602548,1,10,35,65010,1196,0,0,Lucky
weapon_items,Wolf Knight's Enchanted Greatsword,0x6025ac,1,10,35,65011,1196,0,0,Enchanted
weapon_items,Wolf Knight's Holy Greatsword,0x602610,1,10,35,65012,1196,0,0,Holy
weapon_items,Wolf Knight's Sharp Greatsword,0x602674,1,10,35,65013,1196,0,0,Sharp
weapon_items,Wolf Knight's Blunt Greatsword,0x6026d8,1,10,35,65014,1196,0,0,Blunt
weapon_items,Hollowslayer Greatsword,0x604870,1,10,30,61800,1197,0,0,Normal
weapon_items,Lethal Hollowslayer Greatsword,0x6048d4,1,10,30,61801,1197,0,0,Lethal
weapon_items,Cursed Hollowslayer Greatsword,0x604938,1,10,30,61802,1197,0,0,Cursed
weapon_items,Poison Hollowslayer Greatsword,0x60499c,1,10,30,61803,1197,0,0,Poison
weapon_items,Blood Hollowslayer Greatsword,0x604a00,1,10,30,61804,1197,0,0,Blood
weapon_items,Frost Hollowslayer Greatsword,0x604a64,1,10,30,61805,1197,0,0,Frost
weapon_items,Magic Hollowslayer Greatsword,0x604ac8,1,10,30,61806,1197,0,0,Magic
weapon_items,Fire Hollowslayer Greatsword,0x604b2c,1,10,30,61807,1197,0,0,Fire
weapon_items,Lightning Hollowslayer Greatsword,0x604b90,1,10,30,61808,1197,0,0,Lightning
weapon_items,Dark Hollowslayer Greatsword,0x604bf4,1,10,30,61809,1197,0,0,Dark
weapon_items,Lucky Hollowslayer Greatsword,0x604c58,1,10,30,61810,1197,0,0,Lucky
weapon_items,Enchanted Hollowslayer Greatsword,0x604cbc,1,10,30,61811,1197,0,0,Enchanted
weapon_items,Holy Hollowslayer Greatsword,0x604d20,1,10,30,61812,1197,0,0,Holy
weapon_items,Sharp Hollowslayer Greatsword,0x604d84,1,10,30,61813,1197,0,0,Sharp
weapon_items,Blunt Hollowslayer Greatsword,0x604de8,1,10,30,61814,1197,0,0,Blunt
weapon_items,Moonlight Greatsword,0x606f80,1,10,50,63800,1198,0,0,Normal
weapon_items,Cursed Moonlight Greatsword,0x607048,1,10,50,63801,1198,0,0,Cursed
weapon_items,Poison Moonlight Greatsword,0x6070ac,1,10,50,63802,1198,0,0,Poison
weapon_items,Blood Moonlight Greatsword,0x607110,1,10,50,63803,1198,0,0,Blood
weapon_items,Frost Moonlight Greatsword,0x607174,1,10,50,63804,1198,0,0,Frost
weapon_items,Magic Moonlight Greatsword,0x6071d8,1,10,50,63805,1198,0,0,Magic
weapon_items,Fire Moonlight Greatsword,0x60723c,1,10,50,63806,1198,0,0,Fire
weapon_items,Lightning Moonlight Greatsword,0x6072a0,1,10,50,63807,1198,0,0,Lightning
weapon_items,Dark Moonlight Greatsword,0x607304,1,10,50,63808,1198,0,0,Dark
weapon_items,Lucky Moonlight Greatsword,0x607368,1,10,50,63809,1198,0,0,Lucky
weapon_items,Enchanted Moonlight Greatsword,0x6073cc,1,10,50,63810,1198,0,0,Enchanted
weapon_items,Holy Moonlight Greatsword,0x607430,1,10,50,63811,1198,0,0,Holy
weapon_items,Drakeblood Greatsword,0x609690,1,10,30,61200,1199,0,0,Normal
weapon_items,Lethal Drakeblood Greatsword,0x6096f4,1,10,30,61201,1199,0,0,Lethal
weapon_items,Cursed Drakeblood Greatsword,0x609758,1,10,30,61202,1199,0,0,Cursed
weapon_items,Poison Drakeblood Greatsword,0x6097bc,1,10,30,61203,1199,0,0,Poison
weapon_items,Blood Drakeblood Greatsword,0x609820,1,10,30,61204,1199,0,0,Blood
weapon_items,Frost Drakeblood Greatsword,0x609884,1,10,30,61205,1199,0,0,Frost
weapon_items,Magic Drakeblood Greatsword,0x6098e8,1,10,30,61206,1199,0,0,Magic
weapon_items,Fire Drakeblood Greatsword,0x60994c,1,10,30,61207,1199,0,0,Fire
weapon_items,Lightning Drakeblood Greatsword,0x6099b0,1,10,30,61208,1199,0,0,Lightning
weapon_items,Dark Drakeblood Greatsword,0x609a14,1,10,30,61209,1199,0,0,Dark
weapon_items,Lucky Drakeblood Greatsword,0x609a78,1,10,30,61210,1199,0,0,Lucky
weapon_items,Enchanted Drakeblood Greatsword,0x609adc,1,10,30,61211,1199,0,0,Enchanted
weapon_items,Holy Drakeblood Greatsword,0x609b40,1,10,30,61212,1199,0,0,Holy
weapon_items,Sharp Drakeblood Greatsword,0x609ba4,1,10,30,61213,1199,0,0,Sharp
weapon_items,Blunt Drakeblood Greatsword,0x609c08,1,10,30,61214,1199,0,0,Blunt
weapon_items,Firelink Greatsword,0x60bda0,1,10,35,64200,1200,0,0,Normal
weapon_items,Lethal Firelink Greatsword,0x60be04,1,10,35,64201,1200,0,0,Lethal
weapon_items,Cursed Firelink Greatsword,0x60be68,1,10,35,64202,1200,0,0,Cursed
weapon_items,Poison Firelink Greatsword,0x60becc,1,10,35,64203,1200,0,0,Poison
weapon_items,Blood Firelink Greatsword,0x60bf30,1,10,35,64204,1200,0,0,Blood
weapon_items,Frost Firelink Greatsword,0x60bf94,1,10,35,64205,1200,0,0,Frost
weapon_items,Magic Firelink Greatsword,0x60bff8,1,10,35,64206,1200,0,0,Magic
weapon_items,Fire Firelink Greatsword,0x60c05c,1,10,35,64207,1200,0,0,Fire
weapon_items,Lightning Firelink Greatsword,0x60c0c0,1,10,35,64208,1200,0,0,Lightning
weapon_items,Dark Firelink Greatsword,0x60c124,1,10,35,64209,1200,0,0,Dark
weapon_items,Lucky Firelink Greatsword,0x60c188,1,10,35,64210,1200,0,0,Lucky
weapon_items,Enchanted Firelink Greatsword,0x60c1ec,1,10,35,64211,1200,0,0,Enchanted
weapon_items,Holy Firelink Greatsword,0x60c250,1,10,35,64212,1200,0,0,Holy
weapon_items,Sharp Firelink Greatsword,0x60c2b4,1,10,35,64213,1200,0,0,Sharp
weapon_items,Blunt Firelink Greatsword,0x60c318,1,10,35,64214,1200,0,0,Blunt
weapon_items,Fume Ultra Greatsword,0x60e4b0,1,10,50,71600,1201,0,0,Normal
weapon_items,Lethal Fume Ultra Greatsword,0x60e514,1,10,50,71601,1201,0,0,Lethal
weapon_items,Cursed Fume Ultra Greatsword,0x60e578,1,10,50,71602,1201,0,0,Cursed
weapon_items,Poison Fume Ultra Greatsword,0x60e5dc,1,10,50,71603,1201,0,0,Poison
weapon_items,Blood Fume Ultra Greatsword,0x60e640,1,10,50,71604,1201,0,0,Blood
weapon_items,Frost Fume Ultra Greatsword,0x60e6a4,1,10,50,71605,1201,0,0,Frost
weapon_items,Magic Fume Ultra Greatsword,0x60e708,1,10,50,71606,1201,0,0,Magic
weapon_items,Fire Fume Ultra Greatsword,0x60e76c,1,10,50,71607,1201,0,0,Fire
weapon_items,Lightning Fume Ultra Greatsword,0x60e7d0,1,10,50,71608,1201,0,0,Lightning
weapon_items,Dark Fume Ultra Greatsword,0x60e834,1,10,50,71609,1201,0,0,Dark
weapon_items,Lucky Fume Ultra Greatsword,0x60e898,1,10,50,71610,1201,0,0,Lucky
weapon_items,Enchanted Fume Ultra Greatsword,0x60e8fc,1,10,50,71611,1201,0,0,Enchanted
weapon_items,Holy Fume Ultra Greatsword,0x60e960,1,10,50,71612,1201,0,0,Holy
weapon_items,Sharp Fume Ultra Greatsword,0x60e9c4,1,10,50,71613,1201,0,0,Sharp
weapon_items,Blunt Fume Ultra Greatsword,0x60ea28,1,10,50,71614,1201,0,0,Blunt
weapon_items,Old Wolf Curved Sword,0x610bc0,1,10,30,91200,1202,0,0,Normal
weapon_items,Lethal Old Wolf Curved Sword,0x610c24,1,10,30,91201,1202,0,0,Lethal
weapon_items,Cursed Old Wolf Curved Sword,0x610c88,1,10,30,91202,1202,0,0,Cursed
weapon_items,Poison Old Wolf Curved Sword,0x610cec,1,10,30,91203,1202,0,0,Poison
weapon_items,Blood Old Wolf Curved Sword,0x610d50,1,10,30,91204,1202,0,0,Blood
weapon_items,Frost Old Wolf Curved Sword,0x610db4,1,10,30,91205,1202,0,0,Frost
weapon_items,Magic Old Wolf Curved Sword,0x610e18,1,10,30,91206,1202,0,0,Magic
weapon_items,Fire Old Wolf Curved Sword,0x610e7c,1,10,30,91207,1202,0,0,Fire
weapon_items,Lightning Old Wolf Curved Sword,0x610ee0,1,10,30,91208,1202,0,0,Lightning
weapon_items,Dark Old Wolf Curved Sword,0x610f44,1,10,30,91209,1202,0,0,Dark
weapon_items,Lucky Old Wolf Curved Sword,0x610fa8,1,10,30,91210,1202,0,0,Lucky
weapon_items,Enchanted Old Wolf Curved Sword,0x61100c,1,10,30,91211,1202,0,0,Enchanted
weapon_items,Holy Old Wolf Curved Sword,0x611070,1,10,30,91212,1202,0,0,Holy
weapon_items,Sharp Old Wolf Curved Sword,0x6110d4,1,10,30,91213,1202,0,0,Sharp
weapon_items,Blunt Old Wolf Curved Sword,0x611138,1,10,30,91214,1202,0,0,Blunt
weapon_items,Storm Ruler,0x6132d0,1,10,30,65200,1265,0,0,Normal
weapon_items,Lethal Storm Ruler,0x613334,1,10,30,65201,1265,0,0,Lethal
weapon_items,Cursed Storm Ruler,0x613398,1,10,30,65202,1265,0,0,Cursed
weapon_items,Poison Storm Ruler,0x6133fc,1,10,30,65203,1265,0,0,Poison
weapon_items,Blood Storm Ruler,0x613460,1,10,30,65204,1265,0,0,Blood
weapon_items,Frost Storm Ruler,0x6134c4,1,10,30,65205,1265,0,0,Frost
weapon_items,Magic Storm Ruler,0x613528,1,10,30,65206,1265,0,0,Magic
weapon_items,Fire Storm Ruler,0x61358c,1,10,30,65207,1265,0,0,Fire
weapon_items,Lightning Storm Ruler,0x6135f0,1,10,30,65208,1265,0,0,Lightning
weapon_items,Dark Storm Ruler,0x613654,1,10,30,65209,1265,0,0,Dark
weapon_items,Lucky Storm Ruler,0x6136b8,1,10,30,65210,1265,0,0,Lucky
weapon_items,Enchanted Storm Ruler,0x61371c,1,10,30,65211,1265,0,0,Enchanted
weapon_items,Holy Storm Ruler,0x613780,1,10,30,65212,1265,0,0,Holy
weapon_items,Sharp Storm Ruler,0x6137e4,1,10,30,65213,1265,0,0,Sharp
weapon_items,Blunt Storm Ruler,0x613848,1,10,30,65214,1265,0,0,Blunt
weapon_items,Harald Curved Greatsword,0x6159e0,1,10,40,91000,1299,0,0,Normal
weapon_items,Lethal Harald Curved Greatsword,0x615a44,1,10,40,91001,1299,0,0,Lethal
weapon_items,Curse Harald Curved Greatsword,0x615aa8,1,10,40,91002,1299,0,0,Cursed
weapon_items,Poison Harald Curved Greatsword,0x615b0c,1,10,40,91003,1299,0,0,Poison
weapon_items,Blood Harald Curved Greatsword,0x615b70,1,10,40,91004,1299,0,0,Blood
weapon_items,Frost Harald Curved Greatsword,0x615bd4,1,10,40,91005,1299,0,0,Frost
weapon_items,Magic Harald Curved Greatsword,0x615c38,1,10,40,91006,1299,0,0,Magic
weapon_items,Fire Harald Curved Greatsword,0x615c9c,1,10,40,91007,1299,0,0,Fire
weapon_items,Lightning Harald Curved Greatsword,0x615d00,1,10,40,91008,1299,0,0,Lightning
weapon_items,Dark Harald Curved Greatsword,0x615d64,1,10,40,91009,1299,0,0,Dark
weapon_items,Lucky Harald Curved Greatsword,0x615dc8,1,10,40,91010,1299,0,0,Lucky
weapon_items,Enchanted Harald Curved Greatsword,0x615e2c,1,10,40,91011,1299,0,0,Enchanted
weapon_items,Holy Harald Curved Greatsword,0x615e90,1,10,40,91012,1299,0,0,Holy
weapon_items,Sharp Harald Curved Greatsword,0x615ef4,1,10,40,91013,1299,0,0,Sharp
weapon_items,Blunt Harald Curved Greatsword,0x615f58,1,10,40,91014,1299,0,0,Blunt
weapon_items,Hand Axe,0x6acfc0,1,10,20,120000,1071,0,0,Normal
weapon_items,Lethal Hand Axe,0x6ad024,1,10,20,120001,1071,0,0,Lethal
weapon_items,Cursed Hand Axe,0x6ad088,1,10,20,120002,1071,0,0,Cursed
weapon_items,Poison Hand Axe,0x6ad0ec,1,10,20,120003,1071,0,0,Poison
weapon_items,Blood Hand Axe,0x6ad150,1,10,20,120004,1071,0,0,Blood
weapon_items,Frost Hand Axe,0x6ad1b4,1,10,20,120005,1071,0,0,Frost
weapon_items,Magic Hand Axe,0x6ad218,1,10,20,120006,1071,0,0,Magic
weapon_items,Fire Hand Axe,0x6ad27c,1,10,20,120007,1071,0,0,Fire
weapon_items,Lightning Hand Axe,0x6ad2e0,1,10,20,120008,1071,0,0,Lightning
weapon_items,Dark Hand Axe,0x6ad344,1,10,20,120009,1071,0,0,Dark
weapon_items,Lucky Hand Axe,0x6ad3a8,1,10,20,120010,1071,0,0,Lucky
weapon_items,Enchanted Hand Axe,0x6ad40c,1,10,20,120011,1071,0,0,Enchanted
weapon_items,Holy Hand Axe,0x6ad470,1,10,20,120012,1071,0,0,Holy
weapon_items,Sharp Hand Axe,0x6ad4d4,1,10,20,120013,1071,0,0,Sharp
weapon_items,Blunt Hand Axe,0x6ad538,1,10,20,120014,1071,0,0,Blunt
weapon_items,Battle Axe,0x6af6d0,1,10,25,120400,1072,0,0,Normal
weapon_items,Lethal Battle Axe,0x6af734,1,10,25,120401,1072,0,0,Lethal
weapon_items,Cursed Battle Axe,0x6af798,1,10,25,120402,1072,0,0,Cursed
weapon_items,Poison Battle Axe,0x6af7fc,1,10,25,120403,1072,0,0,Poison
weapon_items,Blood Battle Axe,0x6af860,1,10,25,120404,1072,0,0,Blood
weapon_items,Frost Battle Axe,0x6af8c4,1,10,25,120405,1072,0,0,Frost
weapon_items,Magic Battle Axe,0x6af928,1,10,25,120406,1072,0,0,Magic
weapon_items,Fire Battle Axe,0x6af98c,1,10,25,120407,1072,0,0,Fire
weapon_items,Lightning Battle Axe,0x6af9f0,1,10,25,120408,1072,0,0,Lightning
weapon_items,Dark Battle Axe,0x6afa54,1,10,25,120409,1072,0,0,Dark
weapon_items,Lucky Battle Axe,0x6afab8,1,10,25,120410,1072,0,0,Lucky
weapon_items,Enchanted Battle Axe,0x6afb1c,1,10,25,120411,1072,0,0,Enchanted
weapon_items,Holy Battle Axe,0x6afb80,1,10,25,120412,1072,0,0,Holy
weapon_items,Sharp Battle Axe,0x6afbe4,1,10,25,120413,1072,0,0,Sharp
weapon_items,Blunt Battle Axe,0x6afc48,1,10,25,120414,1072,0,0,Blunt
weapon_items,Brigand Axe,0x6b1de0,1,10,25,120600,1073,0,0,Normal
weapon_items,Lethal Brigand Axe,0x6b1e44,1,10,25,120601,1073,0,0,Lethal
weapon_items,Cursed Brigand Axe,0x6b1ea8,1,10,25,120602,1073,0,0,Cursed
weapon_items,Poison Brigand Axe,0x6b1f0c,1,10,25,120603,1073,0,0,Poison
weapon_items,Blood Brigand Axe,0x6b1f70,1,10,25,120604,1073,0,0,Blood
weapon_items,Frost Brigand Axe,0x6b1fd4,1,10,25,120605,1073,0,0,Frost
weapon_items,Magic Brigand Axe,0x6b2038,1,10,25,120606,1073,0,0,Magic
weapon_items,Fire Brigand Axe,0x6b209c,1,10,25,120607,1073,0,0,Fire
weapon_items,Lightning Brigand Axe,0x6b2100,1,10,25,120608,1073,0,0,Lightning
weapon_items,Dark Brigand Axe,0x6b2164,1,10,25,120609,1073,0,0,Dark
weapon_items,Lucky Brigand Axe,0x6b21c8,1,10,25,120610,1073,0,0,Lucky
weapon_items,Enchanted Brigand Axe,0x6b222c,1,10,25,120611,1073,0,0,Enchanted
weapon_items,Holy Brigand Axe,0x6b2290,1,10,25,120612,1073,0,0,Holy
weapon_items,Sharp Brigand Axe,0x6b22f4,1,10,25,120613,1073,0,0,Sharp
weapon_items,Blunt Brigand Axe,0x6b2358,1,10,25,120614,1073,0,0,Blunt
weapon_items,Crescent Axe,0x6b6c00,1,10,25,191400,1075,0,0,Normal
weapon_items,Lethal Crescent Axe,0x6b6c64,1,10,25,191401,1075,0,0,Lethal
weapon_items,Cursed Crescent Axe,0x6b6cc8,1,10,25,191402,1075,0,0,Cursed
weapon_items,Poison Crescent Axe,0x6b6d2c,1,10,25,191403,1075,0,0,Poison
weapon_items,Blood Crescent Axe,0x6b6d90,1,10,25,191404,1075,0,0,Blood
weapon_items,Frost Crescent Axe,0x6b6df4,1,10,25,191405,1075,0,0,Frost
weapon_items,Magic Crescent Axe,0x6b6e58,1,10,25,191406,1075,0,0,Magic
weapon_items,Fire Crescent Axe,0x6b6ebc,1,10,25,191407,1075,0,0,Fire
weapon_items,Lightning Crescent Axe,0x6b6f20,1,10,25,191408,1075,0,0,Lightning
weapon_items,Dark Crescent Axe,0x6b6f84,1,10,25,191409,1075,0,0,Dark
weapon_items,Lucky Crescent Axe,0x6b6fe8,1,10,25,191410,1075,0,0,Lucky
weapon_items,Enchanted Crescent Axe,0x6b704c,1,10,25,191411,1075,0,0,Enchanted
weapon_items,Holy Crescent Axe,0x6b70b0,1,10,25,191412,1075,0,0,Holy
weapon_items,Sharp Crescent Axe,0x6b7114,1,10,25,191413,1075,0,0,Sharp
weapon_items,Blunt Crescent Axe,0x6b7178,1,10,25,191414,1075,0,0,Blunt
weapon_items,Greataxe,0x6b9310,1,10,40,130000,1076,0,0,Normal
weapon_items,Lethal Greataxe,0x6b9374,1,10,40,130001,1076,0,0,Lethal
weapon_items,Cursed Greataxe,0x6b93d8,1,10,40,130002,1076,0,0,Cursed
weapon_items,Poison Greataxe,0x6b943c,1,10,40,130003,1076,0,0,Poison
weapon_items,Blood Greataxe,0x6b94a0,1,10,40,130004,1076,0,0,Blood
weapon_items,Frost Greataxe,0x6b9504,1,10,40,130005,1076,0,0,Frost
weapon_items,Magic Greataxe,0x6b9568,1,10,40,130006,1076,0,0,Magic
weapon_items,Fire Greataxe,0x6b95cc,1,10,40,130007,1076,0,0,Fire
weapon_items,Lightning Greataxe,0x6b9630,1,10,40,130008,1076,0,0,Lightning
weapon_items,Dark Greataxe,0x6b9694,1,10,40,130009,1076,0,0,Dark
weapon_items,Lucky Greataxe,0x6b96f8,1,10,40,130010,1076,0,0,Lucky
weapon_items,Enchanted Greataxe,0x6b975c,1,10,40,130011,1076,0,0,Enchanted
weapon_items,Holy Greataxe,0x6b97c0,1,10,40,130012,1076,0,0,Holy
weapon_items,Sharp Greataxe,0x6b9824,1,10,40,130013,1076,0,0,Sharp
weapon_items,Blunt Greataxe,0x6b9888,1,10,40,130014,1076,0,0,Blunt
weapon_items,Butcher Knife,0x6be130,1,10,25,121600,1078,0,0,Normal
weapon_items,Lethal Butcher Knife,0x6be194,1,10,25,121601,1078,0,0,Lethal
weapon_items,Cursed Butcher Knife,0x6be1f8,1,10,25,121602,1078,0,0,Cursed
weapon_items,Poison Butcher Knife,0x6be25c,1,10,25,121603,1078,0,0,Poison
weapon_items,Blood Butcher Knife,0x6be2c0,1,10,25,121604,1078,0,0,Blood
weapon_items,Frost Butcher Knife,0x6be324,1,10,25,121605,1078,0,0,Frost
weapon_items,Magic Butcher Knife,0x6be388,1,10,25,121606,1078,0,0,Magic
weapon_items,Fire Butcher Knife,0x6be3ec,1,10,25,121607,1078,0,0,Fire
weapon_items,Lightning Butcher Knife,0x6be450,1,10,25,121608,1078,0,0,Lightning
weapon_items,Dark Butcher Knife,0x6be4b4,1,10,25,121609,1078,0,0,Dark
weapon_items,Lucky Butcher Knife,0x6be518,1,10,25,121610,1078,0,0,Lucky
weapon_items,Enchanted Butcher Knife,0x6be57c,1,10,25,121611,1078,0,0,Enchanted
weapon_items,Holy Butcher Knife,0x6be5e0,1,10,25,121612,1078,0,0,Holy
weapon_items,Sharp Butcher Knife,0x6be644,1,10,25,121613,1078,0,0,Sharp
weapon_items,Blunt Butcher Knife,0x6be6a8,1,10,25,121614,1078,0,0,Blunt
weapon_items,Dragonslayer's Axe,0x6c0840,1,10,25,121800,1079,0,0,Normal
weapon_items,Lethal Dragonslayer's Axe,0x6c08a4,1,10,25,121801,1079,0,0,Lethal
weapon_items,Cursed Dragonslayer's Axe,0x6c0908,1,10,25,121802,1079,0,0,Cursed
weapon_items,Poison Dragonslayer's Axe,0x6c096c,1,10,25,121803,1079,0,0,Poison
weapon_items,Blood Dragonslayer's Axe,0x6c09d0,1,10,25,121804,1079,0,0,Blood
weapon_items,Frost Dragonslayer's Axe,0x6c0a34,1,10,25,121805,1079,0,0,Frost
weapon_items,Magic Dragonslayer's Axe,0x6c0a98,1,10,25,121806,1079,0,0,Magic
weapon_items,Fire Dragonslayer's Axe,0x6c0afc,1,10,25,121807,1079,0,0,Fire
weapon_items,Lightning Dragonslayer's Axe,0x6c0b60,1,10,25,121808,1079,0,0,Lightning
weapon_items,Dark Dragonslayer's Axe,0x6c0bc4,1,10,25,121809,1079,0,0,Dark
weapon_items,Lucky Dragonslayer's Axe,0x6c0c28,1,10,25,121810,1079,0,0,Lucky
weapon_items,Enchanted Dragonslayer's Axe,0x6c0c8c,1,10,25,121811,1079,0,0,Enchanted
weapon_items,Holy Dragonslayer's Axe,0x6c0cf0,1,10,25,121812,1079,0,0,Holy
weapon_items,Sharp Dragonslayer's Axe,0x6c0d54,1,10,25,121813,1079,0,0,Sharp
weapon_items,Blunt Dragonslayer's Axe,0x6c0db8,1,10,25,121814,1079,0,0,Blunt
weapon_items,Missionary Axes,0x6c2f50,1,10,25,133200,1080,0,0,Normal
weapon_items,Lethal Missionary Axes,0x6c2fb4,1,10,25,133201,1080,0,0,Lethal
weapon_items,Cursed Missionary Axes,0x6c3018,1,10,25,133202,1080,0,0,Cursed
weapon_items,Poison Missionary Axes,0x6c307c,1,10,25,133203,1080,0,0,Poison
weapon_items,Blood Missionary Axes,0x6c30e0,1,10,25,133204,1080,0,0,Blood
weapon_items,Frost Missionary Axes,0x6c3144,1,10,25,133205,1080,0,0,Frost
weapon_items,Magic Missionary Axes,0x6c31a8,1,10,25,133206,1080,0,0,Magic
weapon_items,Fire Missionary Axes,0x6c320c,1,10,25,133207,1080,0,0,Fire
weapon_items,Lightning Missionary Axes,0x6c3270,1,10,25,133208,1080,0,0,Lightning
weapon_items,Dark Missionary Axes,0x6c32d4,1,10,25,133209,1080,0,0,Dark
weapon_items,Lucky Missionary Axes,0x6c3338,1,10,25,133210,1080,0,0,Lucky
weapon_items,Enchanted Missionary Axes,0x6c339c,1,10,25,133211,1080,0,0,Enchanted
weapon_items,Holy Missionary Axes,0x6c3400,1,10,25,133212,1080,0,0,Holy
weapon_items,Sharp Missionary Axes,0x6c3464,1,10,25,133213,1080,0,0,Sharp
weapon_items,Blunt Missionary Axes,0x6c34c8,1,10,25,133214,1080,0,0,Blunt
weapon_items,Thrall Axe,0x6c5660,1,10,20,120200,1081,0,0,Normal
weapon_items,Lethal Thrall Axe,0x6c56c4,1,10,20,120201,1081,0,0,Lethal
weapon_items,Cursed Thrall Axe,0x6c5728,1,10,20,120202,1081,0,0,Cursed
weapon_items,Poison Thrall Axe,0x6c578c,1,10,20,120203,1081,0,0,Poison
weapon_items,Blood Thrall Axe,0x6c57f0,1,10,20,120204,1081,0,0,Blood
weapon_items,Frost Thrall Axe,0x6c5854,1,10,20,120205,1081,0,0,Frost
weapon_items,Magic Thrall Axe,0x6c58b8,1,10,20,120206,1081,0,0,Magic
weapon_items,Fire Thrall Axe,0x6c591c,1,10,20,120207,1081,0,0,Fire
weapon_items,Lightning Thrall Axe,0x6c5980,1,10,20,120208,1081,0,0,Lightning
weapon_items,Dark Thrall Axe,0x6c59e4,1,10,20,120209,1081,0,0,Dark
weapon_items,Lucky Thrall Axe,0x6c5a48,1,10,20,120210,1081,0,0,Lucky
weapon_items,Enchanted Thrall Axe,0x6c5aac,1,10,20,120211,1081,0,0,Enchanted
weapon_items,Holy Thrall Axe,0x6c5b10,1,10,20,120212,1081,0,0,Holy
weapon_items,Sharp Thrall Axe,0x6c5b74,1,10,20,120213,1081,0,0,Sharp
weapon_items,Blunt Thrall Axe,0x6c5bd8,1,10,20,120214,1081,0,0,Blunt
weapon_items,Dragonslayer Greataxe,0x6c7d70,1,10,40,131800,1082,0,0,Normal
weapon_items,Lethal Dragonslayer Greataxe,0x6c7dd4,1,10,40,131801,1082,0,0,Lethal
weapon_items,Cursed Dragonslayer Greataxe,0x6c7e38,1,10,40,131802,1082,0,0,Cursed
weapon_items,Poison Dragonslayer Greataxe,0x6c7e9c,1,10,40,131803,1082,0,0,Poison
weapon_items,Blood Dragonslayer Greataxe,0x6c7f00,1,10,40,131804,1082,0,0,Blood
weapon_items,Frost Dragonslayer Greataxe,0x6c7f64,1,10,40,131805,1082,0,0,Frost
weapon_items,Magic Dragonslayer Greataxe,0x6c7fc8,1,10,40,131806,1082,0,0,Magic
weapon_items,Fire Dragonslayer Greataxe,0x6c802c,1,10,40,131807,1082,0,0,Fire
weapon_items,Lightning Dragonslayer Greataxe,0x6c8090,1,10,40,131808,1082,0,0,Lightning
weapon_items,Dark Dragonslayer Greataxe,0x6c80f4,1,10,40,131809,1082,0,0,Dark
weapon_items,Lucky Dragonslayer Greataxe,0x6c8158,1,10,40,131810,1082,0,0,Lucky
weapon_items,Enchanted Dragonslayer Greataxe,0x6c81bc,1,10,40,131811,1082,0,0,Enchanted
weapon_items,Holy Dragonslayer Greataxe,0x6c8220,1,10,40,131812,1082,0,0,Holy
weapon_items,Sharp Dragonslayer Greataxe,0x6c8284,1,10,40,131813,1082,0,0,Sharp
weapon_items,Blunt Dragonslayer Greataxe,0x6c82e8,1,10,40,131814,1082,0,0,Blunt
weapon_items,Demon King's Greataxe,0x6ca480,1,10,50,131000,1083,0,0,Normal
weapon_items,Lethal Demon King's Greataxe,0x6ca4e4,1,10,50,131001,1083,0,0,Lethal
weapon_items,Cursed Demon King's Greataxe,0x6ca548,1,10,50,131002,1083,0,0,Cursed
weapon_items,Poison Demon King's Greataxe,0x6ca5ac,1,10,50,131003,1083,0,0,Poison
weapon_items,Blood Demon King's Greataxe,0x6ca610,1,10,50,131004,1083,0,0,Blood
weapon_items,Frost Demon King's Greataxe,0x6ca674,1,10,50,131005,1083,0,0,Frost
weapon_items,Magic Demon King's Greataxe,0x6ca6d8,1,10,50,131006,1083,0,0,Magic
weapon_items,Fire Demon King's Greataxe,0x6ca73c,1,10,50,131007,1083,0,0,Fire
weapon_items,Lightning Demon King's Greataxe,0x6ca7a0,1,10,50,131008,1083,0,0,Lightning
weapon_items,Dark Demon King's Greataxe,0x6ca804,1,10,50,131009,1083,0,0,Dark
weapon_items,Lucky Demon King's Greataxe,0x6ca868,1,10,50,131010,1083,0,0,Lucky
weapon_items,Enchanted Demon King's Greataxe,0x6ca8cc,1,10,50,131011,1083,0,0,Enchanted
weapon_items,Holy Demon King's Greataxe,0x6ca930,1,10,50,131012,1083,0,0,Holy
weapon_items,Sharp Demon King's Greataxe,0x6ca994,1,10,50,131013,1083,0,0,Sharp
weapon_items,Blunt Demon King's Greataxe,0x6ca9f8,1,10,50,131014,1083,0,0,Blunt
weapon_items,Eleonora,0x6ccb90,1,10,25,122200,1205,0,0,Normal
weapon_items,Lethal Eleonora,0x6ccbf4,1,10,25,122201,1205,0,0,Lethal
weapon_items,Cursed Eleonora,0x6ccc58,1,10,25,122202,1205,0,0,Cursed
weapon_items,Poison Eleonora,0x6cccbc,1,10,25,122203,1205,0,0,Poison
weapon_items,Blood Eleonora,0x6ccd20,1,10,25,122204,1205,0,0,Blood
weapon_items,Frost Eleonora,0x6ccd84,1,10,25,122205,1205,0,0,Frost
weapon_items,Magic Eleonora,0x6ccde8,1,10,25,122206,1205,0,0,Magic
weapon_items,Fire Eleonora,0x6cce4c,1,10,25,122207,1205,0,0,Fire
weapon_items,Lightning Eleonora,0x6cceb0,1,10,25,122208,1205,0,0,Lightning
weapon_items,Dark Eleonora,0x6ccf14,1,10,25,122209,1205,0,0,Dark
weapon_items,Lucky Eleonora,0x6ccf78,1,10,25,122210,1205,0,0,Lucky
weapon_items,Enchanted Eleonora,0x6ccfdc,1,10,25,122211,1205,0,0,Enchanted
weapon_items,Holy Eleonora,0x6cd040,1,10,25,122212,1205,0,0,Holy
weapon_items,Sharp Eleonora,0x6cd0a4,1,10,25,122213,1205,0,0,Sharp
weapon_items,Blunt Eleonora,0x6cd108,1,10,25,122214,1205,0,0,Blunt
weapon_items,Serpentine Hatchet,0x6d19b0,1,10,25,121400,1206,0,0,Normal
weapon_items,Lethal Serpentine Hatchet,0x6d1a14,1,10,25,121401,1206,0,0,Lethal
weapon_items,Cursed Serpentine Hatchet,0x6d1a78,1,10,25,121402,1206,0,0,Cursed
weapon_items,Poison Serpentine Hatchet,0x6d1adc,1,10,25,121403,1206,0,0,Poison
weapon_items,Blood Serpentine Hatchet,0x6d1b40,1,10,25,121404,1206,0,0,Blood
weapon_items,Frost Serpentine Hatchet,0x6d1ba4,1,10,25,121405,1206,0,0,Frost
weapon_items,Magic Serpentine Hatchet,0x6d1c08,1,10,25,121406,1206,0,0,Magic
weapon_items,Fire Serpentine Hatchet,0x6d1c6c,1,10,25,121407,1206,0,0,Fire
weapon_items,Lightning Serpentine Hatchet,0x6d1cd0,1,10,25,121408,1206,0,0,Lightning
weapon_items,Dark Serpentine Hatchet,0x6d1d34,1,10,25,121409,1206,0,0,Dark
weapon_items,Lucky Serpentine Hatchet,0x6d1d98,1,10,25,121410,1206,0,0,Lucky
weapon_items,Enchanted Serpentine Hatchet,0x6d1dfc,1,10,25,121411,1206,0,0,Enchanted
weapon_items,Holy Serpentine Hatchet,0x6d1e60,1,10,25,121412,1206,0,0,Holy
weapon_items,Sharp Serpentine Hatchet,0x6d1ec4,1,10,25,121413,1206,0,0,Sharp
weapon_items,Blunt Serpentine Hatchet,0x6d1f28,1,10,25,121414,1206,0,0,Blunt
weapon_items,Millwood Battle Axe,0x6d67d0,1,10,25,120800,1269,0,0,Normal
weapon_items,Lethal Millwood Battle Axe,0x6d6834,1,10,25,120801,1269,0,0,Lethal
weapon_items,Curse Millwood Battle Axe,0x6d6898,1,10,25,120802,1269,0,0,Cursed
weapon_items,Poison Millwood Battle Axe,0x6d68fc,1,10,25,120803,1269,0,0,Poison
weapon_items,Blood Millwood Battle Axe,0x6d6960,1,10,25,120804,1269,0,0,Blood
weapon_items,Frost Millwood Battle Axe,0x6d69c4,1,10,25,120805,1269,0,0,Frost
weapon_items,Magic Millwood Battle Axe,0x6d6a28,1,10,25,120806,1269,0,0,Magic
weapon_items,Fire Millwood Battle Axe,0x6d6a8c,1,10,25,120807,1269,0,0,Fire
weapon_items,Lightning Millwood Battle Axe,0x6d6af0,1,10,25,120808,1269,0,0,Lightning
weapon_items,Dark Millwood Battle Axe,0x6d6b54,1,10,25,120809,1269,0,0,Dark
weapon_items,Lucky Millwood Battle Axe,0x6d6bb8,1,10,25,120810,1269,0,0,Lucky
weapon_items,Enchanted Millwood Battle Axe,0x6d6c1c,1,10,25,120811,1269,0,0,Enchanted
weapon_items,Holy Millwood Battle Axe,0x6d6c80,1,10,25,120812,1269,0,0,Holy
weapon_items,Sharp Millwood Battle Axe,0x6d6ce4,1,10,25,120813,1269,0,0,Sharp
weapon_items,Blunt Millwood Battle Axe,0x6d6d48,1,10,25,120814,1269,0,0,Blunt
weapon_items,Earth Seeker,0x6d8ee0,1,10,40,130600,1270,0,0,Normal
weapon_items,Lethal Earth Seeker,0x6d8f44,1,10,40,130601,1270,0,0,Lethal
weapon_items,Curse Earth Seeker,0x6d8fa8,1,10,40,130602,1270,0,0,Cursed
weapon_items,Poison Earth Seeker,0x6d900c,1,10,40,130603,1270,0,0,Poison
weapon_items,Blood Earth Seeker,0x6d9070,1,10,40,130604,1270,0,0,Blood
weapon_items,Frost Earth Seeker,0x6d90d4,1,10,40,130605,1270,0,0,Frost
weapon_items,Magic Earth Seeker,0x6d9138,1,10,40,130606,1270,0,0,Magic
weapon_items,Fire Earth Seeker,0x6d919c,1,10,40,130607,1270,0,0,Fire
weapon_items,Lightning Earth Seeker,0x6d9200,1,10,40,130608,1270,0,0,Lightning
weapon_items,Dark Earth Seeker,0x6d9264,1,10,40,130609,1270,0,0,Dark
weapon_items,Lucky Earth Seeker,0x6d92c8,1,10,40,130610,1270,0,0,Lucky
weapon_items,Enchanted Earth Seeker,0x6d932c,1,10,40,130611,1270,0,0,Enchanted
weapon_items,Holy Earth Seeker,0x6d9390,1,10,40,130612,1270,0,0,Holy
weapon_items,Sharp Earth Seeker,0x6d93f4,1,10,40,130613,1270,0,0,Sharp
weapon_items,Blunt Earth Seeker,0x6d9458,1,10,40,130614,1270,0,0,Blunt
weapon_items,Club,0x7a1200,1,10,25,140000,1084,0,0,Normal
weapon_items,Lethal Club,0x7a1264,1,10,25,140001,1084,0,0,Lethal
weapon_items,Cursed Club,0x7a12c8,1,10,25,140002,1084,0,0,Cursed
weapon_items,Poison Club,0x7a132c,1,10,25,140003,1084,0,0,Poison
weapon_items,Blood Club,0x7a1390,1,10,25,140004,1084,0,0,Blood
weapon_items,Frost Club,0x7a13f4,1,10,25,140005,1084,0,0,Frost
weapon_items,Magic Club,0x7a1458,1,10,25,140006,1084,0,0,Magic
weapon_items,Fire Club,0x7a14bc,1,10,25,140007,1084,0,0,Fire
weapon_items,Lightning Club,0x7a1520,1,10,25,140008,1084,0,0,Lightning
weapon_items,Dark Club,0x7a1584,1,10,25,140009,1084,0,0,Dark
weapon_items,Lucky Club,0x7a15e8,1,10,25,140010,1084,0,0,Lucky
weapon_items,Enchanted Club,0x7a164c,1,10,25,140011,1084,0,0,Enchanted
weapon_items,Holy Club,0x7a16b0,1,10,25,140012,1084,0,0,Holy
weapon_items,Sharp Club,0x7a1714,1,10,25,140013,1084,0,0,Sharp
weapon_items,Blunt Club,0x7a1778,1,10,25,140014,1084,0,0,Blunt
weapon_items,Mace,0x7a3910,1,10,25,140600,1085,0,0,Normal
weapon_items,Lethal Mace,0x7a3974,1,10,25,140601,1085,0,0,Lethal
weapon_items,Cursed Mace,0x7a39d8,1,10,25,140602,1085,0,0,Cursed
weapon_items,Poison Mace,0x7a3a3c,1,10,25,140603,1085,0,0,Poison
weapon_items,Blood Mace,0x7a3aa0,1,10,25,140604,1085,0,0,Blood
weapon_items,Frost Mace,0x7a3b04,1,10,25,140605,1085,0,0,Frost
weapon_items,Magic Mace,0x7a3b68,1,10,25,140606,1085,0,0,Magic
weapon_items,Fire Mace,0x7a3bcc,1,10,25,140607,1085,0,0,Fire
weapon_items,Lightning Mace,0x7a3c30,1,10,25,140608,1085,0,0,Lightning
weapon_items,Dark Mace,0x7a3c94,1,10,25,140609,1085,0,0,Dark
weapon_items,Lucky Mace,0x7a3cf8,1,10,25,140610,1085,0,0,Lucky
weapon_items,Enchanted Mace,0x7a3d5c,1,10,25,140611,1085,0,0,Enchanted
weapon_items,Holy Mace,0x7a3dc0,1,10,25,140612,1085,0,0,Holy
weapon_items,Sharp Mace,0x7a3e24,1,10,25,140613,1085,0,0,Sharp
weapon_items,Blunt Mace,0x7a3e88,1,10,25,140614,1085,0,0,Blunt
weapon_items,Morning Star,0x7a6020,1,10,25,141000,1086,0,0,Normal
weapon_items,Lethal Morning Star,0x7a6084,1,10,25,141001,1086,0,0,Lethal
weapon_items,Cursed Morning Star,0x7a60e8,1,10,25,141002,1086,0,0,Cursed
weapon_items,Poison Morning Star,0x7a614c,1,10,25,141003,1086,0,0,Poison
weapon_items,Blood Morning Star,0x7a61b0,1,10,25,141004,1086,0,0,Blood
weapon_items,Frost Morning Star,0x7a6214,1,10,25,141005,1086,0,0,Frost
weapon_items,Magic Morning Star,0x7a6278,1,10,25,141006,1086,0,0,Magic
weapon_items,Fire Morning Star,0x7a62dc,1,10,25,141007,1086,0,0,Fire
weapon_items,Lightning Morning Star,0x7a6340,1,10,25,141008,1086,0,0,Lightning
weapon_items,Dark Morning Star,0x7a63a4,1,10,25,141009,1086,0,0,Dark
weapon_items,Lucky Morning Star,0x7a6408,1,10,25,141010,1086,0,0,Lucky
weapon_items,Enchanted Morning Star,0x7a646c,1,10,25,141011,1086,0,0,Enchanted
weapon_items,Holy Morning Star,0x7a64d0,1,10,25,141012,1086,0,0,Holy
weapon_items,Sharp Morning Star,0x7a6534,1,10,25,141013,1086,0,0,Sharp
weapon_items,Blunt Morning Star,0x7a6598,1,10,25,141014,1086,0,0,Blunt
weapon_items,Reinforced Club,0x7a8730,1,10,25,140400,1087,0,0,Normal
weapon_items,Lethal Reinforced Club,0x7a8794,1,10,25,140401,1087,0,0,Lethal
weapon_items,Cursed Reinforced Club,0x7a87f8,1,10,25,140402,1087,0,0,Cursed
weapon_items,Poison Reinforced Club,0x7a885c,1,10,25,140403,1087,0,0,Poison
weapon_items,Blood Reinforced Club,0x7a88c0,1,10,25,140404,1087,0,0,Blood
weapon_items,Frost Reinforced Club,0x7a8924,1,10,25,140405,1087,0,0,Frost
weapon_items,Magic Reinforced Club,0x7a8988,1,10,25,140406,1087,0,0,Magic
weapon_items,Fire Reinforced Club,0x7a89ec,1,10,25,140407,1087,0,0,Fire
weapon_items,Lightning Reinforced Club,0x7a8a50,1,10,25,140408,1087,0,0,Lightning
weapon_items,Dark Reinforced Club,0x7a8ab4,1,10,25,140409,1087,0,0,Dark
weapon_items,Lucky Reinforced Club,0x7a8b18,1,10,25,140410,1087,0,0,Lucky
weapon_items,Enchanted Reinforced Club,0x7a8b7c,1,10,25,140411,1087,0,0,Enchanted
weapon_items,Holy Reinforced Club,0x7a8be0,1,10,25,140412,1087,0,0,Holy
weapon_items,Sharp Reinforced Club,0x7a8c44,1,10,25,140413,1087,0,0,Sharp
weapon_items,Blunt Reinforced Club,0x7a8ca8,1,10,25,140414,1087,0,0,Blunt
weapon_items,Large Club,0x7afc60,1,10,30,150000,1090,0,0,Normal
weapon_items,Lethal Large Club,0x7afcc4,1,10,30,150001,1090,0,0,Lethal
weapon_items,Cursed Large Club,0x7afd28,1,10,30,150002,1090,0,0,Cursed
weapon_items,Poison Large Club,0x7afd8c,1,10,30,150003,1090,0,0,Poison
weapon_items,Blood Large Club,0x7afdf0,1,10,30,150004,1090,0,0,Blood
weapon_items,Frost Large Club,0x7afe54,1,10,30,150005,1090,0,0,Frost
weapon_items,Magic Large Club,0x7afeb8,1,10,30,150006,1090,0,0,Magic
weapon_items,Fire Large Club,0x7aff1c,1,10,30,150007,1090,0,0,Fire
weapon_items,Lightning Large Club,0x7aff80,1,10,30,150008,1090,0,0,Lightning
weapon_items,Dark Large Club,0x7affe4,1,10,30,150009,1090,0,0,Dark
weapon_items,Lucky Large Club,0x7b0048,1,10,30,150010,1090,0,0,Lucky
weapon_items,Enchanted Large Club,0x7b00ac,1,10,30,150011,1090,0,0,Enchanted
weapon_items,Holy Large Club,0x7b0110,1,10,30,150012,1090,0,0,Holy
weapon_items,Sharp Large Club,0x7b0174,1,10,30,150013,1090,0,0,Sharp
weapon_items,Blunt Large Club,0x7b01d8,1,10,30,150014,1090,0,0,Blunt
weapon_items,Great Club,0x7b4a80,1,10,40,150200,1091,0,0,Normal
weapon_items,Lethal Great Club,0x7b4ae4,1,10,40,150201,1091,0,0,Lethal
weapon_items,Cursed Great Club,0x7b4b48,1,10,40,150202,1091,0,0,Cursed
weapon_items,Poison Great Club,0x7b4bac,1,10,40,150203,1091,0,0,Poison
weapon_items,Blood Great Club,0x7b4c10,1,10,40,150204,1091,0,0,Blood
weapon_items,Frost Great Club,0x7b4c74,1,10,40,150205,1091,0,0,Frost
weapon_items,Magic Great Club,0x7b4cd8,1,10,40,150206,1091,0,0,Magic
weapon_items,Fire Great Club,0x7b4d3c,1,10,40,150207,1091,0,0,Fire
weapon_items,Lightning Great Club,0x7b4da0,1,10,40,150208,1091,0,0,Lightning
weapon_items,Dark Great Club,0x7b4e04,1,10,40,150209,1091,0,0,Dark
weapon_items,Lucky Great Club,0x7b4e68,1,10,40,150210,1091,0,0,Lucky
weapon_items,Enchanted Great Club,0x7b4ecc,1,10,40,150211,1091,0,0,Enchanted
weapon_items,Holy Great Club,0x7b4f30,1,10,40,150212,1091,0,0,Holy
weapon_items,Sharp Great Club,0x7b4f94,1,10,40,150213,1091,0,0,Sharp
weapon_items,Blunt Great Club,0x7b4ff8,1,10,40,150214,1091,0,0,Blunt
weapon_items,Great Mace,0x7bbfb0,1,10,40,151400,1094,0,0,Normal
weapon_items,Lethal Great Mace,0x7bc014,1,10,40,151401,1094,0,0,Lethal
weapon_items,Cursed Great Mace,0x7bc078,1,10,40,151402,1094,0,0,Cursed
weapon_items,Poison Great Mace,0x7bc0dc,1,10,40,151403,1094,0,0,Poison
weapon_items,Blood Great Mace,0x7bc140,1,10,40,151404,1094,0,0,Blood
weapon_items,Frost Great Mace,0x7bc1a4,1,10,40,151405,1094,0,0,Frost
weapon_items,Magic Great Mace,0x7bc208,1,10,40,151406,1094,0,0,Magic
weapon_items,Fire Great Mace,0x7bc26c,1,10,40,151407,1094,0,0,Fire
weapon_items,Lightning Great Mace,0x7bc2d0,1,10,40,151408,1094,0,0,Lightning
weapon_items,Dark Great Mace,0x7bc334,1,10,40,151409,1094,0,0,Dark
weapon_items,Lucky Great Mace,0x7bc398,1,10,40,151410,1094,0,0,Lucky
weapon_items,Enchanted Great Mace,0x7bc3fc,1,10,40,151411,1094,0,0,Enchanted
weapon_items,Holy Great Mace,0x7bc460,1,10,40,151412,1094,0,0,Holy
weapon_items,Sharp Great Mace,0x7bc4c4,1,10,40,151413,1094,0,0,Sharp
weapon_items,Blunt Great Mace,0x7bc528,1,10,40,151414,1094,0,0,Blunt
weapon_items,Great Wooden Hammer,0x7c8300,1,10,30,152000,1099,0,0,Normal
weapon_items,Lethal Great Wooden Hammer,0x7c8364,1,10,30,152001,1099,0,0,Lethal
weapon_items,Cursed Great Wooden Hammer,0x7c83c8,1,10,30,152002,1099,0,0,Cursed
weapon_items,Poison Great Wooden Hammer,0x7c842c,1,10,30,152003,1099,0,0,Poison
weapon_items,Blood Great Wooden Hammer,0x7c8490,1,10,30,152004,1099,0,0,Blood
weapon_items,Frost Great Wooden Hammer,0x7c84f4,1,10,30,152005,1099,0,0,Frost
weapon_items,Magic Great Wooden Hammer,0x7c8558,1,10,30,152006,1099,0,0,Magic
weapon_items,Fire Great Wooden Hammer,0x7c85bc,1,10,30,152007,1099,0,0,Fire
weapon_items,Lightning Great Wooden Hammer,0x7c8620,1,10,30,152008,1099,0,0,Lightning
weapon_items,Dark Great Wooden Hammer,0x7c8684,1,10,30,152009,1099,0,0,Dark
weapon_items,Lucky Great Wooden Hammer,0x7c86e8,1,10,30,152010,1099,0,0,Lucky
weapon_items,Enchanted Great Wooden Hammer,0x7c874c,1,10,30,152011,1099,0,0,Enchanted
weapon_items,Holy Great Wooden Hammer,0x7c87b0,1,10,30,152012,1099,0,0,Holy
weapon_items,Sharp Great Wooden Hammer,0x7c8814,1,10,30,152013,1099,0,0,Sharp
weapon_items,Blunt Great Wooden Hammer,0x7c8878,1,10,30,152014,1099,0,0,Blunt
weapon_items,Gargoyle Flame Hammer,0x7caa10,1,10,40,152200,1100,0,0,Normal
weapon_items,Lethal Gargoyle Flame Hammer,0x7caa74,1,10,40,152201,1100,0,0,Lethal
weapon_items,Cursed Gargoyle Flame Hammer,0x7caad8,1,10,40,152202,1100,0,0,Cursed
weapon_items,Poison Gargoyle Flame Hammer,0x7cab3c,1,10,40,152203,1100,0,0,Poison
weapon_items,Blood Gargoyle Flame Hammer,0x7caba0,1,10,40,152204,1100,0,0,Blood
weapon_items,Frost Gargoyle Flame Hammer,0x7cac04,1,10,40,152205,1100,0,0,Frost
weapon_items,Magic Gargoyle Flame Hammer,0x7cac68,1,10,40,152206,1100,0,0,Magic
weapon_items,Fire Gargoyle Flame Hammer,0x7caccc,1,10,40,152207,1100,0,0,Fire
weapon_items,Lightning Gargoyle Flame Hammer,0x7cad30,1,10,40,152208,1100,0,0,Lightning
weapon_items,Dark Gargoyle Flame Hammer,0x7cad94,1,10,40,152209,1100,0,0,Dark
weapon_items,Lucky Gargoyle Flame Hammer,0x7cadf8,1,10,40,152210,1100,0,0,Lucky
weapon_items,Enchanted Gargoyle Flame Hammer,0x7cae5c,1,10,40,152211,1100,0,0,Enchanted
weapon_items,Holy Gargoyle Flame Hammer,0x7caec0,1,10,40,152212,1100,0,0,Holy
weapon_items,Sharp Gargoyle Flame Hammer,0x7caf24,1,10,40,152213,1100,0,0,Sharp
weapon_items,Blunt Gargoyle Flame Hammer,0x7caf88,1,10,40,152214,1100,0,0,Blunt
weapon_items,Vordt's Great Hammer,0x7cd120,1,10,40,154800,1101,0,0,Normal
weapon_items,Vordt's Lethal Great Hammer,0x7cd184,1,10,40,154801,1101,0,0,Lethal
weapon_items,Vordt's Cursed Great Hammer,0x7cd1e8,1,10,40,154802,1101,0,0,Cursed
weapon_items,Vordt's Poison Great Hammer,0x7cd24c,1,10,40,154803,1101,0,0,Poison
weapon_items,Vordt's Blood Great Hammer,0x7cd2b0,1,10,40,154804,1101,0,0,Blood
weapon_items,Vordt's Frost Great Hammer,0x7cd314,1,10,40,154805,1101,0,0,Frost
weapon_items,Vordt's Magic Great Hammer,0x7cd378,1,10,40,154806,1101,0,0,Magic
weapon_items,Vordt's Fire Great Hammer,0x7cd3dc,1,10,40,154807,1101,0,0,Fire
weapon_items,Vordt's Lightning Great Hammer,0x7cd440,1,10,40,154808,1101,0,0,Lightning
weapon_items,Vordt's Dark Great Hammer,0x7cd4a4,1,10,40,154809,1101,0,0,Dark
weapon_items,Vordt's Lucky Great Hammer,0x7cd508,1,10,40,154810,1101,0,0,Lucky
weapon_items,Vordt's Enchanted Great Hammer,0x7cd56c,1,10,40,154811,1101,0,0,Enchanted
weapon_items,Vordt's Holy Great Hammer,0x7cd5d0,1,10,40,154812,1101,0,0,Holy
weapon_items,Vordt's Sharp Great Hammer,0x7cd634,1,10,40,154813,1101,0,0,Sharp
weapon_items,Vordt's Blunt Great Hammer,0x7cd698,1,10,40,154814,1101,0,0,Blunt
weapon_items,Old King's Great Hammer,0x7cf830,1,10,50,155000,1102,0,0,Normal
weapon_items,Old King's Lethal Great Hammer,0x7cf894,1,10,50,155001,1102,0,0,Lethal
weapon_items,Old King's Cursed Great Hammer,0x7cf8f8,1,10,50,155002,1102,0,0,Cursed
weapon_items,Old King's Poison Great Hammer,0x7cf95c,1,10,50,155003,1102,0,0,Poison
weapon_items,Old King's Blood Great Hammer,0x7cf9c0,1,10,50,155004,1102,0,0,Blood
weapon_items,Old King's Frost Great Hammer,0x7cfa24,1,10,50,155005,1102,0,0,Frost
weapon_items,Old King's Magic Great Hammer,0x7cfa88,1,10,50,155006,1102,0,0,Magic
weapon_items,Old King's Fire Great Hammer,0x7cfaec,1,10,50,155007,1102,0,0,Fire
weapon_items,Old King's Lightning Great Hammer,0x7cfb50,1,10,50,155008,1102,0,0,Lightning
weapon_items,Old King's Dark Great Hammer,0x7cfbb4,1,10,50,155009,1102,0,0,Dark
weapon_items,Old King's Lucky Great Hammer,0x7cfc18,1,10,50,155010,1102,0,0,Lucky
weapon_items,Old King's Enchanted Great Hammer,0x7cfc7c,1,10,50,155011,1102,0,0,Enchanted
weapon_items,Old King's Holy Great Hammer,0x7cfce0,1,10,50,155012,1102,0,0,Holy
weapon_items,Old King's Sharp Great Hammer,0x7cfd44,1,10,50,155013,1102,0,0,Sharp
weapon_items,Old King's Blunt Great Hammer,0x7cfda8,1,10,50,155014,1102,0,0,Blunt
weapon_items,Writhing Hammer,0x7d4650,1,10,30,142000,1208,0,0,Normal
weapon_items,Lethal Writhing Hammer,0x7d46b4,1,10,30,142001,1208,0,0,Lethal
weapon_items,Cursed Writhing Hammer,0x7d4718,1,10,30,142002,1208,0,0,Cursed
weapon_items,Poison Writhing Hammer,0x7d477c,1,10,30,142003,1208,0,0,Poison
weapon_items,Blood Writhing Hammer,0x7d47e0,1,10,30,142004,1208,0,0,Blood
weapon_items,Frost Writhing Hammer,0x7d4844,1,10,30,142005,1208,0,0,Frost
weapon_items,Magic Writhing Hammer,0x7d48a8,1,10,30,142006,1208,0,0,Magic
weapon_items,Fire Writhing Hammer,0x7d490c,1,10,30,142007,1208,0,0,Fire
weapon_items,Lightning Writhing Hammer,0x7d4970,1,10,30,142008,1208,0,0,Lightning
weapon_items,Dark Writhing Hammer,0x7d49d4,1,10,30,142009,1208,0,0,Dark
weapon_items,Lucky Writhing Hammer,0x7d4a38,1,10,30,142010,1208,0,0,Lucky
weapon_items,Enchanted Writhing Hammer,0x7d4a9c,1,10,30,142011,1208,0,0,Enchanted
weapon_items,Holy Writhing Hammer,0x7d4b00,1,10,30,142012,1208,0,0,Holy
weapon_items,Sharp Writhing Hammer,0x7d4b64,1,10,30,142013,1208,0,0,Sharp
weapon_items,Blunt Writhing Hammer,0x7d4bc8,1,10,30,142014,1208,0,0,Blunt
weapon_items,Hammer of the Great Tree,0x7d9470,1,10,50,143200,1210,0,0,Normal
weapon_items,Lethal Hammer of the Great Tree,0x7d94d4,1,10,50,143201,1210,0,0,Lethal
weapon_items,Cursed Hammer of the Great Tree,0x7d9538,1,10,50,143202,1210,0,0,Cursed
weapon_items,Poison Hammer of the Great Tree,0x7d959c,1,10,50,143203,1210,0,0,Poison
weapon_items,Blood Hammer of the Great Tree,0x7d9600,1,10,50,143204,1210,0,0,Blood
weapon_items,Frost Hammer of the Great Tree,0x7d9664,1,10,50,143205,1210,0,0,Frost
weapon_items,Magic Hammer of the Great Tree,0x7d96c8,1,10,50,143206,1210,0,0,Magic
weapon_items,Fire Hammer of the Great Tree,0x7d972c,1,10,50,143207,1210,0,0,Fire
weapon_items,Lightning Hammer of the Great Tree,0x7d9790,1,10,50,143208,1210,0,0,Lightning
weapon_items,Dark Hammer of the Great Tree,0x7d97f4,1,10,50,143209,1210,0,0,Dark
weapon_items,Lucky Hammer of the Great Tree,0x7d9858,1,10,50,143210,1210,0,0,Lucky
weapon_items,Enchanted Hammer of the Great Tree,0x7d98bc,1,10,50,143211,1210,0,0,Enchanted
weapon_items,Holy Hammer of the Great Tree,0x7d9920,1,10,50,143212,1210,0,0,Holy
weapon_items,Sharp Hammer of the Great Tree,0x7d9984,1,10,50,143213,1210,0,0,Sharp
weapon_items,Blunt Hammer of the Great Tree,0x7d99e8,1,10,50,143214,1210,0,0,Blunt
weapon_items,Warpick,0x7dbb80,1,10,25,141200,1211,0,0,Normal
weapon_items,Lethal Warpick,0x7dbbe4,1,10,25,141201,1211,0,0,Lethal
weapon_items,Cursed Warpick,0x7dbc48,1,10,25,141202,1211,0,0,Cursed
weapon_items,Poison Warpick,0x7dbcac,1,10,25,141203,1211,0,0,Poison
weapon_items,Blood Warpick,0x7dbd10,1,10,25,141204,1211,0,0,Blood
weapon_items,Frost Warpick,0x7dbd74,1,10,25,141205,1211,0,0,Frost
weapon_items,Magic Warpick,0x7dbdd8,1,10,25,141206,1211,0,0,Magic
weapon_items,Fire Warpick,0x7dbe3c,1,10,25,141207,1211,0,0,Fire
weapon_items,Lightning Warpick,0x7dbea0,1,10,25,141208,1211,0,0,Lightning
weapon_items,Dark Warpick,0x7dbf04,1,10,25,141209,1211,0,0,Dark
weapon_items,Lucky Warpick,0x7dbf68,1,10,25,141210,1211,0,0,Lucky
weapon_items,Enchanted Warpick,0x7dbfcc,1,10,25,141211,1211,0,0,Enchanted
weapon_items,Holy Warpick,0x7dc030,1,10,25,141212,1211,0,0,Holy
weapon_items,Sharp Warpick,0x7dc094,1,10,25,141213,1211,0,0,Sharp
weapon_items,Blunt Warpick,0x7dc0f8,1,10,25,141214,1211,0,0,Blunt
weapon_items,Pickaxe,0x7de290,1,10,40,151800,1212,0,0,Normal
weapon_items,Lethal Pickaxe,0x7de2f4,1,10,40,151801,1212,0,0,Lethal
weapon_items,Cursed Pickaxe,0x7de358,1,10,40,151802,1212,0,0,Cursed
weapon_items,Poison Pickaxe,0x7de3bc,1,10,40,151803,1212,0,0,Poison
weapon_items,Blood Pickaxe,0x7de420,1,10,40,151804,1212,0,0,Blood
weapon_items,Frost Pickaxe,0x7de484,1,10,40,151805,1212,0,0,Frost
weapon_items,Magic Pickaxe,0x7de4e8,1,10,40,151806,1212,0,0,Magic
weapon_items,Fire Pickaxe,0x7de54c,1,10,40,151807,1212,0,0,Fire
weapon_items,Lightning Pickaxe,0x7de5b0,1,10,40,151808,1212,0,0,Lightning
weapon_items,Dark Pickaxe,0x7de614,1,10,40,151809,1212,0,0,Dark
weapon_items,Lucky Pickaxe,0x7de678,1,10,40,151810,1212,0,0,Lucky
weapon_items,Enchanted Pickaxe,0x7de6dc,1,10,40,151811,1212,0,0,Enchanted
weapon_items,Holy Pickaxe,0x7de740,1,10,40,151812,1212,0,0,Holy
weapon_items,Sharp Pickaxe,0x7de7a4,1,10,40,151813,1212,0,0,Sharp
weapon_items,Blunt Pickaxe,0x7de808,1,10,40,151814,1212,0,0,Blunt
weapon_items,Dragon Tooth,0x7e09a0,1,10,999,155400,1213,0,0,Normal
weapon_items,Lethal Dragon Tooth,0x7e0a04,1,10,999,155401,1213,0,0,Lethal
weapon_items,Cursed Dragon Tooth,0x7e0a68,1,10,999,155402,1213,0,0,Cursed
weapon_items,Poison Dragon Tooth,0x7e0acc,1,10,999,155403,1213,0,0,Poison
weapon_items,Blood Dragon Tooth,0x7e0b30,1,10,999,155404,1213,0,0,Blood
weapon_items,Frost Dragon Tooth,0x7e0b94,1,10,999,155405,1213,0,0,Frost
weapon_items,Magic Dragon Tooth,0x7e0bf8,1,10,999,155406,1213,0,0,Magic
weapon_items,Fire Dragon Tooth,0x7e0c5c,1,10,999,155407,1213,0,0,Fire
weapon_items,Lightning Dragon Tooth,0x7e0cc0,1,10,999,155408,1213,0,0,Lightning
weapon_items,Dark Dragon Tooth,0x7e0d24,1,10,999,155409,1213,0,0,Dark
weapon_items,Lucky Dragon Tooth,0x7e0d88,1,10,999,155410,1213,0,0,Lucky
weapon_items,Enchanted Dragon Tooth,0x7e0dec,1,10,999,155411,1213,0,0,Enchanted
weapon_items,Holy Dragon Tooth,0x7e0e50,1,10,999,155412,1213,0,0,Holy
weapon_items,Sharp Dragon Tooth,0x7e0eb4,1,10,999,155413,1213,0,0,Sharp
weapon_items,Blunt Dragon Tooth,0x7e0f18,1,10,999,155414,1213,0,0,Blunt
weapon_items,Smough's Great Hammer,0x7e30b0,1,10,40,153200,1214,0,0,Normal
weapon_items,Smough's Lethal Great Hammer,0x7e3114,1,10,40,153201,1214,0,0,Lethal
weapon_items,Smough's Cursed Great Hammer,0x7e3178,1,10,40,153202,1214,0,0,Cursed
weapon_items,Smough's Poison Great Hammer,0x7e31dc,1,10,40,153203,1214,0,0,Poison
weapon_items,Smough's Blood Great Hammer,0x7e3240,1,10,40,153204,1214,0,0,Blood
weapon_items,Smough's Frost Great Hammer,0x7e32a4,1,10,40,153205,1214,0,0,Frost
weapon_items,Smough's Magic Great Hammer,0x7e3308,1,10,40,153206,1214,0,0,Magic
weapon_items,Smough's Fire Great Hammer,0x7e336c,1,10,40,153207,1214,0,0,Fire
weapon_items,Smough's Lightning Great Hammer,0x7e33d0,1,10,40,153208,1214,0,0,Lightning
weapon_items,Smough's Dark Great Hammer,0x7e3434,1,10,40,153209,1214,0,0,Dark
weapon_items,Smough's Lucky Great Hammer,0x7e3498,1,10,40,153210,1214,0,0,Lucky
weapon_items,Smough's Enchanted Great Hammer,0x7e34fc,1,10,40,153211,1214,0,0,Enchanted
weapon_items,Smough's Holy Great Hammer,0x7e3560,1,10,40,153212,1214,0,0,Holy
weapon_items,Smough's Sharp Great Hammer,0x7e35c4,1,10,40,153213,1214,0,0,Sharp
weapon_items,Smough's Blunt Great Hammer,0x7e3628,1,10,40,153214,1214,0,0,Blunt
weapon_items,Blacksmith Hammer,0x7e57c0,1,10,25,141800,1215,0,0,Normal
weapon_items,Lethal Blacksmith Hammer,0x7e5824,1,10,25,141801,1215,0,0,Lethal
weapon_items,Cursed Blacksmith Hammer,0x7e5888,1,10,25,141802,1215,0,0,Cursed
weapon_items,Poison Blacksmith Hammer,0x7e58ec,1,10,25,141803,1215,0,0,Poison
weapon_items,Blood Blacksmith Hammer,0x7e5950,1,10,25,141804,1215,0,0,Blood
weapon_items,Frost Blacksmith Hammer,0x7e59b4,1,10,25,141805,1215,0,0,Frost
weapon_items,Magic Blacksmith Hammer,0x7e5a18,1,10,25,141806,1215,0,0,Magic
weapon_items,Fire Blacksmith Hammer,0x7e5a7c,1,10,25,141807,1215,0,0,Fire
weapon_items,Lightning Blacksmith Hammer,0x7e5ae0,1,10,25,141808,1215,0,0,Lightning
weapon_items,Dark Blacksmith Hammer,0x7e5b44,1,10,25,141809,1215,0,0,Dark
weapon_items,Lucky Blacksmith Hammer,0x7e5ba8,1,10,25,141810,1215,0,0,Lucky
weapon_items,Enchanted Blacksmith Hammer,0x7e5c0c,1,10,25,141811,1215,0,0,Enchanted
weapon_items,Holy Blacksmith Hammer,0x7e5c70,1,10,25,141812,1215,0,0,Holy
weapon_items,Sharp Blacksmith Hammer,0x7e5cd4,1,10,25,141813,1215,0,0,Sharp
weapon_items,Blunt Blacksmith Hammer,0x7e5d38,1,10,25,141814,1215,0,0,Blunt
weapon_items,Morne's Great Hammer,0x7e7ed0,1,10,50,152400,1263,0,0,Normal
weapon_items,Morne's Lethal Great Hammer,0x7e7f34,1,10,50,152401,1263,0,0,Lethal
weapon_items,Morne's Cursed Great Hammer,0x7e7f98,1,10,50,152402,1263,0,0,Cursed
weapon_items,Morne's Poison Great Hammer,0x7e7ffc,1,10,50,152403,1263,0,0,Poison
weapon_items,Morne's Blood Great Hammer,0x7e8060,1,10,50,152404,1263,0,0,Blood
weapon_items,Morne's Frost Great Hammer,0x7e80c4,1,10,50,152405,1263,0,0,Frost
weapon_items,Morne's Magic Great Hammer,0x7e8128,1,10,50,152406,1263,0,0,Magic
weapon_items,Morne's Fire Great Hammer,0x7e818c,1,10,50,152407,1263,0,0,Fire
weapon_items,Morne's Lightning Great Hammer,0x7e81f0,1,10,50,152408,1263,0,0,Lightning
weapon_items,Morne's Dark Great Hammer,0x7e8254,1,10,50,152409,1263,0,0,Dark
weapon_items,Morne's Lucky Great Hammer,0x7e82b8,1,10,50,152410,1263,0,0,Lucky
weapon_items,Morne's Enchanted Great Hammer,0x7e831c,1,10,50,152411,1263,0,0,Enchanted
weapon_items,Morne's Holy Great Hammer,0x7e8380,1,10,50,152412,1263,0,0,Holy
weapon_items,Morne's Sharp Great Hammer,0x7e83e4,1,10,50,152413,1263,0,0,Sharp
weapon_items,Morne's Blunt Great Hammer,0x7e8448,1,10,50,152414,1263,0,0,Blunt
weapon_items,Spiked Mace,0x7ea5e0,1,10,30,151600,1264,0,0,Normal
weapon_items,Lethal Spiked Mace,0x7ea644,1,10,30,151601,1264,0,0,Lethal
weapon_items,Cursed Spiked Mace,0x7ea6a8,1,10,30,151602,1264,0,0,Cursed
weapon_items,Poison Spiked Mace,0x7ea70c,1,10,30,151603,1264,0,0,Poison
weapon_items,Blood Spiked Mace,0x7ea770,1,10,30,151604,1264,0,0,Blood
weapon_items,Frost Spiked Mace,0x7ea7d4,1,10,30,151605,1264,0,0,Frost
weapon_items,Magic Spiked Mace,0x7ea838,1,10,30,151606,1264,0,0,Magic
weapon_items,Fire Spiked Mace,0x7ea89c,1,10,30,151607,1264,0,0,Fire
weapon_items,Lightning Spiked Mace,0x7ea900,1,10,30,151608,1264,0,0,Lightning
weapon_items,Dark Spiked Mace,0x7ea964,1,10,30,151609,1264,0,0,Dark
weapon_items,Lucky Spiked Mace,0x7ea9c8,1,10,30,151610,1264,0,0,Lucky
weapon_items,Enchanted Spiked Mace,0x7eaa2c,1,10,30,151611,1264,0,0,Enchanted
weapon_items,Holy Spiked Mace,0x7eaa90,1,10,30,151612,1264,0,0,Holy
weapon_items,Sharp Spiked Mace,0x7eaaf4,1,10,30,151613,1264,0,0,Sharp
weapon_items,Blunt Spiked Mace,0x7eab58,1,10,30,151614,1264,0,0,Blunt
weapon_items,Quakestone Hammer,0x7eccf0,1,10,40,153200,1271,0,0,Normal
weapon_items,Lethal Quakestone Hammer,0x7ecd54,1,10,40,153201,1271,0,0,Lethal
weapon_items,Curse Quakestone Hammer,0x7ecdb8,1,10,40,153202,1271,0,0,Cursed
weapon_items,Poison Quakestone Hammer,0x7ece1c,1,10,40,153203,1271,0,0,Poison
weapon_items,Blood Quakestone Hammer,0x7ece80,1,10,40,153204,1271,0,0,Blood
weapon_items,Frost Quakestone Hammer,0x7ecee4,1,10,40,153205,1271,0,0,Frost
weapon_items,Magic Quakestone Hammer,0x7ecf48,1,10,40,153206,1271,0,0,Magic
weapon_items,Fire Quakestone Hammer,0x7ecfac,1,10,40,153207,1271,0,0,Fire
weapon_items,Lightning Quakestone Hammer,0x7ed010,1,10,40,153208,1271,0,0,Lightning
weapon_items,Dark Quakestone Hammer,0x7ed074,1,10,40,153209,1271,0,0,Dark
weapon_items,Lucky Quakestone Hammer,0x7ed0d8,1,10,40,153210,1271,0,0,Lucky
weapon_items,Enchanted Quakestone Hammer,0x7ed13c,1,10,40,153211,1271,0,0,Enchanted
weapon_items,Holy Quakestone Hammer,0x7ed1a0,1,10,40,153212,1271,0,0,Holy
weapon_items,Sharp Quakestone Hammer,0x7ed204,1,10,40,153213,1271,0,0,Sharp
weapon_items,Blunt Quakestone Hammer,0x7ed268,1,10,40,153214,1271,0,0,Blunt
weapon_items,Ledo's Great Hammer,0x7ef400,1,10,50,153400,1287,0,0,Normal
weapon_items,Ledo's Lethal Great Hammer,0x7ef464,1,10,50,153401,1287,0,0,Lethal
weapon_items,Ledo's Curse Great Hammer,0x7ef4c8,1,10,50,153402,1287,0,0,Cursed
weapon_items,Ledo's Poison Great Hammer,0x7ef52c,1,10,50,153403,1287,0,0,Poison
weapon_items,Ledo's Blood Great Hammer,0x7ef590,1,10,50,153404,1287,0,0,Blood
weapon_items,Ledo's Frost Great Hammer,0x7ef5f4,1,10,50,153405,1287,0,0,Frost
weapon_items,Ledo's Magic Great Hammer,0x7ef658,1,10,50,153406,1287,0,0,Magic
weapon_items,Ledo's Fire Great Hammer,0x7ef6bc,1,10,50,153407,1287,0,0,Fire
weapon_items,Ledo's Lightning Great Hammer,0x7ef720,1,10,50,153408,1287,0,0,Lightning
weapon_items,Ledo's Dark Great Hammer,0x7ef784,1,10,50,153409,1287,0,0,Dark
weapon_items,Ledo's Lucky Great Hammer,0x7ef7e8,1,10,50,153410,1287,0,0,Lucky
weapon_items,Ledo's Enchanted Great Hammer,0x7ef84c,1,10,50,153411,1287,0,0,Enchanted
weapon_items,Ledo's Holy Great Hammer,0x7ef8b0,1,10,50,153412,1287,0,0,Holy
weapon_items,Ledo's Sharp Great Hammer,0x7ef914,1,10,50,153413,1287,0,0,Sharp
weapon_items,Ledo's Blunt Great Hammer,0x7ef978,1,10,50,153414,1287,0,0,Blunt
weapon_items,Spear,0x895440,1,10,25,160000,1104,0,0,Normal
weapon_items,Lethal Spear,0x8954a4,1,10,25,160001,1104,0,0,Lethal
weapon_items,Cursed Spear,0x895508,1,10,25,160002,1104,0,0,Cursed
weapon_items,Poison Spear,0x89556c,1,10,25,160003,1104,0,0,Poison
weapon_items,Blood Spear,0x8955d0,1,10,25,160004,1104,0,0,Blood
weapon_items,Frost Spear,0x895634,1,10,25,160005,1104,0,0,Frost
weapon_items,Magic Spear,0x895698,1,10,25,160006,1104,0,0,Magic
weapon_items,Fire Spear,0x8956fc,1,10,25,160007,1104,0,0,Fire
weapon_items,Lightning Spear,0x895760,1,10,25,160008,1104,0,0,Lightning
weapon_items,Dark Spear,0x8957c4,1,10,25,160009,1104,0,0,Dark
weapon_items,Lucky Spear,0x895828,1,10,25,160010,1104,0,0,Lucky
weapon_items,Enchanted Spear,0x89588c,1,10,25,160011,1104,0,0,Enchanted
weapon_items,Holy Spear,0x8958f0,1,10,25,160012,1104,0,0,Holy
weapon_items,Sharp Spear,0x895954,1,10,25,160013,1104,0,0,Sharp
weapon_items,Blunt Spear,0x8959b8,1,10,25,160014,1104,0,0,Blunt
weapon_items,Winged Spear,0x897b50,1,10,25,160200,1105,0,0,Normal
weapon_items,Lethal Winged Spear,0x897bb4,1,10,25,160201,1105,0,0,Lethal
weapon_items,Cursed Winged Spear,0x897c18,1,10,25,160202,1105,0,0,Cursed
weapon_items,Poison Winged Spear,0x897c7c,1,10,25,160203,1105,0,0,Poison
weapon_items,Blood Winged Spear,0x897ce0,1,10,25,160204,1105,0,0,Blood
weapon_items,Frost Winged Spear,0x897d44,1,10,25,160205,1105,0,0,Frost
weapon_items,Magic Winged Spear,0x897da8,1,10,25,160206,1105,0,0,Magic
weapon_items,Fire Winged Spear,0x897e0c,1,10,25,160207,1105,0,0,Fire
weapon_items,Lightning Winged Spear,0x897e70,1,10,25,160208,1105,0,0,Lightning
weapon_items,Dark Winged Spear,0x897ed4,1,10,25,160209,1105,0,0,Dark
weapon_items,Lucky Winged Spear,0x897f38,1,10,25,160210,1105,0,0,Lucky
weapon_items,Enchanted Winged Spear,0x897f9c,1,10,25,160211,1105,0,0,Enchanted
weapon_items,Holy Winged Spear,0x898000,1,10,25,160212,1105,0,0,Holy
weapon_items,Sharp Winged Spear,0x898064,1,10,25,160213,1105,0,0,Sharp
weapon_items,Blunt Winged Spear,0x8980c8,1,10,25,160214,1105,0,0,Blunt
weapon_items,Partizan,0x89c970,1,10,25,160600,1107,0,0,Normal
weapon_items,Lethal Partizan,0x89c9d4,1,10,25,160601,1107,0,0,Lethal
weapon_items,Cursed Partizan,0x89ca38,1,10,25,160602,1107,0,0,Cursed
weapon_items,Poison Partizan,0x89ca9c,1,10,25,160603,1107,0,0,Poison
weapon_items,Blood Partizan,0x89cb00,1,10,25,160604,1107,0,0,Blood
weapon_items,Frost Partizan,0x89cb64,1,10,25,160605,1107,0,0,Frost
weapon_items,Magic Partizan,0x89cbc8,1,10,25,160606,1107,0,0,Magic
weapon_items,Fire Partizan,0x89cc2c,1,10,25,160607,1107,0,0,Fire
weapon_items,Lightning Partizan,0x89cc90,1,10,25,160608,1107,0,0,Lightning
weapon_items,Dark Partizan,0x89ccf4,1,10,25,160609,1107,0,0,Dark
weapon_items,Lucky Partizan,0x89cd58,1,10,25,160610,1107,0,0,Lucky
weapon_items,Enchanted Partizan,0x89cdbc,1,10,25,160611,1107,0,0,Enchanted
weapon_items,Holy Partizan,0x89ce20,1,10,25,160612,1107,0,0,Holy
weapon_items,Sharp Partizan,0x89ce84,1,10,25,160613,1107,0,0,Sharp
weapon_items,Blunt Partizan,0x89cee8,1,10,25,160614,1107,0,0,Blunt
weapon_items,Grand Lance,0x8a8cc0,1,10,30,180000,1006,0,0,Normal
weapon_items,Lethal Grand Lance,0x8a8d24,1,10,30,180001,1006,0,0,Lethal
weapon_items,Cursed Grand Lance,0x8a8d88,1,10,30,180002,1006,0,0,Cursed
weapon_items,Poison Grand Lance,0x8a8dec,1,10,30,180003,1006,0,0,Poison
weapon_items,Blood Grand Lance,0x8a8e50,1,10,30,180004,1006,0,0,Blood
weapon_items,Frost Grand Lance,0x8a8eb4,1,10,30,180005,1006,0,0,Frost
weapon_items,Magic Grand Lance,0x8a8f18,1,10,30,180006,1006,0,0,Magic
weapon_items,Fire Grand Lance,0x8a8f7c,1,10,30,180007,1006,0,0,Fire
weapon_items,Lightning Grand Lance,0x8a8fe0,1,10,30,180008,1006,0,0,Lightning
weapon_items,Dark Grand Lance,0x8a9044,1,10,30,180009,1006,0,0,Dark
weapon_items,Lucky Grand Lance,0x8a90a8,1,10,30,180010,1006,0,0,Lucky
weapon_items,Enchanted Grand Lance,0x8a910c,1,10,30,180011,1006,0,0,Enchanted
weapon_items,Holy Grand Lance,0x8a9170,1,10,30,180012,1006,0,0,Holy
weapon_items,Sharp Grand Lance,0x8a91d4,1,10,30,180013,1006,0,0,Sharp
weapon_items,Blunt Grand Lance,0x8a9238,1,10,30,180014,1006,0,0,Blunt
weapon_items,Lothric Knight Long Spear,0x8ab3d0,1,10,25,170400,1112,0,0,Normal
weapon_items,Lethal Lothric Knight Long Spear,0x8ab434,1,10,25,170401,1112,0,0,Lethal
weapon_items,Cursed Lothric Knight Long Spear,0x8ab498,1,10,25,170402,1112,0,0,Cursed
weapon_items,Poison Lothric Knight Long Spear,0x8ab4fc,1,10,25,170403,1112,0,0,Poison
weapon_items,Blood Lothric Knight Long Spear,0x8ab560,1,10,25,170404,1112,0,0,Blood
weapon_items,Frost Lothric Knight Long Spear,0x8ab5c4,1,10,25,170405,1112,0,0,Frost
weapon_items,Magic Lothric Knight Long Spear,0x8ab628,1,10,25,170406,1112,0,0,Magic
weapon_items,Fire Lothric Knight Long Spear,0x8ab68c,1,10,25,170407,1112,0,0,Fire
weapon_items,Lightning Lothric Knight Long Spear,0x8ab6f0,1,10,25,170408,1112,0,0,Lightning
weapon_items,Dark Lothric Knight Long Spear,0x8ab754,1,10,25,170409,1112,0,0,Dark
weapon_items,Lucky Lothric Knight Long Spear,0x8ab7b8,1,10,25,170410,1112,0,0,Lucky
weapon_items,Enchanted Lothric Knight Long Spear,0x8ab81c,1,10,25,170411,1112,0,0,Enchanted
weapon_items,Holy Lothric Knight Long Spear,0x8ab880,1,10,25,170412,1112,0,0,Holy
weapon_items,Sharp Lothric Knight Long Spear,0x8ab8e4,1,10,25,170413,1112,0,0,Sharp
weapon_items,Blunt Lothric Knight Long Spear,0x8ab948,1,10,25,170414,1112,0,0,Blunt
weapon_items,Four-Pronged Plow,0x8adae0,1,10,25,161000,1113,0,0,Normal
weapon_items,Lethal Four-Pronged Plow,0x8adb44,1,10,25,161001,1113,0,0,Lethal
weapon_items,Cursed Four-Pronged Plow,0x8adba8,1,10,25,161002,1113,0,0,Cursed
weapon_items,Poison Four-Pronged Plow,0x8adc0c,1,10,25,161003,1113,0,0,Poison
weapon_items,Blood Four-Pronged Plow,0x8adc70,1,10,25,161004,1113,0,0,Blood
weapon_items,Frost Four-Pronged Plow,0x8adcd4,1,10,25,161005,1113,0,0,Frost
weapon_items,Magic Four-Pronged Plow,0x8add38,1,10,25,161006,1113,0,0,Magic
weapon_items,Fire Four-Pronged Plow,0x8add9c,1,10,25,161007,1113,0,0,Fire
weapon_items,Lightning Four-Pronged Plow,0x8ade00,1,10,25,161008,1113,0,0,Lightning
weapon_items,Dark Four-Pronged Plow,0x8ade64,1,10,25,161009,1113,0,0,Dark
weapon_items,Lucky Four-Pronged Plow,0x8adec8,1,10,25,161010,1113,0,0,Lucky
weapon_items,Enchanted Four-Pronged Plow,0x8adf2c,1,10,25,161011,1113,0,0,Enchanted
weapon_items,Holy Four-Pronged Plow,0x8adf90,1,10,25,161012,1113,0,0,Holy
weapon_items,Sharp Four-Pronged Plow,0x8adff4,1,10,25,161013,1113,0,0,Sharp
weapon_items,Blunt Four-Pronged Plow,0x8ae058,1,10,25,161014,1113,0,0,Blunt
weapon_items,Gargoyle Flame Spear,0x8b01f0,1,10,25,162400,1114,0,0,Normal
weapon_items,Lethal Gargoyle Flame Spear,0x8b0254,1,10,25,162401,1114,0,0,Lethal
weapon_items,Cursed Gargoyle Flame Spear,0x8b02b8,1,10,25,162402,1114,0,0,Cursed
weapon_items,Poison Gargoyle Flame Spear,0x8b031c,1,10,25,162403,1114,0,0,Poison
weapon_items,Blood Gargoyle Flame Spear,0x8b0380,1,10,25,162404,1114,0,0,Blood
weapon_items,Frost Gargoyle Flame Spear,0x8b03e4,1,10,25,162405,1114,0,0,Frost
weapon_items,Magic Gargoyle Flame Spear,0x8b0448,1,10,25,162406,1114,0,0,Magic
weapon_items,Fire Gargoyle Flame Spear,0x8b04ac,1,10,25,162407,1114,0,0,Fire
weapon_items,Lightning Gargoyle Flame Spear,0x8b0510,1,10,25,162408,1114,0,0,Lightning
weapon_items,Dark Gargoyle Flame Spear,0x8b0574,1,10,25,162409,1114,0,0,Dark
weapon_items,Lucky Gargoyle Flame Spear,0x8b05d8,1,10,25,162410,1114,0,0,Lucky
weapon_items,Enchanted Gargoyle Flame Spear,0x8b063c,1,10,25,162411,1114,0,0,Enchanted
weapon_items,Holy Gargoyle Flame Spear,0x8b06a0,1,10,25,162412,1114,0,0,Holy
weapon_items,Sharp Gargoyle Flame Spear,0x8b0704,1,10,25,162413,1114,0,0,Sharp
weapon_items,Blunt Gargoyle Flame Spear,0x8b0768,1,10,25,162414,1114,0,0,Blunt
weapon_items,Rotten Ghru Spear,0x8b2900,1,10,20,160800,1115,0,0,Normal
weapon_items,Lethal Rotten Ghru Spear,0x8b2964,1,10,20,160801,1115,0,0,Lethal
weapon_items,Cursed Rotten Ghru Spear,0x8b29c8,1,10,20,160802,1115,0,0,Cursed
weapon_items,Poison Rotten Ghru Spear,0x8b2a2c,1,10,20,160803,1115,0,0,Poison
weapon_items,Blood Rotten Ghru Spear,0x8b2a90,1,10,20,160804,1115,0,0,Blood
weapon_items,Frost Rotten Ghru Spear,0x8b2af4,1,10,20,160805,1115,0,0,Frost
weapon_items,Magic Rotten Ghru Spear,0x8b2b58,1,10,20,160806,1115,0,0,Magic
weapon_items,Fire Rotten Ghru Spear,0x8b2bbc,1,10,20,160807,1115,0,0,Fire
weapon_items,Lightning Rotten Ghru Spear,0x8b2c20,1,10,20,160808,1115,0,0,Lightning
weapon_items,Dark Rotten Ghru Spear,0x8b2c84,1,10,20,160809,1115,0,0,Dark
weapon_items,Lucky Rotten Ghru Spear,0x8b2ce8,1,10,20,160810,1115,0,0,Lucky
weapon_items,Enchanted Rotten Ghru Spear,0x8b2d4c,1,10,20,160811,1115,0,0,Enchanted
weapon_items,Holy Rotten Ghru Spear,0x8b2db0,1,10,20,160812,1115,0,0,Holy
weapon_items,Sharp Rotten Ghru Spear,0x8b2e14,1,10,20,160813,1115,0,0,Sharp
weapon_items,Blunt Rotten Ghru Spear,0x8b2e78,1,10,20,160814,1115,0,0,Blunt
weapon_items,Tailbone Spear,0x8b5010,1,10,25,164200,1116,0,0,Normal
weapon_items,Lethal Tailbone Spear,0x8b5074,1,10,25,164201,1116,0,0,Lethal
weapon_items,Cursed Tailbone Spear,0x8b50d8,1,10,25,164202,1116,0,0,Cursed
weapon_items,Poison Tailbone Spear,0x8b513c,1,10,25,164203,1116,0,0,Poison
weapon_items,Blood Tailbone Spear,0x8b51a0,1,10,25,164204,1116,0,0,Blood
weapon_items,Frost Tailbone Spear,0x8b5204,1,10,25,164205,1116,0,0,Frost
weapon_items,Magic Tailbone Spear,0x8b5268,1,10,25,164206,1116,0,0,Magic
weapon_items,Fire Tailbone Spear,0x8b52cc,1,10,25,164207,1116,0,0,Fire
weapon_items,Lightning Tailbone Spear,0x8b5330,1,10,25,164208,1116,0,0,Lightning
weapon_items,Dark Tailbone Spear,0x8b5394,1,10,25,164209,1116,0,0,Dark
weapon_items,Lucky Tailbone Spear,0x8b53f8,1,10,25,164210,1116,0,0,Lucky
weapon_items,Enchanted Tailbone Spear,0x8b545c,1,10,25,164211,1116,0,0,Enchanted
weapon_items,Holy Tailbone Spear,0x8b54c0,1,10,25,164212,1116,0,0,Holy
weapon_items,Sharp Tailbone Spear,0x8b5524,1,10,25,164213,1116,0,0,Sharp
weapon_items,Blunt Tailbone Spear,0x8b5588,1,10,25,164214,1116,0,0,Blunt
weapon_items,Branding Iron,0x8b7720,1,10,25,162600,1117,0,0,Normal
weapon_items,Lethal Branding Iron,0x8b7784,1,10,25,162601,1117,0,0,Lethal
weapon_items,Cursed Branding Iron,0x8b77e8,1,10,25,162602,1117,0,0,Cursed
weapon_items,Poison Branding Iron,0x8b784c,1,10,25,162603,1117,0,0,Poison
weapon_items,Blood Branding Iron,0x8b78b0,1,10,25,162604,1117,0,0,Blood
weapon_items,Frost Branding Iron,0x8b7914,1,10,25,162605,1117,0,0,Frost
weapon_items,Magic Branding Iron,0x8b7978,1,10,25,162606,1117,0,0,Magic
weapon_items,Fire Branding Iron,0x8b79dc,1,10,25,162607,1117,0,0,Fire
weapon_items,Lightning Branding Iron,0x8b7a40,1,10,25,162608,1117,0,0,Lightning
weapon_items,Dark Branding Iron,0x8b7aa4,1,10,25,162609,1117,0,0,Dark
weapon_items,Lucky Branding Iron,0x8b7b08,1,10,25,162610,1117,0,0,Lucky
weapon_items,Enchanted Branding Iron,0x8b7b6c,1,10,25,162611,1117,0,0,Enchanted
weapon_items,Holy Branding Iron,0x8b7bd0,1,10,25,162612,1117,0,0,Holy
weapon_items,Sharp Branding Iron,0x8b7c34,1,10,25,162613,1117,0,0,Sharp
weapon_items,Blunt Branding Iron,0x8b7c98,1,10,25,162614,1117,0,0,Blunt
weapon_items,Dragonslayer Swordspear,0x8bc540,1,10,30,164000,1118,0,0,Normal
weapon_items,Lethal Dragonslayer Swordspear,0x8bc5a4,1,10,30,164001,1118,0,0,Lethal
weapon_items,Cursed Dragonslayer Swordspear,0x8bc608,1,10,30,164002,1118,0,0,Cursed
weapon_items,Poison Dragonslayer Swordspear,0x8bc66c,1,10,30,164003,1118,0,0,Poison
weapon_items,Blood Dragonslayer Swordspear,0x8bc6d0,1,10,30,164004,1118,0,0,Blood
weapon_items,Frost Dragonslayer Swordspear,0x8bc734,1,10,30,164005,1118,0,0,Frost
weapon_items,Magic Dragonslayer Swordspear,0x8bc798,1,10,30,164006,1118,0,0,Magic
weapon_items,Fire Dragonslayer Swordspear,0x8bc7fc,1,10,30,164007,1118,0,0,Fire
weapon_items,Lightning Dragonslayer Swordspear,0x8bc860,1,10,30,164008,1118,0,0,Lightning
weapon_items,Dark Dragonslayer Swordspear,0x8bc8c4,1,10,30,164009,1118,0,0,Dark
weapon_items,Lucky Dragonslayer Swordspear,0x8bc928,1,10,30,164010,1118,0,0,Lucky
weapon_items,Enchanted Dragonslayer Swordspear,0x8bc98c,1,10,30,164011,1118,0,0,Enchanted
weapon_items,Holy Dragonslayer Swordspear,0x8bc9f0,1,10,30,164012,1118,0,0,Holy
weapon_items,Sharp Dragonslayer Swordspear,0x8bca54,1,10,30,164013,1118,0,0,Sharp
weapon_items,Blunt Dragonslayer Swordspear,0x8bcab8,1,10,30,164014,1118,0,0,Blunt
weapon_items,Arstor's Spear,0x8bec50,1,10,30,163800,1216,0,0,Normal
weapon_items,Arstor's Lethal Spear,0x8becb4,1,10,30,163801,1216,0,0,Lethal
weapon_items,Arstor's Cursed Spear,0x8bed18,1,10,30,163802,1216,0,0,Cursed
weapon_items,Arstor's Poison Spear,0x8bed7c,1,10,30,163803,1216,0,0,Poison
weapon_items,Arstor's Blood Spear,0x8bede0,1,10,30,163804,1216,0,0,Blood
weapon_items,Arstor's Frost Spear,0x8bee44,1,10,30,163805,1216,0,0,Frost
weapon_items,Arstor's Magic Spear,0x8beea8,1,10,30,163806,1216,0,0,Magic
weapon_items,Arstor's Fire Spear,0x8bef0c,1,10,30,163807,1216,0,0,Fire
weapon_items,Arstor's Lightning Spear,0x8bef70,1,10,30,163808,1216,0,0,Lightning
weapon_items,Arstor's Dark Spear,0x8befd4,1,10,30,163809,1216,0,0,Dark
weapon_items,Arstor's Lucky Spear,0x8bf038,1,10,30,163810,1216,0,0,Lucky
weapon_items,Arstor's Enchanted Spear,0x8bf09c,1,10,30,163811,1216,0,0,Enchanted
weapon_items,Arstor's Holy Spear,0x8bf100,1,10,30,163812,1216,0,0,Holy
weapon_items,Arstor's Sharp Spear,0x8bf164,1,10,30,163813,1216,0,0,Sharp
weapon_items,Arstor's Blunt Spear,0x8bf1c8,1,10,30,163814,1216,0,0,Blunt
weapon_items,Saint Bident,0x8c1360,1,10,25,162200,1217,0,0,Normal
weapon_items,Lethal Saint Bident,0x8c13c4,1,10,25,162201,1217,0,0,Lethal
weapon_items,Cursed Saint Bident,0x8c1428,1,10,25,162202,1217,0,0,Cursed
weapon_items,Poison Saint Bident,0x8c148c,1,10,25,162203,1217,0,0,Poison
weapon_items,Blood Saint Bident,0x8c14f0,1,10,25,162204,1217,0,0,Blood
weapon_items,Frost Saint Bident,0x8c1554,1,10,25,162205,1217,0,0,Frost
weapon_items,Magic Saint Bident,0x8c15b8,1,10,25,162206,1217,0,0,Magic
weapon_items,Fire Saint Bident,0x8c161c,1,10,25,162207,1217,0,0,Fire
weapon_items,Lightning Saint Bident,0x8c1680,1,10,25,162208,1217,0,0,Lightning
weapon_items,Dark Saint Bident,0x8c16e4,1,10,25,162209,1217,0,0,Dark
weapon_items,Lucky Saint Bident,0x8c1748,1,10,25,162210,1217,0,0,Lucky
weapon_items,Enchanted Saint Bident,0x8c17ac,1,10,25,162211,1217,0,0,Enchanted
weapon_items,Holy Saint Bident,0x8c1810,1,10,25,162212,1217,0,0,Holy
weapon_items,Sharp Saint Bident,0x8c1874,1,10,25,162213,1217,0,0,Sharp
weapon_items,Blunt Saint Bident,0x8c18d8,1,10,25,162214,1217,0,0,Blunt
weapon_items,Yorshka's Spear,0x8c3a70,1,10,25,162800,1218,0,0,Normal
weapon_items,Yorshka's Lethal Spear,0x8c3ad4,1,10,25,162801,1218,0,0,Lethal
weapon_items,Yorshka's Cursed Spear,0x8c3b38,1,10,25,162802,1218,0,0,Cursed
weapon_items,Yorshka's Poison Spear,0x8c3b9c,1,10,25,162803,1218,0,0,Poison
weapon_items,Yorshka's Blood Spear,0x8c3c00,1,10,25,162804,1218,0,0,Blood
weapon_items,Yorshka's Frost Spear,0x8c3c64,1,10,25,162805,1218,0,0,Frost
weapon_items,Yorshka's Magic Spear,0x8c3cc8,1,10,25,162806,1218,0,0,Magic
weapon_items,Yorshka's Fire Spear,0x8c3d2c,1,10,25,162807,1218,0,0,Fire
weapon_items,Yorshka's Lightning Spear,0x8c3d90,1,10,25,162808,1218,0,0,Lightning
weapon_items,Yorshka's Dark Spear,0x8c3df4,1,10,25,162809,1218,0,0,Dark
weapon_items,Yorshka's Lucky Spear,0x8c3e58,1,10,25,162810,1218,0,0,Lucky
weapon_items,Yorshka's Enchanted Spear,0x8c3ebc,1,10,25,162811,1218,0,0,Enchanted
weapon_items,Yorshka's Holy Spear,0x8c3f20,1,10,25,162812,1218,0,0,Holy
weapon_items,Yorshka's Sharp Spear,0x8c3f84,1,10,25,162813,1218,0,0,Sharp
weapon_items,Yorshka's Blunt Spear,0x8c3fe8,1,10,25,162814,1218,0,0,Blunt
weapon_items,Pike,0x8c6180,1,10,25,170000,1219,0,0,Normal
weapon_items,Lethal Pike,0x8c61e4,1,10,25,170001,1219,0,0,Lethal
weapon_items,Cursed Pike,0x8c6248,1,10,25,170002,1219,0,0,Cursed
weapon_items,Poison Pike,0x8c62ac,1,10,25,170003,1219,0,0,Poison
weapon_items,Blood Pike,0x8c6310,1,10,25,170004,1219,0,0,Blood
weapon_items,Frost Pike,0x8c6374,1,10,25,170005,1219,0,0,Frost
weapon_items,Magic Pike,0x8c63d8,1,10,25,170006,1219,0,0,Magic
weapon_items,Fire Pike,0x8c643c,1,10,25,170007,1219,0,0,Fire
weapon_items,Lightning Pike,0x8c64a0,1,10,25,170008,1219,0,0,Lightning
weapon_items,Dark Pike,0x8c6504,1,10,25,170009,1219,0,0,Dark
weapon_items,Lucky Pike,0x8c6568,1,10,25,170010,1219,0,0,Lucky
weapon_items,Enchanted Pike,0x8c65cc,1,10,25,170011,1219,0,0,Enchanted
weapon_items,Holy Pike,0x8c6630,1,10,25,170012,1219,0,0,Holy
weapon_items,Sharp Pike,0x8c6694,1,10,25,170013,1219,0,0,Sharp
weapon_items,Blunt Pike,0x8c66f8,1,10,25,170014,1219,0,0,Blunt
weapon_items,Dragonslayer Spear,0x8cafa0,1,10,30,163200,1221,0,0,Normal
weapon_items,Lethal Dragonslayer Spear,0x8cb004,1,10,30,163201,1221,0,0,Lethal
weapon_items,Cursed Dragonslayer Spear,0x8cb068,1,10,30,163202,1221,0,0,Cursed
weapon_items,Poison Dragonslayer Spear,0x8cb0cc,1,10,30,163203,1221,0,0,Poison
weapon_items,Blood Dragonslayer Spear,0x8cb130,1,10,30,163204,1221,0,0,Blood
weapon_items,Frost Dragonslayer Spear,0x8cb194,1,10,30,163205,1221,0,0,Frost
weapon_items,Magic Dragonslayer Spear,0x8cb1f8,1,10,30,163206,1221,0,0,Magic
weapon_items,Fire Dragonslayer Spear,0x8cb25c,1,10,30,163207,1221,0,0,Fire
weapon_items,Lightning Dragonslayer Spear,0x8cb2c0,1,10,30,163208,1221,0,0,Lightning
weapon_items,Dark Dragonslayer Spear,0x8cb324,1,10,30,163209,1221,0,0,Dark
weapon_items,Lucky Dragonslayer Spear,0x8cb388,1,10,30,163210,1221,0,0,Lucky
weapon_items,Enchanted Dragonslayer Spear,0x8cb3ec,1,10,30,163211,1221,0,0,Enchanted
weapon_items,Holy Dragonslayer Spear,0x8cb450,1,10,30,163212,1221,0,0,Holy
weapon_items,Sharp Dragonslayer Spear,0x8cb4b4,1,10,30,163213,1221,0,0,Sharp
weapon_items,Blunt Dragonslayer Spear,0x8cb518,1,10,30,163214,1221,0,0,Blunt
weapon_items,Follower Javelin,0x8cd6b0,1,10,25,161200,1272,0,0,Normal
weapon_items,Lethal Follower Javelin,0x8cd714,1,10,25,161201,1272,0,0,Lethal
weapon_items,Curse Follower Javelin,0x8cd778,1,10,25,161202,1272,0,0,Cursed
weapon_items,Poison Follower Javelin,0x8cd7dc,1,10,25,161203,1272,0,0,Poison
weapon_items,Blood Follower Javelin,0x8cd840,1,10,25,161204,1272,0,0,Blood
weapon_items,Frost Follower Javelin,0x8cd8a4,1,10,25,161205,1272,0,0,Frost
weapon_items,Magic Follower Javelin,0x8cd908,1,10,25,161206,1272,0,0,Magic
weapon_items,Fire Follower Javelin,0x8cd96c,1,10,25,161207,1272,0,0,Fire
weapon_items,Lightning Follower Javelin,0x8cd9d0,1,10,25,161208,1272,0,0,Lightning
weapon_items,Dark Follower Javelin,0x8cda34,1,10,25,161209,1272,0,0,Dark
weapon_items,Lucky Follower Javelin,0x8cda98,1,10,25,161210,1272,0,0,Lucky
weapon_items,Enchanted Follower Javelin,0x8cdafc,1,10,25,161211,1272,0,0,Enchanted
weapon_items,Holy Follower Javelin,0x8cdb60,1,10,25,161212,1272,0,0,Holy
weapon_items,Sharp Follower Javelin,0x8cdbc4,1,10,25,161213,1272,0,0,Sharp
weapon_items,Blunt Follower Javelin,0x8cdc28,1,10,25,161214,1272,0,0,Blunt
weapon_items,Ringed Knight Spear,0x8cfdc0,1,10,25,170800,1288,0,0,Normal
weapon_items,Lethal Ringed Knight Spear,0x8cfe24,1,10,25,170801,1288,0,0,Lethal
weapon_items,Curse Ringed Knight Spear,0x8cfe88,1,10,25,170802,1288,0,0,Cursed
weapon_items,Poison Ringed Knight Spear,0x8cfeec,1,10,25,170803,1288,0,0,Poison
weapon_items,Blood Ringed Knight Spear,0x8cff50,1,10,25,170804,1288,0,0,Blood
weapon_items,Frost Ringed Knight Spear,0x8cffb4,1,10,25,170805,1288,0,0,Frost
weapon_items,Magic Ringed Knight Spear,0x8d0018,1,10,25,170806,1288,0,0,Magic
weapon_items,Fire Ringed Knight Spear,0x8d007c,1,10,25,170807,1288,0,0,Fire
weapon_items,Lightning Ringed Knight Spear,0x8d00e0,1,10,25,170808,1288,0,0,Lightning
weapon_items,Dark Ringed Knight Spear,0x8d0144,1,10,25,170809,1288,0,0,Dark
weapon_items,Lucky Ringed Knight Spear,0x8d01a8,1,10,25,170810,1288,0,0,Lucky
weapon_items,Enchanted Ringed Knight Spear,0x8d020c,1,10,25,170811,1288,0,0,Enchanted
weapon_items,Holy Ringed Knight Spear,0x8d0270,1,10,25,170812,1288,0,0,Holy
weapon_items,Sharp Ringed Knight Spear,0x8d02d4,1,10,25,170813,1288,0,0,Sharp
weapon_items,Blunt Ringed Knight Spear,0x8d0338,1,10,25,170814,1288,0,0,Blunt
weapon_items,Lothric War Banner,0x8d24d0,1,10,25,170600,1289,0,0,Normal
weapon_items,Lethal Lothric War Banner,0x8d2534,1,10,25,170601,1289,0,0,Lethal
weapon_items,Curse Lothric War Banner,0x8d2598,1,10,25,170602,1289,0,0,Cursed
weapon_items,Poison Lothric War Banner,0x8d25fc,1,10,25,170603,1289,0,0,Poison
weapon_items,Blood Lothric War Banner,0x8d2660,1,10,25,170604,1289,0,0,Blood
weapon_items,Frost Lothric War Banner,0x8d26c4,1,10,25,170605,1289,0,0,Frost
weapon_items,Magic Lothric War Banner,0x8d2728,1,10,25,170606,1289,0,0,Magic
weapon_items,Fire Lothric War Banner,0x8d278c,1,10,25,170607,1289,0,0,Fire
weapon_items,Lightning Lothric War Banner,0x8d27f0,1,10,25,170608,1289,0,0,Lightning
weapon_items,Dark Lothric War Banner,0x8d2854,1,10,25,170609,1289,0,0,Dark
weapon_items,Lucky Lothric War Banner,0x8d28b8,1,10,25,170610,1289,0,0,Lucky
weapon_items,Enchanted Lothric War Banner,0x8d291c,1,10,25,170611,1289,0,0,Enchanted
weapon_items,Holy Lothric War Banner,0x8d2980,1,10,25,170612,1289,0,0,Holy
weapon_items,Sharp Lothric War Banner,0x8d29e4,1,10,25,170613,1289,0,0,Sharp
weapon_items,Blunt Lothric War Banner,0x8d2a48,1,10,25,170614,1289,0,0,Blunt
weapon_items,Crucifix of the Mad King,0x8d4be0,1,10,30,192800,1290,0,0,Normal
weapon_items,Lethal Crucifix of the Mad King,0x8d4c44,1,10,30,192801,1290,0,0,Lethal
weapon_items,Curse Crucifix of the Mad King,0x8d4ca8,1,10,30,192802,1290,0,0,Cursed
weapon_items,Poison Crucifix of the Mad King,0x8d4d0c,1,10,30,192803,1290,0,0,Poison
weapon_items,Blood Crucifix of the Mad King,0x8d4d70,1,10,30,192804,1290,0,0,Blood
weapon_items,Frost Crucifix of the Mad King,0x8d4dd4,1,10,30,192805,1290,0,0,Frost
weapon_items,Magic Crucifix of the Mad King,0x8d4e38,1,10,30,192806,1290,0,0,Magic
weapon_items,Fire Crucifix of the Mad King,0x8d4e9c,1,10,30,192807,1290,0,0,Fire
weapon_items,Lightning Crucifix of the Mad King,0x8d4f00,1,10,30,192808,1290,0,0,Lightning
weapon_items,Dark Crucifix of the Mad King,0x8d4f64,1,10,30,192809,1290,0,0,Dark
weapon_items,Lucky Crucifix of the Mad King,0x8d4fc8,1,10,30,192810,1290,0,0,Lucky
weapon_items,Enchanted Crucifix of the Mad King,0x8d502c,1,10,30,192811,1290,0,0,Enchanted
weapon_items,Holy Crucifix of the Mad King,0x8d5090,1,10,30,192812,1290,0,0,Holy
weapon_items,Sharp Crucifix of the Mad King,0x8d50f4,1,10,30,192813,1290,0,0,Sharp
weapon_items,Blunt Crucifix of the Mad King,0x8d5158,1,10,30,192814,1290,0,0,Blunt
weapon_items,Great Scythe,0x989680,1,10,25,200000,1119,0,0,Normal
weapon_items,Lethal Great Scythe,0x9896e4,1,10,25,200001,1119,0,0,Lethal
weapon_items,Cursed Great Scythe,0x989748,1,10,25,200002,1119,0,0,Cursed
weapon_items,Poison Great Scythe,0x9897ac,1,10,25,200003,1119,0,0,Poison
weapon_items,Blood Great Scythe,0x989810,1,10,25,200004,1119,0,0,Blood
weapon_items,Frost Great Scythe,0x989874,1,10,25,200005,1119,0,0,Frost
weapon_items,Magic Great Scythe,0x9898d8,1,10,25,200006,1119,0,0,Magic
weapon_items,Fire Great Scythe,0x98993c,1,10,25,200007,1119,0,0,Fire
weapon_items,Lightning Great Scythe,0x9899a0,1,10,25,200008,1119,0,0,Lightning
weapon_items,Dark Great Scythe,0x989a04,1,10,25,200009,1119,0,0,Dark
weapon_items,Lucky Great Scythe,0x989a68,1,10,25,200010,1119,0,0,Lucky
weapon_items,Enchanted Great Scythe,0x989acc,1,10,25,200011,1119,0,0,Enchanted
weapon_items,Holy Great Scythe,0x989b30,1,10,25,200012,1119,0,0,Holy
weapon_items,Sharp Great Scythe,0x989b94,1,10,25,200013,1119,0,0,Sharp
weapon_items,Blunt Great Scythe,0x989bf8,1,10,25,200014,1119,0,0,Blunt
weapon_items,Lucerne,0x98bd90,1,10,25,191000,1120,0,0,Normal
weapon_items,Lethal Lucerne,0x98bdf4,1,10,25,191001,1120,0,0,Lethal
weapon_items,Cursed Lucerne,0x98be58,1,10,25,191002,1120,0,0,Cursed
weapon_items,Poison Lucerne,0x98bebc,1,10,25,191003,1120,0,0,Poison
weapon_items,Blood Lucerne,0x98bf20,1,10,25,191004,1120,0,0,Blood
weapon_items,Frost Lucerne,0x98bf84,1,10,25,191005,1120,0,0,Frost
weapon_items,Magic Lucerne,0x98bfe8,1,10,25,191006,1120,0,0,Magic
weapon_items,Fire Lucerne,0x98c04c,1,10,25,191007,1120,0,0,Fire
weapon_items,Lightning Lucerne,0x98c0b0,1,10,25,191008,1120,0,0,Lightning
weapon_items,Dark Lucerne,0x98c114,1,10,25,191009,1120,0,0,Dark
weapon_items,Lucky Lucerne,0x98c178,1,10,25,191010,1120,0,0,Lucky
weapon_items,Enchanted Lucerne,0x98c1dc,1,10,25,191011,1120,0,0,Enchanted
weapon_items,Holy Lucerne,0x98c240,1,10,25,191012,1120,0,0,Holy
weapon_items,Sharp Lucerne,0x98c2a4,1,10,25,191013,1120,0,0,Sharp
weapon_items,Blunt Lucerne,0x98c308,1,10,25,191014,1120,0,0,Blunt
weapon_items,Bardiche,0x98e4a0,1,10,30,191200,1121,0,0,Normal
weapon_items,Lethal Bardiche,0x98e504,1,10,30,191201,1121,0,0,Lethal
weapon_items,Cursed Bardiche,0x98e568,1,10,30,191202,1121,0,0,Cursed
weapon_items,Poison Bardiche,0x98e5cc,1,10,30,191203,1121,0,0,Poison
weapon_items,Blood Bardiche,0x98e630,1,10,30,191204,1121,0,0,Blood
weapon_items,Frost Bardiche,0x98e694,1,10,30,191205,1121,0,0,Frost
weapon_items,Magic Bardiche,0x98e6f8,1,10,30,191206,1121,0,0,Magic
weapon_items,Fire Bardiche,0x98e75c,1,10,30,191207,1121,0,0,Fire
weapon_items,Lightning Bardiche,0x98e7c0,1,10,30,191208,1121,0,0,Lightning
weapon_items,Dark Bardiche,0x98e824,1,10,30,191209,1121,0,0,Dark
weapon_items,Lucky Bardiche,0x98e888,1,10,30,191210,1121,0,0,Lucky
weapon_items,Enchanted Bardiche,0x98e8ec,1,10,30,191211,1121,0,0,Enchanted
weapon_items,Holy Bardiche,0x98e950,1,10,30,191212,1121,0,0,Holy
weapon_items,Sharp Bardiche,0x98e9b4,1,10,30,191213,1121,0,0,Sharp
weapon_items,Blunt Bardiche,0x98ea18,1,10,30,191214,1121,0,0,Blunt
weapon_items,Halberd,0x990bb0,1,10,25,190000,1122,0,0,Normal
weapon_items,Lethal Halberd,0x990c14,1,10,25,190001,1122,0,0,Lethal
weapon_items,Cursed Halberd,0x990c78,1,10,25,190002,1122,0,0,Cursed
weapon_items,Poison Halberd,0x990cdc,1,10,25,190003,1122,0,0,Poison
weapon_items,Blood Halberd,0x990d40,1,10,25,190004,1122,0,0,Blood
weapon_items,Frost Halberd,0x990da4,1,10,25,190005,1122,0,0,Frost
weapon_items,Magic Halberd,0x990e08,1,10,25,190006,1122,0,0,Magic
weapon_items,Fire Halberd,0x990e6c,1,10,25,190007,1122,0,0,Fire
weapon_items,Lightning Halberd,0x990ed0,1,10,25,190008,1122,0,0,Lightning
weapon_items,Dark Halberd,0x990f34,1,10,25,190009,1122,0,0,Dark
weapon_items,Lucky Halberd,0x990f98,1,10,25,190010,1122,0,0,Lucky
weapon_items,Enchanted Halberd,0x990ffc,1,10,25,190011,1122,0,0,Enchanted
weapon_items,Holy Halberd,0x991060,1,10,25,190012,1122,0,0,Holy
weapon_items,Sharp Halberd,0x9910c4,1,10,25,190013,1122,0,0,Sharp
weapon_items,Blunt Halberd,0x991128,1,10,25,190014,1122,0,0,Blunt
weapon_items,Black Knight Greataxe,0x9959d0,1,10,40,130800,1124,0,0,Normal
weapon_items,Lethal Black Knight Greataxe,0x995a34,1,10,40,130801,1124,0,0,Lethal
weapon_items,Cursed Black Knight Greataxe,0x995a98,1,10,40,130802,1124,0,0,Cursed
weapon_items,Poison Black Knight Greataxe,0x995afc,1,10,40,130803,1124,0,0,Poison
weapon_items,Blood Black Knight Greataxe,0x995b60,1,10,40,130804,1124,0,0,Blood
weapon_items,Frost Black Knight Greataxe,0x995bc4,1,10,40,130805,1124,0,0,Frost
weapon_items,Magic Black Knight Greataxe,0x995c28,1,10,40,130806,1124,0,0,Magic
weapon_items,Fire Black Knight Greataxe,0x995c8c,1,10,40,130807,1124,0,0,Fire
weapon_items,Lightning Black Knight Greataxe,0x995cf0,1,10,40,130808,1124,0,0,Lightning
weapon_items,Dark Black Knight Greataxe,0x995d54,1,10,40,130809,1124,0,0,Dark
weapon_items,Lucky Black Knight Greataxe,0x995db8,1,10,40,130810,1124,0,0,Lucky
weapon_items,Enchanted Black Knight Greataxe,0x995e1c,1,10,40,130811,1124,0,0,Enchanted
weapon_items,Holy Black Knight Greataxe,0x995e80,1,10,40,130812,1124,0,0,Holy
weapon_items,Sharp Black Knight Greataxe,0x995ee4,1,10,40,130813,1124,0,0,Sharp
weapon_items,Blunt Black Knight Greataxe,0x995f48,1,10,40,130814,1124,0,0,Blunt
weapon_items,Pontiff Knight Great Scythe,0x99a7f0,1,10,20,201000,1126,0,0,Normal
weapon_items,Lethal Pontiff Knight Great Scythe,0x99a854,1,10,20,201001,1126,0,0,Lethal
weapon_items,Cursed Pontiff Knight Great Scythe,0x99a8b8,1,10,20,201002,1126,0,0,Cursed
weapon_items,Poison Pontiff Knight Great Scythe,0x99a91c,1,10,20,201003,1126,0,0,Poison
weapon_items,Blood Pontiff Knight Great Scythe,0x99a980,1,10,20,201004,1126,0,0,Blood
weapon_items,Frost Pontiff Knight Great Scythe,0x99a9e4,1,10,20,201005,1126,0,0,Frost
weapon_items,Magic Pontiff Knight Great Scythe,0x99aa48,1,10,20,201006,1126,0,0,Magic
weapon_items,Fire Pontiff Knight Great Scythe,0x99aaac,1,10,20,201007,1126,0,0,Fire
weapon_items,Lightning Pontiff Knight Great Scythe,0x99ab10,1,10,20,201008,1126,0,0,Lightning
weapon_items,Dark Pontiff Knight Great Scythe,0x99ab74,1,10,20,201009,1126,0,0,Dark
weapon_items,Lucky Pontiff Knight Great Scythe,0x99abd8,1,10,20,201010,1126,0,0,Lucky
weapon_items,Enchanted Pontiff Knight Great Scythe,0x99ac3c,1,10,20,201011,1126,0,0,Enchanted
weapon_items,Holy Pontiff Knight Great Scythe,0x99aca0,1,10,20,201012,1126,0,0,Holy
weapon_items,Sharp Pontiff Knight Great Scythe,0x99ad04,1,10,20,201013,1126,0,0,Sharp
weapon_items,Blunt Pontiff Knight Great Scythe,0x99ad68,1,10,20,201014,1126,0,0,Blunt
weapon_items,Great Corvian Scythe,0x99cf00,1,10,20,200800,1127,0,0,Normal
weapon_items,Lethal Great Corvian Scythe,0x99cf64,1,10,20,200801,1127,0,0,Lethal
weapon_items,Cursed Great Corvian Scythe,0x99cfc8,1,10,20,200802,1127,0,0,Cursed
weapon_items,Poison Great Corvian Scythe,0x99d02c,1,10,20,200803,1127,0,0,Poison
weapon_items,Blood Great Corvian Scythe,0x99d090,1,10,20,200804,1127,0,0,Blood
weapon_items,Frost Great Corvian Scythe,0x99d0f4,1,10,20,200805,1127,0,0,Frost
weapon_items,Magic Great Corvian Scythe,0x99d158,1,10,20,200806,1127,0,0,Magic
weapon_items,Fire Great Corvian Scythe,0x99d1bc,1,10,20,200807,1127,0,0,Fire
weapon_items,Lightning Great Corvian Scythe,0x99d220,1,10,20,200808,1127,0,0,Lightning
weapon_items,Dark Great Corvian Scythe,0x99d284,1,10,20,200809,1127,0,0,Dark
weapon_items,Lucky Great Corvian Scythe,0x99d2e8,1,10,20,200810,1127,0,0,Lucky
weapon_items,Enchanted Great Corvian Scythe,0x99d34c,1,10,20,200811,1127,0,0,Enchanted
weapon_items,Holy Great Corvian Scythe,0x99d3b0,1,10,20,200812,1127,0,0,Holy
weapon_items,Sharp Great Corvian Scythe,0x99d414,1,10,20,200813,1127,0,0,Sharp
weapon_items,Blunt Great Corvian Scythe,0x99d478,1,10,20,200814,1127,0,0,Blunt
weapon_items,Winged Knight Halberd,0x99f610,1,10,40,191800,1128,0,0,Normal
weapon_items,Lethal Winged Knight Halberd,0x99f674,1,10,40,191801,1128,0,0,Lethal
weapon_items,Cursed Winged Knight Halberd,0x99f6d8,1,10,40,191802,1128,0,0,Cursed
weapon_items,Poison Winged Knight Halberd,0x99f73c,1,10,40,191803,1128,0,0,Poison
weapon_items,Blood Winged Knight Halberd,0x99f7a0,1,10,40,191804,1128,0,0,Blood
weapon_items,Frost Winged Knight Halberd,0x99f804,1,10,40,191805,1128,0,0,Frost
weapon_items,Magic Winged Knight Halberd,0x99f868,1,10,40,191806,1128,0,0,Magic
weapon_items,Fire Winged Knight Halberd,0x99f8cc,1,10,40,191807,1128,0,0,Fire
weapon_items,Lightning Winged Knight Halberd,0x99f930,1,10,40,191808,1128,0,0,Lightning
weapon_items,Dark Winged Knight Halberd,0x99f994,1,10,40,191809,1128,0,0,Dark
weapon_items,Lucky Winged Knight Halberd,0x99f9f8,1,10,40,191810,1128,0,0,Lucky
weapon_items,Enchanted Winged Knight Halberd,0x99fa5c,1,10,40,191811,1128,0,0,Enchanted
weapon_items,Holy Winged Knight Halberd,0x99fac0,1,10,40,191812,1128,0,0,Holy
weapon_items,Sharp Winged Knight Halberd,0x99fb24,1,10,40,191813,1128,0,0,Sharp
weapon_items,Blunt Winged Knight Halberd,0x99fb88,1,10,40,191814,1128,0,0,Blunt
weapon_items,Gundyr's Halberd,0x9a1d20,1,10,999,192600,1129,0,0,Normal
weapon_items,Gundyr's Lethal Halberd,0x9a1d84,1,10,999,192601,1129,0,0,Lethal
weapon_items,Gundyr's Cursed Halberd,0x9a1de8,1,10,999,192602,1129,0,0,Cursed
weapon_items,Gundyr's Poison Halberd,0x9a1e4c,1,10,999,192603,1129,0,0,Poison
weapon_items,Gundyr's Blood Halberd,0x9a1eb0,1,10,999,192604,1129,0,0,Blood
weapon_items,Gundyr's Frost Halberd,0x9a1f14,1,10,999,192605,1129,0,0,Frost
weapon_items,Gundyr's Magic Halberd,0x9a1f78,1,10,999,192606,1129,0,0,Magic
weapon_items,Gundyr's Fire Halberd,0x9a1fdc,1,10,999,192607,1129,0,0,Fire
weapon_items,Gundyr's Lightning Halberd,0x9a2040,1,10,999,192608,1129,0,0,Lightning
weapon_items,Gundyr's Dark Halberd,0x9a20a4,1,10,999,192609,1129,0,0,Dark
weapon_items,Gundyr's Lucky Halberd,0x9a2108,1,10,999,192610,1129,0,0,Lucky
weapon_items,Gundyr's Enchanted Halberd,0x9a216c,1,10,999,192611,1129,0,0,Enchanted
weapon_items,Gundyr's Holy Halberd,0x9a21d0,1,10,999,192612,1129,0,0,Holy
weapon_items,Gundyr's Sharp Halberd,0x9a2234,1,10,999,192613,1129,0,0,Sharp
weapon_items,Gundyr's Blunt Halberd,0x9a2298,1,10,999,192614,1129,0,0,Blunt
weapon_items,Lothric's Scythe,0x9a4430,1,10,30,201800,1222,0,0,Normal
weapon_items,Lothric's Lethal Scythe,0x9a4494,1,10,30,201801,1222,0,0,Lethal
weapon_items,Lothric's Cursed Scythe,0x9a44f8,1,10,30,201802,1222,0,0,Cursed
weapon_items,Lothric's Poison Scythe,0x9a455c,1,10,30,201803,1222,0,0,Poison
weapon_items,Lothric's Blood Scythe,0x9a45c0,1,10,30,201804,1222,0,0,Blood
weapon_items,Lothric's Frost Scythe,0x9a4624,1,10,30,201805,1222,0,0,Frost
weapon_items,Lothric's Magic Scythe,0x9a4688,1,10,30,201806,1222,0,0,Magic
weapon_items,Lothric's Fire Scythe,0x9a46ec,1,10,30,201807,1222,0,0,Fire
weapon_items,Lothric's Lightning Scythe,0x9a4750,1,10,30,201808,1222,0,0,Lightning
weapon_items,Lothric's Dark Scythe,0x9a47b4,1,10,30,201809,1222,0,0,Dark
weapon_items,Lothric's Lucky Scythe,0x9a4818,1,10,30,201810,1222,0,0,Lucky
weapon_items,Lothric's Enchanted Scythe,0x9a487c,1,10,30,201811,1222,0,0,Enchanted
weapon_items,Lothric's Holy Scythe,0x9a48e0,1,10,30,201812,1222,0,0,Holy
weapon_items,Lothric's Sharp Scythe,0x9a4944,1,10,30,201813,1222,0,0,Sharp
weapon_items,Lothric's Blunt Scythe,0x9a49a8,1,10,30,201814,1222,0,0,Blunt
weapon_items,Ancient Dragon Halberd,0x9a6b40,1,10,40,193000,1223,0,0,Normal
weapon_items,Lethal Ancient Dragon Halberd,0x9a6ba4,1,10,40,193001,1223,0,0,Lethal
weapon_items,Cursed Ancient Dragon Halberd,0x9a6c08,1,10,40,193002,1223,0,0,Cursed
weapon_items,Poison Ancient Dragon Halberd,0x9a6c6c,1,10,40,193003,1223,0,0,Poison
weapon_items,Blood Ancient Dragon Halberd,0x9a6cd0,1,10,40,193004,1223,0,0,Blood
weapon_items,Frost Ancient Dragon Halberd,0x9a6d34,1,10,40,193005,1223,0,0,Frost
weapon_items,Magic Ancient Dragon Halberd,0x9a6d98,1,10,40,193006,1223,0,0,Magic
weapon_items,Fire Ancient Dragon Halberd,0x9a6dfc,1,10,40,193007,1223,0,0,Fire
weapon_items,Lightning Ancient Dragon Halberd,0x9a6e60,1,10,40,193008,1223,0,0,Lightning
weapon_items,Dark Ancient Dragon Halberd,0x9a6ec4,1,10,40,193009,1223,0,0,Dark
weapon_items,Lucky Ancient Dragon Halberd,0x9a6f28,1,10,40,193010,1223,0,0,Lucky
weapon_items,Enchanted Ancient Dragon Halberd,0x9a6f8c,1,10,40,193011,1223,0,0,Enchanted
weapon_items,Holy Ancient Dragon Halberd,0x9a6ff0,1,10,40,193012,1223,0,0,Holy
weapon_items,Sharp Ancient Dragon Halberd,0x9a7054,1,10,40,193013,1223,0,0,Sharp
weapon_items,Blunt Ancient Dragon Halberd,0x9a70b8,1,10,40,193014,1223,0,0,Blunt
weapon_items,Red Hilted Halberd,0x9ab960,1,10,30,190800,1225,0,0,Normal
weapon_items,Lethal Red Hilted Halberd,0x9ab9c4,1,10,30,190801,1225,0,0,Lethal
weapon_items,Cursed Red Hilted Halberd,0x9aba28,1,10,30,190802,1225,0,0,Cursed
weapon_items,Poison Red Hilted Halberd,0x9aba8c,1,10,30,190803,1225,0,0,Poison
weapon_items,Blood Red Hilted Halberd,0x9abaf0,1,10,30,190804,1225,0,0,Blood
weapon_items,Frost Red Hilted Halberd,0x9abb54,1,10,30,190805,1225,0,0,Frost
weapon_items,Magic Red Hilted Halberd,0x9abbb8,1,10,30,190806,1225,0,0,Magic
weapon_items,Fire Red Hilted Halberd,0x9abc1c,1,10,30,190807,1225,0,0,Fire
weapon_items,Lightning Red Hilted Halberd,0x9abc80,1,10,30,190808,1225,0,0,Lightning
weapon_items,Dark Red Hilted Halberd,0x9abce4,1,10,30,190809,1225,0,0,Dark
weapon_items,Lucky Red Hilted Halberd,0x9abd48,1,10,30,190810,1225,0,0,Lucky
weapon_items,Enchanted Red Hilted Halberd,0x9abdac,1,10,30,190811,1225,0,0,Enchanted
weapon_items,Holy Red Hilted Halberd,0x9abe10,1,10,30,190812,1225,0,0,Holy
weapon_items,Sharp Red Hilted Halberd,0x9abe74,1,10,30,190813,1225,0,0,Sharp
weapon_items,Blunt Red Hilted Halberd,0x9abed8,1,10,30,190814,1225,0,0,Blunt
weapon_items,Black Knight Glaive,0x9ae070,1,10,40,192200,1226,0,0,Normal
weapon_items,Lethal Black Knight Glaive,0x9ae0d4,1,10,40,192201,1226,0,0,Lethal
weapon_items,Cursed Black Knight Glaive,0x9ae138,1,10,40,192202,1226,0,0,Cursed
weapon_items,Poison Black Knight Glaive,0x9ae19c,1,10,40,192203,1226,0,0,Poison
weapon_items,Blood Black Knight Glaive,0x9ae200,1,10,40,192204,1226,0,0,Blood
weapon_items,Frost Black Knight Glaive,0x9ae264,1,10,40,192205,1226,0,0,Frost
weapon_items,Magic Black Knight Glaive,0x9ae2c8,1,10,40,192206,1226,0,0,Magic
weapon_items,Fire Black Knight Glaive,0x9ae32c,1,10,40,192207,1226,0,0,Fire
weapon_items,Lightning Black Knight Glaive,0x9ae390,1,10,40,192208,1226,0,0,Lightning
weapon_items,Dark Black Knight Glaive,0x9ae3f4,1,10,40,192209,1226,0,0,Dark
weapon_items,Lucky Black Knight Glaive,0x9ae458,1,10,40,192210,1226,0,0,Lucky
weapon_items,Enchanted Black Knight Glaive,0x9ae4bc,1,10,40,192211,1226,0,0,Enchanted
weapon_items,Holy Black Knight Glaive,0x9ae520,1,10,40,192212,1226,0,0,Holy
weapon_items,Sharp Black Knight Glaive,0x9ae584,1,10,40,192213,1226,0,0,Sharp
weapon_items,Blunt Black Knight Glaive,0x9ae5e8,1,10,40,192214,1226,0,0,Blunt
weapon_items,Splitleaf Glaive,0x9b2e90,1,10,30,192000,1291,0,0,Normal
weapon_items,Lethal Splitleaf Glaive,0x9b2ef4,1,10,30,192001,1291,0,0,Lethal
weapon_items,Curse Splitleaf Glaive,0x9b2f58,1,10,30,192002,1291,0,0,Cursed
weapon_items,Poison Splitleaf Glaive,0x9b2fbc,1,10,30,192003,1291,0,0,Poison
weapon_items,Blood Splitleaf Glaive,0x9b3020,1,10,30,192004,1291,0,0,Blood
weapon_items,Frost Splitleaf Glaive,0x9b3084,1,10,30,192005,1291,0,0,Frost
weapon_items,Magic Splitleaf Glaive,0x9b30e8,1,10,30,192006,1291,0,0,Magic
weapon_items,Fire Splitleaf Glaive,0x9b314c,1,10,30,192007,1291,0,0,Fire
weapon_items,Lightning Splitleaf Glaive,0x9b31b0,1,10,30,192008,1291,0,0,Lightning
weapon_items,Dark Splitleaf Glaive,0x9b3214,1,10,30,192009,1291,0,0,Dark
weapon_items,Lucky Splitleaf Glaive,0x9b3278,1,10,30,192010,1291,0,0,Lucky
weapon_items,Enchanted Splitleaf Glaive,0x9b32dc,1,10,30,192011,1291,0,0,Enchanted
weapon_items,Holy Splitleaf Glaive,0x9b3340,1,10,30,192012,1291,0,0,Holy
weapon_items,Sharp Splitleaf Glaive,0x9b33a4,1,10,30,192013,1291,0,0,Sharp
weapon_items,Blunt Splitleaf Glaive,0x9b3408,1,10,30,192014,1291,0,0,Blunt
weapon_items,Friede's Great Scythe,0x9b55a0,1,10,25,201200,1273,0,0,
weapon_items,Claw,0xa7d8c0,1,10,30,230000,1130,0,0,Normal
weapon_items,Lethal Claw,0xa7d924,1,10,30,230001,1130,0,0,Lethal
weapon_items,Cursed Claw,0xa7d988,1,10,30,230002,1130,0,0,Cursed
weapon_items,Poison Claw,0xa7d9ec,1,10,30,230003,1130,0,0,Poison
weapon_items,Blood Claw,0xa7da50,1,10,30,230004,1130,0,0,Blood
weapon_items,Frost Claw,0xa7dab4,1,10,30,230005,1130,0,0,Frost
weapon_items,Magic Claw,0xa7db18,1,10,30,230006,1130,0,0,Magic
weapon_items,Fire Claw,0xa7db7c,1,10,30,230007,1130,0,0,Fire
weapon_items,Lightning Claw,0xa7dbe0,1,10,30,230008,1130,0,0,Lightning
weapon_items,Dark Claw,0xa7dc44,1,10,30,230009,1130,0,0,Dark
weapon_items,Lucky Claw,0xa7dca8,1,10,30,230010,1130,0,0,Lucky
weapon_items,Enchanted Claw,0xa7dd0c,1,10,30,230011,1130,0,0,Enchanted
weapon_items,Holy Claw,0xa7dd70,1,10,30,230012,1130,0,0,Holy
weapon_items,Sharp Claw,0xa7ddd4,1,10,30,230013,1130,0,0,Sharp
weapon_items,Blunt Claw,0xa7de38,1,10,30,230014,1130,0,0,Blunt
weapon_items,Caestus,0xa7ffd0,1,10,40,220000,1131,0,0,Normal
weapon_items,Lethal Caestus,0xa80034,1,10,40,220001,1131,0,0,Lethal
weapon_items,Cursed Caestus,0xa80098,1,10,40,220002,1131,0,0,Cursed
weapon_items,Poison Caestus,0xa800fc,1,10,40,220003,1131,0,0,Poison
weapon_items,Blood Caestus,0xa80160,1,10,40,220004,1131,0,0,Blood
weapon_items,Frost Caestus,0xa801c4,1,10,40,220005,1131,0,0,Frost
weapon_items,Magic Caestus,0xa80228,1,10,40,220006,1131,0,0,Magic
weapon_items,Fire Caestus,0xa8028c,1,10,40,220007,1131,0,0,Fire
weapon_items,Lightning Caestus,0xa802f0,1,10,40,220008,1131,0,0,Lightning
weapon_items,Dark Caestus,0xa80354,1,10,40,220009,1131,0,0,Dark
weapon_items,Lucky Caestus,0xa803b8,1,10,40,220010,1131,0,0,Lucky
weapon_items,Enchanted Caestus,0xa8041c,1,10,40,220011,1131,0,0,Enchanted
weapon_items,Holy Caestus,0xa80480,1,10,40,220012,1131,0,0,Holy
weapon_items,Sharp Caestus,0xa804e4,1,10,40,220013,1131,0,0,Sharp
weapon_items,Blunt Caestus,0xa80548,1,10,40,220014,1131,0,0,Blunt
weapon_items,Manikin Claws,0xa826e0,1,10,30,230200,1132,0,0,Normal
weapon_items,Lethal Manikin Claws,0xa82744,1,10,30,230201,1132,0,0,Lethal
weapon_items,Cursed Manikin Claws,0xa827a8,1,10,30,230202,1132,0,0,Cursed
weapon_items,Poison Manikin Claws,0xa8280c,1,10,30,230203,1132,0,0,Poison
weapon_items,Blood Manikin Claws,0xa82870,1,10,30,230204,1132,0,0,Blood
weapon_items,Frost Manikin Claws,0xa828d4,1,10,30,230205,1132,0,0,Frost
weapon_items,Magic Manikin Claws,0xa82938,1,10,30,230206,1132,0,0,Magic
weapon_items,Fire Manikin Claws,0xa8299c,1,10,30,230207,1132,0,0,Fire
weapon_items,Lightning Manikin Claws,0xa82a00,1,10,30,230208,1132,0,0,Lightning
weapon_items,Dark Manikin Claws,0xa82a64,1,10,30,230209,1132,0,0,Dark
weapon_items,Lucky Manikin Claws,0xa82ac8,1,10,30,230210,1132,0,0,Lucky
weapon_items,Enchanted Manikin Claws,0xa82b2c,1,10,30,230211,1132,0,0,Enchanted
weapon_items,Holy Manikin Claws,0xa82b90,1,10,30,230212,1132,0,0,Holy
weapon_items,Sharp Manikin Claws,0xa82bf4,1,10,30,230213,1132,0,0,Sharp
weapon_items,Blunt Manikin Claws,0xa82c58,1,10,30,230214,1132,0,0,Blunt
weapon_items,Demon's Fist,0xa84df0,1,10,40,220400,1228,0,0,Normal
weapon_items,Lethal Demon's Fist,0xa84e54,1,10,40,220401,1228,0,0,Lethal
weapon_items,Cursed Demon's Fist,0xa84eb8,1,10,40,220402,1228,0,0,Cursed
weapon_items,Poison Demon's Fist,0xa84f1c,1,10,40,220403,1228,0,0,Poison
weapon_items,Blood Demon's Fist,0xa84f80,1,10,40,220404,1228,0,0,Blood
weapon_items,Frost Demon's Fist,0xa84fe4,1,10,40,220405,1228,0,0,Frost
weapon_items,Magic Demon's Fist,0xa85048,1,10,40,220406,1228,0,0,Magic
weapon_items,Fire Demon's Fist,0xa850ac,1,10,40,220407,1228,0,0,Fire
weapon_items,Lightning Demon's Fist,0xa85110,1,10,40,220408,1228,0,0,Lightning
weapon_items,Dark Demon's Fist,0xa85174,1,10,40,220409,1228,0,0,Dark
weapon_items,Lucky Demon's Fist,0xa851d8,1,10,40,220410,1228,0,0,Lucky
weapon_items,Enchanted Demon's Fist,0xa8523c,1,10,40,220411,1228,0,0,Enchanted
weapon_items,Holy Demon's Fist,0xa852a0,1,10,40,220412,1228,0,0,Holy
weapon_items,Sharp Demon's Fist,0xa85304,1,10,40,220413,1228,0,0,Sharp
weapon_items,Blunt Demon's Fist,0xa85368,1,10,40,220414,1228,0,0,Blunt
weapon_items,Dark Hand,0xa87500,1,10,40,221200,1229,0,0,Normal
weapon_items,Cursed Dark Hand,0xa875c8,1,10,40,221201,1229,0,0,Cursed
weapon_items,Poison Dark Hand,0xa8762c,1,10,40,221202,1229,0,0,Poison
weapon_items,Blood Dark Hand,0xa87690,1,10,40,221203,1229,0,0,Blood
weapon_items,Frost Dark Hand,0xa876f4,1,10,40,221204,1229,0,0,Frost
weapon_items,Magic Dark Hand,0xa87758,1,10,40,221205,1229,0,0,Magic
weapon_items,Fire Dark Hand,0xa877bc,1,10,40,221206,1229,0,0,Fire
weapon_items,Lightning Dark Hand,0xa87820,1,10,40,221207,1229,0,0,Lightning
weapon_items,Abyssal Hand,0xa87884,1,10,40,221208,1229,0,0,Dark
weapon_items,Lucky Dark Hand,0xa878e8,1,10,40,221209,1229,0,0,Lucky
weapon_items,Enchanted Dark Hand,0xa8794c,1,10,40,221210,1229,0,0,Enchanted
weapon_items,Holy Dark Hand,0xa879b0,1,10,40,221211,1229,0,0,Holy
weapon_items,Crow Talons,0xa89c10,1,10,30,230600,1275,0,0,Normal
weapon_items,Lethal Crow Talons,0xa89c74,1,10,30,230601,1275,0,0,Lethal
weapon_items,Curse Crow Talons,0xa89cd8,1,10,30,230602,1275,0,0,Cursed
weapon_items,Poison Crow Talons,0xa89d3c,1,10,30,230603,1275,0,0,Poison
weapon_items,Blood Crow Talons,0xa89da0,1,10,30,230604,1275,0,0,Blood
weapon_items,Frost Crow Talons,0xa89e04,1,10,30,230605,1275,0,0,Frost
weapon_items,Magic Crow Talons,0xa89e68,1,10,30,230606,1275,0,0,Magic
weapon_items,Fire Crow Talons,0xa89ecc,1,10,30,230607,1275,0,0,Fire
weapon_items,Lightning Crow Talons,0xa89f30,1,10,30,230608,1275,0,0,Lightning
weapon_items,Dark Crow Talons,0xa89f94,1,10,30,230609,1275,0,0,Dark
weapon_items,Lucky Crow Talons,0xa89ff8,1,10,30,230610,1275,0,0,Lucky
weapon_items,Enchanted Crow Talons,0xa8a05c,1,10,30,230611,1275,0,0,Enchanted
weapon_items,Holy Crow Talons,0xa8a0c0,1,10,30,230612,1275,0,0,Holy
weapon_items,Sharp Crow Talons,0xa8a124,1,10,30,230613,1275,0,0,Sharp
weapon_items,Blunt Crow Talons,0xa8a188,1,10,30,230614,1275,0,0,Blunt
weapon_items,Censuring Palm,0xa8ea30,1,10,100,221400,274,0,0,Normal
weapon_items,Lethal Censuring Palm,0xa8ea94,1,10,100,221401,274,0,0,Lethal
weapon_items,Cursed Censuring Palm,0xa8eaf8,1,10,100,221402,274,0,0,Cursed
weapon_items,Poison Censuring Palm,0xa8eb5c,1,10,100,221403,274,0,0,Poison
weapon_items,Blood Censuring Palm,0xa8ebc0,1,10,100,221404,274,0,0,Blood
weapon_items,Frost Censuring Palm,0xa8ec24,1,10,100,221405,274,0,0,Frost
weapon_items,Magic Censuring Palm,0xa8ec88,1,10,100,221406,274,0,0,Magic
weapon_items,Fire Censuring Palm,0xa8ecec,1,10,100,221407,274,0,0,Fire
weapon_items,Lightning Censuring Palm,0xa8ed50,1,10,100,221408,274,0,0,Lightning
weapon_items,Dark Censuring Palm,0xa8edb4,1,10,100,221409,274,0,0,Dark
weapon_items,Lucky Censuring Palm,0xa8ee18,1,10,100,221410,274,0,0,Lucky
weapon_items,Enchanted Censuring Palm,0xa8ee7c,1,10,100,221411,274,0,0,Enchanted
weapon_items,Holy Censuring Palm,0xa8eee0,1,10,100,221412,274,0,0,Holy
weapon_items,Sharp Censuring Palm,0xa8ef44,1,10,100,221413,274,0,0,Sharp
weapon_items,Blunt Censuring Palm,0xa8efa8,1,10,100,221414,274,0,0,Blunt
weapon_items,Whip,0xb71b00,1,10,25,210000,1133,0,0,Normal
weapon_items,Lethal Whip,0xb71b64,1,10,25,210001,1133,0,0,Lethal
weapon_items,Cursed Whip,0xb71bc8,1,10,25,210002,1133,0,0,Cursed
weapon_items,Poison Whip,0xb71c2c,1,10,25,210003,1133,0,0,Poison
weapon_items,Blood Whip,0xb71c90,1,10,25,210004,1133,0,0,Blood
weapon_items,Frost Whip,0xb71cf4,1,10,25,210005,1133,0,0,Frost
weapon_items,Magic Whip,0xb71d58,1,10,25,210006,1133,0,0,Magic
weapon_items,Fire Whip,0xb71dbc,1,10,25,210007,1133,0,0,Fire
weapon_items,Lightning Whip,0xb71e20,1,10,25,210008,1133,0,0,Lightning
weapon_items,Dark Whip,0xb71e84,1,10,25,210009,1133,0,0,Dark
weapon_items,Lucky Whip,0xb71ee8,1,10,25,210010,1133,0,0,Lucky
weapon_items,Enchanted Whip,0xb71f4c,1,10,25,210011,1133,0,0,Enchanted
weapon_items,Holy Whip,0xb71fb0,1,10,25,210012,1133,0,0,Holy
weapon_items,Sharp Whip,0xb72014,1,10,25,210013,1133,0,0,Sharp
weapon_items,Blunt Whip,0xb72078,1,10,25,210014,1133,0,0,Blunt
weapon_items,Witch's Locks,0xb7b740,1,10,20,210800,1230,0,0,Normal
weapon_items,Lethal Witch's Locks,0xb7b7a4,1,10,20,210801,1230,0,0,Lethal
weapon_items,Cursed Witch's Locks,0xb7b808,1,10,20,210802,1230,0,0,Cursed
weapon_items,Poison Witch's Locks,0xb7b86c,1,10,20,210803,1230,0,0,Poison
weapon_items,Blood Witch's Locks,0xb7b8d0,1,10,20,210804,1230,0,0,Blood
weapon_items,Frost Witch's Locks,0xb7b934,1,10,20,210805,1230,0,0,Frost
weapon_items,Magic Witch's Locks,0xb7b998,1,10,20,210806,1230,0,0,Magic
weapon_items,Fire Witch's Locks,0xb7b9fc,1,10,20,210807,1230,0,0,Fire
weapon_items,Lightning Witch's Locks,0xb7ba60,1,10,20,210808,1230,0,0,Lightning
weapon_items,Dark Witch's Locks,0xb7bac4,1,10,20,210809,1230,0,0,Dark
weapon_items,Lucky Witch's Locks,0xb7bb28,1,10,20,210810,1230,0,0,Lucky
weapon_items,Enchanted Witch's Locks,0xb7bb8c,1,10,20,210811,1230,0,0,Enchanted
weapon_items,Holy Witch's Locks,0xb7bbf0,1,10,20,210812,1230,0,0,Holy
weapon_items,Sharp Witch's Locks,0xb7bc54,1,10,20,210813,1230,0,0,Sharp
weapon_items,Blunt Witch's Locks,0xb7bcb8,1,10,20,210814,1230,0,0,Blunt
weapon_items,Notched Whip,0xb7de50,1,10,25,210400,1231,0,0,Normal
weapon_items,Lethal Notched Whip,0xb7deb4,1,10,25,210401,1231,0,0,Lethal
weapon_items,Cursed Notched Whip,0xb7df18,1,10,25,210402,1231,0,0,Cursed
weapon_items,Poison Notched Whip,0xb7df7c,1,10,25,210403,1231,0,0,Poison
weapon_items,Blood Notched Whip,0xb7dfe0,1,10,25,210404,1231,0,0,Blood
weapon_items,Frost Notched Whip,0xb7e044,1,10,25,210405,1231,0,0,Frost
weapon_items,Magic Notched Whip,0xb7e0a8,1,10,25,210406,1231,0,0,Magic
weapon_items,Fire Notched Whip,0xb7e10c,1,10,25,210407,1231,0,0,Fire
weapon_items,Lightning Notched Whip,0xb7e170,1,10,25,210408,1231,0,0,Lightning
weapon_items,Dark Notched Whip,0xb7e1d4,1,10,25,210409,1231,0,0,Dark
weapon_items,Lucky Notched Whip,0xb7e238,1,10,25,210410,1231,0,0,Lucky
weapon_items,Enchanted Notched Whip,0xb7e29c,1,10,25,210411,1231,0,0,Enchanted
weapon_items,Holy Notched Whip,0xb7e300,1,10,25,210412,1231,0,0,Holy
weapon_items,Sharp Notched Whip,0xb7e364,1,10,25,210413,1231,0,0,Sharp
weapon_items,Blunt Notched Whip,0xb7e3c8,1,10,25,210414,1231,0,0,Blunt
weapon_items,Spotted Whip,0xb80560,1,10,25,210600,1232,0,0,Normal
weapon_items,Lethal Spotted Whip,0xb805c4,1,10,25,210601,1232,0,0,Lethal
weapon_items,Cursed Spotted Whip,0xb80628,1,10,25,210602,1232,0,0,Cursed
weapon_items,Poison Spotted Whip,0xb8068c,1,10,25,210603,1232,0,0,Poison
weapon_items,Blood Spotted Whip,0xb806f0,1,10,25,210604,1232,0,0,Blood
weapon_items,Frost Spotted Whip,0xb80754,1,10,25,210605,1232,0,0,Frost
weapon_items,Magic Spotted Whip,0xb807b8,1,10,25,210606,1232,0,0,Magic
weapon_items,Fire Spotted Whip,0xb8081c,1,10,25,210607,1232,0,0,Fire
weapon_items,Lightning Spotted Whip,0xb80880,1,10,25,210608,1232,0,0,Lightning
weapon_items,Dark Spotted Whip,0xb808e4,1,10,25,210609,1232,0,0,Dark
weapon_items,Lucky Spotted Whip,0xb80948,1,10,25,210610,1232,0,0,Lucky
weapon_items,Enchanted Spotted Whip,0xb809ac,1,10,25,210611,1232,0,0,Enchanted
weapon_items,Holy Spotted Whip,0xb80a10,1,10,25,210612,1232,0,0,Holy
weapon_items,Sharp Spotted Whip,0xb80a74,1,10,25,210613,1232,0,0,Sharp
weapon_items,Blunt Spotted Whip,0xb80ad8,1,10,25,210614,1232,0,0,Blunt
weapon_items,King's Quarterstaff,0xb8c8b0,1,10,30,240000,1139,0,0,Normal
weapon_items,Lethal King's Quarterstaff,0xb8c914,1,10,30,240001,1139,0,0,Lethal
weapon_items,Cursed King's Quarterstaff,0xb8c978,1,10,30,240002,1139,0,0,Cursed
weapon_items,Poison King's Quarterstaff,0xb8c9dc,1,10,30,240003,1139,0,0,Poison
weapon_items,Blood King's Quarterstaff,0xb8ca40,1,10,30,240004,1139,0,0,Blood
weapon_items,Frost King's Quarterstaff,0xb8caa4,1,10,30,240005,1139,0,0,Frost
weapon_items,Magic King's Quarterstaff,0xb8cb08,1,10,30,240006,1139,0,0,Magic
weapon_items,Fire King's Quarterstaff,0xb8cb6c,1,10,30,240007,1139,0,0,Fire
weapon_items,Lightning King's Quarterstaff,0xb8cbd0,1,10,30,240008,1139,0,0,Lightning
weapon_items,Dark King's Quarterstaff,0xb8cc34,1,10,30,240009,1139,0,0,Dark
weapon_items,Lucky King's Quarterstaff,0xb8cc98,1,10,30,240010,1139,0,0,Lucky
weapon_items,Enchanted King's Quarterstaff,0xb8ccfc,1,10,30,240011,1139,0,0,Enchanted
weapon_items,Holy King's Quarterstaff,0xb8cd60,1,10,30,240012,1139,0,0,Holy
weapon_items,Sharp King's Quarterstaff,0xb8cdc4,1,10,30,240013,1139,0,0,Sharp
weapon_items,Blunt King's Quarterstaff,0xb8ce28,1,10,30,240014,1139,0,0,Blunt
weapon_items,Corvian Longstaff,0xb8efc0,1,10,25,240200,1140,0,0,Normal
weapon_items,Lethal Corvian Longstaff,0xb8f024,1,10,25,240201,1140,0,0,Lethal
weapon_items,Cursed Corvian Longstaff,0xb8f088,1,10,25,240202,1140,0,0,Cursed
weapon_items,Poison Corvian Longstaff,0xb8f0ec,1,10,25,240203,1140,0,0,Poison
weapon_items,Blood Corvian Longstaff,0xb8f150,1,10,25,240204,1140,0,0,Blood
weapon_items,Frost Corvian Longstaff,0xb8f1b4,1,10,25,240205,1140,0,0,Frost
weapon_items,Magic Corvian Longstaff,0xb8f218,1,10,25,240206,1140,0,0,Magic
weapon_items,Fire Corvian Longstaff,0xb8f27c,1,10,25,240207,1140,0,0,Fire
weapon_items,Lightning Corvian Longstaff,0xb8f2e0,1,10,25,240208,1140,0,0,Lightning
weapon_items,Dark Corvian Longstaff,0xb8f344,1,10,25,240209,1140,0,0,Dark
weapon_items,Lucky Corvian Longstaff,0xb8f3a8,1,10,25,240210,1140,0,0,Lucky
weapon_items,Enchanted Corvian Longstaff,0xb8f40c,1,10,25,240211,1140,0,0,Enchanted
weapon_items,Holy Corvian Longstaff,0xb8f470,1,10,25,240212,1140,0,0,Holy
weapon_items,Sharp Corvian Longstaff,0xb8f4d4,1,10,25,240213,1140,0,0,Sharp
weapon_items,Blunt Corvian Longstaff,0xb8f538,1,10,25,240214,1140,0,0,Blunt
weapon_items,Witchtree Limb,0xb916d0,1,10,40,240400,1236,0,0,Normal
weapon_items,Lethal Witchtree Limb,0xb91734,1,10,40,240401,1236,0,0,Lethal
weapon_items,Cursed Witchtree Limb,0xb91798,1,10,40,240402,1236,0,0,Cursed
weapon_items,Poison Witchtree Limb,0xb917fc,1,10,40,240403,1236,0,0,Poison
weapon_items,Blood Witchtree Limb,0xb91860,1,10,40,240404,1236,0,0,Blood
weapon_items,Frost Witchtree Limb,0xb918c4,1,10,40,240405,1236,0,0,Frost
weapon_items,Magic Witchtree Limb,0xb91928,1,10,40,240406,1236,0,0,Magic
weapon_items,Fire Witchtree Limb,0xb9198c,1,10,40,240407,1236,0,0,Fire
weapon_items,Lightning Witchtree Limb,0xb919f0,1,10,40,240408,1236,0,0,Lightning
weapon_items,Dark Witchtree Limb,0xb91a54,1,10,40,240409,1236,0,0,Dark
weapon_items,Lucky Witchtree Limb,0xb91ab8,1,10,40,240410,1236,0,0,Lucky
weapon_items,Enchanted Witchtree Limb,0xb91b1c,1,10,40,240411,1236,0,0,Enchanted
weapon_items,Holy Witchtree Limb,0xb91b80,1,10,40,240412,1236,0,0,Holy
weapon_items,Sharp Witchtree Limb,0xb91be4,1,10,40,240413,1236,0,0,Sharp
weapon_items,Blunt Witchtree Limb,0xb91c48,1,10,40,240414,1236,0,0,Blunt
weapon_items,Murky Warstaff,0xb93de0,1,10,30,240600,1292,0,0,Normal
weapon_items,Lethal Murky Warstaff,0xb93e44,1,10,30,240601,1292,0,0,Lethal
weapon_items,Cursed Murky Warstaff,0xb93ea8,1,10,30,240602,1292,0,0,Cursed
weapon_items,Poison Murky Warstaff,0xb93f0c,1,10,30,240603,1292,0,0,Poison
weapon_items,Blood Murky Warstaff,0xb93f70,1,10,30,240604,1292,0,0,Blood
weapon_items,Frost Murky Warstaff,0xb93fd4,1,10,30,240605,1292,0,0,Frost
weapon_items,Magic Murky Warstaff,0xb94038,1,10,30,240606,1292,0,0,Magic
weapon_items,Fire Murky Warstaff,0xb9409c,1,10,30,240607,1292,0,0,Fire
weapon_items,Lightning Murky Warstaff,0xb94100,1,10,30,240608,1292,0,0,Lightning
weapon_items,Dark Murky Warstaff,0xb94164,1,10,30,240609,1292,0,0,Dark
weapon_items,Lucky Murky Warstaff,0xb941c8,1,10,30,240610,1292,0,0,Lucky
weapon_items,Enchanted Murky Warstaff,0xb9422c,1,10,30,240611,1292,0,0,Enchanted
weapon_items,Holy Murky Warstaff,0xb94290,1,10,30,240612,1292,0,0,Holy
weapon_items,Sharp Murky Warstaff,0xb942f4,1,10,30,240613,1292,0,0,Sharp
weapon_items,Blunt Murky Warstaff,0xb94358,1,10,30,240614,1292,0,0,Blunt
weapon_items,Longstaff of Rosaria,0xb964f0,1,10,35,240800,1143,0,0,Normal
weapon_items,Lethal Longstaff of Rosaria,0xb96554,1,10,35,240801,1143,0,0,Lethal
weapon_items,Cursed Longstaff of Rosaria,0xb965b8,1,10,35,240802,1143,0,0,Cursed
weapon_items,Poison Longstaff of Rosaria,0xb9661c,1,10,35,240803,1143,0,0,Poison
weapon_items,Blood Longstaff of Rosaria,0xb96680,1,10,35,240804,1143,0,0,Blood
weapon_items,Frost Longstaff of Rosaria,0xb966e4,1,10,35,240805,1143,0,0,Frost
weapon_items,Magic Longstaff of Rosaria,0xb96748,1,10,35,240806,1143,0,0,Magic
weapon_items,Fire Longstaff of Rosaria,0xb967ac,1,10,35,240807,1143,0,0,Fire
weapon_items,Lightning Longstaff of Rosaria,0xb96810,1,10,35,240808,1143,0,0,Lightning
weapon_items,Dark Longstaff of Rosaria,0xb96874,1,10,35,240809,1143,0,0,Dark
weapon_items,Lucky Longstaff of Rosaria,0xb968d8,1,10,35,240810,1143,0,0,Lucky
weapon_items,Enchanted Longstaff of Rosaria,0xb9693c,1,10,35,240811,1143,0,0,Enchanted
weapon_items,Holy Longstaff of Rosaria,0xb969a0,1,10,35,240812,1143,0,0,Holy
weapon_items,Sharp Longstaff of Rosaria,0xb96a04,1,10,35,240813,1143,0,0,Sharp
weapon_items,Blunt Longstaff of Rosaria,0xb96a68,1,10,35,240814,1143,0,0,Blunt
weapon_items,Staff of Serpents,0xb98c00,1,10,35,241000,1141,0,0,Normal
weapon_items,Lethal Staff of Serpents,0xb98c64,1,10,35,241001,1141,0,0,Lethal
weapon_items,Cursed Staff of Serpents,0xb98cc8,1,10,35,241002,1141,0,0,Cursed
weapon_items,Poison Staff of Serpents,0xb98d2c,1,10,35,241003,1141,0,0,Poison
weapon_items,Blood Staff of Serpents,0xb98d90,1,10,35,241004,1141,0,0,Blood
weapon_items,Frost Staff of Serpents,0xb98df4,1,10,35,241005,1141,0,0,Frost
weapon_items,Magic Staff of Serpents,0xb98e58,1,10,35,241006,1141,0,0,Magic
weapon_items,Fire Staff of Serpents,0xb98ebc,1,10,35,241007,1141,0,0,Fire
weapon_items,Lightning Staff of Serpents,0xb98f20,1,10,35,241008,1141,0,0,Lightning
weapon_items,Dark Staff of Serpents,0xb98f84,1,10,35,241009,1141,0,0,Dark
weapon_items,Lucky Staff of Serpents,0xb98fe8,1,10,35,241010,1141,0,0,Lucky
weapon_items,Enchanted Staff of Serpents,0xb9904c,1,10,35,241011,1141,0,0,Enchanted
weapon_items,Holy Staff of Serpents,0xb990b0,1,10,35,241012,1141,0,0,Holy
weapon_items,Sharp Staff of Serpents,0xb99114,1,10,35,241013,1141,0,0,Sharp
weapon_items,Blunt Staff of Serpents,0xb99178,1,10,35,241014,1141,0,0,Blunt
weapon_items,Archdeacon's Longstaff,0xb9b310,1,10,30,241200,1144,0,0,Normal
weapon_items,Lethal Archdeacon's Longstaff,0xb9b374,1,10,30,241201,1144,0,0,Lethal
weapon_items,Cursed Archdeacon's Longstaff,0xb9b3d8,1,10,30,241202,1144,0,0,Cursed
weapon_items,Poison Archdeacon's Longstaff,0xb9b43c,1,10,30,241203,1144,0,0,Poison
weapon_items,Blood Archdeacon's Longstaff,0xb9b4a0,1,10,30,241204,1144,0,0,Blood
weapon_items,Frost Archdeacon's Longstaff,0xb9b504,1,10,30,241205,1144,0,0,Frost
weapon_items,Magic Archdeacon's Longstaff,0xb9b568,1,10,30,241206,1144,0,0,Magic
weapon_items,Fire Archdeacon's Longstaff,0xb9b5cc,1,10,30,241207,1144,0,0,Fire
weapon_items,Lightning Archdeacon's Longstaff,0xb9b630,1,10,30,241208,1144,0,0,Lightning
weapon_items,Dark Archdeacon's Longstaff,0xb9b694,1,10,30,241209,1144,0,0,Dark
weapon_items,Lucky Archdeacon's Longstaff,0xb9b6f8,1,10,30,241210,1144,0,0,Lucky
weapon_items,Enchanted Archdeacon's Longstaff,0xb9b75c,1,10,30,241211,1144,0,0,Enchanted
weapon_items,Holy Archdeacon's Longstaff,0xb9b7c0,1,10,30,241212,1144,0,0,Holy
weapon_items,Sharp Archdeacon's Longstaff,0xb9b824,1,10,30,241213,1144,0,0,Sharp
weapon_items,Blunt Archdeacon's Longstaff,0xb9b888,1,10,30,241214,1144,0,0,Blunt
weapon_items,Heretic's Warstaff,0xb9da20,1,10,25,241400,1234,0,0,Normal
weapon_items,Lethal Heretic's Warstaff,0xb9da84,1,10,25,241401,1234,0,0,Lethal
weapon_items,Cursed Heretic's Warstaff,0xb9dae8,1,10,25,241402,1234,0,0,Cursed
weapon_items,Poison Heretic's Warstaff,0xb9db4c,1,10,25,241403,1234,0,0,Poison
weapon_items,Blood Heretic's Warstaff,0xb9dbb0,1,10,25,241404,1234,0,0,Blood
weapon_items,Frost Heretic's Warstaff,0xb9dc14,1,10,25,241405,1234,0,0,Frost
weapon_items,Magic Heretic's Warstaff,0xb9dc78,1,10,25,241406,1234,0,0,Magic
weapon_items,Fire Heretic's Warstaff,0xb9dcdc,1,10,25,241407,1234,0,0,Fire
weapon_items,Lightning Heretic's Warstaff,0xb9dd40,1,10,25,241408,1234,0,0,Lightning
weapon_items,Dark Heretic's Warstaff,0xb9dda4,1,10,25,241409,1234,0,0,Dark
weapon_items,Lucky Heretic's Warstaff,0xb9de08,1,10,25,241410,1234,0,0,Lucky
weapon_items,Enchanted Heretic's Warstaff,0xb9de6c,1,10,25,241411,1234,0,0,Enchanted
weapon_items,Holy Heretic's Warstaff,0xb9ded0,1,10,25,241412,1234,0,0,Holy
weapon_items,Sharp Heretic's Warstaff,0xb9df34,1,10,25,241413,1234,0,0,Sharp
weapon_items,Blunt Heretic's Warstaff,0xb9df98,1,10,25,241414,1234,0,0,Blunt
weapon_items,Witch's Staff,0xba0130,1,10,20,241600,1237,0,0,Normal
weapon_items,Lethal Witch's Staff,0xba0194,1,10,20,241601,1237,0,0,Lethal
weapon_items,Cursed Witch's Staff,0xba01f8,1,10,20,241602,1237,0,0,Cursed
weapon_items,Poison Witch's Staff,0xba025c,1,10,20,241603,1237,0,0,Poison
weapon_items,Blood Witch's Staff,0xba02c0,1,10,20,241604,1237,0,0,Blood
weapon_items,Frost Witch's Staff,0xba0324,1,10,20,241605,1237,0,0,Frost
weapon_items,Magic Witch's Staff,0xba0388,1,10,20,241606,1237,0,0,Magic
weapon_items,Fire Witch's Staff,0xba03ec,1,10,20,241607,1237,0,0,Fire
weapon_items,Lightning Witch's Staff,0xba0450,1,10,20,241608,1237,0,0,Lightning
weapon_items,Dark Witch's Staff,0xba04b4,1,10,20,241609,1237,0,0,Dark
weapon_items,Lucky Witch's Staff,0xba0518,1,10,20,241610,1237,0,0,Lucky
weapon_items,Enchanted Witch's Staff,0xba057c,1,10,20,241611,1237,0,0,Enchanted
weapon_items,Holy Witch's Staff,0xba05e0,1,10,20,241612,1237,0,0,Holy
weapon_items,Sharp Witch's Staff,0xba0644,1,10,20,241613,1237,0,0,Sharp
weapon_items,Blunt Witch's Staff,0xba06a8,1,10,20,241614,1237,0,0,Blunt
weapon_items,Short Bow,0xd5c690,1,10,40,250000,1150,0,0,
weapon_items,Composite Bow,0xd5eda0,1,10,40,250200,1151,0,0,
weapon_items,Dragonslayer Greatbow,0xd614b0,1,10,50,260200,1149,0,0,
weapon_items,Birch Crossbow,0xd63bc0,1,10,50,270000,1153,0,0,
weapon_items,Arbalest,0xd662d0,1,10,40,270600,1154,0,0,
weapon_items,Longbow,0xd689e0,1,10,40,251000,1155,0,0,
weapon_items,Dragonrider Bow,0xd6b0f0,1,10,50,251400,1156,0,0,
weapon_items,Avelyn,0xd6ff10,1,10,30,271200,1158,0,0,
weapon_items,Knight's Crossbow,0xd72620,1,10,50,271000,1159,0,0,
weapon_items,Oak Crossbow,0xd74d30,1,10,60,270200,1160,0,0,
weapon_items,White Birch Bow,0xd77440,1,10,40,250600,1294,0,0,
weapon_items,Darkmoon Longbow,0xd79b50,1,10,40,251600,1254,0,0,
weapon_items,Onislayer Greatbow,0xd7c260,1,10,50,260400,1255,0,0,
weapon_items,Black Bow of Pharis,0xd7e970,1,10,40,251200,1256,0,0,
weapon_items,Sniper Crossbow,0xd83790,1,10,50,270800,1258,0,0,
weapon_items,Millwood Greatbow,0xd85ea0,1,10,60,260600,1278,0,0,
weapon_items,Repeating Crossbow,0xd885b0,1,10,40,271400,1295,0,0,
weapon_items,Flynn's Bow,0xd8acc0,1,10,40,250800,1150,0,0,
weapon_items,Scholar's Bow,0xd8d3d0,1,10,40,250400,1151,0,0,
weapon_items,Giant's Bow,0xd8fae0,1,10,60,260000,1423,0,0,
weapon_items,Model Ballista,0xd921f0,1,10,60,270400,1424,0,0,
weapon_items,Cannon,0xdbba00,1,10,50,280000,4201,0,0,Normal
weapon_items,Lethal Cannon,0xdbba64,1,10,50,280001,4201,0,0,Lethal
weapon_items,Cursed Cannon,0xdbbac8,1,10,50,280002,4201,0,0,Cursed
weapon_items,Poison Cannon,0xdbbb2c,1,10,50,280003,4201,0,0,Poison
weapon_items,Blood Cannon,0xdbbb90,1,10,50,280004,4201,0,0,Blood
weapon_items,Frost Cannon,0xdbbbf4,1,10,50,280005,4201,0,0,Frost
weapon_items,Magic Cannon,0xdbbc58,1,10,50,280006,4201,0,0,Magic
weapon_items,Fire Cannon,0xdbbcbc,1,10,50,280007,4201,0,0,Fire
weapon_items,Lightning Cannon,0xdbbd20,1,10,50,280008,4201,0,0,Lightning
weapon_items,Dark Cannon,0xdbbd84,1,10,50,280009,4201,0,0,Dark
weapon_items,Lucky Cannon,0xdbbde8,1,10,50,280010,4201,0,0,Lucky
weapon_items,Enchanted Cannon,0xdbbe4c,1,10,50,280011,4201,0,0,Enchanted
weapon_items,Holy Cannon,0xdbbeb0,1,10,50,280012,4201,0,0,Holy
weapon_items,Sharp Cannon,0xdbbf14,1,10,50,280013,4201,0,0,Sharp
weapon_items,Blunt Cannon,0xdbbf78,1,10,50,280014,4201,0,0,Blunt
weapon_items,Church Cannon,0xdbe110,1,10,60,280200,4202,0,0,Normal
weapon_items,Lethal Church Cannon,0xdbe174,1,10,60,280201,4202,0,0,Lethal
weapon_items,Cursed Church Cannon,0xdbe1d8,1,10,60,280202,4202,0,0,Cursed
weapon_items,Poison Church Cannon,0xdbe23c,1,10,60,280203,4202,0,0,Poison
weapon_items,Blood Church Cannon,0xdbe2a0,1,10,60,280204,4202,0,0,Blood
weapon_items,Frost Church Cannon,0xdbe304,1,10,60,280205,4202,0,0,Frost
weapon_items,Magic Church Cannon,0xdbe368,1,10,60,280206,4202,0,0,Magic
weapon_items,Fire Church Cannon,0xdbe3cc,1,10,60,280207,4202,0,0,Fire
weapon_items,Lightning Church Cannon,0xdbe430,1,10,60,280208,4202,0,0,Lightning
weapon_items,Dark Church Cannon,0xdbe494,1,10,60,280209,4202,0,0,Dark
weapon_items,Lucky Church Cannon,0xdbe4f8,1,10,60,280210,4202,0,0,Lucky
weapon_items,Enchanted Church Cannon,0xdbe55c,1,10,60,280211,4202,0,0,Enchanted
weapon_items,Holy Church Cannon,0xdbe5c0,1,10,60,280212,4202,0,0,Holy
weapon_items,Sharp Church Cannon,0xdbe624,1,10,60,280213,4202,0,0,Sharp
weapon_items,Blunt Church Cannon,0xdbe688,1,10,60,280214,4202,0,0,Blunt
weapon_items,Hunter's Pistol,0xdc0820,1,10,30,280600,4203,0,0,Normal
weapon_items,Lethal Hunter's Pistol,0xdc0884,1,10,30,280601,4203,0,0,Lethal
weapon_items,Cursed Hunter's Pistol,0xdc08e8,1,10,30,280602,4203,0,0,Cursed
weapon_items,Poison Hunter's Pistol,0xdc094c,1,10,30,280603,4203,0,0,Poison
weapon_items,Blood Hunter's Pistol,0xdc09b0,1,10,30,280604,4203,0,0,Blood
weapon_items,Frost Hunter's Pistol,0xdc0a14,1,10,30,280605,4203,0,0,Frost
weapon_items,Magic Hunter's Pistol,0xdc0a78,1,10,30,280606,4203,0,0,Magic
weapon_items,Fire Hunter's Pistol,0xdc0adc,1,10,30,280607,4203,0,0,Fire
weapon_items,Lightning Hunter's Pistol,0xdc0b40,1,10,30,280608,4203,0,0,Lightning
weapon_items,Dark Hunter's Pistol,0xdc0ba4,1,10,30,280609,4203,0,0,Dark
weapon_items,Lucky Hunter's Pistol,0xdc0c08,1,10,30,280610,4203,0,0,Lucky
weapon_items,Enchanted Hunter's Pistol,0xdc0c6c,1,10,30,280611,4203,0,0,Enchanted
weapon_items,Holy Hunter's Pistol,0xdc0cd0,1,10,30,280612,4203,0,0,Holy
weapon_items,Sharp Hunter's Pistol,0xdc0d34,1,10,30,280613,4203,0,0,Sharp
weapon_items,Blunt Hunter's Pistol,0xdc0d98,1,10,30,280614,4203,0,0,Blunt
weapon_items,Repeating Pistol,0xdc2f30,1,10,32,280800,4204,0,0,Normal
weapon_items,Lethal Repeating Pistol,0xdc2f94,1,10,32,280801,4204,0,0,Lethal
weapon_items,Cursed Repeating Pistol,0xdc2ff8,1,10,32,280802,4204,0,0,Cursed
weapon_items,Poison Repeating Pistol,0xdc305c,1,10,32,280803,4204,0,0,Poison
weapon_items,Blood Repeating Pistol,0xdc30c0,1,10,32,280804,4204,0,0,Blood
weapon_items,Frost Repeating Pistol,0xdc3124,1,10,32,280805,4204,0,0,Frost
weapon_items,Magic Repeating Pistol,0xdc3188,1,10,32,280806,4204,0,0,Magic
weapon_items,Fire Repeating Pistol,0xdc31ec,1,10,32,280807,4204,0,0,Fire
weapon_items,Lightning Repeating Pistol,0xdc3250,1,10,32,280808,4204,0,0,Lightning
weapon_items,Dark Repeating Pistol,0xdc32b4,1,10,32,280809,4204,0,0,Dark
weapon_items,Lucky Repeating Pistol,0xdc3318,1,10,32,280810,4204,0,0,Lucky
weapon_items,Enchanted Repeating Pistol,0xdc337c,1,10,32,280811,4204,0,0,Enchanted
weapon_items,Holy Repeating Pistol,0xdc33e0,1,10,32,280812,4204,0,0,Holy
weapon_items,Sharp Repeating Pistol,0xdc3444,1,10,32,280813,4204,0,0,Sharp
weapon_items,Blunt Repeating Pistol,0xdc34a8,1,10,32,280814,4204,0,0,Blunt
weapon_items,Evelynn,0xdc5640,1,10,35,281000,4205,0,0,Normal
weapon_items,Lethal Evelynn,0xdc56a4,1,10,35,281001,4205,0,0,Lethal
weapon_items,Cursed Evelynn,0xdc5708,1,10,35,281002,4205,0,0,Cursed
weapon_items,Poison Evelynn,0xdc576c,1,10,35,281003,4205,0,0,Poison
weapon_items,Blood Evelynn,0xdc57d0,1,10,35,281004,4205,0,0,Blood
weapon_items,Frost Evelynn,0xdc5834,1,10,35,281005,4205,0,0,Frost
weapon_items,Magic Evelynn,0xdc5898,1,10,35,281006,4205,0,0,Magic
weapon_items,Fire Evelynn,0xdc58fc,1,10,35,281007,4205,0,0,Fire
weapon_items,Lightning Evelynn,0xdc5960,1,10,35,281008,4205,0,0,Lightning
weapon_items,Dark Evelynn,0xdc59c4,1,10,35,281009,4205,0,0,Dark
weapon_items,Lucky Evelynn,0xdc5a28,1,10,35,281010,4205,0,0,Lucky
weapon_items,Enchanted Evelynn,0xdc5a8c,1,10,35,281011,4205,0,0,Enchanted
weapon_items,Holy Evelynn,0xdc5af0,1,10,35,281012,4205,0,0,Holy
weapon_items,Sharp Evelynn,0xdc5b54,1,10,35,281013,4205,0,0,Sharp
weapon_items,Blunt Evelynn,0xdc5bb8,1,10,35,281014,4205,0,0,Blunt
weapon_items,Hunter's Blunderbuss,0xdc7d50,1,10,40,281200,4206,0,0,Normal
weapon_items,Lethal Hunter's Blunderbuss,0xdc7db4,1,10,40,281201,4206,0,0,Lethal
weapon_items,Cursed Hunter's Blunderbuss,0xdc7e18,1,10,40,281202,4206,0,0,Cursed
weapon_items,Poison Hunter's Blunderbuss,0xdc7e7c,1,10,40,281203,4206,0,0,Poison
weapon_items,Blood Hunter's Blunderbuss,0xdc7ee0,1,10,40,281204,4206,0,0,Blood
weapon_items,Frost Hunter's Blunderbuss,0xdc7f44,1,10,40,281205,4206,0,0,Frost
weapon_items,Magic Hunter's Blunderbuss,0xdc7fa8,1,10,40,281206,4206,0,0,Magic
weapon_items,Fire Hunter's Blunderbuss,0xdc800c,1,10,40,281207,4206,0,0,Fire
weapon_items,Lightning Hunter's Blunderbuss,0xdc8070,1,10,40,281208,4206,0,0,Lightning
weapon_items,Dark Hunter's Blunderbuss,0xdc80d4,1,10,40,281209,4206,0,0,Dark
weapon_items,Lucky Hunter's Blunderbuss,0xdc8138,1,10,40,281210,4206,0,0,Lucky
weapon_items,Enchanted Hunter's Blunderbuss,0xdc819c,1,10,40,281211,4206,0,0,Enchanted
weapon_items,Holy Hunter's Blunderbuss,0xdc8200,1,10,40,281212,4206,0,0,Holy
weapon_items,Sharp Hunter's Blunderbuss,0xdc8264,1,10,40,281213,4206,0,0,Sharp
weapon_items,Blunt Hunter's Blunderbuss,0xdc82c8,1,10,40,281214,4206,0,0,Blunt
weapon_items,Rosamarinus,0xdca460,1,10,100,280400,4207,0,0,Normal
weapon_items,Maledicinus,0xdca4c4,1,10,100,280401,4207,0,0,Lethal
weapon_items,Venenus,0xdca528,1,10,100,280402,4207,0,0,Cursed
weapon_items,Sanguinus,0xdca58c,1,10,100,280403,4207,0,0,Poison
weapon_items,Galcius,0xdca5f0,1,10,100,280404,4207,0,0,Blood
weapon_items,Ignius,0xdca654,1,10,100,280405,4207,0,0,Frost
weapon_items,Fulgurius,0xdca6b8,1,10,100,280406,4207,0,0,Magic
weapon_items,Vitainus,0xdca71c,1,10,100,280407,4207,0,0,Fire
weapon_items,Fist of Gratia,0xdccb70,1,10,30,281400,2142,0,0,Normal
weapon_items,Lethal Fist of Gratia,0xdccbd4,1,10,30,281401,2142,0,0,Lethal
weapon_items,Cursed Fist of Gratia,0xdccc38,1,10,30,281402,2142,0,0,Cursed
weapon_items,Poison Fist of Gratia,0xdccc9c,1,10,30,281403,2142,0,0,Poison
weapon_items,Blood Fist of Gratia,0xdccd00,1,10,30,281404,2142,0,0,Blood
weapon_items,Frost Fist of Gratia,0xdccd64,1,10,30,281405,2142,0,0,Frost
weapon_items,Magic Fist of Gratia,0xdccdc8,1,10,30,281406,2142,0,0,Magic
weapon_items,Fire Fist of Gratia,0xdcce2c,1,10,30,281407,2142,0,0,Fire
weapon_items,Lightning Fist of Gratia,0xdcce90,1,10,30,281408,2142,0,0,Lightning
weapon_items,Dark Fist of Gratia,0xdccef4,1,10,30,281409,2142,0,0,Dark
weapon_items,Lucky Fist of Gratia,0xdccf58,1,10,30,281410,2142,0,0,Lucky
weapon_items,Enchanted Fist of Gratia,0xdccfbc,1,10,30,281411,2142,0,0,Enchanted
weapon_items,Holy Fist of Gratia,0xdcd020,1,10,30,281412,2142,0,0,Holy
weapon_items,Sharp Fist of Gratia,0xdcd084,1,10,30,281413,2142,0,0,Sharp
weapon_items,Blunt Fist of Gratia,0xdcd0e8,1,10,30,281414,2142,0,0,Blunt
weapon_items,Sellsword Twinblades,0xf42400,1,10,25,83800,1163,0,0,Normal
weapon_items,Lethal Sellsword Twinblades,0xf42464,1,10,25,83801,1163,0,0,Lethal
weapon_items,Cursed Sellsword Twinblades,0xf424c8,1,10,25,83802,1163,0,0,Cursed
weapon_items,Poison Sellsword Twinblades,0xf4252c,1,10,25,83803,1163,0,0,Poison
weapon_items,Blood Sellsword Twinblades,0xf42590,1,10,25,83804,1163,0,0,Blood
weapon_items,Frost Sellsword Twinblades,0xf425f4,1,10,25,83805,1163,0,0,Frost
weapon_items,Magic Sellsword Twinblades,0xf42658,1,10,25,83806,1163,0,0,Magic
weapon_items,Fire Sellsword Twinblades,0xf426bc,1,10,25,83807,1163,0,0,Fire
weapon_items,Lightning Sellsword Twinblades,0xf42720,1,10,25,83808,1163,0,0,Lightning
weapon_items,Dark Sellsword Twinblades,0xf42784,1,10,25,83809,1163,0,0,Dark
weapon_items,Lucky Sellsword Twinblades,0xf427e8,1,10,25,83810,1163,0,0,Lucky
weapon_items,Enchanted Sellsword Twinblades,0xf4284c,1,10,25,83811,1163,0,0,Enchanted
weapon_items,Holy Sellsword Twinblades,0xf428b0,1,10,25,83812,1163,0,0,Holy
weapon_items,Sharp Sellsword Twinblades,0xf42914,1,10,25,83813,1163,0,0,Sharp
weapon_items,Blunt Sellsword Twinblades,0xf42978,1,10,25,83814,1163,0,0,Blunt
weapon_items,Warden Twinblades,0xf47220,1,10,30,84000,1165,0,0,Normal
weapon_items,Lethal Warden Twinblades,0xf47284,1,10,30,84001,1165,0,0,Lethal
weapon_items,Cursed Warden Twinblades,0xf472e8,1,10,30,84002,1165,0,0,Cursed
weapon_items,Poison Warden Twinblades,0xf4734c,1,10,30,84003,1165,0,0,Poison
weapon_items,Blood Warden Twinblades,0xf473b0,1,10,30,84004,1165,0,0,Blood
weapon_items,Frost Warden Twinblades,0xf47414,1,10,30,84005,1165,0,0,Frost
weapon_items,Magic Warden Twinblades,0xf47478,1,10,30,84006,1165,0,0,Magic
weapon_items,Fire Warden Twinblades,0xf474dc,1,10,30,84007,1165,0,0,Fire
weapon_items,Lightning Warden Twinblades,0xf47540,1,10,30,84008,1165,0,0,Lightning
weapon_items,Dark Warden Twinblades,0xf475a4,1,10,30,84009,1165,0,0,Dark
weapon_items,Lucky Warden Twinblades,0xf47608,1,10,30,84010,1165,0,0,Lucky
weapon_items,Enchanted Warden Twinblades,0xf4766c,1,10,30,84011,1165,0,0,Enchanted
weapon_items,Holy Warden Twinblades,0xf476d0,1,10,30,84012,1165,0,0,Holy
weapon_items,Sharp Warden Twinblades,0xf47734,1,10,30,84013,1165,0,0,Sharp
weapon_items,Blunt Warden Twinblades,0xf47798,1,10,30,84014,1165,0,0,Blunt
weapon_items,Winged Knight Twinaxes,0xf49930,1,10,40,123000,1166,0,0,Normal
weapon_items,Lethal Winged Knight Twinaxes,0xf49994,1,10,40,123001,1166,0,0,Lethal
weapon_items,Cursed Winged Knight Twinaxes,0xf499f8,1,10,40,123002,1166,0,0,Cursed
weapon_items,Poison Winged Knight Twinaxes,0xf49a5c,1,10,40,123003,1166,0,0,Poison
weapon_items,Blood Winged Knight Twinaxes,0xf49ac0,1,10,40,123004,1166,0,0,Blood
weapon_items,Frost Winged Knight Twinaxes,0xf49b24,1,10,40,123005,1166,0,0,Frost
weapon_items,Magic Winged Knight Twinaxes,0xf49b88,1,10,40,123006,1166,0,0,Magic
weapon_items,Fire Winged Knight Twinaxes,0xf49bec,1,10,40,123007,1166,0,0,Fire
weapon_items,Lightning Winged Knight Twinaxes,0xf49c50,1,10,40,123008,1166,0,0,Lightning
weapon_items,Dark Winged Knight Twinaxes,0xf49cb4,1,10,40,123009,1166,0,0,Dark
weapon_items,Lucky Winged Knight Twinaxes,0xf49d18,1,10,40,123010,1166,0,0,Lucky
weapon_items,Enchanted Winged Knight Twinaxes,0xf49d7c,1,10,40,123011,1166,0,0,Enchanted
weapon_items,Holy Winged Knight Twinaxes,0xf49de0,1,10,40,123012,1166,0,0,Holy
weapon_items,Sharp Winged Knight Twinaxes,0xf49e44,1,10,40,123013,1166,0,0,Sharp
weapon_items,Blunt Winged Knight Twinaxes,0xf49ea8,1,10,40,123014,1166,0,0,Blunt
weapon_items,Dancer's Paired Swords,0xf4c040,1,10,30,84200,1167,0,0,Normal
weapon_items,Dancer's Lethal Swords,0xf4c0a4,1,10,30,84201,1167,0,0,Lethal
weapon_items,Dancer's Cursed Swords,0xf4c108,1,10,30,84202,1167,0,0,Cursed
weapon_items,Dancer's Poison Swords,0xf4c16c,1,10,30,84203,1167,0,0,Poison
weapon_items,Dancer's Blood Swords,0xf4c1d0,1,10,30,84204,1167,0,0,Blood
weapon_items,Dancer's Frost Swords,0xf4c234,1,10,30,84205,1167,0,0,Frost
weapon_items,Dancer's Magic Swords,0xf4c298,1,10,30,84206,1167,0,0,Magic
weapon_items,Dancer's Fire Swords,0xf4c2fc,1,10,30,84207,1167,0,0,Fire
weapon_items,Dancer's Lightning Swords,0xf4c360,1,10,30,84208,1167,0,0,Lightning
weapon_items,Dancer's Dark Swords,0xf4c3c4,1,10,30,84209,1167,0,0,Dark
weapon_items,Dancer's Lucky Swords,0xf4c428,1,10,30,84210,1167,0,0,Lucky
weapon_items,Dancer's Enchanted Swords,0xf4c48c,1,10,30,84211,1167,0,0,Enchanted
weapon_items,Dancer's Holy Swords,0xf4c4f0,1,10,30,84212,1167,0,0,Holy
weapon_items,Dancer's Sharp Swords,0xf4c554,1,10,30,84213,1167,0,0,Sharp
weapon_items,Dancer's Blunt Swords,0xf4c5b8,1,10,30,84214,1167,0,0,Blunt
weapon_items,Great Machete,0xf4e750,1,10,30,130200,1168,0,0,Normal
weapon_items,Lethal Great Machete,0xf4e7b4,1,10,30,130201,1168,0,0,Lethal
weapon_items,Cursed Great Machete,0xf4e818,1,10,30,130202,1168,0,0,Cursed
weapon_items,Poison Great Machete,0xf4e87c,1,10,30,130203,1168,0,0,Poison
weapon_items,Blood Great Machete,0xf4e8e0,1,10,30,130204,1168,0,0,Blood
weapon_items,Frost Great Machete,0xf4e944,1,10,30,130205,1168,0,0,Frost
weapon_items,Magic Great Machete,0xf4e9a8,1,10,30,130206,1168,0,0,Magic
weapon_items,Fire Great Machete,0xf4ea0c,1,10,30,130207,1168,0,0,Fire
weapon_items,Lightning Great Machete,0xf4ea70,1,10,30,130208,1168,0,0,Lightning
weapon_items,Dark Great Machete,0xf4ead4,1,10,30,130209,1168,0,0,Dark
weapon_items,Lucky Great Machete,0xf4eb38,1,10,30,130210,1168,0,0,Lucky
weapon_items,Enchanted Great Machete,0xf4eb9c,1,10,30,130211,1168,0,0,Enchanted
weapon_items,Holy Great Machete,0xf4ec00,1,10,30,130212,1168,0,0,Holy
weapon_items,Sharp Great Machete,0xf4ec64,1,10,30,130213,1168,0,0,Sharp
weapon_items,Blunt Great Machete,0xf4ecc8,1,10,30,130214,1168,0,0,Blunt
weapon_items,Brigand Twindaggers,0xf50e60,1,10,25,44100,1169,0,0,Normal
weapon_items,Lethal Brigand Twindaggers,0xf50ec4,1,10,25,44101,1169,0,0,Lethal
weapon_items,Cursed Brigand Twindaggers,0xf50f28,1,10,25,44102,1169,0,0,Cursed
weapon_items,Poison Brigand Twindaggers,0xf50f8c,1,10,25,44103,1169,0,0,Poison
weapon_items,Blood Brigand Twindaggers,0xf50ff0,1,10,25,44104,1169,0,0,Blood
weapon_items,Frost Brigand Twindaggers,0xf51054,1,10,25,44105,1169,0,0,Frost
weapon_items,Magic Brigand Twindaggers,0xf510b8,1,10,25,44106,1169,0,0,Magic
weapon_items,Fire Brigand Twindaggers,0xf5111c,1,10,25,44107,1169,0,0,Fire
weapon_items,Lightning Brigand Twindaggers,0xf51180,1,10,25,44108,1169,0,0,Lightning
weapon_items,Dark Brigand Twindaggers,0xf511e4,1,10,25,44109,1169,0,0,Dark
weapon_items,Lucky Brigand Twindaggers,0xf51248,1,10,25,44110,1169,0,0,Lucky
weapon_items,Enchanted Brigand Twindaggers,0xf512ac,1,10,25,44111,1169,0,0,Enchanted
weapon_items,Holy Brigand Twindaggers,0xf51310,1,10,25,44112,1169,0,0,Holy
weapon_items,Sharp Brigand Twindaggers,0xf51374,1,10,25,44113,1169,0,0,Sharp
weapon_items,Blunt Brigand Twindaggers,0xf513d8,1,10,25,44114,1169,0,0,Blunt
weapon_items,Gotthard Twinswords,0xf53570,1,10,30,55000,1170,0,0,Normal
weapon_items,Lethal Gotthard Twinswords,0xf535d4,1,10,30,55001,1170,0,0,Lethal
weapon_items,Cursed Gotthard Twinswords,0xf53638,1,10,30,55002,1170,0,0,Cursed
weapon_items,Poison Gotthard Twinswords,0xf5369c,1,10,30,55003,1170,0,0,Poison
weapon_items,Blood Gotthard Twinswords,0xf53700,1,10,30,55004,1170,0,0,Blood
weapon_items,Frost Gotthard Twinswords,0xf53764,1,10,30,55005,1170,0,0,Frost
weapon_items,Magic Gotthard Twinswords,0xf537c8,1,10,30,55006,1170,0,0,Magic
weapon_items,Fire Gotthard Twinswords,0xf5382c,1,10,30,55007,1170,0,0,Fire
weapon_items,Lightning Gotthard Twinswords,0xf53890,1,10,30,55008,1170,0,0,Lightning
weapon_items,Dark Gotthard Twinswords,0xf538f4,1,10,30,55009,1170,0,0,Dark
weapon_items,Lucky Gotthard Twinswords,0xf53958,1,10,30,55010,1170,0,0,Lucky
weapon_items,Enchanted Gotthard Twinswords,0xf539bc,1,10,30,55011,1170,0,0,Enchanted
weapon_items,Holy Gotthard Twinswords,0xf53a20,1,10,30,55012,1170,0,0,Holy
weapon_items,Sharp Gotthard Twinswords,0xf53a84,1,10,30,55013,1170,0,0,Sharp
weapon_items,Blunt Gotthard Twinswords,0xf53ae8,1,10,30,55014,1170,0,0,Blunt
weapon_items,Ciaran's Tracers,0xf55c80,1,10,25,84400,1171,0,0,Normal
weapon_items,Ciaran's Lethal Tracers,0xf55ce4,1,10,25,84401,1171,0,0,Lethal
weapon_items,Ciaran's Cursed Tracers,0xf55d48,1,10,25,84402,1171,0,0,Cursed
weapon_items,Ciaran's Poison Tracers,0xf55dac,1,10,25,84403,1171,0,0,Poison
weapon_items,Ciaran's Blood Tracers,0xf55e10,1,10,25,84404,1171,0,0,Blood
weapon_items,Ciaran's Frost Tracers,0xf55e74,1,10,25,84405,1171,0,0,Frost
weapon_items,Ciaran's Magic Tracers,0xf55ed8,1,10,25,84406,1171,0,0,Magic
weapon_items,Ciaran's Fire Tracers,0xf55f3c,1,10,25,84407,1171,0,0,Fire
weapon_items,Ciaran's Lightning Tracers,0xf55fa0,1,10,25,84408,1171,0,0,Lightning
weapon_items,Ciaran's Dark Tracers,0xf56004,1,10,25,84409,1171,0,0,Dark
weapon_items,Ciaran's Lucky Tracers,0xf56068,1,10,25,84410,1171,0,0,Lucky
weapon_items,Ciaran's Enchanted Tracers,0xf560cc,1,10,25,84411,1171,0,0,Enchanted
weapon_items,Ciaran's Holy Tracers,0xf56130,1,10,25,84412,1171,0,0,Holy
weapon_items,Ciaran's Sharp Tracers,0xf56194,1,10,25,84413,1171,0,0,Sharp
weapon_items,Ciaran's Blunt Tracers,0xf561f8,1,10,25,84414,1171,0,0,Blunt
weapon_items,Onikiri and Ubadachi,0xf58390,1,10,25,112000,1172,0,0,Normal
weapon_items,Lethal Onikiri and Ubadachi,0xf583f4,1,10,25,112001,1172,0,0,Lethal
weapon_items,Cursed Onikiri and Ubadachi,0xf58458,1,10,25,112002,1172,0,0,Cursed
weapon_items,Poison Onikiri and Ubadachi,0xf584bc,1,10,25,112003,1172,0,0,Poison
weapon_items,Blood Onikiri and Ubadachi,0xf58520,1,10,25,112004,1172,0,0,Blood
weapon_items,Frost Onikiri and Ubadachi,0xf58584,1,10,25,112005,1172,0,0,Frost
weapon_items,Magic Onikiri and Ubadachi,0xf585e8,1,10,25,112006,1172,0,0,Magic
weapon_items,Fire Onikiri and Ubadachi,0xf5864c,1,10,25,112007,1172,0,0,Fire
weapon_items,Lightning Onikiri and Ubadachi,0xf586b0,1,10,25,112008,1172,0,0,Lightning
weapon_items,Dark Onikiri and Ubadachi,0xf58714,1,10,25,112009,1172,0,0,Dark
weapon_items,Lucky Onikiri and Ubadachi,0xf58778,1,10,25,112010,1172,0,0,Lucky
weapon_items,Enchanted Onikiri and Ubadachi,0xf587dc,1,10,25,112011,1172,0,0,Enchanted
weapon_items,Holy Onikiri and Ubadachi,0xf58840,1,10,25,112012,1172,0,0,Holy
weapon_items,Sharp Onikiri and Ubadachi,0xf588a4,1,10,25,112013,1172,0,0,Sharp
weapon_items,Blunt Onikiri and Ubadachi,0xf58908,1,10,25,112014,1172,0,0,Blunt
weapon_items,Drang Twinspears,0xf5aaa0,1,10,30,164600,1173,0,0,Normal
weapon_items,Lethal Drang Twinspears,0xf5ab04,1,10,30,164601,1173,0,0,Lethal
weapon_items,Cursed Drang Twinspears,0xf5ab68,1,10,30,164602,1173,0,0,Cursed
weapon_items,Poison Drang Twinspears,0xf5abcc,1,10,30,164603,1173,0,0,Poison
weapon_items,Blood Drang Twinspears,0xf5ac30,1,10,30,164604,1173,0,0,Blood
weapon_items,Frost Drang Twinspears,0xf5ac94,1,10,30,164605,1173,0,0,Frost
weapon_items,Magic Drang Twinspears,0xf5acf8,1,10,30,164606,1173,0,0,Magic
weapon_items,Fire Drang Twinspears,0xf5ad5c,1,10,30,164607,1173,0,0,Fire
weapon_items,Lightning Drang Twinspears,0xf5adc0,1,10,30,164608,1173,0,0,Lightning
weapon_items,Dark Drang Twinspears,0xf5ae24,1,10,30,164609,1173,0,0,Dark
weapon_items,Lucky Drang Twinspears,0xf5ae88,1,10,30,164610,1173,0,0,Lucky
weapon_items,Enchanted Drang Twinspears,0xf5aeec,1,10,30,164611,1173,0,0,Enchanted
weapon_items,Holy Drang Twinspears,0xf5af50,1,10,30,164612,1173,0,0,Holy
weapon_items,Sharp Drang Twinspears,0xf5afb4,1,10,30,164613,1173,0,0,Sharp
weapon_items,Blunt Drang Twinspears,0xf5b018,1,10,30,164614,1173,0,0,Blunt
weapon_items,Giant Door Shield,0xf5f8c0,1,10,40,414600,1296,0,0,Normal
weapon_items,Lethal Giant Door Shield,0xf5f924,1,10,40,414601,1296,0,0,Lethal
weapon_items,Curse Giant Door Shield,0xf5f988,1,10,40,414602,1296,0,0,Cursed
weapon_items,Poison Giant Door Shield,0xf5f9ec,1,10,40,414603,1296,0,0,Poison
weapon_items,Blood Giant Door Shield,0xf5fa50,1,10,40,414604,1296,0,0,Blood
weapon_items,Frost Giant Door Shield,0xf5fab4,1,10,40,414605,1296,0,0,Frost
weapon_items,Magic Giant Door Shield,0xf5fb18,1,10,40,414606,1296,0,0,Magic
weapon_items,Fire Giant Door Shield,0xf5fb7c,1,10,40,414607,1296,0,0,Fire
weapon_items,Lightning Giant Door Shield,0xf5fbe0,1,10,40,414608,1296,0,0,Lightning
weapon_items,Dark Giant Door Shield,0xf5fc44,1,10,40,414609,1296,0,0,Dark
weapon_items,Lucky Giant Door Shield,0xf5fca8,1,10,40,414610,1296,0,0,Lucky
weapon_items,Enchanted Giant Door Shield,0xf5fd0c,1,10,40,414611,1296,0,0,Enchanted
weapon_items,Holy Giant Door Shield,0xf5fd70,1,10,40,414612,1296,0,0,Holy
weapon_items,Sharp Giant Door Shield,0xf5fdd4,1,10,40,414613,1296,0,0,Sharp
weapon_items,Blunt Giant Door Shield,0xf5fe38,1,10,40,414614,1296,0,0,Blunt
weapon_items,Drang Hammers,0xf61fd0,1,10,30,143800,1259,0,0,Normal
weapon_items,Lethal Drang Hammers,0xf62034,1,10,30,143801,1259,0,0,Lethal
weapon_items,Cursed Drang Hammers,0xf62098,1,10,30,143802,1259,0,0,Cursed
weapon_items,Poison Drang Hammers,0xf620fc,1,10,30,143803,1259,0,0,Poison
weapon_items,Blood Drang Hammers,0xf62160,1,10,30,143804,1259,0,0,Blood
weapon_items,Frost Drang Hammers,0xf621c4,1,10,30,143805,1259,0,0,Frost
weapon_items,Magic Drang Hammers,0xf62228,1,10,30,143806,1259,0,0,Magic
weapon_items,Fire Drang Hammers,0xf6228c,1,10,30,143807,1259,0,0,Fire
weapon_items,Lightning Drang Hammers,0xf622f0,1,10,30,143808,1259,0,0,Lightning
weapon_items,Dark Drang Hammers,0xf62354,1,10,30,143809,1259,0,0,Dark
weapon_items,Lucky Drang Hammers,0xf623b8,1,10,30,143810,1259,0,0,Lucky
weapon_items,Enchanted Drang Hammers,0xf6241c,1,10,30,143811,1259,0,0,Enchanted
weapon_items,Holy Drang Hammers,0xf62480,1,10,30,143812,1259,0,0,Holy
weapon_items,Sharp Drang Hammers,0xf624e4,1,10,30,143813,1259,0,0,Sharp
weapon_items,Blunt Drang Hammers,0xf62548,1,10,30,143814,1259,0,0,Blunt
weapon_items,Valorheart,0xf646e0,1,10,25,55200,1276,0,0,Normal
weapon_items,Lethal Valorheart,0xf64744,1,10,25,55201,1276,0,0,Lethal
weapon_items,Curse Valorheart,0xf647a8,1,10,25,55202,1276,0,0,Cursed
weapon_items,Poison Valorheart,0xf6480c,1,10,25,55203,1276,0,0,Poison
weapon_items,Blood Valorheart,0xf64870,1,10,25,55204,1276,0,0,Blood
weapon_items,Frost Valorheart,0xf648d4,1,10,25,55205,1276,0,0,Frost
weapon_items,Magic Valorheart,0xf64938,1,10,25,55206,1276,0,0,Magic
weapon_items,Fire Valorheart,0xf6499c,1,10,25,55207,1276,0,0,Fire
weapon_items,Lightning Valorheart,0xf64a00,1,10,25,55208,1276,0,0,Lightning
weapon_items,Dark Valorheart,0xf64a64,1,10,25,55209,1276,0,0,Dark
weapon_items,Lucky Valorheart,0xf64ac8,1,10,25,55210,1276,0,0,Lucky
weapon_items,Enchanted Valorheart,0xf64b2c,1,10,25,55211,1276,0,0,Enchanted
weapon_items,Holy Valorheart,0xf64b90,1,10,25,55212,1276,0,0,Holy
weapon_items,Sharp Valorheart,0xf64bf4,1,10,25,55213,1276,0,0,Sharp
weapon_items,Blunt Valorheart,0xf64c58,1,10,25,55214,1276,0,0,Blunt
weapon_items,Crow Quills,0xf66df0,1,10,25,102000,1277,0,0,Normal
weapon_items,Lethal Crow Quills,0xf66e54,1,10,25,102001,1277,0,0,Lethal
weapon_items,Curse Crow Quills,0xf66eb8,1,10,25,102002,1277,0,0,Cursed
weapon_items,Poison Crow Quills,0xf66f1c,1,10,25,102003,1277,0,0,Poison
weapon_items,Blood Crow Quills,0xf66f80,1,10,25,102004,1277,0,0,Blood
weapon_items,Frost Crow Quills,0xf66fe4,1,10,25,102005,1277,0,0,Frost
weapon_items,Magic Crow Quills,0xf67048,1,10,25,102006,1277,0,0,Magic
weapon_items,Fire Crow Quills,0xf670ac,1,10,25,102007,1277,0,0,Fire
weapon_items,Lightning Crow Quills,0xf67110,1,10,25,102008,1277,0,0,Lightning
weapon_items,Dark Crow Quills,0xf67174,1,10,25,102009,1277,0,0,Dark
weapon_items,Lucky Crow Quills,0xf671d8,1,10,25,102010,1277,0,0,Lucky
weapon_items,Enchanted Crow Quills,0xf6723c,1,10,25,102011,1277,0,0,Enchanted
weapon_items,Holy Crow Quills,0xf672a0,1,10,25,102012,1277,0,0,Holy
weapon_items,Sharp Crow Quills,0xf67304,1,10,25,102013,1277,0,0,Sharp
weapon_items,Blunt Crow Quills,0xf67368,1,10,25,102014,1277,0,0,Blunt
weapon_items,Ringed Knight Paired Greatswords,0xf69500,1,10,30,74600,1297,0,0,Normal
weapon_items,Lethal Ringed Knight Paired Greatswords,0xf69564,1,10,30,74601,1297,0,0,Lethal
weapon_items,Curse Ringed Knight Paired Greatswords,0xf695c8,1,10,30,74602,1297,0,0,Cursed
weapon_items,Poison Ringed Knight Paired Greatswords,0xf6962c,1,10,30,74603,1297,0,0,Poison
weapon_items,Blood Ringed Knight Paired Greatswords,0xf69690,1,10,30,74604,1297,0,0,Blood
weapon_items,Frost Ringed Knight Paired Greatswords,0xf696f4,1,10,30,74605,1297,0,0,Frost
weapon_items,Magic Ringed Knight Paired Greatswords,0xf69758,1,10,30,74606,1297,0,0,Magic
weapon_items,Fire Ringed Knight Paired Greatswords,0xf697bc,1,10,30,74607,1297,0,0,Fire
weapon_items,Lightning Ringed Knight Paired Greatswords,0xf69820,1,10,30,74608,1297,0,0,Lightning
weapon_items,Dark Ringed Knight Paired Greatswords,0xf69884,1,10,30,74609,1297,0,0,Dark
weapon_items,Lucky Ringed Knight Paired Greatswords,0xf698e8,1,10,30,74610,1297,0,0,Lucky
weapon_items,Enchanted Ringed Knight Paired Greatswords,0xf6994c,1,10,30,74611,1297,0,0,Enchanted
weapon_items,Holy Ringed Knight Paired Greatswords,0xf699b0,1,10,30,74612,1297,0,0,Holy
weapon_items,Sharp Ringed Knight Paired Greatswords,0xf69a14,1,10,30,74613,1297,0,0,Sharp
weapon_items,Blunt Ringed Knight Paired Greatswords,0xf69a78,1,10,30,74614,1297,0,0,Blunt
weapon_items,Imperious Greatshield,0xf6bc10,1,10,40,414800,1422,0,0,Normal
weapon_items,Lethal Imperious Greatshield,0xf6bc74,1,10,40,414801,1422,0,0,Lethal
weapon_items,Cursed Imperious Greatshield,0xf6bcd8,1,10,40,414802,1422,0,0,Cursed
weapon_items,Poison Imperious Greatshield,0xf6bd3c,1,10,40,414803,1422,0,0,Poison
weapon_items,Blood Imperious Greatshield,0xf6bda0,1,10,40,414804,1422,0,0,Blood
weapon_items,Frost Imperious Greatshield,0xf6be04,1,10,40,414805,1422,0,0,Frost
weapon_items,Magic Imperious Greatshield,0xf6be68,1,10,40,414806,1422,0,0,Magic
weapon_items,Fire Imperious Greatshield,0xf6becc,1,10,40,414807,1422,0,0,Fire
weapon_items,Lightning Imperious Greatshield,0xf6bf30,1,10,40,414808,1422,0,0,Lightning
weapon_items,Dark Imperious Greatshield,0xf6bf94,1,10,40,414809,1422,0,0,Dark
weapon_items,Lucky Imperious Greatshield,0xf6bff8,1,10,40,414810,1422,0,0,Lucky
weapon_items,Enchanted Imperious Greatshield,0xf6c05c,1,10,40,414811,1422,0,0,Enchanted
weapon_items,Holy Imperious Greatshield,0xf6c0c0,1,10,40,414812,1422,0,0,Holy
weapon_items,Sharp Imperious Greatshield,0xf6c124,1,10,40,414813,1422,0,0,Sharp
weapon_items,Blunt Imperious Greatshield,0xf6c188,1,10,40,414814,1422,0,0,Blunt
weapon_items,Sorcerer's Staff,0x1036640,1,10,20,290000,1139,0,0,Normal
weapon_items,Sorcerer's Pulsating Staff,0x10366a4,1,10,20,290001,1139,0,0,Lethal
weapon_items,Sorcerer's Vibrating Staff,0x1036708,1,10,20,290002,1139,0,0,Cursed
weapon_items,Sorcerer's Throbbing Staff,0x103676c,1,10,20,290003,1139,0,0,Poison
weapon_items,Sorcerer's Quivering Staff,0x10367d0,1,10,20,290004,1139,0,0,Blood
weapon_items,Sorcerer's Laughing Staff,0x1036834,1,10,20,290005,1139,0,0,Frost
weapon_items,Sorcerer's Unstable Staff,0x1036898,1,10,20,290006,1139,0,0,Magic
weapon_items,Sage's Crystal Staff,0x1038d50,1,10,20,290800,1233,0,0,Normal
weapon_items,Sage's Pulsating Staff,0x1038db4,1,10,20,290801,1233,0,0,Lethal
weapon_items,Sage's Vibrating Staff,0x1038e18,1,10,20,290802,1233,0,0,Cursed
weapon_items,Sage's Throbbing Staff,0x1038e7c,1,10,20,290803,1233,0,0,Poison
weapon_items,Sage's Quivering Staff,0x1038ee0,1,10,20,290804,1233,0,0,Blood
weapon_items,Sage's Laughing Staff,0x1038f44,1,10,20,290805,1233,0,0,Frost
weapon_items,Sage's Unstable Staff,0x1038fa8,1,10,20,290806,1233,0,0,Magic
weapon_items,Court Sorcerer's Staff,0x103b460,1,10,20,290400,1235,0,0,Normal
weapon_items,Court Sorcerer's Pulsating Staff,0x103b4c4,1,10,20,290401,1235,0,0,Lethal
weapon_items,Court Sorcerer's Vibrating Staff,0x103b528,1,10,20,290402,1235,0,0,Cursed
weapon_items,Court Sorcerer's Throbbing Staff,0x103b58c,1,10,20,290403,1235,0,0,Poison
weapon_items,Court Sorcerer's Quivering Staff,0x103b5f0,1,10,20,290404,1235,0,0,Blood
weapon_items,Court Sorcerer's Laughing Staff,0x103b654,1,10,20,290405,1235,0,0,Frost
weapon_items,Court Sorcerer's Unstable Staff,0x103b6b8,1,10,20,290406,1235,0,0,Magic
weapon_items,Witchtree Branch,0x103db70,1,10,20,290200,1236,0,0,Normal
weapon_items,Pulsating Witchtree Branch,0x103dbd4,1,10,20,290201,1236,0,0,Lethal
weapon_items,Vibrating Witchtree Branch,0x103dc38,1,10,20,290202,1236,0,0,Cursed
weapon_items,Throbbing Witchtree Branch,0x103dc9c,1,10,20,290203,1236,0,0,Poison
weapon_items,Quivering Witchtree Branch,0x103dd00,1,10,20,290204,1236,0,0,Blood
weapon_items,Laughing Witchtree Branch,0x103dd64,1,10,20,290205,1236,0,0,Frost
weapon_items,Unstable Witchtree Branch,0x103ddc8,1,10,20,290206,1236,0,0,Magic
weapon_items,Velka's Talisman,0x1040280,1,10,20,350600,1395,0,0,Normal
weapon_items,Velka's Pulsating Talisman,0x10402e4,1,10,20,350601,1395,0,0,Lethal
weapon_items,Velka's Vibrating Talisman,0x1040348,1,10,20,350602,1395,0,0,Cursed
weapon_items,Velka's Throbbing Talisman,0x10403ac,1,10,20,350603,1395,0,0,Poison
weapon_items,Velka's Quivering Talisman,0x1040410,1,10,20,350604,1395,0,0,Blood
weapon_items,Velka's Laughing Talisman,0x1040474,1,10,20,350605,1395,0,0,Frost
weapon_items,Velka's Unstable Talisman,0x10404d8,1,10,20,350606,1395,0,0,Magic
weapon_items,Sunless Talisman,0x1042990,1,10,20,291400,1245,0,0,Normal
weapon_items,Pulsating Sunless Talisman,0x10429f4,1,10,20,291401,1245,0,0,Lethal
weapon_items,Vibrating Sunless Talisman,0x1042a58,1,10,20,291402,1245,0,0,Cursed
weapon_items,Throbbing Sunless Talisman,0x1042abc,1,10,20,291403,1245,0,0,Poison
weapon_items,Quivering Sunless Talisman,0x1042b20,1,10,20,291404,1245,0,0,Blood
weapon_items,Laughing Sunless Talisman,0x1042b84,1,10,20,291405,1245,0,0,Frost
weapon_items,Unstable Sunless Talisman,0x1042be8,1,10,20,291406,1245,0,0,Magic
weapon_items,Mendicant's Staff,0x10450a0,1,10,20,291000,1141,0,0,Normal
weapon_items,Mendicant's Pulsating Staff,0x1045104,1,10,20,291001,1141,0,0,Lethal
weapon_items,Mendicant's Vibrating Staff,0x1045168,1,10,20,291002,1141,0,0,Cursed
weapon_items,Mendicant's Throbbing Staff,0x10451cc,1,10,20,291003,1141,0,0,Poison
weapon_items,Mendicant's Quivering Staff,0x1045230,1,10,20,291004,1141,0,0,Blood
weapon_items,Mendicant's Laughing Staff,0x1045294,1,10,20,291005,1141,0,0,Frost
weapon_items,Mendicant's Unstable Staff,0x10452f8,1,10,20,291006,1141,0,0,Magic
weapon_items,Izalith Staff,0x10477b0,1,10,20,292000,1237,0,0,Normal
weapon_items,Pulsating Izalith Staff,0x1047814,1,10,20,292001,1237,0,0,Lethal
weapon_items,Vibrating Izalith Staff,0x1047878,1,10,20,292002,1237,0,0,Cursed
weapon_items,Throbbing Izalith Staff,0x10478dc,1,10,20,292003,1237,0,0,Poison
weapon_items,Quivering Izalith Staff,0x1047940,1,10,20,292004,1237,0,0,Blood
weapon_items,Laughing Izalith Staff,0x10479a4,1,10,20,292005,1237,0,0,Frost
weapon_items,Unstable Izalith Staff,0x1047a08,1,10,20,292006,1237,0,0,Magic
weapon_items,Man-grub's Staff,0x1049ec0,1,10,20,291200,1143,0,0,Normal
weapon_items,Man-grub's Pulsating Staff,0x1049f24,1,10,20,291201,1143,0,0,Lethal
weapon_items,Man-grub's Vibrating Staff,0x1049f88,1,10,20,291202,1143,0,0,Cursed
weapon_items,Man-grub's Throbbing Staff,0x1049fec,1,10,20,291203,1143,0,0,Poison
weapon_items,Man-grub's Quivering Staff,0x104a050,1,10,20,291204,1143,0,0,Blood
weapon_items,Man-grub's Laughing Staff,0x104a0b4,1,10,20,291205,1143,0,0,Frost
weapon_items,Man-grub's Unstable Staff,0x104a118,1,10,20,291206,1143,0,0,Magic
weapon_items,Crystal Chime,0x104c5d0,1,10,20,291600,1242,0,0,Normal
weapon_items,Pulsating Crystal Chime,0x104c634,1,10,20,291601,1242,0,0,Lethal
weapon_items,Vibrating Crystal Chime,0x104c698,1,10,20,291602,1242,0,0,Cursed
weapon_items,Throbbing Crystal Chime,0x104c6fc,1,10,20,291603,1242,0,0,Poison
weapon_items,Quivering Crystal Chime,0x104c760,1,10,20,291604,1242,0,0,Blood
weapon_items,Laughing Crystal Chime,0x104c7c4,1,10,20,291605,1242,0,0,Frost
weapon_items,Unstable Crystal Chime,0x104c828,1,10,20,291606,1242,0,0,Magic
weapon_items,Sorcerous Flame,0x104ece0,1,10,20,291800,6057,0,0,Normal
weapon_items,Pulsating Sorcerous Flame,0x104ed44,1,10,20,291801,6057,0,0,Lethal
weapon_items,Vibrating Sorcerous Flame,0x104eda8,1,10,20,291802,6057,0,0,Cursed
weapon_items,Throbbing Sorcerous Flame,0x104ee0c,1,10,20,291803,6057,0,0,Poison
weapon_items,Quivering Sorcerous Flame,0x104ee70,1,10,20,291804,6057,0,0,Blood
weapon_items,Laughing Sorcerous Flame,0x104eed4,1,10,20,291805,6057,0,0,Frost
weapon_items,Unstable Sorcerous Flame,0x104ef38,1,10,20,291806,6057,0,0,Magic
weapon_items,Golden Ritual Spear,0x10513f0,1,10,20,360200,1145,0,0,Normal
weapon_items,Pulsating Golden Ritual Spear,0x1051454,1,10,20,360201,1145,0,0,Lethal
weapon_items,Vibrating Golden Ritual Spear,0x10514b8,1,10,20,360202,1145,0,0,Cursed
weapon_items,Throbbing Golden Ritual Spear,0x105151c,1,10,20,360203,1145,0,0,Poison
weapon_items,Quivering Golden Ritual Spear,0x1051580,1,10,20,360204,1145,0,0,Blood
weapon_items,Laughing Golden Ritual Spear,0x10515e4,1,10,20,360205,1145,0,0,Frost
weapon_items,Unstable Golden Ritual Spear,0x1051648,1,10,20,360206,1145,0,0,Magic
weapon_items,Heysel Pick,0x1053b00,1,10,20,300200,1209,0,0,Normal
weapon_items,Pulsating Heysel Pick,0x1053b64,1,10,20,300201,1209,0,0,Lethal
weapon_items,Vibrating Heysel Pick,0x1053bc8,1,10,20,300202,1209,0,0,Cursed
weapon_items,Throbbing Heysel Pick,0x1053c2c,1,10,20,300203,1209,0,0,Poison
weapon_items,Quivering Heysel Pick,0x1053c90,1,10,20,300204,1209,0,0,Blood
weapon_items,Laughing Heysel Pick,0x1053cf4,1,10,20,300205,1209,0,0,Frost
weapon_items,Unstable Heysel Pick,0x1053d58,1,10,20,300206,1209,0,0,Magic
weapon_items,Blue Flame,0x1056210,1,10,20,300000,1365,0,0,Normal
weapon_items,Pulsating Blue Flame,0x1056274,1,10,20,300001,1365,0,0,Lethal
weapon_items,Vibrating Blue Flame,0x10562d8,1,10,20,300002,1365,0,0,Cursed
weapon_items,Throbbing Blue Flame,0x105633c,1,10,20,300003,1365,0,0,Poison
weapon_items,Quivering Blue Flame,0x10563a0,1,10,20,300004,1365,0,0,Blood
weapon_items,Laughing Blue Flame,0x1056404,1,10,20,300005,1365,0,0,Frost
weapon_items,Unstable Blue Flame,0x1056468,1,10,20,300006,1365,0,0,Magic
weapon_items,Loch Shield,0x1058920,1,10,25,300600,6054,0,0,Normal
weapon_items,Loch Shield of Clarity,0x1058984,1,10,25,300601,6054,0,0,Lethal
weapon_items,Loch Shield of Rejuvenation,0x10589e8,1,10,25,300602,6054,0,0,Cursed
weapon_items,Loch Shield of Restoration,0x1058a4c,1,10,25,300603,6054,0,0,Poison
weapon_items,Loch Shield of Respite,0x1058ab0,1,10,25,300604,6054,0,0,Blood
weapon_items,Loch Shield of Lucidity,0x1058b14,1,10,25,300605,6054,0,0,Frost
weapon_items,Loch Shield of Greed,0x1058b78,1,10,25,300606,6054,0,0,Magic
weapon_items,Magic Loch Shield,0x1058bdc,1,10,25,300607,6054,0,0,Fire
weapon_items,Fire Loch Shield,0x1058c40,1,10,25,300608,6054,0,0,Lightning
weapon_items,Lightning Loch Shield,0x1058ca4,1,10,25,300609,6054,0,0,Dark
weapon_items,Dark Loch Shield,0x1058d08,1,10,25,300610,6054,0,0,Lucky
weapon_items,Talisman,0x112a880,1,10,20,330000,1138,0,0,Normal
weapon_items,Pulsating Talisman,0x112a8e4,1,10,20,330001,1138,0,0,Lethal
weapon_items,Vibrating Talisman,0x112a948,1,10,20,330002,1138,0,0,Cursed
weapon_items,Throbbing Talisman,0x112a9ac,1,10,20,330003,1138,0,0,Poison
weapon_items,Quivering Talisman,0x112aa10,1,10,20,330004,1138,0,0,Blood
weapon_items,Laughing Talisman,0x112aa74,1,10,20,330005,1138,0,0,Frost
weapon_items,Unstable Talisman,0x112aad8,1,10,20,330006,1138,0,0,Magic
weapon_items,Rotten Talisman,0x112cf90,1,10,20,351400,1397,0,0,Normal
weapon_items,Pulsating Rotten Talisman,0x112cff4,1,10,20,351401,1397,0,0,Lethal
weapon_items,Vibrating Rotten Talisman,0x112d058,1,10,20,351402,1397,0,0,Cursed
weapon_items,Throbbing Rotten Talisman,0x112d0bc,1,10,20,351403,1397,0,0,Poison
weapon_items,Quivering Rotten Talisman,0x112d120,1,10,20,351404,1397,0,0,Blood
weapon_items,Laughing Rotten Talisman,0x112d184,1,10,20,351405,1397,0,0,Frost
weapon_items,Unstable Rotten Talisman,0x112d1e8,1,10,20,351406,1397,0,0,Magic
weapon_items,Smouldering Talisman,0x112f6a0,1,10,20,331800,1398,0,0,Normal
weapon_items,Pulsating Smouldering Talisman,0x112f704,1,10,20,331801,1398,0,0,Lethal
weapon_items,Vibrating Smouldering Talisman,0x112f768,1,10,20,331802,1398,0,0,Cursed
weapon_items,Throbbing Smouldering Talisman,0x112f7cc,1,10,20,331803,1398,0,0,Poison
weapon_items,Quivering Smouldering Talisman,0x112f830,1,10,20,331804,1398,0,0,Blood
weapon_items,Laughing Smouldering Talisman,0x112f894,1,10,20,331805,1398,0,0,Frost
weapon_items,Unstable Smouldering Talisman,0x112f8f8,1,10,20,331806,1398,0,0,Magic
weapon_items,Sunlight Talisman,0x1131db0,1,10,20,331400,1243,0,0,Normal
weapon_items,Pulsating Sunlight Talisman,0x1131e14,1,10,20,331401,1243,0,0,Lethal
weapon_items,Vibrating Sunlight Talisman,0x1131e78,1,10,20,331402,1243,0,0,Cursed
weapon_items,Throbbing Sunlight Talisman,0x1131edc,1,10,20,331403,1243,0,0,Poison
weapon_items,Quivering Sunlight Talisman,0x1131f40,1,10,20,331404,1243,0,0,Blood
weapon_items,Laughing Sunlight Talisman,0x1131fa4,1,10,20,331405,1243,0,0,Frost
weapon_items,Unstable Sunlight Talisman,0x1132008,1,10,20,331406,1243,0,0,Magic
weapon_items,Saint's Talisman,0x11344c0,1,10,20,330800,1246,0,0,Normal
weapon_items,Saint's Pulsating Talisman,0x1134524,1,10,20,330801,1246,0,0,Lethal
weapon_items,Saint's Vibrating Talisman,0x1134588,1,10,20,330802,1246,0,0,Cursed
weapon_items,Saint's Throbbing Talisman,0x11345ec,1,10,20,330803,1246,0,0,Poison
weapon_items,Saint's Quivering Talisman,0x1134650,1,10,20,330804,1246,0,0,Blood
weapon_items,Saint's Laughing Talisman,0x11346b4,1,10,20,330805,1246,0,0,Frost
weapon_items,Saint's Unstable Talisman,0x1134718,1,10,20,330806,1246,0,0,Magic
weapon_items,White Hair Talisman,0x1136bd0,1,10,20,332000,1247,0,0,Normal
weapon_items,Pulsating White Hair Talisman,0x1136c34,1,10,20,332001,1247,0,0,Lethal
weapon_items,Vibrating White Hair Talisman,0x1136c98,1,10,20,332002,1247,0,0,Cursed
weapon_items,Throbbing White Hair Talisman,0x1136cfc,1,10,20,332003,1247,0,0,Poison
weapon_items,Quivering White Hair Talisman,0x1136d60,1,10,20,332004,1247,0,0,Blood
weapon_items,Laughing White Hair Talisman,0x1136dc4,1,10,20,332005,1247,0,0,Frost
weapon_items,Unstable White Hair Talisman,0x1136e28,1,10,20,332006,1247,0,0,Magic
weapon_items,Cleric's Sacred Chime,0x11392e0,1,10,20,330200,1238,0,0,Normal
weapon_items,Cleric's Pulsating Sacred Chime,0x1139344,1,10,20,330201,1238,0,0,Lethal
weapon_items,Cleric's Vibrating Sacred Chime,0x11393a8,1,10,20,330202,1238,0,0,Cursed
weapon_items,Cleric's Throbbing Sacred Chime,0x113940c,1,10,20,330203,1238,0,0,Poison
weapon_items,Cleric's Quivering Sacred Chime,0x1139470,1,10,20,330204,1238,0,0,Blood
weapon_items,Cleric's Laughing Sacred Chime,0x11394d4,1,10,20,330205,1238,0,0,Frost
weapon_items,Cleric's Unstable Sacred Chime,0x1139538,1,10,20,330206,1238,0,0,Magic
weapon_items,Yorshka's Chime,0x113b9f0,1,10,20,330600,1147,0,0,Normal
weapon_items,Yorshka's Pulsating Chime,0x113ba54,1,10,20,330601,1147,0,0,Lethal
weapon_items,Yorshka's Vibrating Chime,0x113bab8,1,10,20,330602,1147,0,0,Cursed
weapon_items,Yorshka's Throbbing Chime,0x113bb1c,1,10,20,330603,1147,0,0,Poison
weapon_items,Yorshka's Quivering Chime,0x113bb80,1,10,20,330604,1147,0,0,Blood
weapon_items,Yorshka's Laughing Chime,0x113bbe4,1,10,20,330605,1147,0,0,Frost
weapon_items,Yorshka's Unstable Chime,0x113bc48,1,10,20,330606,1147,0,0,Magic
weapon_items,Sacred Chime of Filianore,0x113e100,1,10,20,331200,1293,0,0,Normal
weapon_items,Pulsating Sacred Chime of Filianore,0x113e164,1,10,20,331201,1293,0,0,Lethal
weapon_items,Vibrating Sacred Chime of Filianore,0x113e1c8,1,10,20,331202,1293,0,0,Cursed
weapon_items,Throbbing Sacred Chime of Filianore,0x113e22c,1,10,20,331203,1293,0,0,Poison
weapon_items,Quivering Sacred Chime of Filianore,0x113e290,1,10,20,331204,1293,0,0,Blood
weapon_items,Laughing Sacred Chime of Filianore,0x113e2f4,1,10,20,331205,1293,0,0,Frost
weapon_items,Unstable Sacred Chime of Filianore,0x113e358,1,10,20,331206,1293,0,0,Magic
weapon_items,Saint-tree Bellvine,0x1140810,1,10,20,330400,1240,0,0,Normal
weapon_items,Pulsating Saint-tree Bellvine,0x1140874,1,10,20,330401,1240,0,0,Lethal
weapon_items,Vibrating Saint-tree Bellvine,0x11408d8,1,10,20,330402,1240,0,0,Cursed
weapon_items,Throbbing Saint-tree Bellvine,0x114093c,1,10,20,330403,1240,0,0,Poison
weapon_items,Quivering Saint-tree Bellvine,0x11409a0,1,10,20,330404,1240,0,0,Blood
weapon_items,Laughing Saint-tree Bellvine,0x1140a04,1,10,20,330405,1240,0,0,Frost
weapon_items,Unstable Saint-tree Bellvine,0x1140a68,1,10,20,330406,1240,0,0,Magic
weapon_items,Holy Flame,0x1142f20,1,10,20,331600,6056,0,0,Normal
weapon_items,Pulsating Holy Flame,0x1142f84,1,10,20,331601,6056,0,0,Lethal
weapon_items,Vibrating Holy Flame,0x1142fe8,1,10,20,331602,6056,0,0,Cursed
weapon_items,Throbbing Holy Flame,0x114304c,1,10,20,331603,6056,0,0,Poison
weapon_items,Quivering Holy Flame,0x11430b0,1,10,20,331604,6056,0,0,Blood
weapon_items,Laughing Holy Flame,0x1143114,1,10,20,331605,6056,0,0,Frost
weapon_items,Unstable Holy Flame,0x1143178,1,10,20,331606,6056,0,0,Magic
weapon_items,Priest's Candlestick,0x1145630,1,10,20,340000,6048,0,0,Normal
weapon_items,Priest's Pulsating Candlestick,0x1145694,1,10,20,340001,6048,0,0,Lethal
weapon_items,Priest's Vibrating Candlestick,0x11456f8,1,10,20,340002,6048,0,0,Cursed
weapon_items,Priest's Throbbing Candlestick,0x114575c,1,10,20,340003,6048,0,0,Poison
weapon_items,Priest's Quivering Candlestick,0x11457c0,1,10,20,340004,6048,0,0,Blood
weapon_items,Priest's Laughing Candlestick,0x1145824,1,10,20,340005,6048,0,0,Frost
weapon_items,Priest's Unstable Candlestick,0x1145888,1,10,20,340006,6048,0,0,Magic
weapon_items,Rose of Ariandel,0x1147d40,1,10,30,360600,1274,0,0,Normal
weapon_items,Pulsating Rose of Ariandel,0x1147da4,1,10,30,360601,1274,0,0,Lethal
weapon_items,Vibrating Rose of Ariandel,0x1147e08,1,10,30,360602,1274,0,0,Cursed
weapon_items,Throbbing Rose of Ariandel,0x1147e6c,1,10,30,360603,1274,0,0,Poison
weapon_items,Quivering Rose of Ariandel,0x1147ed0,1,10,30,360604,1274,0,0,Blood
weapon_items,Laughing Rose of Ariandel,0x1147f34,1,10,30,360605,1274,0,0,Frost
weapon_items,Unstable Rose of Ariandel,0x1147f98,1,10,30,360606,1274,0,0,Magic
weapon_items,Disc Chime,0x114a450,1,10,25,340200,1220,0,0,Normal
weapon_items,Disc Chime of Clarity,0x114a4b4,1,10,25,340201,1220,0,0,Lethal
weapon_items,Disc Chime of Rejuvenation,0x114a518,1,10,25,340202,1220,0,0,Cursed
weapon_items,Disc Chime of Restoration,0x114a57c,1,10,25,340203,1220,0,0,Poison
weapon_items,Disc Chime of Respite,0x114a5e0,1,10,25,340204,1220,0,0,Blood
weapon_items,Disc Chime of Lucidity,0x114a644,1,10,25,340205,1220,0,0,Frost
weapon_items,Disc Chime of Greed,0x114a6a8,1,10,25,340206,1220,0,0,Magic
weapon_items,Magic Disc Chime,0x114a70c,1,10,25,340207,1220,0,0,Fire
weapon_items,Fire Disc Chime,0x114a770,1,10,25,340208,1220,0,0,Lightning
weapon_items,Lightning Disc Chime,0x114a7d4,1,10,25,340209,1220,0,0,Dark
weapon_items,Dark Disc Chime,0x114a838,1,10,25,340210,1220,0,0,Lucky
weapon_items,Heretic's Staff,0x121eac0,1,10,20,350400,1234,0,0,Normal
weapon_items,Heretic's Pulsating Staff,0x121eb24,1,10,20,350401,1234,0,0,Lethal
weapon_items,Heretic's Vibrating Staff,0x121eb88,1,10,20,350402,1234,0,0,Cursed
weapon_items,Heretic's Throbbing Staff,0x121ebec,1,10,20,350403,1234,0,0,Poison
weapon_items,Heretic's Quivering Staff,0x121ec50,1,10,20,350404,1234,0,0,Blood
weapon_items,Heretic's Laughing Staff,0x121ecb4,1,10,20,350405,1234,0,0,Frost
weapon_items,Heretic's Unstable Staff,0x121ed18,1,10,20,350406,1234,0,0,Magic
weapon_items,Storyteller's Staff,0x12211d0,1,10,20,352000,1140,0,0,Normal
weapon_items,Storyteller's Pulsating Staff,0x1221234,1,10,20,352001,1140,0,0,Lethal
weapon_items,Storyteller's Vibrating Staff,0x1221298,1,10,20,352002,1140,0,0,Cursed
weapon_items,Storyteller's Throbbing Staff,0x12212fc,1,10,20,352003,1140,0,0,Poison
weapon_items,Storyteller's Quivering Staff,0x1221360,1,10,20,352004,1140,0,0,Blood
weapon_items,Storyteller's Laughing Staff,0x12213c4,1,10,20,352005,1140,0,0,Frost
weapon_items,Storyteller's Unstable Staff,0x1221428,1,10,20,352006,1140,0,0,Magic
weapon_items,Murky Longstaff,0x12238e0,1,10,20,350000,1292,0,0,Normal
weapon_items,Pulsating Murky Longstaff,0x1223944,1,10,20,350001,1292,0,0,Lethal
weapon_items,Vibrating Murky Longstaff,0x12239a8,1,10,20,350002,1292,0,0,Cursed
weapon_items,Throbbing Murky Longstaff,0x1223a0c,1,10,20,350003,1292,0,0,Poison
weapon_items,Quivering Murky Longstaff,0x1223a70,1,10,20,350004,1292,0,0,Blood
weapon_items,Laughing Murky Longstaff,0x1223ad4,1,10,20,350005,1292,0,0,Frost
weapon_items,Unstable Murky Longstaff,0x1223b38,1,10,20,350006,1292,0,0,Magic
weapon_items,Archdeacon's Great Staff,0x1225ff0,1,10,20,351600,1144,0,0,Normal
weapon_items,Archdeacon's Pulsating Great Staff,0x1226054,1,10,20,351601,1144,0,0,Lethal
weapon_items,Archdeacon's Vibrating Great Staff,0x12260b8,1,10,20,351602,1144,0,0,Cursed
weapon_items,Archdeacon's Throbbing Great Staff,0x122611c,1,10,20,351603,1144,0,0,Poison
weapon_items,Archdeacon's Quivering Great Staff,0x1226180,1,10,20,351604,1144,0,0,Blood
weapon_items,Archdeacon's Laughing Great Staff,0x12261e4,1,10,20,351605,1144,0,0,Frost
weapon_items,Archdeacon's Unstable Great Staff,0x1226248,1,10,20,351606,1144,0,0,Magic
weapon_items,Manus Catalyst,0x1228700,1,10,20,360000,2100,0,0,Normal
weapon_items,Pulsating Manus Catalyst,0x1228764,1,10,20,360001,2100,0,0,Lethal
weapon_items,Vibrating Manus Catalyst,0x12287c8,1,10,20,360002,2100,0,0,Cursed
weapon_items,Throbbing Manus Catalyst,0x122882c,1,10,20,360003,2100,0,0,Poison
weapon_items,Quivering Manus Catalyst,0x1228890,1,10,20,360004,2100,0,0,Blood
weapon_items,Laughing Manus Catalyst,0x12288f4,1,10,20,360005,2100,0,0,Frost
weapon_items,Unstable Manus Catalyst,0x1228958,1,10,20,360006,2100,0,0,Magic
weapon_items,Tin Banishment Catalyst,0x122ae10,1,10,20,350200,2019,0,0,Normal
weapon_items,Pulsating Tin Banishment Catalyst,0x122ae74,1,10,20,350201,2019,0,0,Lethal
weapon_items,Vibrating Tin Banishment Catalyst,0x122aed8,1,10,20,350202,2019,0,0,Cursed
weapon_items,Throbbing Tin Banishment Catalyst,0x122af3c,1,10,20,350203,2019,0,0,Poison
weapon_items,Quivering Tin Banishment Catalyst,0x122afa0,1,10,20,350204,2019,0,0,Blood
weapon_items,Laughing Tin Banishment Catalyst,0x122b004,1,10,20,350205,2019,0,0,Frost
weapon_items,Unstable Tin Banishment Catalyst,0x122b068,1,10,20,350206,2019,0,0,Magic
weapon_items,Consumed King's Staff,0x122d520,1,10,20,290600,1396,0,0,Normal
weapon_items,Consumed King's Pulsating Staff,0x122d584,1,10,20,290601,1396,0,0,Lethal
weapon_items,Consumed King's Vibrating Staff,0x122d5e8,1,10,20,290602,1396,0,0,Cursed
weapon_items,Consumed King's Throbbing Staff,0x122d64c,1,10,20,290603,1396,0,0,Poison
weapon_items,Consumed King's Quivering Staff,0x122d6b0,1,10,20,290604,1396,0,0,Blood
weapon_items,Consumed King's Laughing Staff,0x122d714,1,10,20,290605,1396,0,0,Frost
weapon_items,Consumed King's Unstable Staff,0x122d778,1,10,20,290606,1396,0,0,Magic
weapon_items,Fallen Priest's Chime,0x122fc30,1,10,20,351200,1239,0,0,Normal
weapon_items,Fallen Priest's Pulsating Chime,0x122fc94,1,10,20,351201,1239,0,0,Lethal
weapon_items,Fallen Priest's Vibrating Chime,0x122fcf8,1,10,20,351202,1239,0,0,Cursed
weapon_items,Fallen Priest's Throbbing Chime,0x122fd5c,1,10,20,351203,1239,0,0,Poison
weapon_items,Fallen Priest's Quivering Chime,0x122fdc0,1,10,20,351204,1239,0,0,Blood
weapon_items,Fallen Priest's Laughing Chime,0x122fe24,1,10,20,351205,1239,0,0,Frost
weapon_items,Fallen Priest's Unstable Chime,0x122fe88,1,10,20,351206,1239,0,0,Magic
weapon_items,Caitha's Chime,0x1232340,1,10,20,351800,1241,0,0,Normal
weapon_items,Caitha's Pulsating Chime,0x12323a4,1,10,20,351801,1241,0,0,Lethal
weapon_items,Caitha's Vibrating Chime,0x1232408,1,10,20,351802,1241,0,0,Cursed
weapon_items,Caitha's Throbbing Chime,0x123246c,1,10,20,351803,1241,0,0,Poison
weapon_items,Caitha's Quivering Chime,0x12324d0,1,10,20,351804,1241,0,0,Blood
weapon_items,Caitha's Laughing Chime,0x1232534,1,10,20,351805,1241,0,0,Frost
weapon_items,Caitha's Unstable Chime,0x1232598,1,10,20,351806,1241,0,0,Magic
weapon_items,Corrupted Talisman,0x1234a50,1,10,20,351000,1244,0,0,Normal
weapon_items,Pulsating Corrupted Talisman,0x1234ab4,1,10,20,351001,1244,0,0,Lethal
weapon_items,Vibrating Corrupted Talisman,0x1234b18,1,10,20,351002,1244,0,0,Cursed
weapon_items,Throbbing Corrupted Talisman,0x1234b7c,1,10,20,351003,1244,0,0,Poison
weapon_items,Quivering Corrupted Talisman,0x1234be0,1,10,20,351004,1244,0,0,Blood
weapon_items,Laughing Corrupted Talisman,0x1234c44,1,10,20,351005,1244,0,0,Frost
weapon_items,Unstable Corrupted Talisman,0x1234ca8,1,10,20,351006,1244,0,0,Magic
weapon_items,Talisman of Beasts,0x1237160,1,10,20,331000,2018,0,0,Normal
weapon_items,Pulsating Talisman of Beasts,0x12371c4,1,10,20,331001,2018,0,0,Lethal
weapon_items,Vibrating Talisman of Beasts,0x1237228,1,10,20,331002,2018,0,0,Cursed
weapon_items,Throbbing Talisman of Beasts,0x123728c,1,10,20,331003,2018,0,0,Poison
weapon_items,Quivering Talisman of Beasts,0x12372f0,1,10,20,331004,2018,0,0,Blood
weapon_items,Laughing Talisman of Beasts,0x1237354,1,10,20,331005,2018,0,0,Frost
weapon_items,Unstable Talisman of Beasts,0x12373b8,1,10,20,331006,2018,0,0,Magic
weapon_items,Insanity Catalyst,0x1239870,1,10,20,352200,2094,0,0,Normal
weapon_items,Pulsating Insanity Catalyst,0x12398d4,1,10,20,352201,2094,0,0,Lethal
weapon_items,Vibrating Insanity Catalyst,0x1239938,1,10,20,352202,2094,0,0,Cursed
weapon_items,Throbbing Insanity Catalyst,0x123999c,1,10,20,352203,2094,0,0,Poison
weapon_items,Quivering Insanity Catalyst,0x1239a00,1,10,20,352204,2094,0,0,Blood
weapon_items,Laughing Insanity Catalyst,0x1239a64,1,10,20,352205,2094,0,0,Frost
weapon_items,Unstable Insanity Catalyst,0x1239ac8,1,10,20,352206,2094,0,0,Magic
weapon_items,Dark Flame,0x123bf80,1,10,20,350800,6055,0,0,Normal
weapon_items,Pulsating Dark Flame,0x123bfe4,1,10,20,350801,6055,0,0,Lethal
weapon_items,Vibrating Dark Flame,0x123c048,1,10,20,350802,6055,0,0,Cursed
weapon_items,Throbbing Dark Flame,0x123c0ac,1,10,20,350803,6055,0,0,Poison
weapon_items,Quivering Dark Flame,0x123c110,1,10,20,350804,6055,0,0,Blood
weapon_items,Laughing Dark Flame,0x123c174,1,10,20,350805,6055,0,0,Frost
weapon_items,Unstable Dark Flame,0x123c1d8,1,10,20,350806,6055,0,0,Magic
weapon_items,Cleric's Candlestick,0x123e690,1,10,20,360800,1027,0,0,Normal
weapon_items,Cleric's Pulsating Candlestick,0x123e6f4,1,10,20,360801,1027,0,0,Lethal
weapon_items,Cleric's Vibrating Candlestick,0x123e758,1,10,20,360802,1027,0,0,Cursed
weapon_items,Cleric's Throbbing Candlestick,0x123e7bc,1,10,20,360803,1027,0,0,Poison
weapon_items,Cleric's Quivering Candlestick,0x123e820,1,10,20,360804,1027,0,0,Blood
weapon_items,Cleric's Laughing Candlestick,0x123e884,1,10,20,360805,1027,0,0,Frost
weapon_items,Cleric's Unstable Candlestick,0x123e8e8,1,10,20,360806,1027,0,0,Magic
weapon_items,Pilgrim's Spontoon,0x1240da0,1,10,20,360400,1386,0,0,Normal
weapon_items,Pilgrim's Pulsating Spontoon,0x1240e04,1,10,20,360401,1386,0,0,Lethal
weapon_items,Pilgrim's Vibrating Spontoon,0x1240e68,1,10,20,360402,1386,0,0,Cursed
weapon_items,Pilgrim's Throbbing Spontoon,0x1240ecc,1,10,20,360403,1386,0,0,Poison
weapon_items,Pilgrim's Quivering Spontoon,0x1240f30,1,10,20,360404,1386,0,0,Blood
weapon_items,Pilgrim's Laughing Spontoon,0x1240f94,1,10,20,360405,1386,0,0,Frost
weapon_items,Pilgrim's Unstable Spontoon,0x1240ff8,1,10,20,360406,1386,0,0,Magic
weapon_items,Preacher's Right Arm,0x12434b0,1,10,25,300400,1298,0,0,Normal
weapon_items,Preacher's Pulsating Right Arm,0x1243514,1,10,25,300401,1298,0,0,Lethal
weapon_items,Preacher's Vibrating Right Arm,0x1243578,1,10,25,300402,1298,0,0,Cursed
weapon_items,Preacher's Throbbing Right Arm,0x12435dc,1,10,25,300403,1298,0,0,Poison
weapon_items,Preacher's Quivering Right Arm,0x1243640,1,10,25,300404,1298,0,0,Blood
weapon_items,Preacher's Laughing Right Arm,0x12436a4,1,10,25,300405,1298,0,0,Frost
weapon_items,Preacher's Unstable Right Arm,0x1243708,1,10,25,300406,1298,0,0,Magic
weapon_items,Sanctum Shield,0x1245bc0,1,10,25,361000,1137,0,0,Normal
weapon_items,Sanctum Shield of Clarity,0x1245c24,1,10,25,361001,1137,0,0,Lethal
weapon_items,Sanctum Shield of Rejuvenation,0x1245c88,1,10,25,361002,1137,0,0,Cursed
weapon_items,Sanctum Shield of Restoration,0x1245cec,1,10,25,361003,1137,0,0,Poison
weapon_items,Sanctum Shield of Respite,0x1245d50,1,10,25,361004,1137,0,0,Blood
weapon_items,Sanctum Shield of Lucidity,0x1245db4,1,10,25,361005,1137,0,0,Frost
weapon_items,Sanctum Shield of Greed,0x1245e18,1,10,25,361006,1137,0,0,Magic
weapon_items,Magic Sanctum Shield,0x1245e7c,1,10,25,361007,1137,0,0,Fire
weapon_items,Fire Sanctum Shield,0x1245ee0,1,10,25,361008,1137,0,0,Lightning
weapon_items,Lightning Sanctum Shield,0x1245f44,1,10,25,361009,1137,0,0,Dark
weapon_items,Dark Sanctum Shield,0x1245fa8,1,10,25,361010,1137,0,0,Lucky
weapon_items,Pyromancy Flame,0x12e1fc0,1,10,20,310000,1248,0,0,Normal
weapon_items,Pulsating Pyromancy Flame,0x12e2024,1,10,20,310001,1248,0,0,Lethal
weapon_items,Vibrating Pyromancy Flame,0x12e2088,1,10,20,310002,1248,0,0,Cursed
weapon_items,Throbbing Pyromancy Flame,0x12e20ec,1,10,20,310003,1248,0,0,Poison
weapon_items,Quivering Pyromancy Flame,0x12e2150,1,10,20,310004,1248,0,0,Blood
weapon_items,Laughing Pyromancy Flame,0x12e21b4,1,10,20,310005,1248,0,0,Frost
weapon_items,Unstable Pyromancy Flame,0x12e2218,1,10,20,310006,1248,0,0,Magic
weapon_items,Pyromancer's Parting Flame,0x12e46d0,1,10,20,310200,1279,0,0,Normal
weapon_items,Pyromancer's Pulsating Parting Flame,0x12e4734,1,10,20,310201,1279,0,0,Lethal
weapon_items,Pyromancer's Vibrating Parting Flame,0x12e4798,1,10,20,310202,1279,0,0,Cursed
weapon_items,Pyromancer's Throbbing Parting Flame,0x12e47fc,1,10,20,310203,1279,0,0,Poison
weapon_items,Pyromancer's Quivering Parting Flame,0x12e4860,1,10,20,310204,1279,0,0,Blood
weapon_items,Pyromancer's Laughing Parting Flame,0x12e48c4,1,10,20,310205,1279,0,0,Frost
weapon_items,Pyromancer's Unstable Parting Flame,0x12e4928,1,10,20,310206,1279,0,0,Magic
weapon_items,Demon's Scar,0x12e6de0,1,10,20,320000,1285,0,0,Normal
weapon_items,Demon's Pulsating Scar,0x12e6e44,1,10,20,320001,1285,0,0,Lethal
weapon_items,Demon's Vibrating Scar,0x12e6ea8,1,10,20,320002,1285,0,0,Cursed
weapon_items,Demon's Throbbing Scar,0x12e6f0c,1,10,20,320003,1285,0,0,Poison
weapon_items,Demon's Quivering Scar,0x12e6f70,1,10,20,320004,1285,0,0,Blood
weapon_items,Demon's Laughing Scar,0x12e6fd4,1,10,20,320005,1285,0,0,Frost
weapon_items,Demon's Unstable Scar,0x12e7038,1,10,20,320006,1285,0,0,Magic
weapon_items,Immolation Tinder,0x12e94f0,1,10,20,320200,1227,0,0,Normal
weapon_items,Pulsating Immolation Tinder,0x12e9554,1,10,20,320201,1227,0,0,Lethal
weapon_items,Vibrating Immolation Tinder,0x12e95b8,1,10,20,320202,1227,0,0,Cursed
weapon_items,Throbbing Immolation Tinder,0x12e961c,1,10,20,320203,1227,0,0,Poison
weapon_items,Quivering Immolation Tinder,0x12e9680,1,10,20,320204,1227,0,0,Blood
weapon_items,Laughing Immolation Tinder,0x12e96e4,1,10,20,320205,1227,0,0,Frost
weapon_items,Unstable Immolation Tinder,0x12e9748,1,10,20,320206,1227,0,0,Magic
weapon_items,Fool's Catalyst,0x12fa660,1,10,20,370000,6058,0,0,Normal
weapon_items,Fool's Pulsating Catalyst,0x12fa6c4,1,10,20,370001,6058,0,0,Lethal
weapon_items,Fool's Vibrating Catalyst,0x12fa728,1,10,20,370002,6058,0,0,Cursed
weapon_items,Fool's Throbbing Catalyst,0x12fa78c,1,10,20,370003,6058,0,0,Poison
weapon_items,Fool's Quivering Catalyst,0x12fa7f0,1,10,20,370004,6058,0,0,Blood
weapon_items,Fool's Laughing Catalyst,0x12fa854,1,10,20,370005,6058,0,0,Frost
weapon_items,Fool's Unstable Catalyst,0x12fa8b8,1,10,20,370006,6058,0,0,Magic
weapon_items,Buckler,0x1312d00,1,10,20,390000,2000,0,0,Normal
weapon_items,Buckler of Clarity,0x1312d64,1,10,20,390001,2000,0,0,Lethal
weapon_items,Buckler of Rejuvenation,0x1312dc8,1,10,20,390002,2000,0,0,Cursed
weapon_items,Buckler of Restoration,0x1312e2c,1,10,20,390003,2000,0,0,Poison
weapon_items,Buckler of Respite,0x1312e90,1,10,20,390004,2000,0,0,Blood
weapon_items,Buckler of Lucidity,0x1312ef4,1,10,20,390005,2000,0,0,Frost
weapon_items,Buckler of Greed,0x1312f58,1,10,20,390006,2000,0,0,Magic
weapon_items,Magic Buckler,0x1312fbc,1,10,20,390007,2000,0,0,Fire
weapon_items,Fire Buckler,0x1313020,1,10,20,390008,2000,0,0,Lightning
weapon_items,Lightning Buckler,0x1313084,1,10,20,390009,2000,0,0,Dark
weapon_items,Dark Buckler,0x13130e8,1,10,20,390010,2000,0,0,Lucky
weapon_items,Small Leather Shield,0x1315410,1,10,25,390400,2001,0,0,Normal
weapon_items,Small Leather Shield of Clarity,0x1315474,1,10,25,390401,2001,0,0,Lethal
weapon_items,Small Leather Shield of Rejuvenation,0x13154d8,1,10,25,390402,2001,0,0,Cursed
weapon_items,Small Leather Shield of Restoration,0x131553c,1,10,25,390403,2001,0,0,Poison
weapon_items,Small Leather Shield of Respite,0x13155a0,1,10,25,390404,2001,0,0,Blood
weapon_items,Small Leather Shield of Lucidity,0x1315604,1,10,25,390405,2001,0,0,Frost
weapon_items,Small Leather Shield of Greed,0x1315668,1,10,25,390406,2001,0,0,Magic
weapon_items,Magic Small Leather Shield,0x13156cc,1,10,25,390407,2001,0,0,Fire
weapon_items,Fire Small Leather Shield,0x1315730,1,10,25,390408,2001,0,0,Lightning
weapon_items,Lightning Small Leather Shield,0x1315794,1,10,25,390409,2001,0,0,Dark
weapon_items,Dark Small Leather Shield,0x13157f8,1,10,25,390410,2001,0,0,Lucky
weapon_items,Round Shield,0x131a230,1,10,30,401000,2003,0,0,Normal
weapon_items,Round Shield of Clarity,0x131a294,1,10,30,401001,2003,0,0,Lethal
weapon_items,Round Shield of Rejuvenation,0x131a2f8,1,10,30,401002,2003,0,0,Cursed
weapon_items,Round Shield of Restoration,0x131a35c,1,10,30,401003,2003,0,0,Poison
weapon_items,Round Shield of Respite,0x131a3c0,1,10,30,401004,2003,0,0,Blood
weapon_items,Round Shield of Lucidity,0x131a424,1,10,30,401005,2003,0,0,Frost
weapon_items,Round Shield of Greed,0x131a488,1,10,30,401006,2003,0,0,Magic
weapon_items,Magic Round Shield,0x131a4ec,1,10,30,401007,2003,0,0,Fire
weapon_items,Fire Round Shield,0x131a550,1,10,30,401008,2003,0,0,Lightning
weapon_items,Lightning Round Shield,0x131a5b4,1,10,30,401009,2003,0,0,Dark
weapon_items,Dark Round Shield,0x131a618,1,10,30,401010,2003,0,0,Lucky
weapon_items,Large Leather Shield,0x131c940,1,10,28,400000,2004,0,0,Normal
weapon_items,Large Leather Shield of Clarity,0x131c9a4,1,10,28,400001,2004,0,0,Lethal
weapon_items,Large Leather Shield of Rejuvenation,0x131ca08,1,10,28,400002,2004,0,0,Cursed
weapon_items,Large Leather Shield of Restoration,0x131ca6c,1,10,28,400003,2004,0,0,Poison
weapon_items,Large Leather Shield of Respite,0x131cad0,1,10,28,400004,2004,0,0,Blood
weapon_items,Large Leather Shield of Lucidity,0x131cb34,1,10,28,400005,2004,0,0,Frost
weapon_items,Large Leather Shield of Greed,0x131cb98,1,10,28,400006,2004,0,0,Magic
weapon_items,Magic Large Leather Shield,0x131cbfc,1,10,28,400007,2004,0,0,Fire
weapon_items,Fire Large Leather Shield,0x131cc60,1,10,28,400008,2004,0,0,Lightning
weapon_items,Lightning Large Leather Shield,0x131ccc4,1,10,28,400009,2004,0,0,Dark
weapon_items,Dark Large Leather Shield,0x131cd28,1,10,28,400010,2004,0,0,Lucky
weapon_items,Hawkwood's Shield,0x1323e70,1,10,25,392600,2006,0,0,Normal
weapon_items,Hawkwood's Shield of Clarity,0x1323ed4,1,10,25,392601,2006,0,0,Lethal
weapon_items,Hawkwood's Shield of Rejuvenation,0x1323f38,1,10,25,392602,2006,0,0,Cursed
weapon_items,Hawkwood's Shield of Restoration,0x1323f9c,1,10,25,392603,2006,0,0,Poison
weapon_items,Hawkwood's Shield of Respite,0x1324000,1,10,25,392604,2006,0,0,Blood
weapon_items,Hawkwood's Shield of Lucidity,0x1324064,1,10,25,392605,2006,0,0,Frost
weapon_items,Hawkwood's Shield of Greed,0x13240c8,1,10,25,392606,2006,0,0,Magic
weapon_items,Magic Hawkwood's Shield,0x132412c,1,10,25,392607,2006,0,0,Fire
weapon_items,Fire Hawkwood's Shield,0x1324190,1,10,25,392608,2006,0,0,Lightning
weapon_items,Lightning Hawkwood's Shield,0x13241f4,1,10,25,392609,2006,0,0,Dark
weapon_items,Dark Hawkwood's Shield,0x1324258,1,10,25,392610,2006,0,0,Lucky
weapon_items,Iron Round Shield,0x1326580,1,10,28,392400,2007,0,0,Normal
weapon_items,Iron Round Shield of Clarity,0x13265e4,1,10,28,392401,2007,0,0,Lethal
weapon_items,Iron Round Shield of Rejuvenation,0x1326648,1,10,28,392402,2007,0,0,Cursed
weapon_items,Iron Round Shield of Restoration,0x13266ac,1,10,28,392403,2007,0,0,Poison
weapon_items,Iron Round Shield of Respite,0x1326710,1,10,28,392404,2007,0,0,Blood
weapon_items,Iron Round Shield of Lucidity,0x1326774,1,10,28,392405,2007,0,0,Frost
weapon_items,Iron Round Shield of Greed,0x13267d8,1,10,28,392406,2007,0,0,Magic
weapon_items,Magic Iron Round Shield,0x132683c,1,10,28,392407,2007,0,0,Fire
weapon_items,Fire Iron Round Shield,0x13268a0,1,10,28,392408,2007,0,0,Lightning
weapon_items,Lightning Iron Round Shield,0x1326904,1,10,28,392409,2007,0,0,Dark
weapon_items,Dark Iron Round Shield,0x1326968,1,10,28,392410,2007,0,0,Lucky
weapon_items,Wooden Shield,0x132dab0,1,10,15,401200,2010,0,0,Normal
weapon_items,Wooden Shield of Clarity,0x132db14,1,10,15,401201,2010,0,0,Lethal
weapon_items,Wooden Shield of Rejuvenation,0x132db78,1,10,15,401202,2010,0,0,Cursed
weapon_items,Wooden Shield of Restoration,0x132dbdc,1,10,15,401203,2010,0,0,Poison
weapon_items,Wooden Shield of Respite,0x132dc40,1,10,15,401204,2010,0,0,Blood
weapon_items,Wooden Shield of Lucidity,0x132dca4,1,10,15,401205,2010,0,0,Frost
weapon_items,Wooden Shield of Greed,0x132dd08,1,10,15,401206,2010,0,0,Magic
weapon_items,Magic Wooden Shield,0x132dd6c,1,10,15,401207,2010,0,0,Fire
weapon_items,Fire Wooden Shield,0x132ddd0,1,10,15,401208,2010,0,0,Lightning
weapon_items,Lightning Wooden Shield,0x132de34,1,10,15,401209,2010,0,0,Dark
weapon_items,Dark Wooden Shield,0x132de98,1,10,15,401210,2010,0,0,Lucky
weapon_items,Kite Shield,0x13301c0,1,10,25,401800,2011,0,0,Normal
weapon_items,Kite Shield of Clarity,0x1330224,1,10,25,401801,2011,0,0,Lethal
weapon_items,Kite Shield of Rejuvenation,0x1330288,1,10,25,401802,2011,0,0,Cursed
weapon_items,Kite Shield of Restoration,0x13302ec,1,10,25,401803,2011,0,0,Poison
weapon_items,Kite Shield of Respite,0x1330350,1,10,25,401804,2011,0,0,Blood
weapon_items,Kite Shield of Lucidity,0x13303b4,1,10,25,401805,2011,0,0,Frost
weapon_items,Kite Shield of Greed,0x1330418,1,10,25,401806,2011,0,0,Magic
weapon_items,Magic Kite Shield,0x133047c,1,10,25,401807,2011,0,0,Fire
weapon_items,Fire Kite Shield,0x13304e0,1,10,25,401808,2011,0,0,Lightning
weapon_items,Lightning Kite Shield,0x1330544,1,10,25,401809,2011,0,0,Dark
weapon_items,Dark Kite Shield,0x13305a8,1,10,25,401810,2011,0,0,Lucky
weapon_items,Ghru Rotshield,0x13328d0,1,10,10,392200,2012,0,0,Normal
weapon_items,Ghru Rotshield of Clarity,0x1332934,1,10,10,392201,2012,0,0,Lethal
weapon_items,Ghru Rotshield of Rejuvenation,0x1332998,1,10,10,392202,2012,0,0,Cursed
weapon_items,Ghru Rotshield of Restoration,0x13329fc,1,10,10,392203,2012,0,0,Poison
weapon_items,Ghru Rotshield of Respite,0x1332a60,1,10,10,392204,2012,0,0,Blood
weapon_items,Ghru Rotshield of Lucidity,0x1332ac4,1,10,10,392205,2012,0,0,Frost
weapon_items,Ghru Rotshield of Greed,0x1332b28,1,10,10,392206,2012,0,0,Magic
weapon_items,Magic Ghru Rotshield,0x1332b8c,1,10,10,392207,2012,0,0,Fire
weapon_items,Fire Ghru Rotshield,0x1332bf0,1,10,10,392208,2012,0,0,Lightning
weapon_items,Lightning Ghru Rotshield,0x1332c54,1,10,10,392209,2012,0,0,Dark
weapon_items,Dark Ghru Rotshield,0x1332cb8,1,10,10,392210,2012,0,0,Lucky
weapon_items,Havel's Greatshield,0x13376f0,1,10,50,413600,2014,0,0,Normal
weapon_items,Havel's Greatshield of Clarity,0x1337754,1,10,50,413601,2014,0,0,Lethal
weapon_items,Havel's Greatshield of Rejuvenation,0x13377b8,1,10,50,413602,2014,0,0,Cursed
weapon_items,Havel's Greatshield of Restoration,0x133781c,1,10,50,413603,2014,0,0,Poison
weapon_items,Havel's Greatshield of Respite,0x1337880,1,10,50,413604,2014,0,0,Blood
weapon_items,Havel's Greatshield of Lucidity,0x13378e4,1,10,50,413605,2014,0,0,Frost
weapon_items,Havel's Greatshield of Greed,0x1337948,1,10,50,413606,2014,0,0,Magic
weapon_items,Magic Havel's Greatshield,0x13379ac,1,10,50,413607,2014,0,0,Fire
weapon_items,Fire Havel's Greatshield,0x1337a10,1,10,50,413608,2014,0,0,Lightning
weapon_items,Lightning Havel's Greatshield,0x1337a74,1,10,50,413609,2014,0,0,Dark
weapon_items,Dark Havel's Greatshield,0x1337ad8,1,10,50,413610,2014,0,0,Lucky
weapon_items,Target Shield,0x1339e00,1,10,20,390200,2015,0,0,Normal
weapon_items,Target Shield of Clarity,0x1339e64,1,10,20,390201,2015,0,0,Lethal
weapon_items,Target Shield of Rejuvenation,0x1339ec8,1,10,20,390202,2015,0,0,Cursed
weapon_items,Target Shield of Restoration,0x1339f2c,1,10,20,390203,2015,0,0,Poison
weapon_items,Target Shield of Respite,0x1339f90,1,10,20,390204,2015,0,0,Blood
weapon_items,Target Shield of Lucidity,0x1339ff4,1,10,20,390205,2015,0,0,Frost
weapon_items,Target Shield of Greed,0x133a058,1,10,20,390206,2015,0,0,Magic
weapon_items,Magic Target Shield,0x133a0bc,1,10,20,390207,2015,0,0,Fire
weapon_items,Fire Target Shield,0x133a120,1,10,20,390208,2015,0,0,Lightning
weapon_items,Lightning Target Shield,0x133a184,1,10,20,390209,2015,0,0,Dark
weapon_items,Dark Target Shield,0x133a1e8,1,10,20,390210,2015,0,0,Lucky
weapon_items,Elkhorn Round Shield,0x133c510,1,10,25,391600,2028,0,0,Normal
weapon_items,Elkhorn Round Shield of Clarity,0x133c574,1,10,25,391601,2028,0,0,Lethal
weapon_items,Elkhorn Round Shield of Rejuvenation,0x133c5d8,1,10,25,391602,2028,0,0,Cursed
weapon_items,Elkhorn Round Shield of Restoration,0x133c63c,1,10,25,391603,2028,0,0,Poison
weapon_items,Elkhorn Round Shield of Respite,0x133c6a0,1,10,25,391604,2028,0,0,Blood
weapon_items,Elkhorn Round Shield of Lucidity,0x133c704,1,10,25,391605,2028,0,0,Frost
weapon_items,Elkhorn Round Shield of Greed,0x133c768,1,10,25,391606,2028,0,0,Magic
weapon_items,Magic Elkhorn Round Shield,0x133c7cc,1,10,25,391607,2028,0,0,Fire
weapon_items,Fire Elkhorn Round Shield,0x133c830,1,10,25,391608,2028,0,0,Lightning
weapon_items,Lightning Elkhorn Round Shield,0x133c894,1,10,25,391609,2028,0,0,Dark
weapon_items,Dark Elkhorn Round Shield,0x133c8f8,1,10,25,391610,2028,0,0,Lucky
weapon_items,Warrior's Round Shield,0x133ec20,1,10,25,391800,2029,0,0,Normal
weapon_items,Warrior's Round Shield of Clarity,0x133ec84,1,10,25,391801,2029,0,0,Lethal
weapon_items,Warrior's Round Shield of Rejuvenation,0x133ece8,1,10,25,391802,2029,0,0,Cursed
weapon_items,Warrior's Round Shield of Restoration,0x133ed4c,1,10,25,391803,2029,0,0,Poison
weapon_items,Warrior's Round Shield of Respite,0x133edb0,1,10,25,391804,2029,0,0,Blood
weapon_items,Warrior's Round Shield of Lucidity,0x133ee14,1,10,25,391805,2029,0,0,Frost
weapon_items,Warrior's Round Shield of Greed,0x133ee78,1,10,25,391806,2029,0,0,Magic
weapon_items,Magic Warrior's Round Shield,0x133eedc,1,10,25,391807,2029,0,0,Fire
weapon_items,Fire Warrior's Round Shield,0x133ef40,1,10,25,391808,2029,0,0,Lightning
weapon_items,Lightning Warrior's Round Shield,0x133efa4,1,10,25,391809,2029,0,0,Dark
weapon_items,Dark Warrior's Round Shield,0x133f008,1,10,25,391810,2029,0,0,Lucky
weapon_items,Caduceus Round Shield,0x1341330,1,10,25,391400,2030,0,0,Normal
weapon_items,Caduceus Round Shield of Clarity,0x1341394,1,10,25,391401,2030,0,0,Lethal
weapon_items,Caduceus Round Shield of Rejuvenation,0x13413f8,1,10,25,391402,2030,0,0,Cursed
weapon_items,Caduceus Round Shield of Restoration,0x134145c,1,10,25,391403,2030,0,0,Poison
weapon_items,Caduceus Round Shield of Respite,0x13414c0,1,10,25,391404,2030,0,0,Blood
weapon_items,Caduceus Round Shield of Lucidity,0x1341524,1,10,25,391405,2030,0,0,Frost
weapon_items,Caduceus Round Shield of Greed,0x1341588,1,10,25,391406,2030,0,0,Magic
weapon_items,Magic Caduceus Round Shield,0x13415ec,1,10,25,391407,2030,0,0,Fire
weapon_items,Fire Caduceus Round Shield,0x1341650,1,10,25,391408,2030,0,0,Lightning
weapon_items,Lightning Caduceus Round Shield,0x13416b4,1,10,25,391409,2030,0,0,Dark
weapon_items,Dark Caduceus Round Shield,0x1341718,1,10,25,391410,2030,0,0,Lucky
weapon_items,Red and White Round Shield,0x1343a40,1,10,25,391200,2031,0,0,Normal
weapon_items,Red and White Round Shield of Clarity,0x1343aa4,1,10,25,391201,2031,0,0,Lethal
weapon_items,Red and White Round Shield of Rejuvenation,0x1343b08,1,10,25,391202,2031,0,0,Cursed
weapon_items,Red and White Round Shield of Restoration,0x1343b6c,1,10,25,391203,2031,0,0,Poison
weapon_items,Red and White Round Shield of Respite,0x1343bd0,1,10,25,391204,2031,0,0,Blood
weapon_items,Red and White Round Shield of Lucidity,0x1343c34,1,10,25,391205,2031,0,0,Frost
weapon_items,Red and White Round Shield of Greed,0x1343c98,1,10,25,391206,2031,0,0,Magic
weapon_items,Magic Red and White Round Shield,0x1343cfc,1,10,25,391207,2031,0,0,Fire
weapon_items,Fire Red and White Round Shield,0x1343d60,1,10,25,391208,2031,0,0,Lightning
weapon_items,Lightning Red and White Round Shield,0x1343dc4,1,10,25,391209,2031,0,0,Dark
weapon_items,Dark Red and White Round Shield,0x1343e28,1,10,25,391210,2031,0,0,Lucky
weapon_items,Plank Shield,0x1346150,1,10,15,392000,2032,0,0,Normal
weapon_items,Plank Shield of Clarity,0x13461b4,1,10,15,392001,2032,0,0,Lethal
weapon_items,Plank Shield of Rejuvenation,0x1346218,1,10,15,392002,2032,0,0,Cursed
weapon_items,Plank Shield of Restoration,0x134627c,1,10,15,392003,2032,0,0,Poison
weapon_items,Plank Shield of Respite,0x13462e0,1,10,15,392004,2032,0,0,Blood
weapon_items,Plank Shield of Lucidity,0x1346344,1,10,15,392005,2032,0,0,Frost
weapon_items,Plank Shield of Greed,0x13463a8,1,10,15,392006,2032,0,0,Magic
weapon_items,Magic Plank Shield,0x134640c,1,10,15,392007,2032,0,0,Fire
weapon_items,Fire Plank Shield,0x1346470,1,10,15,392008,2032,0,0,Lightning
weapon_items,Lightning Plank Shield,0x13464d4,1,10,15,392009,2032,0,0,Dark
weapon_items,Dark Plank Shield,0x1346538,1,10,15,392010,2032,0,0,Lucky
weapon_items,Leather Shield,0x1348860,1,10,20,390600,2033,0,0,Normal
weapon_items,Leather Shield of Clarity,0x13488c4,1,10,20,390601,2033,0,0,Lethal
weapon_items,Leather Shield of Rejuvenation,0x1348928,1,10,20,390602,2033,0,0,Cursed
weapon_items,Leather Shield of Restoration,0x134898c,1,10,20,390603,2033,0,0,Poison
weapon_items,Leather Shield of Respite,0x13489f0,1,10,20,390604,2033,0,0,Blood
weapon_items,Leather Shield of Lucidity,0x1348a54,1,10,20,390605,2033,0,0,Frost
weapon_items,Leather Shield of Greed,0x1348ab8,1,10,20,390606,2033,0,0,Magic
weapon_items,Magic Leather Shield,0x1348b1c,1,10,20,390607,2033,0,0,Fire
weapon_items,Fire Leather Shield,0x1348b80,1,10,20,390608,2033,0,0,Lightning
weapon_items,Lightning Leather Shield,0x1348be4,1,10,20,390609,2033,0,0,Dark
weapon_items,Dark Leather Shield,0x1348c48,1,10,20,390610,2033,0,0,Lucky
weapon_items,Crimson Parma,0x134af70,1,10,25,390800,2034,0,0,Normal
weapon_items,Crimson Parma of Clarity,0x134afd4,1,10,25,390801,2034,0,0,Lethal
weapon_items,Crimson Parma of Rejuvenation,0x134b038,1,10,25,390802,2034,0,0,Cursed
weapon_items,Crimson Parma of Restoration,0x134b09c,1,10,25,390803,2034,0,0,Poison
weapon_items,Crimson Parma of Respite,0x134b100,1,10,25,390804,2034,0,0,Blood
weapon_items,Crimson Parma of Lucidity,0x134b164,1,10,25,390805,2034,0,0,Frost
weapon_items,Crimson Parma of Greed,0x134b1c8,1,10,25,390806,2034,0,0,Magic
weapon_items,Magic Crimson Parma,0x134b22c,1,10,25,390807,2034,0,0,Fire
weapon_items,Fire Crimson Parma,0x134b290,1,10,25,390808,2034,0,0,Lightning
weapon_items,Lightning Crimson Parma,0x134b2f4,1,10,25,390809,2034,0,0,Dark
weapon_items,Dark Crimson Parma,0x134b358,1,10,25,390810,2034,0,0,Lucky
weapon_items,Eastern Iron Shield,0x134d680,1,10,30,393000,2035,0,0,Normal
weapon_items,Eastern Iron Shield of Clarity,0x134d6e4,1,10,30,393001,2035,0,0,Lethal
weapon_items,Eastern Iron Shield of Rejuvenation,0x134d748,1,10,30,393002,2035,0,0,Cursed
weapon_items,Eastern Iron Shield of Restoration,0x134d7ac,1,10,30,393003,2035,0,0,Poison
weapon_items,Eastern Iron Shield of Respite,0x134d810,1,10,30,393004,2035,0,0,Blood
weapon_items,Eastern Iron Shield of Lucidity,0x134d874,1,10,30,393005,2035,0,0,Frost
weapon_items,Eastern Iron Shield of Greed,0x134d8d8,1,10,30,393006,2035,0,0,Magic
weapon_items,Magic Eastern Iron Shield,0x134d93c,1,10,30,393007,2035,0,0,Fire
weapon_items,Fire Eastern Iron Shield,0x134d9a0,1,10,30,393008,2035,0,0,Lightning
weapon_items,Lightning Eastern Iron Shield,0x134da04,1,10,30,393009,2035,0,0,Dark
weapon_items,Dark Eastern Iron Shield,0x134da68,1,10,30,393010,2035,0,0,Lucky
weapon_items,Llewellyn Shield,0x134fd90,1,10,30,392800,2036,0,0,Normal
weapon_items,Llewellyn Shield of Clarity,0x134fdf4,1,10,30,392801,2036,0,0,Lethal
weapon_items,Llewellyn Shield of Rejuvenation,0x134fe58,1,10,30,392802,2036,0,0,Cursed
weapon_items,Llewellyn Shield of Restoration,0x134febc,1,10,30,392803,2036,0,0,Poison
weapon_items,Llewellyn Shield of Respite,0x134ff20,1,10,30,392804,2036,0,0,Blood
weapon_items,Llewellyn Shield of Lucidity,0x134ff84,1,10,30,392805,2036,0,0,Frost
weapon_items,Llewellyn Shield of Greed,0x134ffe8,1,10,30,392806,2036,0,0,Magic
weapon_items,Magic Llewellyn Shield,0x135004c,1,10,30,392807,2036,0,0,Fire
weapon_items,Fire Llewellyn Shield,0x13500b0,1,10,30,392808,2036,0,0,Lightning
weapon_items,Lightning Llewellyn Shield,0x1350114,1,10,30,392809,2036,0,0,Dark
weapon_items,Dark Llewellyn Shield,0x1350178,1,10,30,392810,2036,0,0,Lucky
weapon_items,Cleric's Parma,0x13524a0,1,10,20,391000,2037,0,0,Normal
weapon_items,Cleric's Parma of Clarity,0x1352504,1,10,20,391001,2037,0,0,Lethal
weapon_items,Cleric's Parma of Rejuvenation,0x1352568,1,10,20,391002,2037,0,0,Cursed
weapon_items,Cleric's Parma of Restoration,0x13525cc,1,10,20,391003,2037,0,0,Poison
weapon_items,Cleric's Parma of Respite,0x1352630,1,10,20,391004,2037,0,0,Blood
weapon_items,Cleric's Parma of Lucidity,0x1352694,1,10,20,391005,2037,0,0,Frost
weapon_items,Cleric's Parma of Greed,0x13526f8,1,10,20,391006,2037,0,0,Magic
weapon_items,Magic Cleric's Parma,0x135275c,1,10,20,391007,2037,0,0,Fire
weapon_items,Fire Cleric's Parma,0x13527c0,1,10,20,391008,2037,0,0,Lightning
weapon_items,Lightning Cleric's Parma,0x1352824,1,10,20,391009,2037,0,0,Dark
weapon_items,Dark Cleric's Parma,0x1352888,1,10,20,391010,2037,0,0,Lucky
weapon_items,Golden Falcon Shield,0x1354bb0,1,10,25,393200,2038,0,0,Normal
weapon_items,Golden Falcon Shield of Clarity,0x1354c14,1,10,25,393201,2038,0,0,Lethal
weapon_items,Golden Falcon Shield of Rejuvenation,0x1354c78,1,10,25,393202,2038,0,0,Cursed
weapon_items,Golden Falcon Shield of Restoration,0x1354cdc,1,10,25,393203,2038,0,0,Poison
weapon_items,Golden Falcon Shield of Respite,0x1354d40,1,10,25,393204,2038,0,0,Blood
weapon_items,Golden Falcon Shield of Lucidity,0x1354da4,1,10,25,393205,2038,0,0,Frost
weapon_items,Golden Falcon Shield of Greed,0x1354e08,1,10,25,393206,2038,0,0,Magic
weapon_items,Magic Golden Falcon Shield,0x1354e6c,1,10,25,393207,2038,0,0,Fire
weapon_items,Fire Golden Falcon Shield,0x1354ed0,1,10,25,393208,2038,0,0,Lightning
weapon_items,Lightning Golden Falcon Shield,0x1354f34,1,10,25,393209,2038,0,0,Dark
weapon_items,Dark Golden Falcon Shield,0x1354f98,1,10,25,393210,2038,0,0,Lucky
weapon_items,Sacred Bloom Shield,0x13572c0,1,10,28,393400,2039,0,0,Normal
weapon_items,Sacred Bloom Shield of Clarity,0x1357324,1,10,28,393401,2039,0,0,Lethal
weapon_items,Sacred Bloom Shield of Rejuvenation,0x1357388,1,10,28,393402,2039,0,0,Cursed
weapon_items,Sacred Bloom Shield of Restoration,0x13573ec,1,10,28,393403,2039,0,0,Poison
weapon_items,Sacred Bloom Shield of Respite,0x1357450,1,10,28,393404,2039,0,0,Blood
weapon_items,Sacred Bloom Shield of Lucidity,0x13574b4,1,10,28,393405,2039,0,0,Frost
weapon_items,Sacred Bloom Shield of Greed,0x1357518,1,10,28,393406,2039,0,0,Magic
weapon_items,Magic Sacred Bloom Shield,0x135757c,1,10,28,393407,2039,0,0,Fire
weapon_items,Fire Sacred Bloom Shield,0x13575e0,1,10,28,393408,2039,0,0,Lightning
weapon_items,Lightning Sacred Bloom Shield,0x1357644,1,10,28,393409,2039,0,0,Dark
weapon_items,Dark Sacred Bloom Shield,0x13576a8,1,10,28,393410,2039,0,0,Lucky
weapon_items,Ancient Dragon Greatshield,0x13599d0,1,10,35,411800,2071,0,0,Normal
weapon_items,Ancient Dragon Greatshield of Clarity,0x1359a34,1,10,35,411801,2071,0,0,Lethal
weapon_items,Ancient Dragon Greatshield of Rejuvenation,0x1359a98,1,10,35,411802,2071,0,0,Cursed
weapon_items,Ancient Dragon Greatshield of Restoration,0x1359afc,1,10,35,411803,2071,0,0,Poison
weapon_items,Ancient Dragon Greatshield of Respite,0x1359b60,1,10,35,411804,2071,0,0,Blood
weapon_items,Ancient Dragon Greatshield of Lucidity,0x1359bc4,1,10,35,411805,2071,0,0,Frost
weapon_items,Ancient Dragon Greatshield of Greed,0x1359c28,1,10,35,411806,2071,0,0,Magic
weapon_items,Magic Ancient Dragon Greatshield,0x1359c8c,1,10,35,411807,2071,0,0,Fire
weapon_items,Fire Ancient Dragon Greatshield,0x1359cf0,1,10,35,411808,2071,0,0,Lightning
weapon_items,Lightning Ancient Dragon Greatshield,0x1359d54,1,10,35,411809,2071,0,0,Dark
weapon_items,Dark Ancient Dragon Greatshield,0x1359db8,1,10,35,411810,2071,0,0,Lucky
weapon_items,Follower Shield,0x135c0e0,1,10,25,401600,2073,0,0,Normal
weapon_items,Follower Shield of Clarity,0x135c144,1,10,25,401601,2073,0,0,Lethal
weapon_items,Follower Shield of Rejuvenation,0x135c1a8,1,10,25,401602,2073,0,0,Cursed
weapon_items,Follower Shield of Restoration,0x135c20c,1,10,25,401603,2073,0,0,Poison
weapon_items,Follower Shield of Respite,0x135c270,1,10,25,401604,2073,0,0,Blood
weapon_items,Follower Shield of Lucidity,0x135c2d4,1,10,25,401605,2073,0,0,Frost
weapon_items,Follower Shield of Greed,0x135c338,1,10,25,401606,2073,0,0,Magic
weapon_items,Follower Shield of Magic,0x135c39c,1,10,25,401607,2073,0,0,Fire
weapon_items,Follower Shield of Fire,0x135c400,1,10,25,401608,2073,0,0,Lightning
weapon_items,Follower Shield of Lightning,0x135c464,1,10,25,401609,2073,0,0,Dark
weapon_items,Follower Shield of Dark,0x135c4c8,1,10,25,401610,2073,0,0,Lucky
weapon_items,Dragonhead Shield,0x135e7f0,1,10,30,393600,2074,0,0,Normal
weapon_items,Dragonhead Shield of Clarity,0x135e854,1,10,30,393601,2074,0,0,Lethal
weapon_items,Dragonhead Shield of Rejuvenation,0x135e8b8,1,10,30,393602,2074,0,0,Cursed
weapon_items,Dragonhead Shield of Restoration,0x135e91c,1,10,30,393603,2074,0,0,Poison
weapon_items,Dragonhead Shield of Respite,0x135e980,1,10,30,393604,2074,0,0,Blood
weapon_items,Dragonhead Shield of Lucidity,0x135e9e4,1,10,30,393605,2074,0,0,Frost
weapon_items,Dragonhead Shield of Greed,0x135ea48,1,10,30,393606,2074,0,0,Magic
weapon_items,Dragonhead Shield of Magic,0x135eaac,1,10,30,393607,2074,0,0,Fire
weapon_items,Dragonhead Shield of Fire,0x135eb10,1,10,30,393608,2074,0,0,Lightning
weapon_items,Dragonhead Shield of Lightning,0x135eb74,1,10,30,393609,2074,0,0,Dark
weapon_items,Dragonhead Shield of Dark,0x135ebd8,1,10,30,393610,2074,0,0,Lucky
weapon_items,Lothric Knight Shield,0x1409650,1,10,30,403200,2017,0,0,Normal
weapon_items,Lothric Knight Shield of Clarity,0x14096b4,1,10,30,403201,2017,0,0,Lethal
weapon_items,Lothric Knight Shield of Rejuvenation,0x1409718,1,10,30,403202,2017,0,0,Cursed
weapon_items,Lothric Knight Shield of Restoration,0x140977c,1,10,30,403203,2017,0,0,Poison
weapon_items,Lothric Knight Shield of Respite,0x14097e0,1,10,30,403204,2017,0,0,Blood
weapon_items,Lothric Knight Shield of Lucidity,0x1409844,1,10,30,403205,2017,0,0,Frost
weapon_items,Lothric Knight Shield of Greed,0x14098a8,1,10,30,403206,2017,0,0,Magic
weapon_items,Magic Lothric Knight Shield,0x140990c,1,10,30,403207,2017,0,0,Fire
weapon_items,Fire Lothric Knight Shield,0x1409970,1,10,30,403208,2017,0,0,Lightning
weapon_items,Lightning Lothric Knight Shield,0x14099d4,1,10,30,403209,2017,0,0,Dark
weapon_items,Dark Lothric Knight Shield,0x1409a38,1,10,30,403210,2017,0,0,Lucky
weapon_items,Knight Shield,0x1410b80,1,10,26,402600,2020,0,0,Normal
weapon_items,Knight Shield of Clarity,0x1410be4,1,10,26,402601,2020,0,0,Lethal
weapon_items,Knight Shield of Rejuvenation,0x1410c48,1,10,26,402602,2020,0,0,Cursed
weapon_items,Knight Shield of Restoration,0x1410cac,1,10,26,402603,2020,0,0,Poison
weapon_items,Knight Shield of Respite,0x1410d10,1,10,26,402604,2020,0,0,Blood
weapon_items,Knight Shield of Lucidity,0x1410d74,1,10,26,402605,2020,0,0,Frost
weapon_items,Knight Shield of Greed,0x1410dd8,1,10,26,402606,2020,0,0,Magic
weapon_items,Magic Knight Shield,0x1410e3c,1,10,26,402607,2020,0,0,Fire
weapon_items,Fire Knight Shield,0x1410ea0,1,10,26,402608,2020,0,0,Lightning
weapon_items,Lightning Knight Shield,0x1410f04,1,10,26,402609,2020,0,0,Dark
weapon_items,Dark Knight Shield,0x1410f68,1,10,26,402610,2020,0,0,Lucky
weapon_items,Pontiff Knight Shield,0x14159a0,1,10,25,406600,2022,0,0,Normal
weapon_items,Pontiff Knight Shield of Clarity,0x1415a04,1,10,25,406601,2022,0,0,Lethal
weapon_items,Pontiff Knight Shield of Rejuvenation,0x1415a68,1,10,25,406602,2022,0,0,Cursed
weapon_items,Pontiff Knight Shield of Restoration,0x1415acc,1,10,25,406603,2022,0,0,Poison
weapon_items,Pontiff Knight Shield of Respite,0x1415b30,1,10,25,406604,2022,0,0,Blood
weapon_items,Pontiff Knight Shield of Lucidity,0x1415b94,1,10,25,406605,2022,0,0,Frost
weapon_items,Pontiff Knight Shield of Greed,0x1415bf8,1,10,25,406606,2022,0,0,Magic
weapon_items,Magic Pontiff Knight Shield,0x1415c5c,1,10,25,406607,2022,0,0,Fire
weapon_items,Fire Pontiff Knight Shield,0x1415cc0,1,10,25,406608,2022,0,0,Lightning
weapon_items,Lightning Pontiff Knight Shield,0x1415d24,1,10,25,406609,2022,0,0,Dark
weapon_items,Dark Pontiff Knight Shield,0x1415d88,1,10,25,406610,2022,0,0,Lucky
weapon_items,Carthus Shield,0x14180b0,1,10,25,400200,2021,0,0,Normal
weapon_items,Carthus Shield of Clarity,0x1418114,1,10,25,400201,2021,0,0,Lethal
weapon_items,Carthus Shield of Rejuvenation,0x1418178,1,10,25,400202,2021,0,0,Cursed
weapon_items,Carthus Shield of Restoration,0x14181dc,1,10,25,400203,2021,0,0,Poison
weapon_items,Carthus Shield of Respite,0x1418240,1,10,25,400204,2021,0,0,Blood
weapon_items,Carthus Shield of Lucidity,0x14182a4,1,10,25,400205,2021,0,0,Frost
weapon_items,Carthus Shield of Greed,0x1418308,1,10,25,400206,2021,0,0,Magic
weapon_items,Magic Carthus Shield,0x141836c,1,10,25,400207,2021,0,0,Fire
weapon_items,Fire Carthus Shield,0x14183d0,1,10,25,400208,2021,0,0,Lightning
weapon_items,Lightning Carthus Shield,0x1418434,1,10,25,400209,2021,0,0,Dark
weapon_items,Dark Carthus Shield,0x1418498,1,10,25,400210,2021,0,0,Lucky
weapon_items,Black Knight Shield,0x141f5e0,1,10,40,406800,2023,0,0,Normal
weapon_items,Black Knight Shield of Clarity,0x141f644,1,10,40,406801,2023,0,0,Lethal
weapon_items,Black Knight Shield of Rejuvenation,0x141f6a8,1,10,40,406802,2023,0,0,Cursed
weapon_items,Black Knight Shield of Restoration,0x141f70c,1,10,40,406803,2023,0,0,Poison
weapon_items,Black Knight Shield of Respite,0x141f770,1,10,40,406804,2023,0,0,Blood
weapon_items,Black Knight Shield of Lucidity,0x141f7d4,1,10,40,406805,2023,0,0,Frost
weapon_items,Black Knight Shield of Greed,0x141f838,1,10,40,406806,2023,0,0,Magic
weapon_items,Magic Black Knight Shield,0x141f89c,1,10,40,406807,2023,0,0,Fire
weapon_items,Fire Black Knight Shield,0x141f900,1,10,40,406808,2023,0,0,Lightning
weapon_items,Lightning Black Knight Shield,0x141f964,1,10,40,406809,2023,0,0,Dark
weapon_items,Dark Black Knight Shield,0x141f9c8,1,10,40,406810,2023,0,0,Lucky
weapon_items,Prince's Shield,0x1421cf0,1,10,35,407000,2040,0,0,Normal
weapon_items,Prince's Shield of Clarity,0x1421d54,1,10,35,407001,2040,0,0,Lethal
weapon_items,Prince's Shield of Rejuvenation,0x1421db8,1,10,35,407002,2040,0,0,Cursed
weapon_items,Prince's Shield of Restoration,0x1421e1c,1,10,35,407003,2040,0,0,Poison
weapon_items,Prince's Shield of Respite,0x1421e80,1,10,35,407004,2040,0,0,Blood
weapon_items,Prince's Shield of Lucidity,0x1421ee4,1,10,35,407005,2040,0,0,Frost
weapon_items,Prince's Shield of Greed,0x1421f48,1,10,35,407006,2040,0,0,Magic
weapon_items,Magic Prince's Shield,0x1421fac,1,10,35,407007,2040,0,0,Fire
weapon_items,Fire Prince's Shield,0x1422010,1,10,35,407008,2040,0,0,Lightning
weapon_items,Lightning Prince's Shield,0x1422074,1,10,35,407009,2040,0,0,Dark
weapon_items,Dark Prince's Shield,0x14220d8,1,10,35,407010,2040,0,0,Lucky
weapon_items,Silver Knight Shield,0x1424400,1,10,30,407200,2041,0,0,Normal
weapon_items,Silver Knight Shield of Clarity,0x1424464,1,10,30,407201,2041,0,0,Lethal
weapon_items,Silver Knight Shield of Rejuvenation,0x14244c8,1,10,30,407202,2041,0,0,Cursed
weapon_items,Silver Knight Shield of Restoration,0x142452c,1,10,30,407203,2041,0,0,Poison
weapon_items,Silver Knight Shield of Respite,0x1424590,1,10,30,407204,2041,0,0,Blood
weapon_items,Silver Knight Shield of Lucidity,0x14245f4,1,10,30,407205,2041,0,0,Frost
weapon_items,Silver Knight Shield of Greed,0x1424658,1,10,30,407206,2041,0,0,Magic
weapon_items,Magic Silver Knight Shield,0x14246bc,1,10,30,407207,2041,0,0,Fire
weapon_items,Fire Silver Knight Shield,0x1424720,1,10,30,407208,2041,0,0,Lightning
weapon_items,Lightning Silver Knight Shield,0x1424784,1,10,30,407209,2041,0,0,Dark
weapon_items,Dark Silver Knight Shield,0x14247e8,1,10,30,407210,2041,0,0,Lucky
weapon_items,Spiked Shield,0x1426b10,1,10,20,404200,2042,0,0,Normal
weapon_items,Spiked Shield of Clarity,0x1426b74,1,10,20,404201,2042,0,0,Lethal
weapon_items,Spiked Shield of Rejuvenation,0x1426bd8,1,10,20,404202,2042,0,0,Cursed
weapon_items,Spiked Shield of Restoration,0x1426c3c,1,10,20,404203,2042,0,0,Poison
weapon_items,Spiked Shield of Respite,0x1426ca0,1,10,20,404204,2042,0,0,Blood
weapon_items,Spiked Shield of Lucidity,0x1426d04,1,10,20,404205,2042,0,0,Frost
weapon_items,Spiked Shield of Greed,0x1426d68,1,10,20,404206,2042,0,0,Magic
weapon_items,Magic Spiked Shield,0x1426dcc,1,10,20,404207,2042,0,0,Fire
weapon_items,Fire Spiked Shield,0x1426e30,1,10,20,404208,2042,0,0,Lightning
weapon_items,Lightning Spiked Shield,0x1426e94,1,10,20,404209,2042,0,0,Dark
weapon_items,Dark Spiked Shield,0x1426ef8,1,10,20,404210,2042,0,0,Lucky
weapon_items,Pierce Shield,0x1429220,1,10,25,404400,2043,0,0,Normal
weapon_items,Pierce Shield of Clarity,0x1429284,1,10,25,404401,2043,0,0,Lethal
weapon_items,Pierce Shield of Rejuvenation,0x14292e8,1,10,25,404402,2043,0,0,Cursed
weapon_items,Pierce Shield of Restoration,0x142934c,1,10,25,404403,2043,0,0,Poison
weapon_items,Pierce Shield of Respite,0x14293b0,1,10,25,404404,2043,0,0,Blood
weapon_items,Pierce Shield of Lucidity,0x1429414,1,10,25,404405,2043,0,0,Frost
weapon_items,Pierce Shield of Greed,0x1429478,1,10,25,404406,2043,0,0,Magic
weapon_items,Magic Pierce Shield,0x14294dc,1,10,25,404407,2043,0,0,Fire
weapon_items,Fire Pierce Shield,0x1429540,1,10,25,404408,2043,0,0,Lightning
weapon_items,Lightning Pierce Shield,0x14295a4,1,10,25,404409,2043,0,0,Dark
weapon_items,Dark Pierce Shield,0x1429608,1,10,25,404410,2043,0,0,Lucky
weapon_items,East-West Shield,0x142b930,1,10,20,400400,2044,0,0,Normal
weapon_items,East-West Shield of Clarity,0x142b994,1,10,20,400401,2044,0,0,Lethal
weapon_items,East-West Shield of Rejuvenation,0x142b9f8,1,10,20,400402,2044,0,0,Cursed
weapon_items,East-West Shield of Restoration,0x142ba5c,1,10,20,400403,2044,0,0,Poison
weapon_items,East-West Shield of Respite,0x142bac0,1,10,20,400404,2044,0,0,Blood
weapon_items,East-West Shield of Lucidity,0x142bb24,1,10,20,400405,2044,0,0,Frost
weapon_items,East-West Shield of Greed,0x142bb88,1,10,20,400406,2044,0,0,Magic
weapon_items,Magic East-West Shield,0x142bbec,1,10,20,400407,2044,0,0,Fire
weapon_items,Fire East-West Shield,0x142bc50,1,10,20,400408,2044,0,0,Lightning
weapon_items,Lightning East-West Shield,0x142bcb4,1,10,20,400409,2044,0,0,Dark
weapon_items,Dark East-West Shield,0x142bd18,1,10,20,400410,2044,0,0,Lucky
weapon_items,Sunlight Shield,0x142e040,1,10,25,403800,2045,0,0,Normal
weapon_items,Sunlight Shield of Clarity,0x142e0a4,1,10,25,403801,2045,0,0,Lethal
weapon_items,Sunlight Shield of Rejuvenation,0x142e108,1,10,25,403802,2045,0,0,Cursed
weapon_items,Sunlight Shield of Restoration,0x142e16c,1,10,25,403803,2045,0,0,Poison
weapon_items,Sunlight Shield of Respite,0x142e1d0,1,10,25,403804,2045,0,0,Blood
weapon_items,Sunlight Shield of Lucidity,0x142e234,1,10,25,403805,2045,0,0,Frost
weapon_items,Sunlight Shield of Greed,0x142e298,1,10,25,403806,2045,0,0,Magic
weapon_items,Magic Sunlight Shield,0x142e2fc,1,10,25,403807,2045,0,0,Fire
weapon_items,Fire Sunlight Shield,0x142e360,1,10,25,403808,2045,0,0,Lightning
weapon_items,Lightning Sunlight Shield,0x142e3c4,1,10,25,403809,2045,0,0,Dark
weapon_items,Dark Sunlight Shield,0x142e428,1,10,25,403810,2045,0,0,Lucky
weapon_items,Crest Shield,0x1430750,1,10,30,405000,2046,0,0,Normal
weapon_items,Crest Shield of Clarity,0x14307b4,1,10,30,405001,2046,0,0,Lethal
weapon_items,Crest Shield of Rejuvenation,0x1430818,1,10,30,405002,2046,0,0,Cursed
weapon_items,Crest Shield of Restoration,0x143087c,1,10,30,405003,2046,0,0,Poison
weapon_items,Crest Shield of Respite,0x14308e0,1,10,30,405004,2046,0,0,Blood
weapon_items,Crest Shield of Lucidity,0x1430944,1,10,30,405005,2046,0,0,Frost
weapon_items,Crest Shield of Greed,0x14309a8,1,10,30,405006,2046,0,0,Magic
weapon_items,Magic Crest Shield,0x1430a0c,1,10,30,405007,2046,0,0,Fire
weapon_items,Fire Crest Shield,0x1430a70,1,10,30,405008,2046,0,0,Lightning
weapon_items,Lightning Crest Shield,0x1430ad4,1,10,30,405009,2046,0,0,Dark
weapon_items,Dark Crest Shield,0x1430b38,1,10,30,405010,2046,0,0,Lucky
weapon_items,Dragon Crest Shield,0x1432e60,1,10,30,405200,2047,0,0,Normal
weapon_items,Dragon Crest Shield of Clarity,0x1432ec4,1,10,30,405201,2047,0,0,Lethal
weapon_items,Dragon Crest Shield of Rejuvenation,0x1432f28,1,10,30,405202,2047,0,0,Cursed
weapon_items,Dragon Crest Shield of Restoration,0x1432f8c,1,10,30,405203,2047,0,0,Poison
weapon_items,Dragon Crest Shield of Respite,0x1432ff0,1,10,30,405204,2047,0,0,Blood
weapon_items,Dragon Crest Shield of Lucidity,0x1433054,1,10,30,405205,2047,0,0,Frost
weapon_items,Dragon Crest Shield of Greed,0x14330b8,1,10,30,405206,2047,0,0,Magic
weapon_items,Magic Dragon Crest Shield,0x143311c,1,10,30,405207,2047,0,0,Fire
weapon_items,Fire Dragon Crest Shield,0x1433180,1,10,30,405208,2047,0,0,Lightning
weapon_items,Lightning Dragon Crest Shield,0x14331e4,1,10,30,405209,2047,0,0,Dark
weapon_items,Dark Dragon Crest Shield,0x1433248,1,10,30,405210,2047,0,0,Lucky
weapon_items,Spider Shield,0x1435570,1,10,25,403400,2048,0,0,Normal
weapon_items,Spider Shield of Clarity,0x14355d4,1,10,25,403401,2048,0,0,Lethal
weapon_items,Spider Shield of Rejuvenation,0x1435638,1,10,25,403402,2048,0,0,Cursed
weapon_items,Spider Shield of Restoration,0x143569c,1,10,25,403403,2048,0,0,Poison
weapon_items,Spider Shield of Respite,0x1435700,1,10,25,403404,2048,0,0,Blood
weapon_items,Spider Shield of Lucidity,0x1435764,1,10,25,403405,2048,0,0,Frost
weapon_items,Spider Shield of Greed,0x14357c8,1,10,25,403406,2048,0,0,Magic
weapon_items,Magic Spider Shield,0x143582c,1,10,25,403407,2048,0,0,Fire
weapon_items,Fire Spider Shield,0x1435890,1,10,25,403408,2048,0,0,Lightning
weapon_items,Lightning Spider Shield,0x14358f4,1,10,25,403409,2048,0,0,Dark
weapon_items,Dark Spider Shield,0x1435958,1,10,25,403410,2048,0,0,Lucky
weapon_items,Grass Crest Shield,0x1437c80,1,10,25,404800,2049,0,0,Normal
weapon_items,Grass Crest Shield of Clarity,0x1437ce4,1,10,25,404801,2049,0,0,Lethal
weapon_items,Grass Crest Shield of Rejuvenation,0x1437d48,1,10,25,404802,2049,0,0,Cursed
weapon_items,Grass Crest Shield of Restoration,0x1437dac,1,10,25,404803,2049,0,0,Poison
weapon_items,Grass Crest Shield of Respite,0x1437e10,1,10,25,404804,2049,0,0,Blood
weapon_items,Grass Crest Shield of Lucidity,0x1437e74,1,10,25,404805,2049,0,0,Frost
weapon_items,Grass Crest Shield of Greed,0x1437ed8,1,10,25,404806,2049,0,0,Magic
weapon_items,Magic Grass Crest Shield,0x1437f3c,1,10,25,404807,2049,0,0,Fire
weapon_items,Fire Grass Crest Shield,0x1437fa0,1,10,25,404808,2049,0,0,Lightning
weapon_items,Lightning Grass Crest Shield,0x1438004,1,10,25,404809,2049,0,0,Dark
weapon_items,Dark Grass Crest Shield,0x1438068,1,10,25,404810,2049,0,0,Lucky
weapon_items,Sunset Shield,0x143a390,1,10,30,403600,2050,0,0,Normal
weapon_items,Sunset Shield of Clarity,0x143a3f4,1,10,30,403601,2050,0,0,Lethal
weapon_items,Sunset Shield of Rejuvenation,0x143a458,1,10,30,403602,2050,0,0,Cursed
weapon_items,Sunset Shield of Restoration,0x143a4bc,1,10,30,403603,2050,0,0,Poison
weapon_items,Sunset Shield of Respite,0x143a520,1,10,30,403604,2050,0,0,Blood
weapon_items,Sunset Shield of Lucidity,0x143a584,1,10,30,403605,2050,0,0,Frost
weapon_items,Sunset Shield of Greed,0x143a5e8,1,10,30,403606,2050,0,0,Magic
weapon_items,Magic Sunset Shield,0x143a64c,1,10,30,403607,2050,0,0,Fire
weapon_items,Fire Sunset Shield,0x143a6b0,1,10,30,403608,2050,0,0,Lightning
weapon_items,Lightning Sunset Shield,0x143a714,1,10,30,403609,2050,0,0,Dark
weapon_items,Dark Sunset Shield,0x143a778,1,10,30,403610,2050,0,0,Lucky
weapon_items,Golden Wing Crest Shield,0x143caa0,1,10,30,405600,2051,0,0,Normal
weapon_items,Golden Wing Crest Shield of Clarity,0x143cb04,1,10,30,405601,2051,0,0,Lethal
weapon_items,Golden Wing Crest Shield of Rejuvenation,0x143cb68,1,10,30,405602,2051,0,0,Cursed
weapon_items,Golden Wing Crest Shield of Restoration,0x143cbcc,1,10,30,405603,2051,0,0,Poison
weapon_items,Golden Wing Crest Shield of Respite,0x143cc30,1,10,30,405604,2051,0,0,Blood
weapon_items,Golden Wing Crest Shield of Lucidity,0x143cc94,1,10,30,405605,2051,0,0,Frost
weapon_items,Golden Wing Crest Shield of Greed,0x143ccf8,1,10,30,405606,2051,0,0,Magic
weapon_items,Magic Golden Wing Crest Shield,0x143cd5c,1,10,30,405607,2051,0,0,Fire
weapon_items,Fire Golden Wing Crest Shield,0x143cdc0,1,10,30,405608,2051,0,0,Lightning
weapon_items,Lightning Golden Wing Crest Shield,0x143ce24,1,10,30,405609,2051,0,0,Dark
weapon_items,Dark Golden Wing Crest Shield,0x143ce88,1,10,30,405610,2051,0,0,Lucky
weapon_items,Blue Wooden Shield,0x143f1b0,1,10,15,400600,2052,0,0,Normal
weapon_items,Blue Wooden Shield of Clarity,0x143f214,1,10,15,400601,2052,0,0,Lethal
weapon_items,Blue Wooden Shield of Rejuvenation,0x143f278,1,10,15,400602,2052,0,0,Cursed
weapon_items,Blue Wooden Shield of Restoration,0x143f2dc,1,10,15,400603,2052,0,0,Poison
weapon_items,Blue Wooden Shield of Respite,0x143f340,1,10,15,400604,2052,0,0,Blood
weapon_items,Blue Wooden Shield of Lucidity,0x143f3a4,1,10,15,400605,2052,0,0,Frost
weapon_items,Blue Wooden Shield of Greed,0x143f408,1,10,15,400606,2052,0,0,Magic
weapon_items,Magic Blue Wooden Shield,0x143f46c,1,10,15,400607,2052,0,0,Fire
weapon_items,Fire Blue Wooden Shield,0x143f4d0,1,10,15,400608,2052,0,0,Lightning
weapon_items,Lightning Blue Wooden Shield,0x143f534,1,10,15,400609,2052,0,0,Dark
weapon_items,Dark Blue Wooden Shield,0x143f598,1,10,15,400610,2052,0,0,Lucky
weapon_items,Silver Eagle Kite Shield,0x14418c0,1,10,20,402000,2053,0,0,Normal
weapon_items,Silver Eagle Kite Shield of Clarity,0x1441924,1,10,20,402001,2053,0,0,Lethal
weapon_items,Silver Eagle Kite Shield of Rejuvenation,0x1441988,1,10,20,402002,2053,0,0,Cursed
weapon_items,Silver Eagle Kite Shield of Restoration,0x14419ec,1,10,20,402003,2053,0,0,Poison
weapon_items,Silver Eagle Kite Shield of Respite,0x1441a50,1,10,20,402004,2053,0,0,Blood
weapon_items,Silver Eagle Kite Shield of Lucidity,0x1441ab4,1,10,20,402005,2053,0,0,Frost
weapon_items,Silver Eagle Kite Shield of Greed,0x1441b18,1,10,20,402006,2053,0,0,Magic
weapon_items,Magic Silver Eagle Kite Shield,0x1441b7c,1,10,20,402007,2053,0,0,Fire
weapon_items,Fire Silver Eagle Kite Shield,0x1441be0,1,10,20,402008,2053,0,0,Lightning
weapon_items,Lightning Silver Eagle Kite Shield,0x1441c44,1,10,20,402009,2053,0,0,Dark
weapon_items,Dark Silver Eagle Kite Shield,0x1441ca8,1,10,20,402010,2053,0,0,Lucky
weapon_items,Stone Parma,0x1443fd0,1,10,50,404000,2054,0,0,Normal
weapon_items,Stone Parma of Clarity,0x1444034,1,10,50,404001,2054,0,0,Lethal
weapon_items,Stone Parma of Rejuvenation,0x1444098,1,10,50,404002,2054,0,0,Cursed
weapon_items,Stone Parma of Restoration,0x14440fc,1,10,50,404003,2054,0,0,Poison
weapon_items,Stone Parma of Respite,0x1444160,1,10,50,404004,2054,0,0,Blood
weapon_items,Stone Parma of Lucidity,0x14441c4,1,10,50,404005,2054,0,0,Frost
weapon_items,Stone Parma of Greed,0x1444228,1,10,50,404006,2054,0,0,Magic
weapon_items,Magic Stone Parma,0x144428c,1,10,50,404007,2054,0,0,Fire
weapon_items,Fire Stone Parma,0x14442f0,1,10,50,404008,2054,0,0,Lightning
weapon_items,Lightning Stone Parma,0x1444354,1,10,50,404009,2054,0,0,Dark
weapon_items,Dark Stone Parma,0x14443b8,1,10,50,404010,2054,0,0,Lucky
weapon_items,Spirit Tree Crest Shield,0x14466e0,1,10,30,405400,2055,0,0,Normal
weapon_items,Spirit Tree Crest Shield of Clarity,0x1446744,1,10,30,405401,2055,0,0,Lethal
weapon_items,Spirit Tree Crest Shield of Rejuvenation,0x14467a8,1,10,30,405402,2055,0,0,Cursed
weapon_items,Spirit Tree Crest Shield of Restoration,0x144680c,1,10,30,405403,2055,0,0,Poison
weapon_items,Spirit Tree Crest Shield of Respite,0x1446870,1,10,30,405404,2055,0,0,Blood
weapon_items,Spirit Tree Crest Shield of Lucidity,0x14468d4,1,10,30,405405,2055,0,0,Frost
weapon_items,Spirit Tree Crest Shield of Greed,0x1446938,1,10,30,405406,2055,0,0,Magic
weapon_items,Magic Spirit Tree Crest Shield,0x144699c,1,10,30,405407,2055,0,0,Fire
weapon_items,Fire Spirit Tree Crest Shield,0x1446a00,1,10,30,405408,2055,0,0,Lightning
weapon_items,Lightning Spirit Tree Crest Shield,0x1446a64,1,10,30,405409,2055,0,0,Dark
weapon_items,Dark Spirit Tree Crest Shield,0x1446ac8,1,10,30,405410,2055,0,0,Lucky
weapon_items,Porcine Shield,0x1448df0,1,10,25,404600,2056,0,0,Normal
weapon_items,Porcine Shield of Clarity,0x1448e54,1,10,25,404601,2056,0,0,Lethal
weapon_items,Porcine Shield of Rejuvenation,0x1448eb8,1,10,25,404602,2056,0,0,Cursed
weapon_items,Porcine Shield of Restoration,0x1448f1c,1,10,25,404603,2056,0,0,Poison
weapon_items,Porcine Shield of Respite,0x1448f80,1,10,25,404604,2056,0,0,Blood
weapon_items,Porcine Shield of Lucidity,0x1448fe4,1,10,25,404605,2056,0,0,Frost
weapon_items,Porcine Shield of Greed,0x1449048,1,10,25,404606,2056,0,0,Magic
weapon_items,Magic Porcine Shield,0x14490ac,1,10,25,404607,2056,0,0,Fire
weapon_items,Fire Porcine Shield,0x1449110,1,10,25,404608,2056,0,0,Lightning
weapon_items,Lightning Porcine Shield,0x1449174,1,10,25,404609,2056,0,0,Dark
weapon_items,Dark Porcine Shield,0x14491d8,1,10,25,404610,2056,0,0,Lucky
weapon_items,Shield of Want,0x144b500,1,10,30,407600,2057,0,0,Normal
weapon_items,Shield of Wanting Clarity,0x144b564,1,10,30,407601,2057,0,0,Lethal
weapon_items,Shield of Wanting Rejuvenation,0x144b5c8,1,10,30,407602,2057,0,0,Cursed
weapon_items,Shield of Wanting Restoration,0x144b62c,1,10,30,407603,2057,0,0,Poison
weapon_items,Shield of Wanting Respite,0x144b690,1,10,30,407604,2057,0,0,Blood
weapon_items,Shield of Wanting Lucidity,0x144b6f4,1,10,30,407605,2057,0,0,Frost
weapon_items,Shield of Wanting Greed,0x144b758,1,10,30,407606,2057,0,0,Magic
weapon_items,Magic Shield of Want,0x144b7bc,1,10,30,407607,2057,0,0,Fire
weapon_items,Fire Shield of Want,0x144b820,1,10,30,407608,2057,0,0,Lightning
weapon_items,Lightning Shield of Want,0x144b884,1,10,30,407609,2057,0,0,Dark
weapon_items,Dark Shield of Want,0x144b8e8,1,10,30,407610,2057,0,0,Lucky
weapon_items,Wargod Wooden Shield,0x144dc10,1,10,15,401400,2058,0,0,Normal
weapon_items,Wargod Wooden Shield of Clarity,0x144dc74,1,10,15,401401,2058,0,0,Lethal
weapon_items,Wargod Wooden Shield of Rejuvenation,0x144dcd8,1,10,15,401402,2058,0,0,Cursed
weapon_items,Wargod Wooden Shield of Restoration,0x144dd3c,1,10,15,401403,2058,0,0,Poison
weapon_items,Wargod Wooden Shield of Respite,0x144dda0,1,10,15,401404,2058,0,0,Blood
weapon_items,Wargod Wooden Shield of Lucidity,0x144de04,1,10,15,401405,2058,0,0,Frost
weapon_items,Wargod Wooden Shield of Greed,0x144de68,1,10,15,401406,2058,0,0,Magic
weapon_items,Magic Wargod Wooden Shield,0x144decc,1,10,15,401407,2058,0,0,Fire
weapon_items,Fire Wargod Wooden Shield,0x144df30,1,10,15,401408,2058,0,0,Lightning
weapon_items,Lightning Wargod Wooden Shield,0x144df94,1,10,15,401409,2058,0,0,Dark
weapon_items,Dark Wargod Wooden Shield,0x144dff8,1,10,15,401410,2058,0,0,Lucky
weapon_items,Ethereal Oak Shield,0x1450320,1,10,25,407400,2072,0,0,Normal
weapon_items,Ethereal Oak Shield of Clarity,0x1450384,1,10,25,407401,2072,0,0,Lethal
weapon_items,Ethereal Oak Shield of Rejuvenation,0x14503e8,1,10,25,407402,2072,0,0,Cursed
weapon_items,Ethereal Oak Shield of Restoration,0x145044c,1,10,25,407403,2072,0,0,Poison
weapon_items,Ethereal Oak Shield of Respite,0x14504b0,1,10,25,407404,2072,0,0,Blood
weapon_items,Ethereal Oak Shield of Lucidity,0x1450514,1,10,25,407405,2072,0,0,Frost
weapon_items,Ethereal Oak Shield of Greed,0x1450578,1,10,25,407406,2072,0,0,Magic
weapon_items,Ethereal Oak Shield of Magic,0x14505dc,1,10,25,407407,2072,0,0,Fire
weapon_items,Ethereal Oak Shield of Fire,0x1450640,1,10,25,407408,2072,0,0,Lightning
weapon_items,Ethereal Oak Shield of Lightning,0x14506a4,1,10,25,407409,2072,0,0,Dark
weapon_items,Ethereal Oak Shield of Dark,0x1450708,1,10,25,407410,2072,0,0,Lucky
weapon_items,Dragonhead Greatshield,0x1452a30,1,10,40,414400,2075,0,0,Normal
weapon_items,Dragonhead Greatshield of Clarity,0x1452a94,1,10,40,414401,2075,0,0,Lethal
weapon_items,Dragonhead Greatshield of Rejuvenation,0x1452af8,1,10,40,414402,2075,0,0,Cursed
weapon_items,Dragonhead Greatshield of Restoration,0x1452b5c,1,10,40,414403,2075,0,0,Poison
weapon_items,Dragonhead Greatshield of Respite,0x1452bc0,1,10,40,414404,2075,0,0,Blood
weapon_items,Dragonhead Greatshield of Lucidity,0x1452c24,1,10,40,414405,2075,0,0,Frost
weapon_items,Dragonhead Greatshield of Greed,0x1452c88,1,10,40,414406,2075,0,0,Magic
weapon_items,Dragonhead Greatshield of Magic,0x1452cec,1,10,40,414407,2075,0,0,Fire
weapon_items,Dragonhead Greatshield of Fire,0x1452d50,1,10,40,414408,2075,0,0,Lightning
weapon_items,Dragonhead Greatshield of Lightning,0x1452db4,1,10,40,414409,2075,0,0,Dark
weapon_items,Dragonhead Greatshield of Dark,0x1452e18,1,10,40,414410,2075,0,0,Lucky
weapon_items,Lothric Knight Greatshield,0x14fd890,1,10,40,410600,2024,0,0,Normal
weapon_items,Lothric Knight Greatshield of Clarity,0x14fd8f4,1,10,40,410601,2024,0,0,Lethal
weapon_items,Lothric Knight Greatshield of Rejuvenation,0x14fd958,1,10,40,410602,2024,0,0,Cursed
weapon_items,Lothric Knight Greatshield of Restoration,0x14fd9bc,1,10,40,410603,2024,0,0,Poison
weapon_items,Lothric Knight Greatshield of Respite,0x14fda20,1,10,40,410604,2024,0,0,Blood
weapon_items,Lothric Knight Greatshield of Lucidity,0x14fda84,1,10,40,410605,2024,0,0,Frost
weapon_items,Lothric Knight Greatshield of Greed,0x14fdae8,1,10,40,410606,2024,0,0,Magic
weapon_items,Magic Lothric Knight Greatshield,0x14fdb4c,1,10,40,410607,2024,0,0,Fire
weapon_items,Fire Lothric Knight Greatshield,0x14fdbb0,1,10,40,410608,2024,0,0,Lightning
weapon_items,Lightning Lothric Knight Greatshield,0x14fdc14,1,10,40,410609,2024,0,0,Dark
weapon_items,Dark Lothric Knight Greatshield,0x14fdc78,1,10,40,410610,2024,0,0,Lucky
weapon_items,Cathedral Knight Greatshield,0x14fffa0,1,10,40,411000,2025,0,0,Normal
weapon_items,Cathedral Knight Greatshield of Clarity,0x1500004,1,10,40,411001,2025,0,0,Lethal
weapon_items,Cathedral Knight Greatshield of Rejuvenation,0x1500068,1,10,40,411002,2025,0,0,Cursed
weapon_items,Cathedral Knight Greatshield of Restoration,0x15000cc,1,10,40,411003,2025,0,0,Poison
weapon_items,Cathedral Knight Greatshield of Respite,0x1500130,1,10,40,411004,2025,0,0,Blood
weapon_items,Cathedral Knight Greatshield of Lucidity,0x1500194,1,10,40,411005,2025,0,0,Frost
weapon_items,Cathedral Knight Greatshield of Greed,0x15001f8,1,10,40,411006,2025,0,0,Magic
weapon_items,Magic Cathedral Knight Greatshield,0x150025c,1,10,40,411007,2025,0,0,Fire
weapon_items,Fire Cathedral Knight Greatshield,0x15002c0,1,10,40,411008,2025,0,0,Lightning
weapon_items,Lightning Cathedral Knight Greatshield,0x1500324,1,10,40,411009,2025,0,0,Dark
weapon_items,Dark Cathedral Knight Greatshield,0x1500388,1,10,40,411010,2025,0,0,Lucky
weapon_items,Dragonslayer Greatshield,0x1504dc0,1,10,40,414000,2027,0,0,Normal
weapon_items,Dragonslayer Greatshield of Clarity,0x1504e24,1,10,40,414001,2027,0,0,Lethal
weapon_items,Dragonslayer Greatshield of Rejuvenation,0x1504e88,1,10,40,414002,2027,0,0,Cursed
weapon_items,Dragonslayer Greatshield of Restoration,0x1504eec,1,10,40,414003,2027,0,0,Poison
weapon_items,Dragonslayer Greatshield of Respite,0x1504f50,1,10,40,414004,2027,0,0,Blood
weapon_items,Dragonslayer Greatshield of Lucidity,0x1504fb4,1,10,40,414005,2027,0,0,Frost
weapon_items,Dragonslayer Greatshield of Greed,0x1505018,1,10,40,414006,2027,0,0,Magic
weapon_items,Magic Dragonslayer Greatshield,0x150507c,1,10,40,414007,2027,0,0,Fire
weapon_items,Fire Dragonslayer Greatshield,0x15050e0,1,10,40,414008,2027,0,0,Lightning
weapon_items,Lightning Dragonslayer Greatshield,0x1505144,1,10,40,414009,2027,0,0,Dark
weapon_items,Dark Dragonslayer Greatshield,0x15051a8,1,10,40,414010,2027,0,0,Lucky
weapon_items,Moaning Shield,0x15074d0,1,10,45,412800,2061,0,0,Normal
weapon_items,Moaning Shield of Clarity,0x1507534,1,10,45,412801,2061,0,0,Lethal
weapon_items,Moaning Shield of Rejuvenation,0x1507598,1,10,45,412802,2061,0,0,Cursed
weapon_items,Moaning Shield of Restoration,0x15075fc,1,10,45,412803,2061,0,0,Poison
weapon_items,Moaning Shield of Respite,0x1507660,1,10,45,412804,2061,0,0,Blood
weapon_items,Moaning Shield of Lucidity,0x15076c4,1,10,45,412805,2061,0,0,Frost
weapon_items,Moaning Shield of Greed,0x1507728,1,10,45,412806,2061,0,0,Magic
weapon_items,Magic Moaning Shield,0x150778c,1,10,45,412807,2061,0,0,Fire
weapon_items,Fire Moaning Shield,0x15077f0,1,10,45,412808,2061,0,0,Lightning
weapon_items,Lightning Moaning Shield,0x1507854,1,10,45,412809,2061,0,0,Dark
weapon_items,Dark Moaning Shield,0x15078b8,1,10,45,412810,2061,0,0,Lucky
weapon_items,Immortal Dragon Greatshield,0x1509be0,1,10,30,413000,2062,0,0,Normal
weapon_items,Immortal Dragon Greatshield of Clarity,0x1509c44,1,10,30,413001,2062,0,0,Lethal
weapon_items,Immortal Dragon Greatshield of Rejuvenation,0x1509ca8,1,10,30,413002,2062,0,0,Cursed
weapon_items,Immortal Dragon Greatshield of Restoration,0x1509d0c,1,10,30,413003,2062,0,0,Poison
weapon_items,Immortal Dragon Greatshield of Respite,0x1509d70,1,10,30,413004,2062,0,0,Blood
weapon_items,Immortal Dragon Greatshield of Lucidity,0x1509dd4,1,10,30,413005,2062,0,0,Frost
weapon_items,Immortal Dragon Greatshield of Greed,0x1509e38,1,10,30,413006,2062,0,0,Magic
weapon_items,Magic Immortal Dragon Greatshield,0x1509e9c,1,10,30,413007,2062,0,0,Fire
weapon_items,Fire Immortal Dragon Greatshield,0x1509f00,1,10,30,413008,2062,0,0,Lightning
weapon_items,Lightning Immortal Dragon Greatshield,0x1509f64,1,10,30,413009,2062,0,0,Dark
weapon_items,Dark Immortal Dragon Greatshield,0x1509fc8,1,10,30,413010,2062,0,0,Lucky
weapon_items,Yhorm's Greatshield,0x150c2f0,1,10,50,414200,2063,0,0,Normal
weapon_items,Yhorm's Greatshield of Clarity,0x150c354,1,10,50,414201,2063,0,0,Lethal
weapon_items,Yhorm's Greatshield of Rejuvenation,0x150c3b8,1,10,50,414202,2063,0,0,Cursed
weapon_items,Yhorm's Greatshield of Restoration,0x150c41c,1,10,50,414203,2063,0,0,Poison
weapon_items,Yhorm's Greatshield of Respite,0x150c480,1,10,50,414204,2063,0,0,Blood
weapon_items,Yhorm's Greatshield of Lucidity,0x150c4e4,1,10,50,414205,2063,0,0,Frost
weapon_items,Yhorm's Greatshield of Greed,0x150c548,1,10,50,414206,2063,0,0,Magic
weapon_items,Magic Yhorm's Greatshield,0x150c5ac,1,10,50,414207,2063,0,0,Fire
weapon_items,Fire Yhorm's Greatshield,0x150c610,1,10,50,414208,2063,0,0,Lightning
weapon_items,Lightning Yhorm's Greatshield,0x150c674,1,10,50,414209,2063,0,0,Dark
weapon_items,Dark Yhorm's Greatshield,0x150c6d8,1,10,50,414210,2063,0,0,Lucky
weapon_items,Black Iron Greatshield,0x150ea00,1,10,40,410400,2064,0,0,Normal
weapon_items,Black Iron Greatshield of Clarity,0x150ea64,1,10,40,410401,2064,0,0,Lethal
weapon_items,Black Iron Greatshield of Rejuvenation,0x150eac8,1,10,40,410402,2064,0,0,Cursed
weapon_items,Black Iron Greatshield of Restoration,0x150eb2c,1,10,40,410403,2064,0,0,Poison
weapon_items,Black Iron Greatshield of Respite,0x150eb90,1,10,40,410404,2064,0,0,Blood
weapon_items,Black Iron Greatshield of Lucidity,0x150ebf4,1,10,40,410405,2064,0,0,Frost
weapon_items,Black Iron Greatshield of Greed,0x150ec58,1,10,40,410406,2064,0,0,Magic
weapon_items,Magic Black Iron Greatshield,0x150ecbc,1,10,40,410407,2064,0,0,Fire
weapon_items,Fire Black Iron Greatshield,0x150ed20,1,10,40,410408,2064,0,0,Lightning
weapon_items,Lightning Black Iron Greatshield,0x150ed84,1,10,40,410409,2064,0,0,Dark
weapon_items,Dark Black Iron Greatshield,0x150ede8,1,10,40,410410,2064,0,0,Lucky
weapon_items,Wolf Knight's Greatshield,0x1511110,1,10,40,413200,2065,0,0,Normal
weapon_items,Wolf Knight's Greatshield of Clarity,0x1511174,1,10,40,413201,2065,0,0,Lethal
weapon_items,Wolf Knight's Greatshield of Rejuvenation,0x15111d8,1,10,40,413202,2065,0,0,Cursed
weapon_items,Wolf Knight's Greatshield of Restoration,0x151123c,1,10,40,413203,2065,0,0,Poison
weapon_items,Wolf Knight's Greatshield of Respite,0x15112a0,1,10,40,413204,2065,0,0,Blood
weapon_items,Wolf Knight's Greatshield of Lucidity,0x1511304,1,10,40,413205,2065,0,0,Frost
weapon_items,Wolf Knight's Greatshield of Greed,0x1511368,1,10,40,413206,2065,0,0,Magic
weapon_items,Magic Wolf Knight's Greatshield,0x15113cc,1,10,40,413207,2065,0,0,Fire
weapon_items,Fire Wolf Knight's Greatshield,0x1511430,1,10,40,413208,2065,0,0,Lightning
weapon_items,Lightning Wolf Knight's Greatshield,0x1511494,1,10,40,413209,2065,0,0,Dark
weapon_items,Dark Wolf Knight's Greatshield,0x15114f8,1,10,40,413210,2065,0,0,Lucky
weapon_items,Twin Dragon Greatshield,0x1513820,1,10,25,410000,2066,0,0,Normal
weapon_items,Twin Dragon Greatshield of Clarity,0x1513884,1,10,25,410001,2066,0,0,Lethal
weapon_items,Twin Dragon Greatshield of Rejuvenation,0x15138e8,1,10,25,410002,2066,0,0,Cursed
weapon_items,Twin Dragon Greatshield of Restoration,0x151394c,1,10,25,410003,2066,0,0,Poison
weapon_items,Twin Dragon Greatshield of Respite,0x15139b0,1,10,25,410004,2066,0,0,Blood
weapon_items,Twin Dragon Greatshield of Lucidity,0x1513a14,1,10,25,410005,2066,0,0,Frost
weapon_items,Twin Dragon Greatshield of Greed,0x1513a78,1,10,25,410006,2066,0,0,Magic
weapon_items,Magic Twin Dragon Greatshield,0x1513adc,1,10,25,410007,2066,0,0,Fire
weapon_items,Fire Twin Dragon Greatshield,0x1513b40,1,10,25,410008,2066,0,0,Lightning
weapon_items,Lightning Twin Dragon Greatshield,0x1513ba4,1,10,25,410009,2066,0,0,Dark
weapon_items,Dark Twin Dragon Greatshield,0x1513c08,1,10,25,410010,2066,0,0,Lucky
weapon_items,Greatshield of Glory,0x1515f30,1,10,30,412200,2067,0,0,Normal
weapon_items,Greatshield of Glorious Clarity,0x1515f94,1,10,30,412201,2067,0,0,Lethal
weapon_items,Greatshield of Glorious Rejuvenation,0x1515ff8,1,10,30,412202,2067,0,0,Cursed
weapon_items,Greatshield of Glorious Restoration,0x151605c,1,10,30,412203,2067,0,0,Poison
weapon_items,Greatshield of Glorious Respite,0x15160c0,1,10,30,412204,2067,0,0,Blood
weapon_items,Greatshield of Glorious Lucidity,0x1516124,1,10,30,412205,2067,0,0,Frost
weapon_items,Greatshield of Glorious Greed,0x1516188,1,10,30,412206,2067,0,0,Magic
weapon_items,Magic Greatshield of Glory,0x15161ec,1,10,30,412207,2067,0,0,Fire
weapon_items,Fire Greatshield of Glory,0x1516250,1,10,30,412208,2067,0,0,Lightning
weapon_items,Lightning Greatshield of Glory,0x15162b4,1,10,30,412209,2067,0,0,Dark
weapon_items,Dark Greatshield of Glory,0x1516318,1,10,30,412210,2067,0,0,Lucky
weapon_items,Curse Ward Greatshield,0x1518640,1,10,35,413800,2068,0,0,Normal
weapon_items,Curse Ward Greatshield of Clarity,0x15186a4,1,10,35,413801,2068,0,0,Lethal
weapon_items,Curse Ward Greatshield of Rejuvenation,0x1518708,1,10,35,413802,2068,0,0,Cursed
weapon_items,Curse Ward Greatshield of Restoration,0x151876c,1,10,35,413803,2068,0,0,Poison
weapon_items,Curse Ward Greatshield of Respite,0x15187d0,1,10,35,413804,2068,0,0,Blood
weapon_items,Curse Ward Greatshield of Lucidity,0x1518834,1,10,35,413805,2068,0,0,Frost
weapon_items,Curse Ward Greatshield of Greed,0x1518898,1,10,35,413806,2068,0,0,Magic
weapon_items,Magic Curse Ward Greatshield,0x15188fc,1,10,35,413807,2068,0,0,Fire
weapon_items,Fire Curse Ward Greatshield,0x1518960,1,10,35,413808,2068,0,0,Lightning
weapon_items,Lightning Curse Ward Greatshield,0x15189c4,1,10,35,413809,2068,0,0,Dark
weapon_items,Dark Curse Ward Greatshield,0x1518a28,1,10,35,413810,2068,0,0,Lucky
weapon_items,Bonewheel Shield,0x151ad50,1,10,25,411600,2069,0,0,Normal
weapon_items,Bonewheel Shield of Clarity,0x151adb4,1,10,25,411601,2069,0,0,Lethal
weapon_items,Bonewheel Shield of Rejuvenation,0x151ae18,1,10,25,411602,2069,0,0,Cursed
weapon_items,Bonewheel Shield of Restoration,0x151ae7c,1,10,25,411603,2069,0,0,Poison
weapon_items,Bonewheel Shield of Respite,0x151aee0,1,10,25,411604,2069,0,0,Blood
weapon_items,Bonewheel Shield of Lucidity,0x151af44,1,10,25,411605,2069,0,0,Frost
weapon_items,Bonewheel Shield of Greed,0x151afa8,1,10,25,411606,2069,0,0,Magic
weapon_items,Magic Bonewheel Shield,0x151b00c,1,10,25,411607,2069,0,0,Fire
weapon_items,Fire Bonewheel Shield,0x151b070,1,10,25,411608,2069,0,0,Lightning
weapon_items,Lightning Bonewheel Shield,0x151b0d4,1,10,25,411609,2069,0,0,Dark
weapon_items,Dark Bonewheel Shield,0x151b138,1,10,25,411610,2069,0,0,Lucky
weapon_items,Stone Greatshield,0x151d460,1,10,40,411400,2070,0,0,Normal
weapon_items,Stone Greatshield of Clarity,0x151d4c4,1,10,40,411401,2070,0,0,Lethal
weapon_items,Stone Greatshield of Rejuvenation,0x151d528,1,10,40,411402,2070,0,0,Cursed
weapon_items,Stone Greatshield of Restoration,0x151d58c,1,10,40,411403,2070,0,0,Poison
weapon_items,Stone Greatshield of Respite,0x151d5f0,1,10,40,411404,2070,0,0,Blood
weapon_items,Stone Greatshield of Lucidity,0x151d654,1,10,40,411405,2070,0,0,Frost
weapon_items,Stone Greatshield of Greed,0x151d6b8,1,10,40,411406,2070,0,0,Magic
weapon_items,Magic Stone Greatshield,0x151d71c,1,10,40,411407,2070,0,0,Fire
weapon_items,Fire Stone Greatshield,0x151d780,1,10,40,411408,2070,0,0,Lightning
weapon_items,Lightning Stone Greatshield,0x151d7e4,1,10,40,411409,2070,0,0,Dark
weapon_items,Dark Stone Greatshield,0x151d848,1,10,40,411410,2070,0,0,Lucky
weapon_items,Breaking Wheel,0x1522280,1,10,40,412000,1021,0,0,Normal
weapon_items,Breaking Wheel of Clarity,0x15222e4,1,10,40,412001,1021,0,0,Lethal
weapon_items,Breaking Wheel of Rejuvenation,0x1522348,1,10,40,412002,1021,0,0,Cursed
weapon_items,Breaking Wheel of Restoration,0x15223ac,1,10,40,412003,1021,0,0,Poison
weapon_items,Breaking Wheel of Respite,0x1522410,1,10,40,412004,1021,0,0,Blood
weapon_items,Breaking Wheel of Lucidity,0x1522474,1,10,40,412005,1021,0,0,Frost
weapon_items,Breaking Wheel of Greed,0x15224d8,1,10,40,412006,1021,0,0,Magic
weapon_items,Magic Breaking Wheel,0x152253c,1,10,40,412007,1021,0,0,Fire
weapon_items,Fire Breaking Wheel,0x15225a0,1,10,40,412008,1021,0,0,Lightning
weapon_items,Lightning Breaking Wheel,0x1522604,1,10,40,412009,1021,0,0,Dark
weapon_items,Dark Breaking Wheel,0x1522668,1,10,40,412010,1021,0,0,Lucky
weapon_items,Black Dragon Shield,0x1524990,1,10,26,402800,1110,0,0,Normal
weapon_items,Black Dragon Shield of Clarity,0x15249f4,1,10,26,402801,1110,0,0,Lethal
weapon_items,Black Dragon Shield of Rejuvenation,0x1524a58,1,10,26,402802,1110,0,0,Cursed
weapon_items,Black Dragon Shield of Restoration,0x1524abc,1,10,26,402803,1110,0,0,Poison
weapon_items,Black Dragon Shield of Respite,0x1524b20,1,10,26,402804,1110,0,0,Blood
weapon_items,Black Dragon Shield of Lucidity,0x1524b84,1,10,26,402805,1110,0,0,Frost
weapon_items,Black Dragon Shield of Greed,0x1524be8,1,10,26,402806,1110,0,0,Magic
weapon_items,Magic Black Dragon Shield,0x1524c4c,1,10,26,402807,1110,0,0,Fire
weapon_items,Fire Black Dragon Shield,0x1524cb0,1,10,26,402808,1110,0,0,Lightning
weapon_items,Lightning Black Dragon Shield,0x1524d14,1,10,26,402809,1110,0,0,Dark
weapon_items,Dark Black Dragon Shield,0x1524d78,1,10,26,402810,1110,0,0,Lucky
weapon_items,Crystalline Shield,0x15270a0,1,10,5,400800,1142,0,0,Normal
weapon_items,Crystalline Shield of Clarity,0x1527104,1,10,5,400801,1142,0,0,Lethal
weapon_items,Crystalline Shield of Rejuvenation,0x1527168,1,10,5,400802,1142,0,0,Cursed
weapon_items,Crystalline Shield of Restoration,0x15271cc,1,10,5,400803,1142,0,0,Poison
weapon_items,Crystalline Shield of Respite,0x1527230,1,10,5,400804,1142,0,0,Blood
weapon_items,Crystalline Shield of Lucidity,0x1527294,1,10,5,400805,1142,0,0,Frost
weapon_items,Crystalline Shield of Greed,0x15272f8,1,10,5,400806,1142,0,0,Magic
weapon_items,Magic Crystalline Shield,0x152735c,1,10,5,400807,1142,0,0,Fire
weapon_items,Fire Crystalline Shield,0x15273c0,1,10,5,400808,1142,0,0,Lightning
weapon_items,Lightning Crystalline Shield,0x1527424,1,10,5,400809,1142,0,0,Dark
weapon_items,Dark Crystalline Shield,0x1527488,1,10,5,400810,1142,0,0,Lucky
weapon_items,Gargoyle Shield,0x15297b0,1,10,26,403000,1183,0,0,Normal
weapon_items,Gargoyle Shield of Clarity,0x1529814,1,10,26,403001,1183,0,0,Lethal
weapon_items,Gargoyle Shield of Rejuvenation,0x1529878,1,10,26,403002,1183,0,0,Cursed
weapon_items,Gargoyle Shield of Restoration,0x15298dc,1,10,26,403003,1183,0,0,Poison
weapon_items,Gargoyle Shield of Respite,0x1529940,1,10,26,403004,1183,0,0,Blood
weapon_items,Gargoyle Shield of Lucidity,0x15299a4,1,10,26,403005,1183,0,0,Frost
weapon_items,Gargoyle Shield of Greed,0x1529a08,1,10,26,403006,1183,0,0,Magic
weapon_items,Magic Gargoyle Shield,0x1529a6c,1,10,26,403007,1183,0,0,Fire
weapon_items,Fire Gargoyle Shield,0x1529ad0,1,10,26,403008,1183,0,0,Lightning
weapon_items,Lightning Gargoyle Shield,0x1529b34,1,10,26,403009,1183,0,0,Dark
weapon_items,Dark Gargoyle Shield,0x1529b98,1,10,26,403010,1183,0,0,Lucky
weapon_items,Giant Shield,0x152bec0,1,10,40,410800,1195,0,0,Normal
weapon_items,Giant Shield of Clarity,0x152bf24,1,10,40,410801,1195,0,0,Lethal
weapon_items,Giant Shield of Rejuvenation,0x152bf88,1,10,40,410802,1195,0,0,Cursed
weapon_items,Giant Shield of Restoration,0x152bfec,1,10,40,410803,1195,0,0,Poison
weapon_items,Giant Shield of Respite,0x152c050,1,10,40,410804,1195,0,0,Blood
weapon_items,Giant Shield of Lucidity,0x152c0b4,1,10,40,410805,1195,0,0,Frost
weapon_items,Giant Shield of Greed,0x152c118,1,10,40,410806,1195,0,0,Magic
weapon_items,Magic Giant Shield,0x152c17c,1,10,40,410807,1195,0,0,Fire
weapon_items,Fire Giant Shield,0x152c1e0,1,10,40,410808,1195,0,0,Lightning
weapon_items,Lightning Giant Shield,0x152c244,1,10,40,410809,1195,0,0,Dark
weapon_items,Dark Giant Shield,0x152c2a8,1,10,40,410810,1195,0,0,Lucky
weapon_items,Greatshield of Artorias,0x152e5d0,1,10,40,413400,1251,0,0,Normal
weapon_items,Greatshield of Artorias of Clarity,0x152e634,1,10,40,413401,1251,0,0,Lethal
weapon_items,Greatshield of Artorias of Rejuvenation,0x152e698,1,10,40,413402,1251,0,0,Cursed
weapon_items,Greatshield of Artorias of Restoration,0x152e6fc,1,10,40,413403,1251,0,0,Poison
weapon_items,Greatshield of Artorias of Respite,0x152e760,1,10,40,413404,1251,0,0,Blood
weapon_items,Greatshield of Artorias of Lucidity,0x152e7c4,1,10,40,413405,1251,0,0,Frost
weapon_items,Greatshield of Artorias of Greed,0x152e828,1,10,40,413406,1251,0,0,Magic
weapon_items,Magic Greatshield of Artorias,0x152e88c,1,10,40,413407,1251,0,0,Fire
weapon_items,Fire Greatshield of Artorias,0x152e8f0,1,10,40,413408,1251,0,0,Lightning
weapon_items,Lightning Greatshield of Artorias,0x152e954,1,10,40,413409,1251,0,0,Dark
weapon_items,Dark Greatshield of Artorias,0x152e9b8,1,10,40,413410,1251,0,0,Lucky
weapon_items,Bulwark Shield,0x1530ce0,1,10,50,412400,4055,0,0,Normal
weapon_items,Bulwark Shield of Clarity,0x1530d44,1,10,50,412401,4055,0,0,Lethal
weapon_items,Bulwark Shield of Rejuvenation,0x1530da8,1,10,50,412402,4055,0,0,Cursed
weapon_items,Bulwark Shield of Restoration,0x1530e0c,1,10,50,412403,4055,0,0,Poison
weapon_items,Bulwark Shield of Respite,0x1530e70,1,10,50,412404,4055,0,0,Blood
weapon_items,Bulwark Shield of Lucidity,0x1530ed4,1,10,50,412405,4055,0,0,Frost
weapon_items,Bulwark Shield of Greed,0x1530f38,1,10,50,412406,4055,0,0,Magic
weapon_items,Magic Bulwark Shield,0x1530f9c,1,10,50,412407,4055,0,0,Fire
weapon_items,Fire Bulwark Shield,0x1531000,1,10,50,412408,4055,0,0,Lightning
weapon_items,Lightning Bulwark Shield,0x1531064,1,10,50,412409,4055,0,0,Dark
weapon_items,Dark Bulwark Shield,0x15310c8,1,10,50,412410,4055,0,0,Lucky
weapon_items,Dragonkin Shield,0x15333f0,1,10,20,402400,4053,0,0,Normal
weapon_items,Dragonkin Shield of Clarity,0x1533454,1,10,20,402401,4053,0,0,Lethal
weapon_items,Dragonkin Shield of Rejuvenation,0x15334b8,1,10,20,402402,4053,0,0,Cursed
weapon_items,Dragonkin Shield of Restoration,0x153351c,1,10,20,402403,4053,0,0,Poison
weapon_items,Dragonkin Shield of Respite,0x1533580,1,10,20,402404,4053,0,0,Blood
weapon_items,Dragonkin Shield of Lucidity,0x15335e4,1,10,20,402405,4053,0,0,Frost
weapon_items,Dragonkin Shield of Greed,0x1533648,1,10,20,402406,4053,0,0,Magic
weapon_items,Magic Dragonkin Shield,0x15336ac,1,10,20,402407,4053,0,0,Fire
weapon_items,Fire Dragonkin Shield,0x1533710,1,10,20,402408,4053,0,0,Lightning
weapon_items,Lightning Dragonkin Shield,0x1533774,1,10,20,402409,4053,0,0,Dark
weapon_items,Dark Dragonkin Shield,0x15337d8,1,10,20,402410,4053,0,0,Lucky
weapon_items,Twinfang Greatshield,0x1535b00,1,10,40,411200,4050,0,0,Normal
weapon_items,Twinfang Greatshield of Clarity,0x1535b64,1,10,40,411201,4050,0,0,Lethal
weapon_items,Twinfang Greatshield of Rejuvenation,0x1535bc8,1,10,40,411202,4050,0,0,Cursed
weapon_items,Twinfang Greatshield of Restoration,0x1535c2c,1,10,40,411203,4050,0,0,Poison
weapon_items,Twinfang Greatshield of Respite,0x1535c90,1,10,40,411204,4050,0,0,Blood
weapon_items,Twinfang Greatshield of Lucidity,0x1535cf4,1,10,40,411205,4050,0,0,Frost
weapon_items,Twinfang Greatshield of Greed,0x1535d58,1,10,40,411206,4050,0,0,Magic
weapon_items,Magic Twinfang Greatshield,0x1535dbc,1,10,40,411207,4050,0,0,Fire
weapon_items,Fire Twinfang Greatshield,0x1535e20,1,10,40,411208,4050,0,0,Lightning
weapon_items,Lightning Twinfang Greatshield,0x1535e84,1,10,40,411209,4050,0,0,Dark
weapon_items,Dark Twinfang Greatshield,0x1535ee8,1,10,40,411210,4050,0,0,Lucky
weapon_items,Quicksilver Shield,0x1538210,1,10,20,402200,4027,0,0,Normal
weapon_items,Quicksilver Shield of Clarity,0x1538274,1,10,20,402201,4027,0,0,Lethal
weapon_items,Quicksilver Shield of Rejuvenation,0x15382d8,1,10,20,402202,4027,0,0,Cursed
weapon_items,Quicksilver Shield of Restoration,0x153833c,1,10,20,402203,4027,0,0,Poison
weapon_items,Quicksilver Shield of Respite,0x15383a0,1,10,20,402204,4027,0,0,Blood
weapon_items,Quicksilver Shield of Lucidity,0x1538404,1,10,20,402205,4027,0,0,Frost
weapon_items,Quicksilver Shield of Greed,0x1538468,1,10,20,402206,4027,0,0,Magic
weapon_items,Magic Quicksilver Shield,0x15384cc,1,10,20,402207,4027,0,0,Fire
weapon_items,Fire Quicksilver Shield,0x1538530,1,10,20,402208,4027,0,0,Lightning
weapon_items,Lightning Quicksilver Shield,0x1538594,1,10,20,402209,4027,0,0,Dark
weapon_items,Dark Quicksilver Shield,0x15385f8,1,10,20,402210,4027,0,0,Lucky
weapon_items,Adjudicator's Shield,0x153d030,1,10,25,410200,4022,0,0,Normal
weapon_items,Adjudicator's Shield of Clarity,0x153d094,1,10,25,410201,4022,0,0,Lethal
weapon_items,Adjudicator's Shield of Rejuvenation,0x153d0f8,1,10,25,410202,4022,0,0,Cursed
weapon_items,Adjudicator's Shield of Restoration,0x153d15c,1,10,25,410203,4022,0,0,Poison
weapon_items,Adjudicator's Shield of Respite,0x153d1c0,1,10,25,410204,4022,0,0,Blood
weapon_items,Adjudicator's Shield of Lucidity,0x153d224,1,10,25,410205,4022,0,0,Frost
weapon_items,Adjudicator's Shield of Greed,0x153d288,1,10,25,410206,4022,0,0,Magic
weapon_items,Magic Adjudicator's Shield,0x153d2ec,1,10,25,410207,4022,0,0,Fire
weapon_items,Fire Adjudicator's Shield,0x153d350,1,10,25,410208,4022,0,0,Lightning
weapon_items,Lightning Adjudicator's Shield,0x153d3b4,1,10,25,410209,4022,0,0,Dark
weapon_items,Dark Adjudicator's Shield,0x153d418,1,10,25,410210,4022,0,0,Lucky
weapon_items,Crystal Ring Shield,0x153f740,1,10,30,405800,1391,0,0,Normal
weapon_items,Crystal Ring Shield of Clarity,0x153f7a4,1,10,30,405801,1391,0,0,Lethal
weapon_items,Crystal Ring Shield of Rejuvenation,0x153f808,1,10,30,405802,1391,0,0,Cursed
weapon_items,Crystal Ring Shield of Restoration,0x153f86c,1,10,30,405803,1391,0,0,Poison
weapon_items,Crystal Ring Shield of Respite,0x153f8d0,1,10,30,405804,1391,0,0,Blood
weapon_items,Crystal Ring Shield of Lucidity,0x153f934,1,10,30,405805,1391,0,0,Frost
weapon_items,Crystal Ring Shield of Greed,0x153f998,1,10,30,405806,1391,0,0,Magic
weapon_items,Magic Crystal Ring Shield,0x153f9fc,1,10,30,405807,1391,0,0,Fire
weapon_items,Fire Crystal Ring Shield,0x153fa60,1,10,30,405808,1391,0,0,Lightning
weapon_items,Lightning Crystal Ring Shield,0x153fac4,1,10,30,405809,1391,0,0,Dark
weapon_items,Dark Crystal Ring Shield,0x153fb28,1,10,30,405810,1391,0,0,Lucky
weapon_items,Sanctus,0x1541e50,1,10,30,406000,1392,0,0,Normal
weapon_items,Sanctus of Clarity,0x1541eb4,1,10,30,406001,1392,0,0,Lethal
weapon_items,Sanctus of Rejuvenation,0x1541f18,1,10,30,406002,1392,0,0,Cursed
weapon_items,Sanctus of Restoration,0x1541f7c,1,10,30,406003,1392,0,0,Poison
weapon_items,Sanctus of Respite,0x1541fe0,1,10,30,406004,1392,0,0,Blood
weapon_items,Sanctus of Lucidity,0x1542044,1,10,30,406005,1392,0,0,Frost
weapon_items,Sanctus of Greed,0x15420a8,1,10,30,406006,1392,0,0,Magic
weapon_items,Magic Sanctus,0x154210c,1,10,30,406007,1392,0,0,Fire
weapon_items,Fire Sanctus,0x1542170,1,10,30,406008,1392,0,0,Lightning
weapon_items,Lightning Sanctus,0x15421d4,1,10,30,406009,1392,0,0,Dark
weapon_items,Dark Sanctus,0x1542238,1,10,30,406010,1392,0,0,Lucky
weapon_items,Shield of the Hunted,0x1544560,1,10,25,406200,1393,0,0,Normal
weapon_items,Shield of the Hunted Clarity,0x15445c4,1,10,25,406201,1393,0,0,Lethal
weapon_items,Shield of the Hunted Rejuvenation,0x1544628,1,10,25,406202,1393,0,0,Cursed
weapon_items,Shield of the Hunted Restoration,0x154468c,1,10,25,406203,1393,0,0,Poison
weapon_items,Shield of the Hunted Respite,0x15446f0,1,10,25,406204,1393,0,0,Blood
weapon_items,Shield of the Hunted Lucidity,0x1544754,1,10,25,406205,1393,0,0,Frost
weapon_items,Shield of the Hunted Greed,0x15447b8,1,10,25,406206,1393,0,0,Magic
weapon_items,Magic Shield of the Hunted,0x154481c,1,10,25,406207,1393,0,0,Fire
weapon_items,Fire Shield of the Hunted,0x1544880,1,10,25,406208,1393,0,0,Lightning
weapon_items,Lightning Shield of the Hunted,0x15448e4,1,10,25,406209,1393,0,0,Dark
weapon_items,Dark Shield of the Hunted,0x1544948,1,10,25,406210,1393,0,0,Lucky
weapon_items,Smouldering Shield,0x1546c70,1,10,20,406400,1394,0,0,Normal
weapon_items,Smouldering Shield of Clarity,0x1546cd4,1,10,20,406401,1394,0,0,Lethal
weapon_items,Smouldering Shield of Rejuvenation,0x1546d38,1,10,20,406402,1394,0,0,Cursed
weapon_items,Smouldering Shield of Restoration,0x1546d9c,1,10,20,406403,1394,0,0,Poison
weapon_items,Smouldering Shield of Respite,0x1546e00,1,10,20,406404,1394,0,0,Blood
weapon_items,Smouldering Shield of Lucidity,0x1546e64,1,10,20,406405,1394,0,0,Frost
weapon_items,Smouldering Shield of Greed,0x1546ec8,1,10,20,406406,1394,0,0,Magic
weapon_items,Magic Smouldering Shield,0x1546f2c,1,10,20,406407,1394,0,0,Fire
weapon_items,Fire Smouldering Shield,0x1546f90,1,10,20,406408,1394,0,0,Lightning
weapon_items,Lightning Smouldering Shield,0x1546ff4,1,10,20,406409,1394,0,0,Dark
weapon_items,Dark Smouldering Shield,0x1547058,1,10,20,406410,1394,0,0,Lucky
weapon_items,King's Mirror,0x1549380,1,10,50,412600,1426,0,0,Normal
weapon_items,King's Mirror of Clarity,0x15493e4,1,10,50,412601,1426,0,0,Lethal
weapon_items,King's Mirror of Rejuvenation,0x1549448,1,10,50,412602,1426,0,0,Cursed
weapon_items,King's Mirror of Restoration,0x15494ac,1,10,50,412603,1426,0,0,Poison
weapon_items,King's Mirror of Respite,0x1549510,1,10,50,412604,1426,0,0,Blood
weapon_items,King's Mirror of Lucidity,0x1549574,1,10,50,412605,1426,0,0,Frost
weapon_items,King's Mirror of Greed,0x15495d8,1,10,50,412606,1426,0,0,Magic
weapon_items,King's Magic Mirror,0x154963c,1,10,50,412607,1426,0,0,Fire
weapon_items,King's Fire Mirror,0x15496a0,1,10,50,412608,1426,0,0,Lightning
weapon_items,King's Lightning Mirror,0x1549704,1,10,50,412609,1426,0,0,Dark
weapon_items,King's Dark Mirror,0x1549768,1,10,50,412610,1426,0,0,Lucky
weapon_items,Torch,0x15ef3c0,1,10,20,380000,1177,0,0,Normal
weapon_items,Lethal Torch,0x15ef424,1,10,20,380001,1177,0,0,Lethal
weapon_items,Cursed Torch,0x15ef488,1,10,20,380002,1177,0,0,Cursed
weapon_items,Poison Torch,0x15ef4ec,1,10,20,380003,1177,0,0,Poison
weapon_items,Blood Torch,0x15ef550,1,10,20,380004,1177,0,0,Blood
weapon_items,Frost Torch,0x15ef5b4,1,10,20,380005,1177,0,0,Frost
weapon_items,Magic Torch,0x15ef618,1,10,20,380006,1177,0,0,Magic
weapon_items,Fire Torch,0x15ef67c,1,10,20,380007,1177,0,0,Fire
weapon_items,Lightning Torch,0x15ef6e0,1,10,20,380008,1177,0,0,Lightning
weapon_items,Dark Torch,0x15ef744,1,10,20,380009,1177,0,0,Dark
weapon_items,Lucky Torch,0x15ef7a8,1,10,20,380010,1177,0,0,Lucky
weapon_items,Enchanted Torch,0x15ef80c,1,10,20,380011,1177,0,0,Enchanted
weapon_items,Holy Torch,0x15ef870,1,10,20,380012,1177,0,0,Holy
weapon_items,Sharp Torch,0x15ef8d4,1,10,20,380013,1177,0,0,Sharp
weapon_items,Blunt Torch,0x15ef938,1,10,20,380014,1177,0,0,Blunt
weapon_items,Follower Torch,0x15f1ad0,1,10,20,380200,1280,0,0,Normal
weapon_items,Lethal Follower Torch,0x15f1b34,1,10,20,380201,1280,0,0,Lethal
weapon_items,Cursed Follower Torch,0x15f1b98,1,10,20,380202,1280,0,0,Cursed
weapon_items,Poison Follower Torch,0x15f1bfc,1,10,20,380203,1280,0,0,Poison
weapon_items,Blood Follower Torch,0x15f1c60,1,10,20,380204,1280,0,0,Blood
weapon_items,Frost Follower Torch,0x15f1cc4,1,10,20,380205,1280,0,0,Frost
weapon_items,Magic Follower Torch,0x15f1d28,1,10,20,380206,1280,0,0,Magic
weapon_items,Fire Follower Torch,0x15f1d8c,1,10,20,380207,1280,0,0,Fire
weapon_items,Lightning Follower Torch,0x15f1df0,1,10,20,380208,1280,0,0,Lightning
weapon_items,Dark Follower Torch,0x15f1e54,1,10,20,380209,1280,0,0,Dark
weapon_items,Lucky Follower Torch,0x15f1eb8,1,10,20,380210,1280,0,0,Lucky
weapon_items,Enchanted Follower Torch,0x15f1f1c,1,10,20,380211,1280,0,0,Enchanted
weapon_items,Holy Follower Torch,0x15f1f80,1,10,20,380212,1280,0,0,Holy
weapon_items,Sharp Follower Torch,0x15f1fe4,1,10,20,380213,1280,0,0,Sharp
weapon_items,Blunt Follower Torch,0x15f2048,1,10,20,380214,1280,0,0,Blunt
weapon_items,Firelink Dagger,0x1c9ea90,1,10,25,43700,1200,0,0,Normal
weapon_items,Lethal Firelink Dagger,0x1c9eaf4,1,10,25,43701,1200,0,0,Lethal
weapon_items,Cursed Firelink Dagger,0x1c9eb58,1,10,25,43702,1200,0,0,Cursed
weapon_items,Poison Firelink Dagger,0x1c9ebbc,1,10,25,43703,1200,0,0,Poison
weapon_items,Blood Firelink Dagger,0x1c9ec20,1,10,25,43704,1200,0,0,Blood
weapon_items,Frost Firelink Dagger,0x1c9ec84,1,10,25,43705,1200,0,0,Frost
weapon_items,Magic Firelink Dagger,0x1c9ece8,1,10,25,43706,1200,0,0,Magic
weapon_items,Fire Firelink Dagger,0x1c9ed4c,1,10,25,43707,1200,0,0,Fire
weapon_items,Lightning Firelink Dagger,0x1c9edb0,1,10,25,43708,1200,0,0,Lightning
weapon_items,Dark Firelink Dagger,0x1c9ee14,1,10,25,43709,1200,0,0,Dark
weapon_items,Lucky Firelink Dagger,0x1c9ee78,1,10,25,43710,1200,0,0,Lucky
weapon_items,Enchanted Firelink Dagger,0x1c9eedc,1,10,25,43711,1200,0,0,Enchanted
weapon_items,Holy Firelink Dagger,0x1c9ef40,1,10,25,43712,1200,0,0,Holy
weapon_items,Sharp Firelink Dagger,0x1c9efa4,1,10,25,43713,1200,0,0,Sharp
weapon_items,Blunt Firelink Dagger,0x1c9f008,1,10,25,43714,1200,0,0,Blunt
weapon_items,Firelink Spear,0x1ca11a0,1,10,30,164400,1200,0,0,Normal
weapon_items,Lethal Firelink Spear,0x1ca1204,1,10,30,164401,1200,0,0,Lethal
weapon_items,Cursed Firelink Spear,0x1ca1268,1,10,30,164402,1200,0,0,Cursed
weapon_items,Poison Firelink Spear,0x1ca12cc,1,10,30,164403,1200,0,0,Poison
weapon_items,Blood Firelink Spear,0x1ca1330,1,10,30,164404,1200,0,0,Blood
weapon_items,Frost Firelink Spear,0x1ca1394,1,10,30,164405,1200,0,0,Frost
weapon_items,Magic Firelink Spear,0x1ca13f8,1,10,30,164406,1200,0,0,Magic
weapon_items,Fire Firelink Spear,0x1ca145c,1,10,30,164407,1200,0,0,Fire
weapon_items,Lightning Firelink Spear,0x1ca14c0,1,10,30,164408,1200,0,0,Lightning
weapon_items,Dark Firelink Spear,0x1ca1524,1,10,30,164409,1200,0,0,Dark
weapon_items,Lucky Firelink Spear,0x1ca1588,1,10,30,164410,1200,0,0,Lucky
weapon_items,Enchanted Firelink Spear,0x1ca15ec,1,10,30,164411,1200,0,0,Enchanted
weapon_items,Holy Firelink Spear,0x1ca1650,1,10,30,164412,1200,0,0,Holy
weapon_items,Sharp Firelink Spear,0x1ca16b4,1,10,30,164413,1200,0,0,Sharp
weapon_items,Blunt Firelink Spear,0x1ca1718,1,10,30,164414,1200,0,0,Blunt
weapon_items,Firelink Sword,0x1ca38b0,1,10,30,54000,1200,0,0,Normal
weapon_items,Lethal Firelink Sword,0x1ca3914,1,10,30,54001,1200,0,0,Lethal
weapon_items,Cursed Firelink Sword,0x1ca3978,1,10,30,54002,1200,0,0,Cursed
weapon_items,Poison Firelink Sword,0x1ca39dc,1,10,30,54003,1200,0,0,Poison
weapon_items,Blood Firelink Sword,0x1ca3a40,1,10,30,54004,1200,0,0,Blood
weapon_items,Frost Firelink Sword,0x1ca3aa4,1,10,30,54005,1200,0,0,Frost
weapon_items,Magic Firelink Sword,0x1ca3b08,1,10,30,54006,1200,0,0,Magic
weapon_items,Fire Firelink Sword,0x1ca3b6c,1,10,30,54007,1200,0,0,Fire
weapon_items,Lightning Firelink Sword,0x1ca3bd0,1,10,30,54008,1200,0,0,Lightning
weapon_items,Dark Firelink Sword,0x1ca3c34,1,10,30,54009,1200,0,0,Dark
weapon_items,Lucky Firelink Sword,0x1ca3c98,1,10,30,54010,1200,0,0,Lucky
weapon_items,Enchanted Firelink Sword,0x1ca3cfc,1,10,30,54011,1200,0,0,Enchanted
weapon_items,Holy Firelink Sword,0x1ca3d60,1,10,30,54012,1200,0,0,Holy
weapon_items,Sharp Firelink Sword,0x1ca3dc4,1,10,30,54013,1200,0,0,Sharp
weapon_items,Blunt Firelink Sword,0x1ca3e28,1,10,30,54014,1200,0,0,Blunt
weapon_items,Firelink Rapier,0x1ca5fc0,1,10,25,101400,1200,0,0,Normal
weapon_items,Lethal Firelink Rapier,0x1ca6024,1,10,25,101401,1200,0,0,Lethal
weapon_items,Cursed Firelink Rapier,0x1ca6088,1,10,25,101402,1200,0,0,Cursed
weapon_items,Poison Firelink Rapier,0x1ca60ec,1,10,25,101403,1200,0,0,Poison
weapon_items,Blood Firelink Rapier,0x1ca6150,1,10,25,101404,1200,0,0,Blood
weapon_items,Frost Firelink Rapier,0x1ca61b4,1,10,25,101405,1200,0,0,Frost
weapon_items,Magic Firelink Rapier,0x1ca6218,1,10,25,101406,1200,0,0,Magic
weapon_items,Fire Firelink Rapier,0x1ca627c,1,10,25,101407,1200,0,0,Fire
weapon_items,Lightning Firelink Rapier,0x1ca62e0,1,10,25,101408,1200,0,0,Lightning
weapon_items,Dark Firelink Rapier,0x1ca6344,1,10,25,101409,1200,0,0,Dark
weapon_items,Lucky Firelink Rapier,0x1ca63a8,1,10,25,101410,1200,0,0,Lucky
weapon_items,Enchanted Firelink Rapier,0x1ca640c,1,10,25,101411,1200,0,0,Enchanted
weapon_items,Holy Firelink Rapier,0x1ca6470,1,10,25,101412,1200,0,0,Holy
weapon_items,Sharp Firelink Rapier,0x1ca64d4,1,10,25,101413,1200,0,0,Sharp
weapon_items,Blunt Firelink Rapier,0x1ca6538,1,10,25,101414,1200,0,0,Blunt
weapon_items,Greatwood Club,0x1ca86d0,1,10,40,155200,1210,0,0,Normal
weapon_items,Lethal Greatwood Club,0x1ca8734,1,10,40,155201,1210,0,0,Lethal
weapon_items,Cursed Greatwood Club,0x1ca8798,1,10,40,155202,1210,0,0,Cursed
weapon_items,Poison Greatwood Club,0x1ca87fc,1,10,40,155203,1210,0,0,Poison
weapon_items,Blood Greatwood Club,0x1ca8860,1,10,40,155204,1210,0,0,Blood
weapon_items,Frost Greatwood Club,0x1ca88c4,1,10,40,155205,1210,0,0,Frost
weapon_items,Magic Greatwood Club,0x1ca8928,1,10,40,155206,1210,0,0,Magic
weapon_items,Fire Greatwood Club,0x1ca898c,1,10,40,155207,1210,0,0,Fire
weapon_items,Lightning Greatwood Club,0x1ca89f0,1,10,40,155208,1210,0,0,Lightning
weapon_items,Dark Greatwood Club,0x1ca8a54,1,10,40,155209,1210,0,0,Dark
weapon_items,Lucky Greatwood Club,0x1ca8ab8,1,10,40,155210,1210,0,0,Lucky
weapon_items,Enchanted Greatwood Club,0x1ca8b1c,1,10,40,155211,1210,0,0,Enchanted
weapon_items,Holy Greatwood Club,0x1ca8b80,1,10,40,155212,1210,0,0,Holy
weapon_items,Sharp Greatwood Club,0x1ca8be4,1,10,40,155213,1210,0,0,Sharp
weapon_items,Blunt Greatwood Club,0x1ca8c48,1,10,40,155214,1210,0,0,Blunt
weapon_items,Irithyll Lance,0x1caade0,1,10,30,180200,1188,0,0,Normal
weapon_items,Lethal Irithyll Lance,0x1caae44,1,10,30,180201,1188,0,0,Lethal
weapon_items,Cursed Irithyll Lance,0x1caaea8,1,10,30,180202,1188,0,0,Cursed
weapon_items,Poison Irithyll Lance,0x1caaf0c,1,10,30,180203,1188,0,0,Poison
weapon_items,Blood Irithyll Lance,0x1caaf70,1,10,30,180204,1188,0,0,Blood
weapon_items,Frost Irithyll Lance,0x1caafd4,1,10,30,180205,1188,0,0,Frost
weapon_items,Magic Irithyll Lance,0x1cab038,1,10,30,180206,1188,0,0,Magic
weapon_items,Fire Irithyll Lance,0x1cab09c,1,10,30,180207,1188,0,0,Fire
weapon_items,Lightning Irithyll Lance,0x1cab100,1,10,30,180208,1188,0,0,Lightning
weapon_items,Dark Irithyll Lance,0x1cab164,1,10,30,180209,1188,0,0,Dark
weapon_items,Lucky Irithyll Lance,0x1cab1c8,1,10,30,180210,1188,0,0,Lucky
weapon_items,Enchanted Irithyll Lance,0x1cab22c,1,10,30,180211,1188,0,0,Enchanted
weapon_items,Holy Irithyll Lance,0x1cab290,1,10,30,180212,1188,0,0,Holy
weapon_items,Sharp Irithyll Lance,0x1cab2f4,1,10,30,180213,1188,0,0,Sharp
weapon_items,Blunt Irithyll Lance,0x1cab358,1,10,30,180214,1188,0,0,Blunt
weapon_items,Fume Slated Swords,0x1cad4f0,1,10,50,74800,4066,0,0,Normal
weapon_items,Lethal Fume Slated Swords,0x1cad554,1,10,50,74801,4066,0,0,Lethal
weapon_items,Cursed Fume Slated Swords,0x1cad5b8,1,10,50,74802,4066,0,0,Cursed
weapon_items,Poison Fume Slated Swords,0x1cad61c,1,10,50,74803,4066,0,0,Poison
weapon_items,Blood Fume Slated Swords,0x1cad680,1,10,50,74804,4066,0,0,Blood
weapon_items,Frost Fume Slated Swords,0x1cad6e4,1,10,50,74805,4066,0,0,Frost
weapon_items,Magic Fume Slated Swords,0x1cad748,1,10,50,74806,4066,0,0,Magic
weapon_items,Fire Fume Slated Swords,0x1cad7ac,1,10,50,74807,4066,0,0,Fire
weapon_items,Lightning Fume Slated Swords,0x1cad810,1,10,50,74808,4066,0,0,Lightning
weapon_items,Dark Fume Slated Swords,0x1cad874,1,10,50,74809,4066,0,0,Dark
weapon_items,Lucky Fume Slated Swords,0x1cad8d8,1,10,50,74810,4066,0,0,Lucky
weapon_items,Enchanted Fume Slated Swords,0x1cad93c,1,10,50,74811,4066,0,0,Enchanted
weapon_items,Holy Fume Slated Swords,0x1cad9a0,1,10,50,74812,4066,0,0,Holy
weapon_items,Sharp Fume Slated Swords,0x1cada04,1,10,50,74813,4066,0,0,Sharp
weapon_items,Blunt Fume Slated Swords,0x1cada68,1,10,50,74814,4066,0,0,Blunt
weapon_items,Machete,0x1cafc00,1,10,25,82000,1168,0,0,Normal
weapon_items,Lethal Machete,0x1cafc64,1,10,25,82001,1168,0,0,Lethal
weapon_items,Cursed Machete,0x1cafcc8,1,10,25,82002,1168,0,0,Cursed
weapon_items,Poison Machete,0x1cafd2c,1,10,25,82003,1168,0,0,Poison
weapon_items,Blood Machete,0x1cafd90,1,10,25,82004,1168,0,0,Blood
weapon_items,Frost Machete,0x1cafdf4,1,10,25,82005,1168,0,0,Frost
weapon_items,Magic Machete,0x1cafe58,1,10,25,82006,1168,0,0,Magic
weapon_items,Fire Machete,0x1cafebc,1,10,25,82007,1168,0,0,Fire
weapon_items,Lightning Machete,0x1caff20,1,10,25,82008,1168,0,0,Lightning
weapon_items,Dark Machete,0x1caff84,1,10,25,82009,1168,0,0,Dark
weapon_items,Lucky Machete,0x1caffe8,1,10,25,82010,1168,0,0,Lucky
weapon_items,Enchanted Machete,0x1cb004c,1,10,25,82011,1168,0,0,Enchanted
weapon_items,Holy Machete,0x1cb00b0,1,10,25,82012,1168,0,0,Holy
weapon_items,Sharp Machete,0x1cb0114,1,10,25,82013,1168,0,0,Sharp
weapon_items,Blunt Machete,0x1cb0178,1,10,25,82014,1168,0,0,Blunt
weapon_items,Demon's Axe,0x1cb2310,1,10,40,122400,1083,0,0,Normal
weapon_items,Lethal Demon's Axe,0x1cb2374,1,10,40,122401,1083,0,0,Lethal
weapon_items,Cursed Demon's Axe,0x1cb23d8,1,10,40,122402,1083,0,0,Cursed
weapon_items,Poison Demon's Axe,0x1cb243c,1,10,40,122403,1083,0,0,Poison
weapon_items,Blood Demon's Axe,0x1cb24a0,1,10,40,122404,1083,0,0,Blood
weapon_items,Frost Demon's Axe,0x1cb2504,1,10,40,122405,1083,0,0,Frost
weapon_items,Magic Demon's Axe,0x1cb2568,1,10,40,122406,1083,0,0,Magic
weapon_items,Fire Demon's Axe,0x1cb25cc,1,10,40,122407,1083,0,0,Fire
weapon_items,Lightning Demon's Axe,0x1cb2630,1,10,40,122408,1083,0,0,Lightning
weapon_items,Dark Demon's Axe,0x1cb2694,1,10,40,122409,1083,0,0,Dark
weapon_items,Lucky Demon's Axe,0x1cb26f8,1,10,40,122410,1083,0,0,Lucky
weapon_items,Enchanted Demon's Axe,0x1cb275c,1,10,40,122411,1083,0,0,Enchanted
weapon_items,Holy Demon's Axe,0x1cb27c0,1,10,40,122412,1083,0,0,Holy
weapon_items,Sharp Demon's Axe,0x1cb2824,1,10,40,122413,1083,0,0,Sharp
weapon_items,Blunt Demon's Axe,0x1cb2888,1,10,40,122414,1083,0,0,Blunt
weapon_items,Abyssal Greatsword,0x1cb4a20,1,10,35,72000,1069,0,0,Normal
weapon_items,Lethal Abyssal Greatsword,0x1cb4a84,1,10,35,72001,1069,0,0,Lethal
weapon_items,Cursed Abyssal Greatsword,0x1cb4ae8,1,10,35,72002,1069,0,0,Cursed
weapon_items,Poison Abyssal Greatsword,0x1cb4b4c,1,10,35,72003,1069,0,0,Poison
weapon_items,Blood Abyssal Greatsword,0x1cb4bb0,1,10,35,72004,1069,0,0,Blood
weapon_items,Frost Abyssal Greatsword,0x1cb4c14,1,10,35,72005,1069,0,0,Frost
weapon_items,Magic Abyssal Greatsword,0x1cb4c78,1,10,35,72006,1069,0,0,Magic
weapon_items,Fire Abyssal Greatsword,0x1cb4cdc,1,10,35,72007,1069,0,0,Fire
weapon_items,Lightning Abyssal Greatsword,0x1cb4d40,1,10,35,72008,1069,0,0,Lightning
weapon_items,Dark Abyssal Greatsword,0x1cb4da4,1,10,35,72009,1069,0,0,Dark
weapon_items,Lucky Abyssal Greatsword,0x1cb4e08,1,10,35,72010,1069,0,0,Lucky
weapon_items,Enchanted Abyssal Greatsword,0x1cb4e6c,1,10,35,72011,1069,0,0,Enchanted
weapon_items,Holy Abyssal Greatsword,0x1cb4ed0,1,10,35,72012,1069,0,0,Holy
weapon_items,Sharp Abyssal Greatsword,0x1cb4f34,1,10,35,72013,1069,0,0,Sharp
weapon_items,Blunt Abyssal Greatsword,0x1cb4f98,1,10,35,72014,1069,0,0,Blunt
weapon_items,Moonlight Sword,0x1cb7130,1,10,30,54200,1198,0,0,Normal
weapon_items,Cursed Moonlight Sword,0x1cb71f8,1,10,30,54201,1198,0,0,Cursed
weapon_items,Poison Moonlight Sword,0x1cb725c,1,10,30,54202,1198,0,0,Poison
weapon_items,Blood Moonlight Sword,0x1cb72c0,1,10,30,54203,1198,0,0,Blood
weapon_items,Frost Moonlight Sword,0x1cb7324,1,10,30,54204,1198,0,0,Frost
weapon_items,Magic Moonlight Sword,0x1cb7388,1,10,30,54205,1198,0,0,Magic
weapon_items,Fire Moonlight Sword,0x1cb73ec,1,10,30,54206,1198,0,0,Fire
weapon_items,Lightning Moonlight Sword,0x1cb7450,1,10,30,54207,1198,0,0,Lightning
weapon_items,Dark Moonlight Sword,0x1cb74b4,1,10,30,54208,1198,0,0,Dark
weapon_items,Lucky Moonlight Sword,0x1cb7518,1,10,30,54209,1198,0,0,Lucky
weapon_items,Enchanted Moonlight Sword,0x1cb757c,1,10,30,54210,1198,0,0,Enchanted
weapon_items,Holy Moonlight Sword,0x1cb75e0,1,10,30,54211,1198,0,0,Holy
weapon_items,Pontiff Knight Greatsword,0x1cbbf50,1,10,30,90600,1039,0,0,Normal
weapon_items,Lethal Pontiff Knight Greatsword,0x1cbbfb4,1,10,30,90601,1039,0,0,Lethal
weapon_items,Cursed Pontiff Knight Greatsword,0x1cbc018,1,10,30,90602,1039,0,0,Cursed
weapon_items,Poison Pontiff Knight Greatsword,0x1cbc07c,1,10,30,90603,1039,0,0,Poison
weapon_items,Blood Pontiff Knight Greatsword,0x1cbc0e0,1,10,30,90604,1039,0,0,Blood
weapon_items,Frost Pontiff Knight Greatsword,0x1cbc144,1,10,30,90605,1039,0,0,Frost
weapon_items,Magic Pontiff Knight Greatsword,0x1cbc1a8,1,10,30,90606,1039,0,0,Magic
weapon_items,Fire Pontiff Knight Greatsword,0x1cbc20c,1,10,30,90607,1039,0,0,Fire
weapon_items,Lightning Pontiff Knight Greatsword,0x1cbc270,1,10,30,90608,1039,0,0,Lightning
weapon_items,Dark Pontiff Knight Greatsword,0x1cbc2d4,1,10,30,90609,1039,0,0,Dark
weapon_items,Lucky Pontiff Knight Greatsword,0x1cbc338,1,10,30,90610,1039,0,0,Lucky
weapon_items,Enchanted Pontiff Knight Greatsword,0x1cbc39c,1,10,30,90611,1039,0,0,Enchanted
weapon_items,Holy Pontiff Knight Greatsword,0x1cbc400,1,10,30,90612,1039,0,0,Holy
weapon_items,Sharp Pontiff Knight Greatsword,0x1cbc464,1,10,30,90613,1039,0,0,Sharp
weapon_items,Blunt Pontiff Knight Greatsword,0x1cbc4c8,1,10,30,90614,1039,0,0,Blunt
weapon_items,Smelter Hammer,0x1cbe660,1,10,50,153800,4067,0,0,Normal
weapon_items,Lethal Smelter Hammer,0x1cbe6c4,1,10,50,153801,4067,0,0,Lethal
weapon_items,Cursed Smelter Hammer,0x1cbe728,1,10,50,153802,4067,0,0,Cursed
weapon_items,Poison Smelter Hammer,0x1cbe78c,1,10,50,153803,4067,0,0,Poison
weapon_items,Blood Smelter Hammer,0x1cbe7f0,1,10,50,153804,4067,0,0,Blood
weapon_items,Frost Smelter Hammer,0x1cbe854,1,10,50,153805,4067,0,0,Frost
weapon_items,Magic Smelter Hammer,0x1cbe8b8,1,10,50,153806,4067,0,0,Magic
weapon_items,Fire Smelter Hammer,0x1cbe91c,1,10,50,153807,4067,0,0,Fire
weapon_items,Lightning Smelter Hammer,0x1cbe980,1,10,50,153808,4067,0,0,Lightning
weapon_items,Dark Smelter Hammer,0x1cbe9e4,1,10,50,153809,4067,0,0,Dark
weapon_items,Lucky Smelter Hammer,0x1cbea48,1,10,50,153810,4067,0,0,Lucky
weapon_items,Enchanted Smelter Hammer,0x1cbeaac,1,10,50,153811,4067,0,0,Enchanted
weapon_items,Holy Smelter Hammer,0x1cbeb10,1,10,50,153812,4067,0,0,Holy
weapon_items,Sharp Smelter Hammer,0x1cbeb74,1,10,50,153813,4067,0,0,Sharp
weapon_items,Blunt Smelter Hammer,0x1cbebd8,1,10,50,153814,4067,0,0,Blunt
weapon_items,Drake Fist,0x1cc5b90,1,10,40,220600,1228,0,0,Normal
weapon_items,Lethal Drake Fist,0x1cc5bf4,1,10,40,220601,1228,0,0,Lethal
weapon_items,Cursed Drake Fist,0x1cc5c58,1,10,40,220602,1228,0,0,Cursed
weapon_items,Poison Drake Fist,0x1cc5cbc,1,10,40,220603,1228,0,0,Poison
weapon_items,Blood Drake Fist,0x1cc5d20,1,10,40,220604,1228,0,0,Blood
weapon_items,Frost Drake Fist,0x1cc5d84,1,10,40,220605,1228,0,0,Frost
weapon_items,Magic Drake Fist,0x1cc5de8,1,10,40,220606,1228,0,0,Magic
weapon_items,Fire Drake Fist,0x1cc5e4c,1,10,40,220607,1228,0,0,Fire
weapon_items,Lightning Drake Fist,0x1cc5eb0,1,10,40,220608,1228,0,0,Lightning
weapon_items,Dark Drake Fist,0x1cc5f14,1,10,40,220609,1228,0,0,Dark
weapon_items,Lucky Drake Fist,0x1cc5f78,1,10,40,220610,1228,0,0,Lucky
weapon_items,Enchanted Drake Fist,0x1cc5fdc,1,10,40,220611,1228,0,0,Enchanted
weapon_items,Holy Drake Fist,0x1cc6040,1,10,40,220612,1228,0,0,Holy
weapon_items,Sharp Drake Fist,0x1cc60a4,1,10,40,220613,1228,0,0,Sharp
weapon_items,Blunt Drake Fist,0x1cc6108,1,10,40,220614,1228,0,0,Blunt
weapon_items,Irithyll Warpick,0x1cc82a0,1,10,25,143000,1126,0,0,Normal
weapon_items,Lethal Irithyll Warpick,0x1cc8304,1,10,25,143001,1126,0,0,Lethal
weapon_items,Cursed Irithyll Warpick,0x1cc8368,1,10,25,143002,1126,0,0,Cursed
weapon_items,Poison Irithyll Warpick,0x1cc83cc,1,10,25,143003,1126,0,0,Poison
weapon_items,Blood Irithyll Warpick,0x1cc8430,1,10,25,143004,1126,0,0,Blood
weapon_items,Frost Irithyll Warpick,0x1cc8494,1,10,25,143005,1126,0,0,Frost
weapon_items,Magic Irithyll Warpick,0x1cc84f8,1,10,25,143006,1126,0,0,Magic
weapon_items,Fire Irithyll Warpick,0x1cc855c,1,10,25,143007,1126,0,0,Fire
weapon_items,Lightning Irithyll Warpick,0x1cc85c0,1,10,25,143008,1126,0,0,Lightning
weapon_items,Dark Irithyll Warpick,0x1cc8624,1,10,25,143009,1126,0,0,Dark
weapon_items,Lucky Irithyll Warpick,0x1cc8688,1,10,25,143010,1126,0,0,Lucky
weapon_items,Enchanted Irithyll Warpick,0x1cc86ec,1,10,25,143011,1126,0,0,Enchanted
weapon_items,Holy Irithyll Warpick,0x1cc8750,1,10,25,143012,1126,0,0,Holy
weapon_items,Sharp Irithyll Warpick,0x1cc87b4,1,10,25,143013,1126,0,0,Sharp
weapon_items,Blunt Irithyll Warpick,0x1cc8818,1,10,25,143014,1126,0,0,Blunt
weapon_items,Tailbone Club,0x1ccd0c0,1,10,30,143600,1116,0,0,Normal
weapon_items,Lethal Tailbone Club,0x1ccd124,1,10,30,143601,1116,0,0,Lethal
weapon_items,Cursed Tailbone Club,0x1ccd188,1,10,30,143602,1116,0,0,Cursed
weapon_items,Poison Tailbone Club,0x1ccd1ec,1,10,30,143603,1116,0,0,Poison
weapon_items,Blood Tailbone Club,0x1ccd250,1,10,30,143604,1116,0,0,Blood
weapon_items,Frost Tailbone Club,0x1ccd2b4,1,10,30,143605,1116,0,0,Frost
weapon_items,Magic Tailbone Club,0x1ccd318,1,10,30,143606,1116,0,0,Magic
weapon_items,Fire Tailbone Club,0x1ccd37c,1,10,30,143607,1116,0,0,Fire
weapon_items,Lightning Tailbone Club,0x1ccd3e0,1,10,30,143608,1116,0,0,Lightning
weapon_items,Dark Tailbone Club,0x1ccd444,1,10,30,143609,1116,0,0,Dark
weapon_items,Lucky Tailbone Club,0x1ccd4a8,1,10,30,143610,1116,0,0,Lucky
weapon_items,Enchanted Tailbone Club,0x1ccd50c,1,10,30,143611,1116,0,0,Enchanted
weapon_items,Holy Tailbone Club,0x1ccd570,1,10,30,143612,1116,0,0,Holy
weapon_items,Sharp Tailbone Club,0x1ccd5d4,1,10,30,143613,1116,0,0,Sharp
weapon_items,Blunt Tailbone Club,0x1ccd638,1,10,30,143614,1116,0,0,Blunt
weapon_items,Irithyll Mace,0x1cd1ee0,1,10,30,142200,1101,0,0,Normal
weapon_items,Lethal Irithyll Mace,0x1cd1f44,1,10,30,142201,1101,0,0,Lethal
weapon_items,Cursed Irithyll Mace,0x1cd1fa8,1,10,30,142202,1101,0,0,Cursed
weapon_items,Poison Irithyll Mace,0x1cd200c,1,10,30,142203,1101,0,0,Poison
weapon_items,Blood Irithyll Mace,0x1cd2070,1,10,30,142204,1101,0,0,Blood
weapon_items,Frost Irithyll Mace,0x1cd20d4,1,10,30,142205,1101,0,0,Frost
weapon_items,Magic Irithyll Mace,0x1cd2138,1,10,30,142206,1101,0,0,Magic
weapon_items,Fire Irithyll Mace,0x1cd219c,1,10,30,142207,1101,0,0,Fire
weapon_items,Lightning Irithyll Mace,0x1cd2200,1,10,30,142208,1101,0,0,Lightning
weapon_items,Dark Irithyll Mace,0x1cd2264,1,10,30,142209,1101,0,0,Dark
weapon_items,Lucky Irithyll Mace,0x1cd22c8,1,10,30,142210,1101,0,0,Lucky
weapon_items,Enchanted Irithyll Mace,0x1cd232c,1,10,30,142211,1101,0,0,Enchanted
weapon_items,Holy Irithyll Mace,0x1cd2390,1,10,30,142212,1101,0,0,Holy
weapon_items,Sharp Irithyll Mace,0x1cd23f4,1,10,30,142213,1101,0,0,Sharp
weapon_items,Blunt Irithyll Mace,0x1cd2458,1,10,30,142214,1101,0,0,Blunt
weapon_items,Wooden Mallet,0x1cd6d00,1,10,25,141600,1099,0,0,Normal
weapon_items,Lethal Wooden Mallet,0x1cd6d64,1,10,25,141601,1099,0,0,Lethal
weapon_items,Cursed Wooden Mallet,0x1cd6dc8,1,10,25,141602,1099,0,0,Cursed
weapon_items,Poison Wooden Mallet,0x1cd6e2c,1,10,25,141603,1099,0,0,Poison
weapon_items,Blood Wooden Mallet,0x1cd6e90,1,10,25,141604,1099,0,0,Blood
weapon_items,Frost Wooden Mallet,0x1cd6ef4,1,10,25,141605,1099,0,0,Frost
weapon_items,Magic Wooden Mallet,0x1cd6f58,1,10,25,141606,1099,0,0,Magic
weapon_items,Fire Wooden Mallet,0x1cd6fbc,1,10,25,141607,1099,0,0,Fire
weapon_items,Lightning Wooden Mallet,0x1cd7020,1,10,25,141608,1099,0,0,Lightning
weapon_items,Dark Wooden Mallet,0x1cd7084,1,10,25,141609,1099,0,0,Dark
weapon_items,Lucky Wooden Mallet,0x1cd70e8,1,10,25,141610,1099,0,0,Lucky
weapon_items,Enchanted Wooden Mallet,0x1cd714c,1,10,25,141611,1099,0,0,Enchanted
weapon_items,Holy Wooden Mallet,0x1cd71b0,1,10,25,141612,1099,0,0,Holy
weapon_items,Sharp Wooden Mallet,0x1cd7214,1,10,25,141613,1099,0,0,Sharp
weapon_items,Blunt Wooden Mallet,0x1cd7278,1,10,25,141614,1099,0,0,Blunt
weapon_items,Hallowed Sword,0x1cd9410,1,10,30,51800,6050,0,0,Normal
weapon_items,Lethal Hallowed Sword,0x1cd9474,1,10,30,51801,6050,0,0,Lethal
weapon_items,Cursed Hallowed Sword,0x1cd94d8,1,10,30,51802,6050,0,0,Cursed
weapon_items,Poison Hallowed Sword,0x1cd953c,1,10,30,51803,6050,0,0,Poison
weapon_items,Blood Hallowed Sword,0x1cd95a0,1,10,30,51804,6050,0,0,Blood
weapon_items,Frost Hallowed Sword,0x1cd9604,1,10,30,51805,6050,0,0,Frost
weapon_items,Magic Hallowed Sword,0x1cd9668,1,10,30,51806,6050,0,0,Magic
weapon_items,Fire Hallowed Sword,0x1cd96cc,1,10,30,51807,6050,0,0,Fire
weapon_items,Lightning Hallowed Sword,0x1cd9730,1,10,30,51808,6050,0,0,Lightning
weapon_items,Dark Hallowed Sword,0x1cd9794,1,10,30,51809,6050,0,0,Dark
weapon_items,Lucky Hallowed Sword,0x1cd97f8,1,10,30,51810,6050,0,0,Lucky
weapon_items,Enchanted Hallowed Sword,0x1cd985c,1,10,30,51811,6050,0,0,Enchanted
weapon_items,Holy Hallowed Sword,0x1cd98c0,1,10,30,51812,6050,0,0,Holy
weapon_items,Sharp Hallowed Sword,0x1cd9924,1,10,30,51813,6050,0,0,Sharp
weapon_items,Blunt Hallowed Sword,0x1cd9988,1,10,30,51814,6050,0,0,Blunt
weapon_items,Sunlight Greatsword,0x1cdbb20,1,10,40,61600,6052,0,0,Normal
weapon_items,Lethal Sunlight Greatsword,0x1cdbb84,1,10,40,61601,6052,0,0,Lethal
weapon_items,Cursed Sunlight Greatsword,0x1cdbbe8,1,10,40,61602,6052,0,0,Cursed
weapon_items,Poison Sunlight Greatsword,0x1cdbc4c,1,10,40,61603,6052,0,0,Poison
weapon_items,Blood Sunlight Greatsword,0x1cdbcb0,1,10,40,61604,6052,0,0,Blood
weapon_items,Frost Sunlight Greatsword,0x1cdbd14,1,10,40,61605,6052,0,0,Frost
weapon_items,Magic Sunlight Greatsword,0x1cdbd78,1,10,40,61606,6052,0,0,Magic
weapon_items,Fire Sunlight Greatsword,0x1cdbddc,1,10,40,61607,6052,0,0,Fire
weapon_items,Lightning Sunlight Greatsword,0x1cdbe40,1,10,40,61608,6052,0,0,Lightning
weapon_items,Dark Sunlight Greatsword,0x1cdbea4,1,10,40,61609,6052,0,0,Dark
weapon_items,Lucky Sunlight Greatsword,0x1cdbf08,1,10,40,61610,6052,0,0,Lucky
weapon_items,Enchanted Sunlight Greatsword,0x1cdbf6c,1,10,40,61611,6052,0,0,Enchanted
weapon_items,Holy Sunlight Greatsword,0x1cdbfd0,1,10,40,61612,6052,0,0,Holy
weapon_items,Sharp Sunlight Greatsword,0x1cdc034,1,10,40,61613,6052,0,0,Sharp
weapon_items,Blunt Sunlight Greatsword,0x1cdc098,1,10,40,61614,6052,0,0,Blunt
weapon_items,Hallowed Greatsword,0x1cde230,1,10,35,60600,6051,0,0,Normal
weapon_items,Lethal Hallowed Greatsword,0x1cde294,1,10,35,60601,6051,0,0,Lethal
weapon_items,Cursed Hallowed Greatsword,0x1cde2f8,1,10,35,60602,6051,0,0,Cursed
weapon_items,Poison Hallowed Greatsword,0x1cde35c,1,10,35,60603,6051,0,0,Poison
weapon_items,Blood Hallowed Greatsword,0x1cde3c0,1,10,35,60604,6051,0,0,Blood
weapon_items,Frost Hallowed Greatsword,0x1cde424,1,10,35,60605,6051,0,0,Frost
weapon_items,Magic Hallowed Greatsword,0x1cde488,1,10,35,60606,6051,0,0,Magic
weapon_items,Fire Hallowed Greatsword,0x1cde4ec,1,10,35,60607,6051,0,0,Fire
weapon_items,Lightning Hallowed Greatsword,0x1cde550,1,10,35,60608,6051,0,0,Lightning
weapon_items,Dark Hallowed Greatsword,0x1cde5b4,1,10,35,60609,6051,0,0,Dark
weapon_items,Lucky Hallowed Greatsword,0x1cde618,1,10,35,60610,6051,0,0,Lucky
weapon_items,Enchanted Hallowed Greatsword,0x1cde67c,1,10,35,60611,6051,0,0,Enchanted
weapon_items,Holy Hallowed Greatsword,0x1cde6e0,1,10,35,60612,6051,0,0,Holy
weapon_items,Sharp Hallowed Greatsword,0x1cde744,1,10,35,60613,6051,0,0,Sharp
weapon_items,Blunt Hallowed Greatsword,0x1cde7a8,1,10,35,60614,6051,0,0,Blunt
weapon_items,Velka's Rapier,0x1ce5760,1,10,20,101200,6027,0,0,Normal
weapon_items,Lethal Velka's Rapier,0x1ce57c4,1,10,20,101201,6027,0,0,Lethal
weapon_items,Cursed Velka's Rapier,0x1ce5828,1,10,20,101202,6027,0,0,Cursed
weapon_items,Poison Velka's Rapier,0x1ce588c,1,10,20,101203,6027,0,0,Poison
weapon_items,Blood Velka's Rapier,0x1ce58f0,1,10,20,101204,6027,0,0,Blood
weapon_items,Frost Velka's Rapier,0x1ce5954,1,10,20,101205,6027,0,0,Frost
weapon_items,Magic Velka's Rapier,0x1ce59b8,1,10,20,101206,6027,0,0,Magic
weapon_items,Fire Velka's Rapier,0x1ce5a1c,1,10,20,101207,6027,0,0,Fire
weapon_items,Lightning Velka's Rapier,0x1ce5a80,1,10,20,101208,6027,0,0,Lightning
weapon_items,Dark Velka's Rapier,0x1ce5ae4,1,10,20,101209,6027,0,0,Dark
weapon_items,Lucky Velka's Rapier,0x1ce5b48,1,10,20,101210,6027,0,0,Lucky
weapon_items,Enchanted Velka's Rapier,0x1ce5bac,1,10,20,101211,6027,0,0,Enchanted
weapon_items,Holy Velka's Rapier,0x1ce5c10,1,10,20,101212,6027,0,0,Holy
weapon_items,Sharp Velka's Rapier,0x1ce5c74,1,10,20,101213,6027,0,0,Sharp
weapon_items,Blunt Velka's Rapier,0x1ce5cd8,1,10,20,101214,6027,0,0,Blunt
weapon_items,Pursuer's Ultra Greatsword,0x1ce7e70,1,10,40,72400,58,0,0,Normal
weapon_items,Pursuer's Lethal Ultra Greatsword,0x1ce7ed4,1,10,40,72401,58,0,0,Lethal
weapon_items,Pursuer's Cursed Ultra Greatsword,0x1ce7f38,1,10,40,72402,58,0,0,Cursed
weapon_items,Pursuer's Poison Ultra Greatsword,0x1ce7f9c,1,10,40,72403,58,0,0,Poison
weapon_items,Pursuer's Blood Ultra Greatsword,0x1ce8000,1,10,40,72404,58,0,0,Blood
weapon_items,Pursuer's Frost Ultra Greatsword,0x1ce8064,1,10,40,72405,58,0,0,Frost
weapon_items,Pursuer's Magic Ultra Greatsword,0x1ce80c8,1,10,40,72406,58,0,0,Magic
weapon_items,Pursuer's Fire Ultra Greatsword,0x1ce812c,1,10,40,72407,58,0,0,Fire
weapon_items,Pursuer's Lightning Ultra Greatsword,0x1ce8190,1,10,40,72408,58,0,0,Lightning
weapon_items,Pursuer's Dark Ultra Greatsword,0x1ce81f4,1,10,40,72409,58,0,0,Dark
weapon_items,Pursuer's Lucky Ultra Greatsword,0x1ce8258,1,10,40,72410,58,0,0,Lucky
weapon_items,Pursuer's Enchanted Ultra Greatsword,0x1ce82bc,1,10,40,72411,58,0,0,Enchanted
weapon_items,Pursuer's Holy Ultra Greatsword,0x1ce8320,1,10,40,72412,58,0,0,Holy
weapon_items,Pursuer's Sharp Ultra Greatsword,0x1ce8384,1,10,40,72413,58,0,0,Sharp
weapon_items,Pursuer's Blunt Ultra Greatsword,0x1ce83e8,1,10,40,72414,58,0,0,Blunt
weapon_items,Bloodletter,0x1cea580,1,10,50,154000,70,0,0,Normal
weapon_items,Lethal Bloodletter,0x1cea5e4,1,10,50,154001,70,0,0,Lethal
weapon_items,Cursed Bloodletter,0x1cea648,1,10,50,154002,70,0,0,Cursed
weapon_items,Poison Bloodletter,0x1cea6ac,1,10,50,154003,70,0,0,Poison
weapon_items,Blood Bloodletter,0x1cea710,1,10,50,154004,70,0,0,Blood
weapon_items,Frost Bloodletter,0x1cea774,1,10,50,154005,70,0,0,Frost
weapon_items,Magic Bloodletter,0x1cea7d8,1,10,50,154006,70,0,0,Magic
weapon_items,Fire Bloodletter,0x1cea83c,1,10,50,154007,70,0,0,Fire
weapon_items,Lightning Bloodletter,0x1cea8a0,1,10,50,154008,70,0,0,Lightning
weapon_items,Dark Bloodletter,0x1cea904,1,10,50,154009,70,0,0,Dark
weapon_items,Lucky Bloodletter,0x1cea968,1,10,50,154010,70,0,0,Lucky
weapon_items,Enchanted Bloodletter,0x1cea9cc,1,10,50,154011,70,0,0,Enchanted
weapon_items,Holy Bloodletter,0x1ceaa30,1,10,50,154012,70,0,0,Holy
weapon_items,Sharp Bloodletter,0x1ceaa94,1,10,50,154013,70,0,0,Sharp
weapon_items,Blunt Bloodletter,0x1ceaaf8,1,10,50,154014,70,0,0,Blunt
weapon_items,Locust Arm,0x1cecc90,1,10,30,154200,71,0,0,Normal
weapon_items,Lethal Locust Arm,0x1ceccf4,1,10,30,154201,71,0,0,Lethal
weapon_items,Cursed Locust Arm,0x1cecd58,1,10,30,154202,71,0,0,Cursed
weapon_items,Poison Locust Arm,0x1cecdbc,1,10,30,154203,71,0,0,Poison
weapon_items,Blood Locust Arm,0x1cece20,1,10,30,154204,71,0,0,Blood
weapon_items,Frost Locust Arm,0x1cece84,1,10,30,154205,71,0,0,Frost
weapon_items,Magic Locust Arm,0x1cecee8,1,10,30,154206,71,0,0,Magic
weapon_items,Fire Locust Arm,0x1cecf4c,1,10,30,154207,71,0,0,Fire
weapon_items,Lightning Locust Arm,0x1cecfb0,1,10,30,154208,71,0,0,Lightning
weapon_items,Dark Locust Arm,0x1ced014,1,10,30,154209,71,0,0,Dark
weapon_items,Lucky Locust Arm,0x1ced078,1,10,30,154210,71,0,0,Lucky
weapon_items,Enchanted Locust Arm,0x1ced0dc,1,10,30,154211,71,0,0,Enchanted
weapon_items,Holy Locust Arm,0x1ced140,1,10,30,154212,71,0,0,Holy
weapon_items,Sharp Locust Arm,0x1ced1a4,1,10,30,154213,71,0,0,Sharp
weapon_items,Blunt Locust Arm,0x1ced208,1,10,30,154214,71,0,0,Blunt
weapon_items,Beast Cutter,0x1cef3a0,1,10,25,121200,79,0,0,Normal
weapon_items,Lethal Beast Cutter,0x1cef404,1,10,25,121201,79,0,0,Lethal
weapon_items,Cursed Beast Cutter,0x1cef468,1,10,25,121202,79,0,0,Cursed
weapon_items,Poison Beast Cutter,0x1cef4cc,1,10,25,121203,79,0,0,Poison
weapon_items,Blood Beast Cutter,0x1cef530,1,10,25,121204,79,0,0,Blood
weapon_items,Frost Beast Cutter,0x1cef594,1,10,25,121205,79,0,0,Frost
weapon_items,Magic Beast Cutter,0x1cef5f8,1,10,25,121206,79,0,0,Magic
weapon_items,Fire Beast Cutter,0x1cef65c,1,10,25,121207,79,0,0,Fire
weapon_items,Lightning Beast Cutter,0x1cef6c0,1,10,25,121208,79,0,0,Lightning
weapon_items,Dark Beast Cutter,0x1cef724,1,10,25,121209,79,0,0,Dark
weapon_items,Lucky Beast Cutter,0x1cef788,1,10,25,121210,79,0,0,Lucky
weapon_items,Enchanted Beast Cutter,0x1cef7ec,1,10,25,121211,79,0,0,Enchanted
weapon_items,Holy Beast Cutter,0x1cef850,1,10,25,121212,79,0,0,Holy
weapon_items,Sharp Beast Cutter,0x1cef8b4,1,10,25,121213,79,0,0,Sharp
weapon_items,Blunt Beast Cutter,0x1cef918,1,10,25,121214,79,0,0,Blunt
weapon_items,Beasthunter Saif,0x1cf1ab0,1,10,25,82200,80,0,0,Normal
weapon_items,Lethal Beasthunter Saif,0x1cf1b14,1,10,25,82201,80,0,0,Lethal
weapon_items,Cursed Beasthunter Saif,0x1cf1b78,1,10,25,82202,80,0,0,Cursed
weapon_items,Poison Beasthunter Saif,0x1cf1bdc,1,10,25,82203,80,0,0,Poison
weapon_items,Blood Beasthunter Saif,0x1cf1c40,1,10,25,82204,80,0,0,Blood
weapon_items,Frost Beasthunter Saif,0x1cf1ca4,1,10,25,82205,80,0,0,Frost
weapon_items,Magic Beasthunter Saif,0x1cf1d08,1,10,25,82206,80,0,0,Magic
weapon_items,Fire Beasthunter Saif,0x1cf1d6c,1,10,25,82207,80,0,0,Fire
weapon_items,Lightning Beasthunter Saif,0x1cf1dd0,1,10,25,82208,80,0,0,Lightning
weapon_items,Dark Beasthunter Saif,0x1cf1e34,1,10,25,82209,80,0,0,Dark
weapon_items,Lucky Beasthunter Saif,0x1cf1e98,1,10,25,82210,80,0,0,Lucky
weapon_items,Enchanted Beasthunter Saif,0x1cf1efc,1,10,25,82211,80,0,0,Enchanted
weapon_items,Holy Beasthunter Saif,0x1cf1f60,1,10,25,82212,80,0,0,Holy
weapon_items,Sharp Beasthunter Saif,0x1cf1fc4,1,10,25,82213,80,0,0,Sharp
weapon_items,Blunt Beasthunter Saif,0x1cf2028,1,10,25,82214,80,0,0,Blunt
weapon_items,Boom Hammer,0x1cf41c0,1,10,25,142400,81,0,0,Normal
weapon_items,Lethal Boom Hammer,0x1cf4224,1,10,25,142401,81,0,0,Lethal
weapon_items,Cursed Boom Hammer,0x1cf4288,1,10,25,142402,81,0,0,Cursed
weapon_items,Poison Boom Hammer,0x1cf42ec,1,10,25,142403,81,0,0,Poison
weapon_items,Blood Boom Hammer,0x1cf4350,1,10,25,142404,81,0,0,Blood
weapon_items,Frost Boom Hammer,0x1cf43b4,1,10,25,142405,81,0,0,Frost
weapon_items,Magic Boom Hammer,0x1cf4418,1,10,25,142406,81,0,0,Magic
weapon_items,Fire Boom Hammer,0x1cf447c,1,10,25,142407,81,0,0,Fire
weapon_items,Lightning Boom Hammer,0x1cf44e0,1,10,25,142408,81,0,0,Lightning
weapon_items,Dark Boom Hammer,0x1cf4544,1,10,25,142409,81,0,0,Dark
weapon_items,Lucky Boom Hammer,0x1cf45a8,1,10,25,142410,81,0,0,Lucky
weapon_items,Enchanted Boom Hammer,0x1cf460c,1,10,25,142411,81,0,0,Enchanted
weapon_items,Holy Boom Hammer,0x1cf4670,1,10,25,142412,81,0,0,Holy
weapon_items,Sharp Boom Hammer,0x1cf46d4,1,10,25,142413,81,0,0,Sharp
weapon_items,Blunt Boom Hammer,0x1cf4738,1,10,25,142414,81,0,0,Blunt
weapon_items,Burial Blade,0x1cf68d0,1,10,25,83400,82,0,0,Normal
weapon_items,Lethal Burial Blade,0x1cf6934,1,10,25,83401,82,0,0,Lethal
weapon_items,Cursed Burial Blade,0x1cf6998,1,10,25,83402,82,0,0,Cursed
weapon_items,Poison Burial Blade,0x1cf69fc,1,10,25,83403,82,0,0,Poison
weapon_items,Blood Burial Blade,0x1cf6a60,1,10,25,83404,82,0,0,Blood
weapon_items,Frost Burial Blade,0x1cf6ac4,1,10,25,83405,82,0,0,Frost
weapon_items,Magic Burial Blade,0x1cf6b28,1,10,25,83406,82,0,0,Magic
weapon_items,Fire Burial Blade,0x1cf6b8c,1,10,25,83407,82,0,0,Fire
weapon_items,Lightning Burial Blade,0x1cf6bf0,1,10,25,83408,82,0,0,Lightning
weapon_items,Dark Burial Blade,0x1cf6c54,1,10,25,83409,82,0,0,Dark
weapon_items,Lucky Burial Blade,0x1cf6cb8,1,10,25,83410,82,0,0,Lucky
weapon_items,Enchanted Burial Blade,0x1cf6d1c,1,10,25,83411,82,0,0,Enchanted
weapon_items,Holy Burial Blade,0x1cf6d80,1,10,25,83412,82,0,0,Holy
weapon_items,Sharp Burial Blade,0x1cf6de4,1,10,25,83413,82,0,0,Sharp
weapon_items,Blunt Burial Blade,0x1cf6e48,1,10,25,83414,82,0,0,Blunt
weapon_items,Burial Scythe,0x1cf8fe0,1,10,25,201400,109,0,0,Normal
weapon_items,Lethal Burial Scythe,0x1cf9044,1,10,25,201401,109,0,0,Lethal
weapon_items,Cursed Burial Scythe,0x1cf90a8,1,10,25,201402,109,0,0,Cursed
weapon_items,Poison Burial Scythe,0x1cf910c,1,10,25,201403,109,0,0,Poison
weapon_items,Blood Burial Scythe,0x1cf9170,1,10,25,201404,109,0,0,Blood
weapon_items,Frost Burial Scythe,0x1cf91d4,1,10,25,201405,109,0,0,Frost
weapon_items,Magic Burial Scythe,0x1cf9238,1,10,25,201406,109,0,0,Magic
weapon_items,Fire Burial Scythe,0x1cf929c,1,10,25,201407,109,0,0,Fire
weapon_items,Lightning Burial Scythe,0x1cf9300,1,10,25,201408,109,0,0,Lightning
weapon_items,Dark Burial Scythe,0x1cf9364,1,10,25,201409,109,0,0,Dark
weapon_items,Lucky Burial Scythe,0x1cf93c8,1,10,25,201410,109,0,0,Lucky
weapon_items,Enchanted Burial Scythe,0x1cf942c,1,10,25,201411,109,0,0,Enchanted
weapon_items,Holy Burial Scythe,0x1cf9490,1,10,25,201412,109,0,0,Holy
weapon_items,Sharp Burial Scythe,0x1cf94f4,1,10,25,201413,109,0,0,Sharp
weapon_items,Blunt Burial Scythe,0x1cf9558,1,10,25,201414,109,0,0,Blunt
weapon_items,Chikage,0x1cfb6f0,1,10,25,112200,110,0,0,Normal
weapon_items,Lethal Chikage,0x1cfb754,1,10,25,112201,110,0,0,Lethal
weapon_items,Cursed Chikage,0x1cfb7b8,1,10,25,112202,110,0,0,Cursed
weapon_items,Poison Chikage,0x1cfb81c,1,10,25,112203,110,0,0,Poison
weapon_items,Blood Chikage,0x1cfb880,1,10,25,112204,110,0,0,Blood
weapon_items,Frost Chikage,0x1cfb8e4,1,10,25,112205,110,0,0,Frost
weapon_items,Magic Chikage,0x1cfb948,1,10,25,112206,110,0,0,Magic
weapon_items,Fire Chikage,0x1cfb9ac,1,10,25,112207,110,0,0,Fire
weapon_items,Lightning Chikage,0x1cfba10,1,10,25,112208,110,0,0,Lightning
weapon_items,Dark Chikage,0x1cfba74,1,10,25,112209,110,0,0,Dark
weapon_items,Lucky Chikage,0x1cfbad8,1,10,25,112210,110,0,0,Lucky
weapon_items,Enchanted Chikage,0x1cfbb3c,1,10,25,112211,110,0,0,Enchanted
weapon_items,Holy Chikage,0x1cfbba0,1,10,25,112212,110,0,0,Holy
weapon_items,Sharp Chikage,0x1cfbc04,1,10,25,112213,110,0,0,Sharp
weapon_items,Blunt Chikage,0x1cfbc68,1,10,25,112214,110,0,0,Blunt
weapon_items,Church Pick,0x1cfde00,1,10,40,152800,136,0,0,Normal
weapon_items,Lethal Church Pick,0x1cfde64,1,10,40,152801,136,0,0,Lethal
weapon_items,Cursed Church Pick,0x1cfdec8,1,10,40,152802,136,0,0,Cursed
weapon_items,Poison Church Pick,0x1cfdf2c,1,10,40,152803,136,0,0,Poison
weapon_items,Blood Church Pick,0x1cfdf90,1,10,40,152804,136,0,0,Blood
weapon_items,Frost Church Pick,0x1cfdff4,1,10,40,152805,136,0,0,Frost
weapon_items,Magic Church Pick,0x1cfe058,1,10,40,152806,136,0,0,Magic
weapon_items,Fire Church Pick,0x1cfe0bc,1,10,40,152807,136,0,0,Fire
weapon_items,Lightning Church Pick,0x1cfe120,1,10,40,152808,136,0,0,Lightning
weapon_items,Dark Church Pick,0x1cfe184,1,10,40,152809,136,0,0,Dark
weapon_items,Lucky Church Pick,0x1cfe1e8,1,10,40,152810,136,0,0,Lucky
weapon_items,Enchanted Church Pick,0x1cfe24c,1,10,40,152811,136,0,0,Enchanted
weapon_items,Holy Church Pick,0x1cfe2b0,1,10,40,152812,136,0,0,Holy
weapon_items,Sharp Church Pick,0x1cfe314,1,10,40,152813,136,0,0,Sharp
weapon_items,Blunt Church Pick,0x1cfe378,1,10,40,152814,136,0,0,Blunt
weapon_items,Hunter Axe,0x1d00510,1,10,25,191600,137,0,0,Normal
weapon_items,Lethal Hunter Axe,0x1d00574,1,10,25,191601,137,0,0,Lethal
weapon_items,Cursed Hunter Axe,0x1d005d8,1,10,25,191602,137,0,0,Cursed
weapon_items,Poison Hunter Axe,0x1d0063c,1,10,25,191603,137,0,0,Poison
weapon_items,Blood Hunter Axe,0x1d006a0,1,10,25,191604,137,0,0,Blood
weapon_items,Frost Hunter Axe,0x1d00704,1,10,25,191605,137,0,0,Frost
weapon_items,Magic Hunter Axe,0x1d00768,1,10,25,191606,137,0,0,Magic
weapon_items,Fire Hunter Axe,0x1d007cc,1,10,25,191607,137,0,0,Fire
weapon_items,Lightning Hunter Axe,0x1d00830,1,10,25,191608,137,0,0,Lightning
weapon_items,Dark Hunter Axe,0x1d00894,1,10,25,191609,137,0,0,Dark
weapon_items,Lucky Hunter Axe,0x1d008f8,1,10,25,191610,137,0,0,Lucky
weapon_items,Enchanted Hunter Axe,0x1d0095c,1,10,25,191611,137,0,0,Enchanted
weapon_items,Holy Hunter Axe,0x1d009c0,1,10,25,191612,137,0,0,Holy
weapon_items,Sharp Hunter Axe,0x1d00a24,1,10,25,191613,137,0,0,Sharp
weapon_items,Blunt Hunter Axe,0x1d00a88,1,10,25,191614,137,0,0,Blunt
weapon_items,Kirkhammer,0x1d02c20,1,10,40,153600,1004,0,0,Normal
weapon_items,Lethal Kirkhammer,0x1d02c84,1,10,40,153601,1004,0,0,Lethal
weapon_items,Cursed Kirkhammer,0x1d02ce8,1,10,40,153602,1004,0,0,Cursed
weapon_items,Poison Kirkhammer,0x1d02d4c,1,10,40,153603,1004,0,0,Poison
weapon_items,Blood Kirkhammer,0x1d02db0,1,10,40,153604,1004,0,0,Blood
weapon_items,Frost Kirkhammer,0x1d02e14,1,10,40,153605,1004,0,0,Frost
weapon_items,Magic Kirkhammer,0x1d02e78,1,10,40,153606,1004,0,0,Magic
weapon_items,Fire Kirkhammer,0x1d02edc,1,10,40,153607,1004,0,0,Fire
weapon_items,Lightning Kirkhammer,0x1d02f40,1,10,40,153608,1004,0,0,Lightning
weapon_items,Dark Kirkhammer,0x1d02fa4,1,10,40,153609,1004,0,0,Dark
weapon_items,Lucky Kirkhammer,0x1d03008,1,10,40,153610,1004,0,0,Lucky
weapon_items,Enchanted Kirkhammer,0x1d0306c,1,10,40,153611,1004,0,0,Enchanted
weapon_items,Holy Kirkhammer,0x1d030d0,1,10,40,153612,1004,0,0,Holy
weapon_items,Sharp Kirkhammer,0x1d03134,1,10,40,153613,1004,0,0,Sharp
weapon_items,Blunt Kirkhammer,0x1d03198,1,10,40,153614,1004,0,0,Blunt
weapon_items,Twinspears of the Forlorn,0x1d05330,1,10,30,164600,1011,0,0,Normal
weapon_items,Lethal Twinspears of the Forlorn,0x1d05394,1,10,30,164601,1011,0,0,Lethal
weapon_items,Cursed Twinspears of the Forlorn,0x1d053f8,1,10,30,164602,1011,0,0,Cursed
weapon_items,Poison Twinspears of the Forlorn,0x1d0545c,1,10,30,164603,1011,0,0,Poison
weapon_items,Blood Twinspears of the Forlorn,0x1d054c0,1,10,30,164604,1011,0,0,Blood
weapon_items,Frost Twinspears of the Forlorn,0x1d05524,1,10,30,164605,1011,0,0,Frost
weapon_items,Magic Twinspears of the Forlorn,0x1d05588,1,10,30,164606,1011,0,0,Magic
weapon_items,Fire Twinspears of the Forlorn,0x1d055ec,1,10,30,164607,1011,0,0,Fire
weapon_items,Lightning Twinspears of the Forlorn,0x1d05650,1,10,30,164608,1011,0,0,Lightning
weapon_items,Dark Twinspears of the Forlorn,0x1d056b4,1,10,30,164609,1011,0,0,Dark
weapon_items,Lucky Twinspears of the Forlorn,0x1d05718,1,10,30,164610,1011,0,0,Lucky
weapon_items,Enchanted Twinspears of the Forlorn,0x1d0577c,1,10,30,164611,1011,0,0,Enchanted
weapon_items,Holy Twinspears of the Forlorn,0x1d057e0,1,10,30,164612,1011,0,0,Holy
weapon_items,Sharp Twinspears of the Forlorn,0x1d05844,1,10,30,164613,1011,0,0,Sharp
weapon_items,Blunt Twinspears of the Forlorn,0x1d058a8,1,10,30,164614,1011,0,0,Blunt
weapon_items,Nil Bow and Blade,0x1d07a40,1,10,25,84800,1016,0,0,Normal
weapon_items,Lethal Nil Bow and Blade,0x1d07aa4,1,10,25,84801,1016,0,0,Lethal
weapon_items,Cursed Nil Bow and Blade,0x1d07b08,1,10,25,84802,1016,0,0,Cursed
weapon_items,Poison Nil Bow and Blade,0x1d07b6c,1,10,25,84803,1016,0,0,Poison
weapon_items,Blood Nil Bow and Blade,0x1d07bd0,1,10,25,84804,1016,0,0,Blood
weapon_items,Frost Nil Bow and Blade,0x1d07c34,1,10,25,84805,1016,0,0,Frost
weapon_items,Magic Nil Bow and Blade,0x1d07c98,1,10,25,84806,1016,0,0,Magic
weapon_items,Fire Nil Bow and Blade,0x1d07cfc,1,10,25,84807,1016,0,0,Fire
weapon_items,Lightning Nil Bow and Blade,0x1d07d60,1,10,25,84808,1016,0,0,Lightning
weapon_items,Dark Nil Bow and Blade,0x1d07dc4,1,10,25,84809,1016,0,0,Dark
weapon_items,Lucky Nil Bow and Blade,0x1d07e28,1,10,25,84810,1016,0,0,Lucky
weapon_items,Enchanted Nil Bow and Blade,0x1d07e8c,1,10,25,84811,1016,0,0,Enchanted
weapon_items,Holy Nil Bow and Blade,0x1d07ef0,1,10,25,84812,1016,0,0,Holy
weapon_items,Sharp Nil Bow and Blade,0x1d07f54,1,10,25,84813,1016,0,0,Sharp
weapon_items,Blunt Nil Bow and Blade,0x1d07fb8,1,10,25,84814,1016,0,0,Blunt
weapon_items,Sanguinus,0x1d0a150,1,10,25,142600,1017,0,0,Normal
weapon_items,Lethal Sanguinus,0x1d0a1b4,1,10,25,142601,1017,0,0,Lethal
weapon_items,Cursed Sanguinus,0x1d0a218,1,10,25,142602,1017,0,0,Cursed
weapon_items,Poison Sanguinus,0x1d0a27c,1,10,25,142603,1017,0,0,Poison
weapon_items,Blood Sanguinus,0x1d0a2e0,1,10,25,142604,1017,0,0,Blood
weapon_items,Frost Sanguinus,0x1d0a344,1,10,25,142605,1017,0,0,Frost
weapon_items,Magic Sanguinus,0x1d0a3a8,1,10,25,142606,1017,0,0,Magic
weapon_items,Fire Sanguinus,0x1d0a40c,1,10,25,142607,1017,0,0,Fire
weapon_items,Lightning Sanguinus,0x1d0a470,1,10,25,142608,1017,0,0,Lightning
weapon_items,Dark Sanguinus,0x1d0a4d4,1,10,25,142609,1017,0,0,Dark
weapon_items,Lucky Sanguinus,0x1d0a538,1,10,25,142610,1017,0,0,Lucky
weapon_items,Enchanted Sanguinus,0x1d0a59c,1,10,25,142611,1017,0,0,Enchanted
weapon_items,Holy Sanguinus,0x1d0a600,1,10,25,142612,1017,0,0,Holy
weapon_items,Sharp Sanguinus,0x1d0a664,1,10,25,142613,1017,0,0,Sharp
weapon_items,Blunt Sanguinus,0x1d0a6c8,1,10,25,142614,1017,0,0,Blunt
weapon_items,Tonitrus,0x1d0c860,1,10,30,142800,1019,0,0,Normal
weapon_items,Lethal Tonitrus,0x1d0c8c4,1,10,30,142801,1019,0,0,Lethal
weapon_items,Cursed Tonitrus,0x1d0c928,1,10,30,142802,1019,0,0,Cursed
weapon_items,Poison Tonitrus,0x1d0c98c,1,10,30,142803,1019,0,0,Poison
weapon_items,Blood Tonitrus,0x1d0c9f0,1,10,30,142804,1019,0,0,Blood
weapon_items,Frost Tonitrus,0x1d0ca54,1,10,30,142805,1019,0,0,Frost
weapon_items,Magic Tonitrus,0x1d0cab8,1,10,30,142806,1019,0,0,Magic
weapon_items,Fire Tonitrus,0x1d0cb1c,1,10,30,142807,1019,0,0,Fire
weapon_items,Lightning Tonitrus,0x1d0cb80,1,10,30,142808,1019,0,0,Lightning
weapon_items,Dark Tonitrus,0x1d0cbe4,1,10,30,142809,1019,0,0,Dark
weapon_items,Lucky Tonitrus,0x1d0cc48,1,10,30,142810,1019,0,0,Lucky
weapon_items,Enchanted Tonitrus,0x1d0ccac,1,10,30,142811,1019,0,0,Enchanted
weapon_items,Holy Tonitrus,0x1d0cd10,1,10,30,142812,1019,0,0,Holy
weapon_items,Sharp Tonitrus,0x1d0cd74,1,10,30,142813,1019,0,0,Sharp
weapon_items,Blunt Tonitrus,0x1d0cdd8,1,10,30,142814,1019,0,0,Blunt
weapon_items,Blades of Mercy,0x1d0ef70,1,10,25,44500,1020,0,0,Normal
weapon_items,Lethal Blades of Mercy,0x1d0efd4,1,10,25,44501,1020,0,0,Lethal
weapon_items,Cursed Blades of Mercy,0x1d0f038,1,10,25,44502,1020,0,0,Cursed
weapon_items,Poison Blades of Mercy,0x1d0f09c,1,10,25,44503,1020,0,0,Poison
weapon_items,Blood Blades of Mercy,0x1d0f100,1,10,25,44504,1020,0,0,Blood
weapon_items,Frost Blades of Mercy,0x1d0f164,1,10,25,44505,1020,0,0,Frost
weapon_items,Magic Blades of Mercy,0x1d0f1c8,1,10,25,44506,1020,0,0,Magic
weapon_items,Fire Blades of Mercy,0x1d0f22c,1,10,25,44507,1020,0,0,Fire
weapon_items,Lightning Blades of Mercy,0x1d0f290,1,10,25,44508,1020,0,0,Lightning
weapon_items,Dark Blades of Mercy,0x1d0f2f4,1,10,25,44509,1020,0,0,Dark
weapon_items,Lucky Blades of Mercy,0x1d0f358,1,10,25,44510,1020,0,0,Lucky
weapon_items,Enchanted Blades of Mercy,0x1d0f3bc,1,10,25,44511,1020,0,0,Enchanted
weapon_items,Holy Blades of Mercy,0x1d0f420,1,10,25,44512,1020,0,0,Holy
weapon_items,Sharp Blades of Mercy,0x1d0f484,1,10,25,44513,1020,0,0,Sharp
weapon_items,Blunt Blades of Mercy,0x1d0f4e8,1,10,25,44514,1020,0,0,Blunt
weapon_items,Balder Side Sword,0x1d13d90,1,10,20,51200,1103,0,0,Normal
weapon_items,Lethal Balder Side Sword,0x1d13df4,1,10,20,51201,1103,0,0,Lethal
weapon_items,Cursed Balder Side Sword,0x1d13e58,1,10,20,51202,1103,0,0,Cursed
weapon_items,Poison Balder Side Sword,0x1d13ebc,1,10,20,51203,1103,0,0,Poison
weapon_items,Blood Balder Side Sword,0x1d13f20,1,10,20,51204,1103,0,0,Blood
weapon_items,Frost Balder Side Sword,0x1d13f84,1,10,20,51205,1103,0,0,Frost
weapon_items,Magic Balder Side Sword,0x1d13fe8,1,10,20,51206,1103,0,0,Magic
weapon_items,Fire Balder Side Sword,0x1d1404c,1,10,20,51207,1103,0,0,Fire
weapon_items,Lightning Balder Side Sword,0x1d140b0,1,10,20,51208,1103,0,0,Lightning
weapon_items,Dark Balder Side Sword,0x1d14114,1,10,20,51209,1103,0,0,Dark
weapon_items,Lucky Balder Side Sword,0x1d14178,1,10,20,51210,1103,0,0,Lucky
weapon_items,Enchanted Balder Side Sword,0x1d141dc,1,10,20,51211,1103,0,0,Enchanted
weapon_items,Holy Balder Side Sword,0x1d14240,1,10,20,51212,1103,0,0,Holy
weapon_items,Sharp Balder Side Sword,0x1d142a4,1,10,20,51213,1103,0,0,Sharp
weapon_items,Blunt Balder Side Sword,0x1d14308,1,10,20,51214,1103,0,0,Blunt
weapon_items,Black Dragon Greataxe,0x1d164a0,1,10,40,132400,1106,0,0,Normal
weapon_items,Lethal Black Dragon Greataxe,0x1d16504,1,10,40,132401,1106,0,0,Lethal
weapon_items,Cursed Black Dragon Greataxe,0x1d16568,1,10,40,132402,1106,0,0,Cursed
weapon_items,Poison Black Dragon Greataxe,0x1d165cc,1,10,40,132403,1106,0,0,Poison
weapon_items,Blood Black Dragon Greataxe,0x1d16630,1,10,40,132404,1106,0,0,Blood
weapon_items,Frost Black Dragon Greataxe,0x1d16694,1,10,40,132405,1106,0,0,Frost
weapon_items,Magic Black Dragon Greataxe,0x1d166f8,1,10,40,132406,1106,0,0,Magic
weapon_items,Fire Black Dragon Greataxe,0x1d1675c,1,10,40,132407,1106,0,0,Fire
weapon_items,Lightning Black Dragon Greataxe,0x1d167c0,1,10,40,132408,1106,0,0,Lightning
weapon_items,Dark Black Dragon Greataxe,0x1d16824,1,10,40,132409,1106,0,0,Dark
weapon_items,Lucky Black Dragon Greataxe,0x1d16888,1,10,40,132410,1106,0,0,Lucky
weapon_items,Enchanted Black Dragon Greataxe,0x1d168ec,1,10,40,132411,1106,0,0,Enchanted
weapon_items,Holy Black Dragon Greataxe,0x1d16950,1,10,40,132412,1106,0,0,Holy
weapon_items,Sharp Black Dragon Greataxe,0x1d169b4,1,10,40,132413,1106,0,0,Sharp
weapon_items,Blunt Black Dragon Greataxe,0x1d16a18,1,10,40,132414,1106,0,0,Blunt
weapon_items,Black Dragon Greatsword,0x1d18bb0,1,10,30,65600,1108,0,0,Normal
weapon_items,Lethal Black Dragon Greatsword,0x1d18c14,1,10,30,65601,1108,0,0,Lethal
weapon_items,Cursed Black Dragon Greatsword,0x1d18c78,1,10,30,65602,1108,0,0,Cursed
weapon_items,Poison Black Dragon Greatsword,0x1d18cdc,1,10,30,65603,1108,0,0,Poison
weapon_items,Blood Black Dragon Greatsword,0x1d18d40,1,10,30,65604,1108,0,0,Blood
weapon_items,Frost Black Dragon Greatsword,0x1d18da4,1,10,30,65605,1108,0,0,Frost
weapon_items,Magic Black Dragon Greatsword,0x1d18e08,1,10,30,65606,1108,0,0,Magic
weapon_items,Fire Black Dragon Greatsword,0x1d18e6c,1,10,30,65607,1108,0,0,Fire
weapon_items,Lightning Black Dragon Greatsword,0x1d18ed0,1,10,30,65608,1108,0,0,Lightning
weapon_items,Dark Black Dragon Greatsword,0x1d18f34,1,10,30,65609,1108,0,0,Dark
weapon_items,Lucky Black Dragon Greatsword,0x1d18f98,1,10,30,65610,1108,0,0,Lucky
weapon_items,Enchanted Black Dragon Greatsword,0x1d18ffc,1,10,30,65611,1108,0,0,Enchanted
weapon_items,Holy Black Dragon Greatsword,0x1d19060,1,10,30,65612,1108,0,0,Holy
weapon_items,Sharp Black Dragon Greatsword,0x1d190c4,1,10,30,65613,1108,0,0,Sharp
weapon_items,Blunt Black Dragon Greatsword,0x1d19128,1,10,30,65614,1108,0,0,Blunt
weapon_items,Black Dragon Sword,0x1d1b2c0,1,10,25,54800,1109,0,0,Normal
weapon_items,Lethal Black Dragon Sword,0x1d1b324,1,10,25,54801,1109,0,0,Lethal
weapon_items,Cursed Black Dragon Sword,0x1d1b388,1,10,25,54802,1109,0,0,Cursed
weapon_items,Poison Black Dragon Sword,0x1d1b3ec,1,10,25,54803,1109,0,0,Poison
weapon_items,Blood Black Dragon Sword,0x1d1b450,1,10,25,54804,1109,0,0,Blood
weapon_items,Frost Black Dragon Sword,0x1d1b4b4,1,10,25,54805,1109,0,0,Frost
weapon_items,Magic Black Dragon Sword,0x1d1b518,1,10,25,54806,1109,0,0,Magic
weapon_items,Fire Black Dragon Sword,0x1d1b57c,1,10,25,54807,1109,0,0,Fire
weapon_items,Lightning Black Dragon Sword,0x1d1b5e0,1,10,25,54808,1109,0,0,Lightning
weapon_items,Dark Black Dragon Sword,0x1d1b644,1,10,25,54809,1109,0,0,Dark
weapon_items,Lucky Black Dragon Sword,0x1d1b6a8,1,10,25,54810,1109,0,0,Lucky
weapon_items,Enchanted Black Dragon Sword,0x1d1b70c,1,10,25,54811,1109,0,0,Enchanted
weapon_items,Holy Black Dragon Sword,0x1d1b770,1,10,25,54812,1109,0,0,Holy
weapon_items,Sharp Black Dragon Sword,0x1d1b7d4,1,10,25,54813,1109,0,0,Sharp
weapon_items,Blunt Black Dragon Sword,0x1d1b838,1,10,25,54814,1109,0,0,Blunt
weapon_items,Blind,0x1d200e0,1,10,20,82400,1123,0,0,Normal
weapon_items,Lethal Blind,0x1d20144,1,10,20,82401,1123,0,0,Lethal
weapon_items,Cursed Blind,0x1d201a8,1,10,20,82402,1123,0,0,Cursed
weapon_items,Poison Blind,0x1d2020c,1,10,20,82403,1123,0,0,Poison
weapon_items,Blood Blind,0x1d20270,1,10,20,82404,1123,0,0,Blood
weapon_items,Frost Blind,0x1d202d4,1,10,20,82405,1123,0,0,Frost
weapon_items,Magic Blind,0x1d20338,1,10,20,82406,1123,0,0,Magic
weapon_items,Fire Blind,0x1d2039c,1,10,20,82407,1123,0,0,Fire
weapon_items,Lightning Blind,0x1d20400,1,10,20,82408,1123,0,0,Lightning
weapon_items,Dark Blind,0x1d20464,1,10,20,82409,1123,0,0,Dark
weapon_items,Lucky Blind,0x1d204c8,1,10,20,82410,1123,0,0,Lucky
weapon_items,Enchanted Blind,0x1d2052c,1,10,20,82411,1123,0,0,Enchanted
weapon_items,Holy Blind,0x1d20590,1,10,20,82412,1123,0,0,Holy
weapon_items,Sharp Blind,0x1d205f4,1,10,20,82413,1123,0,0,Sharp
weapon_items,Blunt Blind,0x1d20658,1,10,20,82414,1123,0,0,Blunt
weapon_items,Blueblood Sword,0x1d227f0,1,10,25,53600,1125,0,0,Normal
weapon_items,Lethal Blueblood Sword,0x1d22854,1,10,25,53601,1125,0,0,Lethal
weapon_items,Cursed Blueblood Sword,0x1d228b8,1,10,25,53602,1125,0,0,Cursed
weapon_items,Poison Blueblood Sword,0x1d2291c,1,10,25,53603,1125,0,0,Poison
weapon_items,Blood Blueblood Sword,0x1d22980,1,10,25,53604,1125,0,0,Blood
weapon_items,Frost Blueblood Sword,0x1d229e4,1,10,25,53605,1125,0,0,Frost
weapon_items,Magic Blueblood Sword,0x1d22a48,1,10,25,53606,1125,0,0,Magic
weapon_items,Fire Blueblood Sword,0x1d22aac,1,10,25,53607,1125,0,0,Fire
weapon_items,Lightning Blueblood Sword,0x1d22b10,1,10,25,53608,1125,0,0,Lightning
weapon_items,Dark Blueblood Sword,0x1d22b74,1,10,25,53609,1125,0,0,Dark
weapon_items,Lucky Blueblood Sword,0x1d22bd8,1,10,25,53610,1125,0,0,Lucky
weapon_items,Enchanted Blueblood Sword,0x1d22c3c,1,10,25,53611,1125,0,0,Enchanted
weapon_items,Holy Blueblood Sword,0x1d22ca0,1,10,25,53612,1125,0,0,Holy
weapon_items,Sharp Blueblood Sword,0x1d22d04,1,10,25,53613,1125,0,0,Sharp
weapon_items,Blunt Blueblood Sword,0x1d22d68,1,10,25,53614,1125,0,0,Blunt
weapon_items,Bramd,0x1d24f00,1,10,40,154400,1134,0,0,Normal
weapon_items,Lethal Bramd,0x1d24f64,1,10,40,154401,1134,0,0,Lethal
weapon_items,Cursed Bramd,0x1d24fc8,1,10,40,154402,1134,0,0,Cursed
weapon_items,Poison Bramd,0x1d2502c,1,10,40,154403,1134,0,0,Poison
weapon_items,Blood Bramd,0x1d25090,1,10,40,154404,1134,0,0,Blood
weapon_items,Frost Bramd,0x1d250f4,1,10,40,154405,1134,0,0,Frost
weapon_items,Magic Bramd,0x1d25158,1,10,40,154406,1134,0,0,Magic
weapon_items,Fire Bramd,0x1d251bc,1,10,40,154407,1134,0,0,Fire
weapon_items,Lightning Bramd,0x1d25220,1,10,40,154408,1134,0,0,Lightning
weapon_items,Dark Bramd,0x1d25284,1,10,40,154409,1134,0,0,Dark
weapon_items,Lucky Bramd,0x1d252e8,1,10,40,154410,1134,0,0,Lucky
weapon_items,Enchanted Bramd,0x1d2534c,1,10,40,154411,1134,0,0,Enchanted
weapon_items,Holy Bramd,0x1d253b0,1,10,40,154412,1134,0,0,Holy
weapon_items,Sharp Bramd,0x1d25414,1,10,40,154413,1134,0,0,Sharp
weapon_items,Blunt Bramd,0x1d25478,1,10,40,154414,1134,0,0,Blunt
weapon_items,Channeler's Trident,0x1d27610,1,10,25,161400,1135,0,0,Normal
weapon_items,Lethal Channeler's Trident,0x1d27674,1,10,25,161401,1135,0,0,Lethal
weapon_items,Cursed Channeler's Trident,0x1d276d8,1,10,25,161402,1135,0,0,Cursed
weapon_items,Poison Channeler's Trident,0x1d2773c,1,10,25,161403,1135,0,0,Poison
weapon_items,Blood Channeler's Trident,0x1d277a0,1,10,25,161404,1135,0,0,Blood
weapon_items,Frost Channeler's Trident,0x1d27804,1,10,25,161405,1135,0,0,Frost
weapon_items,Magic Channeler's Trident,0x1d27868,1,10,25,161406,1135,0,0,Magic
weapon_items,Fire Channeler's Trident,0x1d278cc,1,10,25,161407,1135,0,0,Fire
weapon_items,Lightning Channeler's Trident,0x1d27930,1,10,25,161408,1135,0,0,Lightning
weapon_items,Dark Channeler's Trident,0x1d27994,1,10,25,161409,1135,0,0,Dark
weapon_items,Lucky Channeler's Trident,0x1d279f8,1,10,25,161410,1135,0,0,Lucky
weapon_items,Enchanted Channeler's Trident,0x1d27a5c,1,10,25,161411,1135,0,0,Enchanted
weapon_items,Holy Channeler's Trident,0x1d27ac0,1,10,25,161412,1135,0,0,Holy
weapon_items,Sharp Channeler's Trident,0x1d27b24,1,10,25,161413,1135,0,0,Sharp
weapon_items,Blunt Channeler's Trident,0x1d27b88,1,10,25,161414,1135,0,0,Blunt
weapon_items,Marvelous Zweihander,0x1d29d20,1,10,35,71200,1136,0,0,Normal
weapon_items,Lethal Marvelous Zweihander,0x1d29d84,1,10,35,71201,1136,0,0,Lethal
weapon_items,Cursed Marvelous Zweihander,0x1d29de8,1,10,35,71202,1136,0,0,Cursed
weapon_items,Poison Marvelous Zweihander,0x1d29e4c,1,10,35,71203,1136,0,0,Poison
weapon_items,Blood Marvelous Zweihander,0x1d29eb0,1,10,35,71204,1136,0,0,Blood
weapon_items,Frost Marvelous Zweihander,0x1d29f14,1,10,35,71205,1136,0,0,Frost
weapon_items,Magic Marvelous Zweihander,0x1d29f78,1,10,35,71206,1136,0,0,Magic
weapon_items,Fire Marvelous Zweihander,0x1d29fdc,1,10,35,71207,1136,0,0,Fire
weapon_items,Lightning Marvelous Zweihander,0x1d2a040,1,10,35,71208,1136,0,0,Lightning
weapon_items,Dark Marvelous Zweihander,0x1d2a0a4,1,10,35,71209,1136,0,0,Dark
weapon_items,Lucky Marvelous Zweihander,0x1d2a108,1,10,35,71210,1136,0,0,Lucky
weapon_items,Enchanted Marvelous Zweihander,0x1d2a16c,1,10,35,71211,1136,0,0,Enchanted
weapon_items,Holy Marvelous Zweihander,0x1d2a1d0,1,10,35,71212,1136,0,0,Holy
weapon_items,Sharp Marvelous Zweihander,0x1d2a234,1,10,35,71213,1136,0,0,Sharp
weapon_items,Blunt Marvelous Zweihander,0x1d2a298,1,10,35,71214,1136,0,0,Blunt
weapon_items,Crystal Straight Sword,0x1d31250,1,10,5,53400,1146,0,0,Normal
weapon_items,Lethal Crystal Straight Sword,0x1d312b4,1,10,5,53401,1146,0,0,Lethal
weapon_items,Cursed Crystal Straight Sword,0x1d31318,1,10,5,53402,1146,0,0,Cursed
weapon_items,Poison Crystal Straight Sword,0x1d3137c,1,10,5,53403,1146,0,0,Poison
weapon_items,Blood Crystal Straight Sword,0x1d313e0,1,10,5,53404,1146,0,0,Blood
weapon_items,Frost Crystal Straight Sword,0x1d31444,1,10,5,53405,1146,0,0,Frost
weapon_items,Magic Crystal Straight Sword,0x1d314a8,1,10,5,53406,1146,0,0,Magic
weapon_items,Fire Crystal Straight Sword,0x1d3150c,1,10,5,53407,1146,0,0,Fire
weapon_items,Lightning Crystal Straight Sword,0x1d31570,1,10,5,53408,1146,0,0,Lightning
weapon_items,Dark Crystal Straight Sword,0x1d315d4,1,10,5,53409,1146,0,0,Dark
weapon_items,Lucky Crystal Straight Sword,0x1d31638,1,10,5,53410,1146,0,0,Lucky
weapon_items,Enchanted Crystal Straight Sword,0x1d3169c,1,10,5,53411,1146,0,0,Enchanted
weapon_items,Holy Crystal Straight Sword,0x1d31700,1,10,5,53412,1146,0,0,Holy
weapon_items,Sharp Crystal Straight Sword,0x1d31764,1,10,5,53413,1146,0,0,Sharp
weapon_items,Blunt Crystal Straight Sword,0x1d317c8,1,10,5,53414,1146,0,0,Blunt
weapon_items,Demon's Great Axe,0x1d33960,1,10,50,131400,1152,0,0,Normal
weapon_items,Lethal Demon's Great Axe,0x1d339c4,1,10,50,131401,1152,0,0,Lethal
weapon_items,Cursed Demon's Great Axe,0x1d33a28,1,10,50,131402,1152,0,0,Cursed
weapon_items,Poison Demon's Great Axe,0x1d33a8c,1,10,50,131403,1152,0,0,Poison
weapon_items,Blood Demon's Great Axe,0x1d33af0,1,10,50,131404,1152,0,0,Blood
weapon_items,Frost Demon's Great Axe,0x1d33b54,1,10,50,131405,1152,0,0,Frost
weapon_items,Magic Demon's Great Axe,0x1d33bb8,1,10,50,131406,1152,0,0,Magic
weapon_items,Fire Demon's Great Axe,0x1d33c1c,1,10,50,131407,1152,0,0,Fire
weapon_items,Lightning Demon's Great Axe,0x1d33c80,1,10,50,131408,1152,0,0,Lightning
weapon_items,Dark Demon's Great Axe,0x1d33ce4,1,10,50,131409,1152,0,0,Dark
weapon_items,Lucky Demon's Great Axe,0x1d33d48,1,10,50,131410,1152,0,0,Lucky
weapon_items,Enchanted Demon's Great Axe,0x1d33dac,1,10,50,131411,1152,0,0,Enchanted
weapon_items,Holy Demon's Great Axe,0x1d33e10,1,10,50,131412,1152,0,0,Holy
weapon_items,Sharp Demon's Great Axe,0x1d33e74,1,10,50,131413,1152,0,0,Sharp
weapon_items,Blunt Demon's Great Axe,0x1d33ed8,1,10,50,131414,1152,0,0,Blunt
weapon_items,Demon's Great Hammer,0x1d36070,1,10,50,154600,1157,0,0,Normal
weapon_items,Lethal Demon's Great Hammer,0x1d360d4,1,10,50,154601,1157,0,0,Lethal
weapon_items,Cursed Demon's Great Hammer,0x1d36138,1,10,50,154602,1157,0,0,Cursed
weapon_items,Poison Demon's Great Hammer,0x1d3619c,1,10,50,154603,1157,0,0,Poison
weapon_items,Blood Demon's Great Hammer,0x1d36200,1,10,50,154604,1157,0,0,Blood
weapon_items,Frost Demon's Great Hammer,0x1d36264,1,10,50,154605,1157,0,0,Frost
weapon_items,Magic Demon's Great Hammer,0x1d362c8,1,10,50,154606,1157,0,0,Magic
weapon_items,Fire Demon's Great Hammer,0x1d3632c,1,10,50,154607,1157,0,0,Fire
weapon_items,Lightning Demon's Great Hammer,0x1d36390,1,10,50,154608,1157,0,0,Lightning
weapon_items,Dark Demon's Great Hammer,0x1d363f4,1,10,50,154609,1157,0,0,Dark
weapon_items,Lucky Demon's Great Hammer,0x1d36458,1,10,50,154610,1157,0,0,Lucky
weapon_items,Enchanted Demon's Great Hammer,0x1d364bc,1,10,50,154611,1157,0,0,Enchanted
weapon_items,Holy Demon's Great Hammer,0x1d36520,1,10,50,154612,1157,0,0,Holy
weapon_items,Sharp Demon's Great Hammer,0x1d36584,1,10,50,154613,1157,0,0,Sharp
weapon_items,Blunt Demon's Great Hammer,0x1d365e8,1,10,50,154614,1157,0,0,Blunt
weapon_items,Demon's Machete,0x1d38780,1,10,40,73800,1162,0,0,Normal
weapon_items,Lethal Demon's Machete,0x1d387e4,1,10,40,73801,1162,0,0,Lethal
weapon_items,Cursed Demon's Machete,0x1d38848,1,10,40,73802,1162,0,0,Cursed
weapon_items,Poison Demon's Machete,0x1d388ac,1,10,40,73803,1162,0,0,Poison
weapon_items,Blood Demon's Machete,0x1d38910,1,10,40,73804,1162,0,0,Blood
weapon_items,Frost Demon's Machete,0x1d38974,1,10,40,73805,1162,0,0,Frost
weapon_items,Magic Demon's Machete,0x1d389d8,1,10,40,73806,1162,0,0,Magic
weapon_items,Fire Demon's Machete,0x1d38a3c,1,10,40,73807,1162,0,0,Fire
weapon_items,Lightning Demon's Machete,0x1d38aa0,1,10,40,73808,1162,0,0,Lightning
weapon_items,Dark Demon's Machete,0x1d38b04,1,10,40,73809,1162,0,0,Dark
weapon_items,Lucky Demon's Machete,0x1d38b68,1,10,40,73810,1162,0,0,Lucky
weapon_items,Enchanted Demon's Machete,0x1d38bcc,1,10,40,73811,1162,0,0,Enchanted
weapon_items,Holy Demon's Machete,0x1d38c30,1,10,40,73812,1162,0,0,Holy
weapon_items,Sharp Demon's Machete,0x1d38c94,1,10,40,73813,1162,0,0,Sharp
weapon_items,Blunt Demon's Machete,0x1d38cf8,1,10,40,73814,1162,0,0,Blunt
weapon_items,Demon's Spear,0x1d3ae90,1,10,30,163000,1164,0,0,Normal
weapon_items,Lethal Demon's Spear,0x1d3aef4,1,10,30,163001,1164,0,0,Lethal
weapon_items,Cursed Demon's Spear,0x1d3af58,1,10,30,163002,1164,0,0,Cursed
weapon_items,Poison Demon's Spear,0x1d3afbc,1,10,30,163003,1164,0,0,Poison
weapon_items,Blood Demon's Spear,0x1d3b020,1,10,30,163004,1164,0,0,Blood
weapon_items,Frost Demon's Spear,0x1d3b084,1,10,30,163005,1164,0,0,Frost
weapon_items,Magic Demon's Spear,0x1d3b0e8,1,10,30,163006,1164,0,0,Magic
weapon_items,Fire Demon's Spear,0x1d3b14c,1,10,30,163007,1164,0,0,Fire
weapon_items,Lightning Demon's Spear,0x1d3b1b0,1,10,30,163008,1164,0,0,Lightning
weapon_items,Dark Demon's Spear,0x1d3b214,1,10,30,163009,1164,0,0,Dark
weapon_items,Lucky Demon's Spear,0x1d3b278,1,10,30,163010,1164,0,0,Lucky
weapon_items,Enchanted Demon's Spear,0x1d3b2dc,1,10,30,163011,1164,0,0,Enchanted
weapon_items,Holy Demon's Spear,0x1d3b340,1,10,30,163012,1164,0,0,Holy
weapon_items,Sharp Demon's Spear,0x1d3b3a4,1,10,30,163013,1164,0,0,Sharp
weapon_items,Blunt Demon's Spear,0x1d3b408,1,10,30,163014,1164,0,0,Blunt
weapon_items,Dozer Axe,0x1d3d5a0,1,10,40,130400,1174,0,0,Normal
weapon_items,Lethal Dozer Axe,0x1d3d604,1,10,40,130401,1174,0,0,Lethal
weapon_items,Cursed Dozer Axe,0x1d3d668,1,10,40,130402,1174,0,0,Cursed
weapon_items,Poison Dozer Axe,0x1d3d6cc,1,10,40,130403,1174,0,0,Poison
weapon_items,Blood Dozer Axe,0x1d3d730,1,10,40,130404,1174,0,0,Blood
weapon_items,Frost Dozer Axe,0x1d3d794,1,10,40,130405,1174,0,0,Frost
weapon_items,Magic Dozer Axe,0x1d3d7f8,1,10,40,130406,1174,0,0,Magic
weapon_items,Fire Dozer Axe,0x1d3d85c,1,10,40,130407,1174,0,0,Fire
weapon_items,Lightning Dozer Axe,0x1d3d8c0,1,10,40,130408,1174,0,0,Lightning
weapon_items,Dark Dozer Axe,0x1d3d924,1,10,40,130409,1174,0,0,Dark
weapon_items,Lucky Dozer Axe,0x1d3d988,1,10,40,130410,1174,0,0,Lucky
weapon_items,Enchanted Dozer Axe,0x1d3d9ec,1,10,40,130411,1174,0,0,Enchanted
weapon_items,Holy Dozer Axe,0x1d3da50,1,10,40,130412,1174,0,0,Holy
weapon_items,Sharp Dozer Axe,0x1d3dab4,1,10,40,130413,1174,0,0,Sharp
weapon_items,Blunt Dozer Axe,0x1d3db18,1,10,40,130414,1174,0,0,Blunt
weapon_items,Dragon Bone Fist,0x1d3fcb0,1,10,999,220800,1175,0,0,Normal
weapon_items,Lethal Dragon Bone Fist,0x1d3fd14,1,10,999,220801,1175,0,0,Lethal
weapon_items,Cursed Dragon Bone Fist,0x1d3fd78,1,10,999,220802,1175,0,0,Cursed
weapon_items,Poison Dragon Bone Fist,0x1d3fddc,1,10,999,220803,1175,0,0,Poison
weapon_items,Blood Dragon Bone Fist,0x1d3fe40,1,10,999,220804,1175,0,0,Blood
weapon_items,Frost Dragon Bone Fist,0x1d3fea4,1,10,999,220805,1175,0,0,Frost
weapon_items,Magic Dragon Bone Fist,0x1d3ff08,1,10,999,220806,1175,0,0,Magic
weapon_items,Fire Dragon Bone Fist,0x1d3ff6c,1,10,999,220807,1175,0,0,Fire
weapon_items,Lightning Dragon Bone Fist,0x1d3ffd0,1,10,999,220808,1175,0,0,Lightning
weapon_items,Dark Dragon Bone Fist,0x1d40034,1,10,999,220809,1175,0,0,Dark
weapon_items,Lucky Dragon Bone Fist,0x1d40098,1,10,999,220810,1175,0,0,Lucky
weapon_items,Enchanted Dragon Bone Fist,0x1d400fc,1,10,999,220811,1175,0,0,Enchanted
weapon_items,Holy Dragon Bone Fist,0x1d40160,1,10,999,220812,1175,0,0,Holy
weapon_items,Sharp Dragon Bone Fist,0x1d401c4,1,10,999,220813,1175,0,0,Sharp
weapon_items,Blunt Dragon Bone Fist,0x1d40228,1,10,999,220814,1175,0,0,Blunt
weapon_items,Dragon Bone Smasher,0x1d423c0,1,10,50,71800,1176,0,0,Normal
weapon_items,Lethal Dragon Bone Smasher,0x1d42424,1,10,50,71801,1176,0,0,Lethal
weapon_items,Cursed Dragon Bone Smasher,0x1d42488,1,10,50,71802,1176,0,0,Cursed
weapon_items,Poison Dragon Bone Smasher,0x1d424ec,1,10,50,71803,1176,0,0,Poison
weapon_items,Blood Dragon Bone Smasher,0x1d42550,1,10,50,71804,1176,0,0,Blood
weapon_items,Frost Dragon Bone Smasher,0x1d425b4,1,10,50,71805,1176,0,0,Frost
weapon_items,Magic Dragon Bone Smasher,0x1d42618,1,10,50,71806,1176,0,0,Magic
weapon_items,Fire Dragon Bone Smasher,0x1d4267c,1,10,50,71807,1176,0,0,Fire
weapon_items,Lightning Dragon Bone Smasher,0x1d426e0,1,10,50,71808,1176,0,0,Lightning
weapon_items,Dark Dragon Bone Smasher,0x1d42744,1,10,50,71809,1176,0,0,Dark
weapon_items,Lucky Dragon Bone Smasher,0x1d427a8,1,10,50,71810,1176,0,0,Lucky
weapon_items,Enchanted Dragon Bone Smasher,0x1d4280c,1,10,50,71811,1176,0,0,Enchanted
weapon_items,Holy Dragon Bone Smasher,0x1d42870,1,10,50,71812,1176,0,0,Holy
weapon_items,Sharp Dragon Bone Smasher,0x1d428d4,1,10,50,71813,1176,0,0,Sharp
weapon_items,Blunt Dragon Bone Smasher,0x1d42938,1,10,50,71814,1176,0,0,Blunt
weapon_items,Dragon Greatsword,0x1d44ad0,1,10,999,74000,1178,0,0,Normal
weapon_items,Lethal Dragon Greatsword,0x1d44b34,1,10,999,74001,1178,0,0,Lethal
weapon_items,Cursed Dragon Greatsword,0x1d44b98,1,10,999,74002,1178,0,0,Cursed
weapon_items,Poison Dragon Greatsword,0x1d44bfc,1,10,999,74003,1178,0,0,Poison
weapon_items,Blood Dragon Greatsword,0x1d44c60,1,10,999,74004,1178,0,0,Blood
weapon_items,Frost Dragon Greatsword,0x1d44cc4,1,10,999,74005,1178,0,0,Frost
weapon_items,Magic Dragon Greatsword,0x1d44d28,1,10,999,74006,1178,0,0,Magic
weapon_items,Fire Dragon Greatsword,0x1d44d8c,1,10,999,74007,1178,0,0,Fire
weapon_items,Lightning Dragon Greatsword,0x1d44df0,1,10,999,74008,1178,0,0,Lightning
weapon_items,Dark Dragon Greatsword,0x1d44e54,1,10,999,74009,1178,0,0,Dark
weapon_items,Lucky Dragon Greatsword,0x1d44eb8,1,10,999,74010,1178,0,0,Lucky
weapon_items,Enchanted Dragon Greatsword,0x1d44f1c,1,10,999,74011,1178,0,0,Enchanted
weapon_items,Holy Dragon Greatsword,0x1d44f80,1,10,999,74012,1178,0,0,Holy
weapon_items,Sharp Dragon Greatsword,0x1d44fe4,1,10,999,74013,1178,0,0,Sharp
weapon_items,Blunt Dragon Greatsword,0x1d45048,1,10,999,74014,1178,0,0,Blunt
weapon_items,Dragon King Greataxe,0x1d471e0,1,10,999,132600,1179,0,0,Normal
weapon_items,Lethal Dragon King Greataxe,0x1d47244,1,10,999,132601,1179,0,0,Lethal
weapon_items,Cursed Dragon King Greataxe,0x1d472a8,1,10,999,132602,1179,0,0,Cursed
weapon_items,Poison Dragon King Greataxe,0x1d4730c,1,10,999,132603,1179,0,0,Poison
weapon_items,Blood Dragon King Greataxe,0x1d47370,1,10,999,132604,1179,0,0,Blood
weapon_items,Frost Dragon King Greataxe,0x1d473d4,1,10,999,132605,1179,0,0,Frost
weapon_items,Magic Dragon King Greataxe,0x1d47438,1,10,999,132606,1179,0,0,Magic
weapon_items,Fire Dragon King Greataxe,0x1d4749c,1,10,999,132607,1179,0,0,Fire
weapon_items,Lightning Dragon King Greataxe,0x1d47500,1,10,999,132608,1179,0,0,Lightning
weapon_items,Dark Dragon King Greataxe,0x1d47564,1,10,999,132609,1179,0,0,Dark
weapon_items,Lucky Dragon King Greataxe,0x1d475c8,1,10,999,132610,1179,0,0,Lucky
weapon_items,Enchanted Dragon King Greataxe,0x1d4762c,1,10,999,132611,1179,0,0,Enchanted
weapon_items,Holy Dragon King Greataxe,0x1d47690,1,10,999,132612,1179,0,0,Holy
weapon_items,Sharp Dragon King Greataxe,0x1d476f4,1,10,999,132613,1179,0,0,Sharp
weapon_items,Blunt Dragon King Greataxe,0x1d47758,1,10,999,132614,1179,0,0,Blunt
weapon_items,Drake Sword,0x1d498f0,1,10,50,54600,1181,0,0,Normal
weapon_items,Lethal Drake Sword,0x1d49954,1,10,50,54601,1181,0,0,Lethal
weapon_items,Cursed Drake Sword,0x1d499b8,1,10,50,54602,1181,0,0,Cursed
weapon_items,Poison Drake Sword,0x1d49a1c,1,10,50,54603,1181,0,0,Poison
weapon_items,Blood Drake Sword,0x1d49a80,1,10,50,54604,1181,0,0,Blood
weapon_items,Frost Drake Sword,0x1d49ae4,1,10,50,54605,1181,0,0,Frost
weapon_items,Magic Drake Sword,0x1d49b48,1,10,50,54606,1181,0,0,Magic
weapon_items,Fire Drake Sword,0x1d49bac,1,10,50,54607,1181,0,0,Fire
weapon_items,Lightning Drake Sword,0x1d49c10,1,10,50,54608,1181,0,0,Lightning
weapon_items,Dark Drake Sword,0x1d49c74,1,10,50,54609,1181,0,0,Dark
weapon_items,Lucky Drake Sword,0x1d49cd8,1,10,50,54610,1181,0,0,Lucky
weapon_items,Enchanted Drake Sword,0x1d49d3c,1,10,50,54611,1181,0,0,Enchanted
weapon_items,Holy Drake Sword,0x1d49da0,1,10,50,54612,1181,0,0,Holy
weapon_items,Sharp Drake Sword,0x1d49e04,1,10,50,54613,1181,0,0,Sharp
weapon_items,Blunt Drake Sword,0x1d49e68,1,10,50,54614,1181,0,0,Blunt
weapon_items,Abyssal Blade,0x1d4c000,1,10,30,72200,1182,0,0,Normal
weapon_items,Lethal Abyssal Blade,0x1d4c064,1,10,30,72201,1182,0,0,Lethal
weapon_items,Cursed Abyssal Blade,0x1d4c0c8,1,10,30,72202,1182,0,0,Cursed
weapon_items,Poison Abyssal Blade,0x1d4c12c,1,10,30,72203,1182,0,0,Poison
weapon_items,Blood Abyssal Blade,0x1d4c190,1,10,30,72204,1182,0,0,Blood
weapon_items,Frost Abyssal Blade,0x1d4c1f4,1,10,30,72205,1182,0,0,Frost
weapon_items,Magic Abyssal Blade,0x1d4c258,1,10,30,72206,1182,0,0,Magic
weapon_items,Fire Abyssal Blade,0x1d4c2bc,1,10,30,72207,1182,0,0,Fire
weapon_items,Lightning Abyssal Blade,0x1d4c320,1,10,30,72208,1182,0,0,Lightning
weapon_items,Dark Abyssal Blade,0x1d4c384,1,10,30,72209,1182,0,0,Dark
weapon_items,Lucky Abyssal Blade,0x1d4c3e8,1,10,30,72210,1182,0,0,Lucky
weapon_items,Enchanted Abyssal Blade,0x1d4c44c,1,10,30,72211,1182,0,0,Enchanted
weapon_items,Holy Abyssal Blade,0x1d4c4b0,1,10,30,72212,1182,0,0,Holy
weapon_items,Sharp Abyssal Blade,0x1d4c514,1,10,30,72213,1182,0,0,Sharp
weapon_items,Blunt Abyssal Blade,0x1d4c578,1,10,30,72214,1182,0,0,Blunt
weapon_items,Sage's Stiletto,0x1d50e20,1,10,20,42900,1192,0,0,Normal
weapon_items,Lethal Sage's Stiletto,0x1d50e84,1,10,20,42901,1192,0,0,Lethal
weapon_items,Cursed Sage's Stiletto,0x1d50ee8,1,10,20,42902,1192,0,0,Cursed
weapon_items,Poison Sage's Stiletto,0x1d50f4c,1,10,20,42903,1192,0,0,Poison
weapon_items,Blood Sage's Stiletto,0x1d50fb0,1,10,20,42904,1192,0,0,Blood
weapon_items,Frost Sage's Stiletto,0x1d51014,1,10,20,42905,1192,0,0,Frost
weapon_items,Magic Sage's Stiletto,0x1d51078,1,10,20,42906,1192,0,0,Magic
weapon_items,Fire Sage's Stiletto,0x1d510dc,1,10,20,42907,1192,0,0,Fire
weapon_items,Lightning Sage's Stiletto,0x1d51140,1,10,20,42908,1192,0,0,Lightning
weapon_items,Dark Sage's Stiletto,0x1d511a4,1,10,20,42909,1192,0,0,Dark
weapon_items,Lucky Sage's Stiletto,0x1d51208,1,10,20,42910,1192,0,0,Lucky
weapon_items,Enchanted Sage's Stiletto,0x1d5126c,1,10,20,42911,1192,0,0,Enchanted
weapon_items,Holy Sage's Stiletto,0x1d512d0,1,10,20,42912,1192,0,0,Holy
weapon_items,Sharp Sage's Stiletto,0x1d51334,1,10,20,42913,1192,0,0,Sharp
weapon_items,Blunt Sage's Stiletto,0x1d51398,1,10,20,42914,1192,0,0,Blunt
weapon_items,Giant's Halberd,0x1d55c40,1,10,50,192400,1203,0,0,Normal
weapon_items,Lethal Giant's Halberd,0x1d55ca4,1,10,50,192401,1203,0,0,Lethal
weapon_items,Cursed Giant's Halberd,0x1d55d08,1,10,50,192402,1203,0,0,Cursed
weapon_items,Poison Giant's Halberd,0x1d55d6c,1,10,50,192403,1203,0,0,Poison
weapon_items,Blood Giant's Halberd,0x1d55dd0,1,10,50,192404,1203,0,0,Blood
weapon_items,Frost Giant's Halberd,0x1d55e34,1,10,50,192405,1203,0,0,Frost
weapon_items,Magic Giant's Halberd,0x1d55e98,1,10,50,192406,1203,0,0,Magic
weapon_items,Fire Giant's Halberd,0x1d55efc,1,10,50,192407,1203,0,0,Fire
weapon_items,Lightning Giant's Halberd,0x1d55f60,1,10,50,192408,1203,0,0,Lightning
weapon_items,Dark Giant's Halberd,0x1d55fc4,1,10,50,192409,1203,0,0,Dark
weapon_items,Lucky Giant's Halberd,0x1d56028,1,10,50,192410,1203,0,0,Lucky
weapon_items,Enchanted Giant's Halberd,0x1d5608c,1,10,50,192411,1203,0,0,Enchanted
weapon_items,Holy Giant's Halberd,0x1d560f0,1,10,50,192412,1203,0,0,Holy
weapon_items,Sharp Giant's Halberd,0x1d56154,1,10,50,192413,1203,0,0,Sharp
weapon_items,Blunt Giant's Halberd,0x1d561b8,1,10,50,192414,1203,0,0,Blunt
weapon_items,Golem Axe,0x1d58350,1,10,40,132200,1204,0,0,Normal
weapon_items,Lethal Golem Axe,0x1d583b4,1,10,40,132201,1204,0,0,Lethal
weapon_items,Cursed Golem Axe,0x1d58418,1,10,40,132202,1204,0,0,Cursed
weapon_items,Poison Golem Axe,0x1d5847c,1,10,40,132203,1204,0,0,Poison
weapon_items,Blood Golem Axe,0x1d584e0,1,10,40,132204,1204,0,0,Blood
weapon_items,Frost Golem Axe,0x1d58544,1,10,40,132205,1204,0,0,Frost
weapon_items,Magic Golem Axe,0x1d585a8,1,10,40,132206,1204,0,0,Magic
weapon_items,Fire Golem Axe,0x1d5860c,1,10,40,132207,1204,0,0,Fire
weapon_items,Lightning Golem Axe,0x1d58670,1,10,40,132208,1204,0,0,Lightning
weapon_items,Dark Golem Axe,0x1d586d4,1,10,40,132209,1204,0,0,Dark
weapon_items,Lucky Golem Axe,0x1d58738,1,10,40,132210,1204,0,0,Lucky
weapon_items,Enchanted Golem Axe,0x1d5879c,1,10,40,132211,1204,0,0,Enchanted
weapon_items,Holy Golem Axe,0x1d58800,1,10,40,132212,1204,0,0,Holy
weapon_items,Sharp Golem Axe,0x1d58864,1,10,40,132213,1204,0,0,Sharp
weapon_items,Blunt Golem Axe,0x1d588c8,1,10,40,132214,1204,0,0,Blunt
weapon_items,Grant,0x1d5aa60,1,10,50,153000,1207,0,0,Normal
weapon_items,Lethal Grant,0x1d5aac4,1,10,50,153001,1207,0,0,Lethal
weapon_items,Cursed Grant,0x1d5ab28,1,10,50,153002,1207,0,0,Cursed
weapon_items,Poison Grant,0x1d5ab8c,1,10,50,153003,1207,0,0,Poison
weapon_items,Blood Grant,0x1d5abf0,1,10,50,153004,1207,0,0,Blood
weapon_items,Frost Grant,0x1d5ac54,1,10,50,153005,1207,0,0,Frost
weapon_items,Magic Grant,0x1d5acb8,1,10,50,153006,1207,0,0,Magic
weapon_items,Fire Grant,0x1d5ad1c,1,10,50,153007,1207,0,0,Fire
weapon_items,Lightning Grant,0x1d5ad80,1,10,50,153008,1207,0,0,Lightning
weapon_items,Dark Grant,0x1d5ade4,1,10,50,153009,1207,0,0,Dark
weapon_items,Lucky Grant,0x1d5ae48,1,10,50,153010,1207,0,0,Lucky
weapon_items,Enchanted Grant,0x1d5aeac,1,10,50,153011,1207,0,0,Enchanted
weapon_items,Holy Grant,0x1d5af10,1,10,50,153012,1207,0,0,Holy
weapon_items,Sharp Grant,0x1d5af74,1,10,50,153013,1207,0,0,Sharp
weapon_items,Blunt Grant,0x1d5afd8,1,10,50,153014,1207,0,0,Blunt
weapon_items,Gravelord Sword,0x1d5d170,1,10,30,91400,1224,0,0,Normal
weapon_items,Lethal Gravelord Sword,0x1d5d1d4,1,10,30,91401,1224,0,0,Lethal
weapon_items,Cursed Gravelord Sword,0x1d5d238,1,10,30,91402,1224,0,0,Cursed
weapon_items,Poison Gravelord Sword,0x1d5d29c,1,10,30,91403,1224,0,0,Poison
weapon_items,Blood Gravelord Sword,0x1d5d300,1,10,30,91404,1224,0,0,Blood
weapon_items,Frost Gravelord Sword,0x1d5d364,1,10,30,91405,1224,0,0,Frost
weapon_items,Magic Gravelord Sword,0x1d5d3c8,1,10,30,91406,1224,0,0,Magic
weapon_items,Fire Gravelord Sword,0x1d5d42c,1,10,30,91407,1224,0,0,Fire
weapon_items,Lightning Gravelord Sword,0x1d5d490,1,10,30,91408,1224,0,0,Lightning
weapon_items,Dark Gravelord Sword,0x1d5d4f4,1,10,30,91409,1224,0,0,Dark
weapon_items,Lucky Gravelord Sword,0x1d5d558,1,10,30,91410,1224,0,0,Lucky
weapon_items,Enchanted Gravelord Sword,0x1d5d5bc,1,10,30,91411,1224,0,0,Enchanted
weapon_items,Holy Gravelord Sword,0x1d5d620,1,10,30,91412,1224,0,0,Holy
weapon_items,Sharp Gravelord Sword,0x1d5d684,1,10,30,91413,1224,0,0,Sharp
weapon_items,Blunt Gravelord Sword,0x1d5d6e8,1,10,30,91414,1224,0,0,Blunt
weapon_items,Great Lord Greatsword,0x1d5f880,1,10,40,64800,1250,0,0,Normal
weapon_items,Lethal Great Lord Greatsword,0x1d5f8e4,1,10,40,64801,1250,0,0,Lethal
weapon_items,Cursed Great Lord Greatsword,0x1d5f948,1,10,40,64802,1250,0,0,Cursed
weapon_items,Poison Great Lord Greatsword,0x1d5f9ac,1,10,40,64803,1250,0,0,Poison
weapon_items,Blood Great Lord Greatsword,0x1d5fa10,1,10,40,64804,1250,0,0,Blood
weapon_items,Frost Great Lord Greatsword,0x1d5fa74,1,10,40,64805,1250,0,0,Frost
weapon_items,Magic Great Lord Greatsword,0x1d5fad8,1,10,40,64806,1250,0,0,Magic
weapon_items,Fire Great Lord Greatsword,0x1d5fb3c,1,10,40,64807,1250,0,0,Fire
weapon_items,Lightning Great Lord Greatsword,0x1d5fba0,1,10,40,64808,1250,0,0,Lightning
weapon_items,Dark Great Lord Greatsword,0x1d5fc04,1,10,40,64809,1250,0,0,Dark
weapon_items,Lucky Great Lord Greatsword,0x1d5fc68,1,10,40,64810,1250,0,0,Lucky
weapon_items,Enchanted Great Lord Greatsword,0x1d5fccc,1,10,40,64811,1250,0,0,Enchanted
weapon_items,Holy Great Lord Greatsword,0x1d5fd30,1,10,40,64812,1250,0,0,Holy
weapon_items,Sharp Great Lord Greatsword,0x1d5fd94,1,10,40,64813,1250,0,0,Sharp
weapon_items,Blunt Great Lord Greatsword,0x1d5fdf8,1,10,40,64814,1250,0,0,Blunt
weapon_items,Greatsword of Artorias,0x1d646a0,1,10,35,65400,1252,0,0,Normal
weapon_items,Lethal Greatsword of Artorias,0x1d64704,1,10,35,65401,1252,0,0,Lethal
weapon_items,Cursed Greatsword of Artorias,0x1d64768,1,10,35,65402,1252,0,0,Cursed
weapon_items,Poison Greatsword of Artorias,0x1d647cc,1,10,35,65403,1252,0,0,Poison
weapon_items,Blood Greatsword of Artorias,0x1d64830,1,10,35,65404,1252,0,0,Blood
weapon_items,Frost Greatsword of Artorias,0x1d64894,1,10,35,65405,1252,0,0,Frost
weapon_items,Magic Greatsword of Artorias,0x1d648f8,1,10,35,65406,1252,0,0,Magic
weapon_items,Fire Greatsword of Artorias,0x1d6495c,1,10,35,65407,1252,0,0,Fire
weapon_items,Lightning Greatsword of Artorias,0x1d649c0,1,10,35,65408,1252,0,0,Lightning
weapon_items,Dark Greatsword of Artorias,0x1d64a24,1,10,35,65409,1252,0,0,Dark
weapon_items,Lucky Greatsword of Artorias,0x1d64a88,1,10,35,65410,1252,0,0,Lucky
weapon_items,Enchanted Greatsword of Artorias,0x1d64aec,1,10,35,65411,1252,0,0,Enchanted
weapon_items,Holy Greatsword of Artorias,0x1d64b50,1,10,35,65412,1252,0,0,Holy
weapon_items,Sharp Greatsword of Artorias,0x1d64bb4,1,10,35,65413,1252,0,0,Sharp
weapon_items,Blunt Greatsword of Artorias,0x1d64c18,1,10,35,65414,1252,0,0,Blunt
weapon_items,Guillotine Axe,0x1d66db0,1,10,25,122000,1253,0,0,Normal
weapon_items,Lethal Guillotine Axe,0x1d66e14,1,10,25,122001,1253,0,0,Lethal
weapon_items,Cursed Guillotine Axe,0x1d66e78,1,10,25,122002,1253,0,0,Cursed
weapon_items,Poison Guillotine Axe,0x1d66edc,1,10,25,122003,1253,0,0,Poison
weapon_items,Blood Guillotine Axe,0x1d66f40,1,10,25,122004,1253,0,0,Blood
weapon_items,Frost Guillotine Axe,0x1d66fa4,1,10,25,122005,1253,0,0,Frost
weapon_items,Magic Guillotine Axe,0x1d67008,1,10,25,122006,1253,0,0,Magic
weapon_items,Fire Guillotine Axe,0x1d6706c,1,10,25,122007,1253,0,0,Fire
weapon_items,Lightning Guillotine Axe,0x1d670d0,1,10,25,122008,1253,0,0,Lightning
weapon_items,Dark Guillotine Axe,0x1d67134,1,10,25,122009,1253,0,0,Dark
weapon_items,Lucky Guillotine Axe,0x1d67198,1,10,25,122010,1253,0,0,Lucky
weapon_items,Enchanted Guillotine Axe,0x1d671fc,1,10,25,122011,1253,0,0,Enchanted
weapon_items,Holy Guillotine Axe,0x1d67260,1,10,25,122012,1253,0,0,Holy
weapon_items,Sharp Guillotine Axe,0x1d672c4,1,10,25,122013,1253,0,0,Sharp
weapon_items,Blunt Guillotine Axe,0x1d67328,1,10,25,122014,1253,0,0,Blunt
weapon_items,Hands of God,0x1d694c0,1,10,40,221000,1257,0,0,Normal
weapon_items,Lethal Hands of God,0x1d69524,1,10,40,221001,1257,0,0,Lethal
weapon_items,Cursed Hands of God,0x1d69588,1,10,40,221002,1257,0,0,Cursed
weapon_items,Poison Hands of God,0x1d695ec,1,10,40,221003,1257,0,0,Poison
weapon_items,Blood Hands of God,0x1d69650,1,10,40,221004,1257,0,0,Blood
weapon_items,Frost Hands of God,0x1d696b4,1,10,40,221005,1257,0,0,Frost
weapon_items,Magic Hands of God,0x1d69718,1,10,40,221006,1257,0,0,Magic
weapon_items,Fire Hands of God,0x1d6977c,1,10,40,221007,1257,0,0,Fire
weapon_items,Lightning Hands of God,0x1d697e0,1,10,40,221008,1257,0,0,Lightning
weapon_items,Dark Hands of God,0x1d69844,1,10,40,221009,1257,0,0,Dark
weapon_items,Lucky Hands of God,0x1d698a8,1,10,40,221010,1257,0,0,Lucky
weapon_items,Enchanted Hands of God,0x1d6990c,1,10,40,221011,1257,0,0,Enchanted
weapon_items,Holy Hands of God,0x1d69970,1,10,40,221012,1257,0,0,Holy
weapon_items,Sharp Hands of God,0x1d699d4,1,10,40,221013,1257,0,0,Sharp
weapon_items,Blunt Hands of God,0x1d69a38,1,10,40,221014,1257,0,0,Blunt
weapon_items,Runelock,0x1d6bbd0,1,10,25,55400,2002,0,0,Normal
weapon_items,Lethal Runelock,0x1d6bc34,1,10,25,55401,2002,0,0,Lethal
weapon_items,Cursed Runelock,0x1d6bc98,1,10,25,55402,2002,0,0,Cursed
weapon_items,Poison Runelock,0x1d6bcfc,1,10,25,55403,2002,0,0,Poison
weapon_items,Blood Runelock,0x1d6bd60,1,10,25,55404,2002,0,0,Blood
weapon_items,Frost Runelock,0x1d6bdc4,1,10,25,55405,2002,0,0,Frost
weapon_items,Magic Runelock,0x1d6be28,1,10,25,55406,2002,0,0,Magic
weapon_items,Fire Runelock,0x1d6be8c,1,10,25,55407,2002,0,0,Fire
weapon_items,Lightning Runelock,0x1d6bef0,1,10,25,55408,2002,0,0,Lightning
weapon_items,Dark Runelock,0x1d6bf54,1,10,25,55409,2002,0,0,Dark
weapon_items,Lucky Runelock,0x1d6bfb8,1,10,25,55410,2002,0,0,Lucky
weapon_items,Enchanted Runelock,0x1d6c01c,1,10,25,55411,2002,0,0,Enchanted
weapon_items,Holy Runelock,0x1d6c080,1,10,25,55412,2002,0,0,Holy
weapon_items,Sharp Runelock,0x1d6c0e4,1,10,25,55413,2002,0,0,Sharp
weapon_items,Blunt Runelock,0x1d6c148,1,10,25,55414,2002,0,0,Blunt
weapon_items,Scraping Spear,0x1d6e2e0,1,10,20,162000,2005,0,0,Normal
weapon_items,Lethal Scraping Spear,0x1d6e344,1,10,20,162001,2005,0,0,Lethal
weapon_items,Cursed Scraping Spear,0x1d6e3a8,1,10,20,162002,2005,0,0,Cursed
weapon_items,Poison Scraping Spear,0x1d6e40c,1,10,20,162003,2005,0,0,Poison
weapon_items,Blood Scraping Spear,0x1d6e470,1,10,20,162004,2005,0,0,Blood
weapon_items,Frost Scraping Spear,0x1d6e4d4,1,10,20,162005,2005,0,0,Frost
weapon_items,Magic Scraping Spear,0x1d6e538,1,10,20,162006,2005,0,0,Magic
weapon_items,Fire Scraping Spear,0x1d6e59c,1,10,20,162007,2005,0,0,Fire
weapon_items,Lightning Scraping Spear,0x1d6e600,1,10,20,162008,2005,0,0,Lightning
weapon_items,Dark Scraping Spear,0x1d6e664,1,10,20,162009,2005,0,0,Dark
weapon_items,Lucky Scraping Spear,0x1d6e6c8,1,10,20,162010,2005,0,0,Lucky
weapon_items,Enchanted Scraping Spear,0x1d6e72c,1,10,20,162011,2005,0,0,Enchanted
weapon_items,Holy Scraping Spear,0x1d6e790,1,10,20,162012,2005,0,0,Holy
weapon_items,Sharp Scraping Spear,0x1d6e7f4,1,10,20,162013,2005,0,0,Sharp
weapon_items,Blunt Scraping Spear,0x1d6e858,1,10,20,162014,2005,0,0,Blunt
weapon_items,Server,0x1d709f0,1,10,35,90400,2008,0,0,Normal
weapon_items,Lethal Server,0x1d70a54,1,10,35,90401,2008,0,0,Lethal
weapon_items,Cursed Server,0x1d70ab8,1,10,35,90402,2008,0,0,Cursed
weapon_items,Poison Server,0x1d70b1c,1,10,35,90403,2008,0,0,Poison
weapon_items,Blood Server,0x1d70b80,1,10,35,90404,2008,0,0,Blood
weapon_items,Frost Server,0x1d70be4,1,10,35,90405,2008,0,0,Frost
weapon_items,Magic Server,0x1d70c48,1,10,35,90406,2008,0,0,Magic
weapon_items,Fire Server,0x1d70cac,1,10,35,90407,2008,0,0,Fire
weapon_items,Lightning Server,0x1d70d10,1,10,35,90408,2008,0,0,Lightning
weapon_items,Dark Server,0x1d70d74,1,10,35,90409,2008,0,0,Dark
weapon_items,Lucky Server,0x1d70dd8,1,10,35,90410,2008,0,0,Lucky
weapon_items,Enchanted Server,0x1d70e3c,1,10,35,90411,2008,0,0,Enchanted
weapon_items,Holy Server,0x1d70ea0,1,10,35,90412,2008,0,0,Holy
weapon_items,Sharp Server,0x1d70f04,1,10,35,90413,2008,0,0,Sharp
weapon_items,Blunt Server,0x1d70f68,1,10,35,90414,2008,0,0,Blunt
weapon_items,Silver Knight Spear,0x1d73100,1,10,25,161600,2009,0,0,Normal
weapon_items,Lethal Silver Knight Spear,0x1d73164,1,10,25,161601,2009,0,0,Lethal
weapon_items,Cursed Silver Knight Spear,0x1d731c8,1,10,25,161602,2009,0,0,Cursed
weapon_items,Poison Silver Knight Spear,0x1d7322c,1,10,25,161603,2009,0,0,Poison
weapon_items,Blood Silver Knight Spear,0x1d73290,1,10,25,161604,2009,0,0,Blood
weapon_items,Frost Silver Knight Spear,0x1d732f4,1,10,25,161605,2009,0,0,Frost
weapon_items,Magic Silver Knight Spear,0x1d73358,1,10,25,161606,2009,0,0,Magic
weapon_items,Fire Silver Knight Spear,0x1d733bc,1,10,25,161607,2009,0,0,Fire
weapon_items,Lightning Silver Knight Spear,0x1d73420,1,10,25,161608,2009,0,0,Lightning
weapon_items,Dark Silver Knight Spear,0x1d73484,1,10,25,161609,2009,0,0,Dark
weapon_items,Lucky Silver Knight Spear,0x1d734e8,1,10,25,161610,2009,0,0,Lucky
weapon_items,Enchanted Silver Knight Spear,0x1d7354c,1,10,25,161611,2009,0,0,Enchanted
weapon_items,Holy Silver Knight Spear,0x1d735b0,1,10,25,161612,2009,0,0,Holy
weapon_items,Sharp Silver Knight Spear,0x1d73614,1,10,25,161613,2009,0,0,Sharp
weapon_items,Blunt Silver Knight Spear,0x1d73678,1,10,25,161614,2009,0,0,Blunt
weapon_items,Silver Knight Straight Sword,0x1d75810,1,10,25,53800,2013,0,0,Normal
weapon_items,Lethal Silver Knight Straight Sword,0x1d75874,1,10,25,53801,2013,0,0,Lethal
weapon_items,Cursed Silver Knight Straight Sword,0x1d758d8,1,10,25,53802,2013,0,0,Cursed
weapon_items,Poison Silver Knight Straight Sword,0x1d7593c,1,10,25,53803,2013,0,0,Poison
weapon_items,Blood Silver Knight Straight Sword,0x1d759a0,1,10,25,53804,2013,0,0,Blood
weapon_items,Frost Silver Knight Straight Sword,0x1d75a04,1,10,25,53805,2013,0,0,Frost
weapon_items,Magic Silver Knight Straight Sword,0x1d75a68,1,10,25,53806,2013,0,0,Magic
weapon_items,Fire Silver Knight Straight Sword,0x1d75acc,1,10,25,53807,2013,0,0,Fire
weapon_items,Lightning Silver Knight Straight Sword,0x1d75b30,1,10,25,53808,2013,0,0,Lightning
weapon_items,Dark Silver Knight Straight Sword,0x1d75b94,1,10,25,53809,2013,0,0,Dark
weapon_items,Lucky Silver Knight Straight Sword,0x1d75bf8,1,10,25,53810,2013,0,0,Lucky
weapon_items,Enchanted Silver Knight Straight Sword,0x1d75c5c,1,10,25,53811,2013,0,0,Enchanted
weapon_items,Holy Silver Knight Straight Sword,0x1d75cc0,1,10,25,53812,2013,0,0,Holy
weapon_items,Sharp Silver Knight Straight Sword,0x1d75d24,1,10,25,53813,2013,0,0,Sharp
weapon_items,Blunt Silver Knight Straight Sword,0x1d75d88,1,10,25,53814,2013,0,0,Blunt
weapon_items,Stone Greatsword,0x1d77f20,1,10,40,60800,2016,0,0,Normal
weapon_items,Lethal Stone Greatsword,0x1d77f84,1,10,40,60801,2016,0,0,Lethal
weapon_items,Cursed Stone Greatsword,0x1d77fe8,1,10,40,60802,2016,0,0,Cursed
weapon_items,Poison Stone Greatsword,0x1d7804c,1,10,40,60803,2016,0,0,Poison
weapon_items,Blood Stone Greatsword,0x1d780b0,1,10,40,60804,2016,0,0,Blood
weapon_items,Frost Stone Greatsword,0x1d78114,1,10,40,60805,2016,0,0,Frost
weapon_items,Magic Stone Greatsword,0x1d78178,1,10,40,60806,2016,0,0,Magic
weapon_items,Fire Stone Greatsword,0x1d781dc,1,10,40,60807,2016,0,0,Fire
weapon_items,Lightning Stone Greatsword,0x1d78240,1,10,40,60808,2016,0,0,Lightning
weapon_items,Dark Stone Greatsword,0x1d782a4,1,10,40,60809,2016,0,0,Dark
weapon_items,Lucky Stone Greatsword,0x1d78308,1,10,40,60810,2016,0,0,Lucky
weapon_items,Enchanted Stone Greatsword,0x1d7836c,1,10,40,60811,2016,0,0,Enchanted
weapon_items,Holy Stone Greatsword,0x1d783d0,1,10,40,60812,2016,0,0,Holy
weapon_items,Sharp Stone Greatsword,0x1d78434,1,10,40,60813,2016,0,0,Sharp
weapon_items,Blunt Stone Greatsword,0x1d78498,1,10,40,60814,2016,0,0,Blunt
weapon_items,Titanite Catch Pole,0x1d7f450,1,10,30,171000,2026,0,0,Normal
weapon_items,Lethal Titanite Catch Pole,0x1d7f4b4,1,10,30,171001,2026,0,0,Lethal
weapon_items,Cursed Titanite Catch Pole,0x1d7f518,1,10,30,171002,2026,0,0,Cursed
weapon_items,Poison Titanite Catch Pole,0x1d7f57c,1,10,30,171003,2026,0,0,Poison
weapon_items,Blood Titanite Catch Pole,0x1d7f5e0,1,10,30,171004,2026,0,0,Blood
weapon_items,Frost Titanite Catch Pole,0x1d7f644,1,10,30,171005,2026,0,0,Frost
weapon_items,Magic Titanite Catch Pole,0x1d7f6a8,1,10,30,171006,2026,0,0,Magic
weapon_items,Fire Titanite Catch Pole,0x1d7f70c,1,10,30,171007,2026,0,0,Fire
weapon_items,Lightning Titanite Catch Pole,0x1d7f770,1,10,30,171008,2026,0,0,Lightning
weapon_items,Dark Titanite Catch Pole,0x1d7f7d4,1,10,30,171009,2026,0,0,Dark
weapon_items,Lucky Titanite Catch Pole,0x1d7f838,1,10,30,171010,2026,0,0,Lucky
weapon_items,Enchanted Titanite Catch Pole,0x1d7f89c,1,10,30,171011,2026,0,0,Enchanted
weapon_items,Holy Titanite Catch Pole,0x1d7f900,1,10,30,171012,2026,0,0,Holy
weapon_items,Sharp Titanite Catch Pole,0x1d7f964,1,10,30,171013,2026,0,0,Sharp
weapon_items,Blunt Titanite Catch Pole,0x1d7f9c8,1,10,30,171014,2026,0,0,Blunt
weapon_items,Istarelle,0x1d84270,1,10,25,161800,2095,0,0,Normal
weapon_items,Lethal Istarelle,0x1d842d4,1,10,25,161801,2095,0,0,Lethal
weapon_items,Cursed Istarelle,0x1d84338,1,10,25,161802,2095,0,0,Cursed
weapon_items,Poison Istarelle,0x1d8439c,1,10,25,161803,2095,0,0,Poison
weapon_items,Blood Istarelle,0x1d84400,1,10,25,161804,2095,0,0,Blood
weapon_items,Frost Istarelle,0x1d84464,1,10,25,161805,2095,0,0,Frost
weapon_items,Magic Istarelle,0x1d844c8,1,10,25,161806,2095,0,0,Magic
weapon_items,Fire Istarelle,0x1d8452c,1,10,25,161807,2095,0,0,Fire
weapon_items,Lightning Istarelle,0x1d84590,1,10,25,161808,2095,0,0,Lightning
weapon_items,Dark Istarelle,0x1d845f4,1,10,25,161809,2095,0,0,Dark
weapon_items,Lucky Istarelle,0x1d84658,1,10,25,161810,2095,0,0,Lucky
weapon_items,Enchanted Istarelle,0x1d846bc,1,10,25,161811,2095,0,0,Enchanted
weapon_items,Holy Istarelle,0x1d84720,1,10,25,161812,2095,0,0,Holy
weapon_items,Sharp Istarelle,0x1d84784,1,10,25,161813,2095,0,0,Sharp
weapon_items,Blunt Istarelle,0x1d847e8,1,10,25,161814,2095,0,0,Blunt
weapon_items,Kris Blade,0x1d86980,1,10,20,41700,2096,0,0,Normal
weapon_items,Lethal Kris Blade,0x1d869e4,1,10,20,41701,2096,0,0,Lethal
weapon_items,Cursed Kris Blade,0x1d86a48,1,10,20,41702,2096,0,0,Cursed
weapon_items,Poison Kris Blade,0x1d86aac,1,10,20,41703,2096,0,0,Poison
weapon_items,Blood Kris Blade,0x1d86b10,1,10,20,41704,2096,0,0,Blood
weapon_items,Frost Kris Blade,0x1d86b74,1,10,20,41705,2096,0,0,Frost
weapon_items,Magic Kris Blade,0x1d86bd8,1,10,20,41706,2096,0,0,Magic
weapon_items,Fire Kris Blade,0x1d86c3c,1,10,20,41707,2096,0,0,Fire
weapon_items,Lightning Kris Blade,0x1d86ca0,1,10,20,41708,2096,0,0,Lightning
weapon_items,Dark Kris Blade,0x1d86d04,1,10,20,41709,2096,0,0,Dark
weapon_items,Lucky Kris Blade,0x1d86d68,1,10,20,41710,2096,0,0,Lucky
weapon_items,Enchanted Kris Blade,0x1d86dcc,1,10,20,41711,2096,0,0,Enchanted
weapon_items,Holy Kris Blade,0x1d86e30,1,10,20,41712,2096,0,0,Holy
weapon_items,Sharp Kris Blade,0x1d86e94,1,10,20,41713,2096,0,0,Sharp
weapon_items,Blunt Kris Blade,0x1d86ef8,1,10,20,41714,2096,0,0,Blunt
weapon_items,Priscilla's Scythe,0x1d89090,1,10,20,201600,2097,0,0,Normal
weapon_items,Priscilla's Lethal Scythe,0x1d890f4,1,10,20,201601,2097,0,0,Lethal
weapon_items,Priscilla's Cursed Scythe,0x1d89158,1,10,20,201602,2097,0,0,Cursed
weapon_items,Priscilla's Poison Scythe,0x1d891bc,1,10,20,201603,2097,0,0,Poison
weapon_items,Priscilla's Blood Scythe,0x1d89220,1,10,20,201604,2097,0,0,Blood
weapon_items,Priscilla's Frost Scythe,0x1d89284,1,10,20,201605,2097,0,0,Frost
weapon_items,Priscilla's Magic Scythe,0x1d892e8,1,10,20,201606,2097,0,0,Magic
weapon_items,Priscilla's Fire Scythe,0x1d8934c,1,10,20,201607,2097,0,0,Fire
weapon_items,Priscilla's Lightning Scythe,0x1d893b0,1,10,20,201608,2097,0,0,Lightning
weapon_items,Priscilla's Dark Scythe,0x1d89414,1,10,20,201609,2097,0,0,Dark
weapon_items,Priscilla's Lucky Scythe,0x1d89478,1,10,20,201610,2097,0,0,Lucky
weapon_items,Priscilla's Enchanted Scythe,0x1d894dc,1,10,20,201611,2097,0,0,Enchanted
weapon_items,Priscilla's Holy Scythe,0x1d89540,1,10,20,201612,2097,0,0,Holy
weapon_items,Priscilla's Sharp Scythe,0x1d895a4,1,10,20,201613,2097,0,0,Sharp
weapon_items,Priscilla's Blunt Scythe,0x1d89608,1,10,20,201614,2097,0,0,Blunt
weapon_items,Makoto,0x1d8b7a0,1,10,25,111600,2098,0,0,Normal
weapon_items,Lethal Makoto,0x1d8b804,1,10,25,111601,2098,0,0,Lethal
weapon_items,Cursed Makoto,0x1d8b868,1,10,25,111602,2098,0,0,Cursed
weapon_items,Poison Makoto,0x1d8b8cc,1,10,25,111603,2098,0,0,Poison
weapon_items,Blood Makoto,0x1d8b930,1,10,25,111604,2098,0,0,Blood
weapon_items,Frost Makoto,0x1d8b994,1,10,25,111605,2098,0,0,Frost
weapon_items,Magic Makoto,0x1d8b9f8,1,10,25,111606,2098,0,0,Magic
weapon_items,Fire Makoto,0x1d8ba5c,1,10,25,111607,2098,0,0,Fire
weapon_items,Lightning Makoto,0x1d8bac0,1,10,25,111608,2098,0,0,Lightning
weapon_items,Dark Makoto,0x1d8bb24,1,10,25,111609,2098,0,0,Dark
weapon_items,Lucky Makoto,0x1d8bb88,1,10,25,111610,2098,0,0,Lucky
weapon_items,Enchanted Makoto,0x1d8bbec,1,10,25,111611,2098,0,0,Enchanted
weapon_items,Holy Makoto,0x1d8bc50,1,10,25,111612,2098,0,0,Holy
weapon_items,Sharp Makoto,0x1d8bcb4,1,10,25,111613,2098,0,0,Sharp
weapon_items,Blunt Makoto,0x1d8bd18,1,10,25,111614,2098,0,0,Blunt
weapon_items,Man Serpent Greatsword,0x1d8deb0,1,10,30,61000,2099,0,0,Normal
weapon_items,Lethal Man Serpent Greatsword,0x1d8df14,1,10,30,61001,2099,0,0,Lethal
weapon_items,Cursed Man Serpent Greatsword,0x1d8df78,1,10,30,61002,2099,0,0,Cursed
weapon_items,Poison Man Serpent Greatsword,0x1d8dfdc,1,10,30,61003,2099,0,0,Poison
weapon_items,Blood Man Serpent Greatsword,0x1d8e040,1,10,30,61004,2099,0,0,Blood
weapon_items,Frost Man Serpent Greatsword,0x1d8e0a4,1,10,30,61005,2099,0,0,Frost
weapon_items,Magic Man Serpent Greatsword,0x1d8e108,1,10,30,61006,2099,0,0,Magic
weapon_items,Fire Man Serpent Greatsword,0x1d8e16c,1,10,30,61007,2099,0,0,Fire
weapon_items,Lightning Man Serpent Greatsword,0x1d8e1d0,1,10,30,61008,2099,0,0,Lightning
weapon_items,Dark Man Serpent Greatsword,0x1d8e234,1,10,30,61009,2099,0,0,Dark
weapon_items,Lucky Man Serpent Greatsword,0x1d8e298,1,10,30,61010,2099,0,0,Lucky
weapon_items,Enchanted Man Serpent Greatsword,0x1d8e2fc,1,10,30,61011,2099,0,0,Enchanted
weapon_items,Holy Man Serpent Greatsword,0x1d8e360,1,10,30,61012,2099,0,0,Holy
weapon_items,Sharp Man Serpent Greatsword,0x1d8e3c4,1,10,30,61013,2099,0,0,Sharp
weapon_items,Blunt Man Serpent Greatsword,0x1d8e428,1,10,30,61014,2099,0,0,Blunt
weapon_items,Moonlight Butterfly Horn,0x1d92cd0,1,10,25,171200,2101,0,0,Normal
weapon_items,Lethal Moonlight Butterfly Horn,0x1d92d34,1,10,25,171201,2101,0,0,Lethal
weapon_items,Cursed Moonlight Butterfly Horn,0x1d92d98,1,10,25,171202,2101,0,0,Cursed
weapon_items,Poison Moonlight Butterfly Horn,0x1d92dfc,1,10,25,171203,2101,0,0,Poison
weapon_items,Blood Moonlight Butterfly Horn,0x1d92e60,1,10,25,171204,2101,0,0,Blood
weapon_items,Frost Moonlight Butterfly Horn,0x1d92ec4,1,10,25,171205,2101,0,0,Frost
weapon_items,Magic Moonlight Butterfly Horn,0x1d92f28,1,10,25,171206,2101,0,0,Magic
weapon_items,Fire Moonlight Butterfly Horn,0x1d92f8c,1,10,25,171207,2101,0,0,Fire
weapon_items,Lightning Moonlight Butterfly Horn,0x1d92ff0,1,10,25,171208,2101,0,0,Lightning
weapon_items,Dark Moonlight Butterfly Horn,0x1d93054,1,10,25,171209,2101,0,0,Dark
weapon_items,Lucky Moonlight Butterfly Horn,0x1d930b8,1,10,25,171210,2101,0,0,Lucky
weapon_items,Enchanted Moonlight Butterfly Horn,0x1d9311c,1,10,25,171211,2101,0,0,Enchanted
weapon_items,Holy Moonlight Butterfly Horn,0x1d93180,1,10,25,171212,2101,0,0,Holy
weapon_items,Sharp Moonlight Butterfly Horn,0x1d931e4,1,10,25,171213,2101,0,0,Sharp
weapon_items,Blunt Moonlight Butterfly Horn,0x1d93248,1,10,25,171214,2101,0,0,Blunt
weapon_items,Morion Great Blade,0x1d953e0,1,10,30,63200,2102,0,0,Normal
weapon_items,Lethal Morion Great Blade,0x1d95444,1,10,30,63201,2102,0,0,Lethal
weapon_items,Cursed Morion Great Blade,0x1d954a8,1,10,30,63202,2102,0,0,Cursed
weapon_items,Poison Morion Great Blade,0x1d9550c,1,10,30,63203,2102,0,0,Poison
weapon_items,Blood Morion Great Blade,0x1d95570,1,10,30,63204,2102,0,0,Blood
weapon_items,Frost Morion Great Blade,0x1d955d4,1,10,30,63205,2102,0,0,Frost
weapon_items,Magic Morion Great Blade,0x1d95638,1,10,30,63206,2102,0,0,Magic
weapon_items,Fire Morion Great Blade,0x1d9569c,1,10,30,63207,2102,0,0,Fire
weapon_items,Lightning Morion Great Blade,0x1d95700,1,10,30,63208,2102,0,0,Lightning
weapon_items,Dark Morion Great Blade,0x1d95764,1,10,30,63209,2102,0,0,Dark
weapon_items,Lucky Morion Great Blade,0x1d957c8,1,10,30,63210,2102,0,0,Lucky
weapon_items,Enchanted Morion Great Blade,0x1d9582c,1,10,30,63211,2102,0,0,Enchanted
weapon_items,Holy Morion Great Blade,0x1d95890,1,10,30,63212,2102,0,0,Holy
weapon_items,Sharp Morion Great Blade,0x1d958f4,1,10,30,63213,2102,0,0,Sharp
weapon_items,Blunt Morion Great Blade,0x1d95958,1,10,30,63214,2102,0,0,Blunt
weapon_items,Needle of Eternal Agony,0x1d97af0,1,10,20,42700,2103,0,0,Normal
weapon_items,Lethal Needle of Eternal Agony,0x1d97b54,1,10,20,42701,2103,0,0,Lethal
weapon_items,Cursed Needle of Eternal Agony,0x1d97bb8,1,10,20,42702,2103,0,0,Cursed
weapon_items,Poison Needle of Eternal Agony,0x1d97c1c,1,10,20,42703,2103,0,0,Poison
weapon_items,Blood Needle of Eternal Agony,0x1d97c80,1,10,20,42704,2103,0,0,Blood
weapon_items,Frost Needle of Eternal Agony,0x1d97ce4,1,10,20,42705,2103,0,0,Frost
weapon_items,Magic Needle of Eternal Agony,0x1d97d48,1,10,20,42706,2103,0,0,Magic
weapon_items,Fire Needle of Eternal Agony,0x1d97dac,1,10,20,42707,2103,0,0,Fire
weapon_items,Lightning Needle of Eternal Agony,0x1d97e10,1,10,20,42708,2103,0,0,Lightning
weapon_items,Dark Needle of Eternal Agony,0x1d97e74,1,10,20,42709,2103,0,0,Dark
weapon_items,Lucky Needle of Eternal Agony,0x1d97ed8,1,10,20,42710,2103,0,0,Lucky
weapon_items,Enchanted Needle of Eternal Agony,0x1d97f3c,1,10,20,42711,2103,0,0,Enchanted
weapon_items,Holy Needle of Eternal Agony,0x1d97fa0,1,10,20,42712,2103,0,0,Holy
weapon_items,Sharp Needle of Eternal Agony,0x1d98004,1,10,20,42713,2103,0,0,Sharp
weapon_items,Blunt Needle of Eternal Agony,0x1d98068,1,10,20,42714,2103,0,0,Blunt
weapon_items,Obsidian Greatsword,0x1d9a200,1,10,999,65800,2104,0,0,Normal
weapon_items,Lethal Obsidian Greatsword,0x1d9a264,1,10,999,65801,2104,0,0,Lethal
weapon_items,Cursed Obsidian Greatsword,0x1d9a2c8,1,10,999,65802,2104,0,0,Cursed
weapon_items,Poison Obsidian Greatsword,0x1d9a32c,1,10,999,65803,2104,0,0,Poison
weapon_items,Blood Obsidian Greatsword,0x1d9a390,1,10,999,65804,2104,0,0,Blood
weapon_items,Frost Obsidian Greatsword,0x1d9a3f4,1,10,999,65805,2104,0,0,Frost
weapon_items,Magic Obsidian Greatsword,0x1d9a458,1,10,999,65806,2104,0,0,Magic
weapon_items,Fire Obsidian Greatsword,0x1d9a4bc,1,10,999,65807,2104,0,0,Fire
weapon_items,Lightning Obsidian Greatsword,0x1d9a520,1,10,999,65808,2104,0,0,Lightning
weapon_items,Dark Obsidian Greatsword,0x1d9a584,1,10,999,65809,2104,0,0,Dark
weapon_items,Lucky Obsidian Greatsword,0x1d9a5e8,1,10,999,65810,2104,0,0,Lucky
weapon_items,Enchanted Obsidian Greatsword,0x1d9a64c,1,10,999,65811,2104,0,0,Enchanted
weapon_items,Holy Obsidian Greatsword,0x1d9a6b0,1,10,999,65812,2104,0,0,Holy
weapon_items,Sharp Obsidian Greatsword,0x1d9a714,1,10,999,65813,2104,0,0,Sharp
weapon_items,Blunt Obsidian Greatsword,0x1d9a778,1,10,999,65814,2104,0,0,Blunt
weapon_items,Penetrating Sword,0x1d9c910,1,10,20,51400,2105,0,0,Normal
weapon_items,Lethal Penetrating Sword,0x1d9c974,1,10,20,51401,2105,0,0,Lethal
weapon_items,Cursed Penetrating Sword,0x1d9c9d8,1,10,20,51402,2105,0,0,Cursed
weapon_items,Poison Penetrating Sword,0x1d9ca3c,1,10,20,51403,2105,0,0,Poison
weapon_items,Blood Penetrating Sword,0x1d9caa0,1,10,20,51404,2105,0,0,Blood
weapon_items,Frost Penetrating Sword,0x1d9cb04,1,10,20,51405,2105,0,0,Frost
weapon_items,Magic Penetrating Sword,0x1d9cb68,1,10,20,51406,2105,0,0,Magic
weapon_items,Fire Penetrating Sword,0x1d9cbcc,1,10,20,51407,2105,0,0,Fire
weapon_items,Lightning Penetrating Sword,0x1d9cc30,1,10,20,51408,2105,0,0,Lightning
weapon_items,Dark Penetrating Sword,0x1d9cc94,1,10,20,51409,2105,0,0,Dark
weapon_items,Lucky Penetrating Sword,0x1d9ccf8,1,10,20,51410,2105,0,0,Lucky
weapon_items,Enchanted Penetrating Sword,0x1d9cd5c,1,10,20,51411,2105,0,0,Enchanted
weapon_items,Holy Penetrating Sword,0x1d9cdc0,1,10,20,51412,2105,0,0,Holy
weapon_items,Sharp Penetrating Sword,0x1d9ce24,1,10,20,51413,2105,0,0,Sharp
weapon_items,Blunt Penetrating Sword,0x1d9ce88,1,10,20,51414,2105,0,0,Blunt
weapon_items,Phosphorescent Pole,0x1d9f020,1,10,30,241800,2106,0,0,Normal
weapon_items,Lethal Phosphorescent Pole,0x1d9f084,1,10,30,241801,2106,0,0,Lethal
weapon_items,Cursed Phosphorescent Pole,0x1d9f0e8,1,10,30,241802,2106,0,0,Cursed
weapon_items,Poison Phosphorescent Pole,0x1d9f14c,1,10,30,241803,2106,0,0,Poison
weapon_items,Blood Phosphorescent Pole,0x1d9f1b0,1,10,30,241804,2106,0,0,Blood
weapon_items,Frost Phosphorescent Pole,0x1d9f214,1,10,30,241805,2106,0,0,Frost
weapon_items,Magic Phosphorescent Pole,0x1d9f278,1,10,30,241806,2106,0,0,Magic
weapon_items,Fire Phosphorescent Pole,0x1d9f2dc,1,10,30,241807,2106,0,0,Fire
weapon_items,Lightning Phosphorescent Pole,0x1d9f340,1,10,30,241808,2106,0,0,Lightning
weapon_items,Dark Phosphorescent Pole,0x1d9f3a4,1,10,30,241809,2106,0,0,Dark
weapon_items,Lucky Phosphorescent Pole,0x1d9f408,1,10,30,241810,2106,0,0,Lucky
weapon_items,Enchanted Phosphorescent Pole,0x1d9f46c,1,10,30,241811,2106,0,0,Enchanted
weapon_items,Holy Phosphorescent Pole,0x1d9f4d0,1,10,30,241812,2106,0,0,Holy
weapon_items,Sharp Phosphorescent Pole,0x1d9f534,1,10,30,241813,2106,0,0,Sharp
weapon_items,Blunt Phosphorescent Pole,0x1d9f598,1,10,30,241814,2106,0,0,Blunt
weapon_items,Quelaag's Fury Sword,0x1da1730,1,10,25,83600,2107,0,0,Normal
weapon_items,Quelaag's Lethal Fury Sword,0x1da1794,1,10,25,83601,2107,0,0,Lethal
weapon_items,Quelaag's Cursed Fury Sword,0x1da17f8,1,10,25,83602,2107,0,0,Cursed
weapon_items,Quelaag's Poison Fury Sword,0x1da185c,1,10,25,83603,2107,0,0,Poison
weapon_items,Quelaag's Blood Fury Sword,0x1da18c0,1,10,25,83604,2107,0,0,Blood
weapon_items,Quelaag's Frost Fury Sword,0x1da1924,1,10,25,83605,2107,0,0,Frost
weapon_items,Quelaag's Magic Fury Sword,0x1da1988,1,10,25,83606,2107,0,0,Magic
weapon_items,Quelaag's Fire Fury Sword,0x1da19ec,1,10,25,83607,2107,0,0,Fire
weapon_items,Quelaag's Lightning Fury Sword,0x1da1a50,1,10,25,83608,2107,0,0,Lightning
weapon_items,Quelaag's Dark Fury Sword,0x1da1ab4,1,10,25,83609,2107,0,0,Dark
weapon_items,Quelaag's Lucky Fury Sword,0x1da1b18,1,10,25,83610,2107,0,0,Lucky
weapon_items,Quelaag's Enchanted Fury Sword,0x1da1b7c,1,10,25,83611,2107,0,0,Enchanted
weapon_items,Quelaag's Holy Fury Sword,0x1da1be0,1,10,25,83612,2107,0,0,Holy
weapon_items,Quelaag's Sharp Fury Sword,0x1da1c44,1,10,25,83613,2107,0,0,Sharp
weapon_items,Quelaag's Blunt Fury Sword,0x1da1ca8,1,10,25,83614,2107,0,0,Blunt
weapon_items,Meat Cleaver,0x1da3e40,1,10,40,71000,4016,0,0,Normal
weapon_items,Lethal Meat Cleaver,0x1da3ea4,1,10,40,71001,4016,0,0,Lethal
weapon_items,Cursed Meat Cleaver,0x1da3f08,1,10,40,71002,4016,0,0,Cursed
weapon_items,Poison Meat Cleaver,0x1da3f6c,1,10,40,71003,4016,0,0,Poison
weapon_items,Blood Meat Cleaver,0x1da3fd0,1,10,40,71004,4016,0,0,Blood
weapon_items,Frost Meat Cleaver,0x1da4034,1,10,40,71005,4016,0,0,Frost
weapon_items,Magic Meat Cleaver,0x1da4098,1,10,40,71006,4016,0,0,Magic
weapon_items,Fire Meat Cleaver,0x1da40fc,1,10,40,71007,4016,0,0,Fire
weapon_items,Lightning Meat Cleaver,0x1da4160,1,10,40,71008,4016,0,0,Lightning
weapon_items,Dark Meat Cleaver,0x1da41c4,1,10,40,71009,4016,0,0,Dark
weapon_items,Lucky Meat Cleaver,0x1da4228,1,10,40,71010,4016,0,0,Lucky
weapon_items,Enchanted Meat Cleaver,0x1da428c,1,10,40,71011,4016,0,0,Enchanted
weapon_items,Holy Meat Cleaver,0x1da42f0,1,10,40,71012,4016,0,0,Holy
weapon_items,Sharp Meat Cleaver,0x1da4354,1,10,40,71013,4016,0,0,Sharp
weapon_items,Blunt Meat Cleaver,0x1da43b8,1,10,40,71014,4016,0,0,Blunt
weapon_items,Spiral Greatsword,0x1da6550,1,10,30,63600,4020,0,0,Normal
weapon_items,Lethal Spiral Greatsword,0x1da65b4,1,10,30,63601,4020,0,0,Lethal
weapon_items,Cursed Spiral Greatsword,0x1da6618,1,10,30,63602,4020,0,0,Cursed
weapon_items,Poison Spiral Greatsword,0x1da667c,1,10,30,63603,4020,0,0,Poison
weapon_items,Blood Spiral Greatsword,0x1da66e0,1,10,30,63604,4020,0,0,Blood
weapon_items,Frost Spiral Greatsword,0x1da6744,1,10,30,63605,4020,0,0,Frost
weapon_items,Magic Spiral Greatsword,0x1da67a8,1,10,30,63606,4020,0,0,Magic
weapon_items,Fire Spiral Greatsword,0x1da680c,1,10,30,63607,4020,0,0,Fire
weapon_items,Lightning Spiral Greatsword,0x1da6870,1,10,30,63608,4020,0,0,Lightning
weapon_items,Dark Spiral Greatsword,0x1da68d4,1,10,30,63609,4020,0,0,Dark
weapon_items,Lucky Spiral Greatsword,0x1da6938,1,10,30,63610,4020,0,0,Lucky
weapon_items,Enchanted Spiral Greatsword,0x1da699c,1,10,30,63611,4020,0,0,Enchanted
weapon_items,Holy Spiral Greatsword,0x1da6a00,1,10,30,63612,4020,0,0,Holy
weapon_items,Sharp Spiral Greatsword,0x1da6a64,1,10,30,63613,4020,0,0,Sharp
weapon_items,Blunt Spiral Greatsword,0x1da6ac8,1,10,30,63614,4020,0,0,Blunt
weapon_items,Beast Claw,0x1da8c60,1,10,30,230400,1360,0,0,Normal
weapon_items,Lethal Beast Claw,0x1da8cc4,1,10,30,230401,1360,0,0,Lethal
weapon_items,Cursed Beast Claw,0x1da8d28,1,10,30,230402,1360,0,0,Cursed
weapon_items,Poison Beast Claw,0x1da8d8c,1,10,30,230403,1360,0,0,Poison
weapon_items,Blood Beast Claw,0x1da8df0,1,10,30,230404,1360,0,0,Blood
weapon_items,Frost Beast Claw,0x1da8e54,1,10,30,230405,1360,0,0,Frost
weapon_items,Magic Beast Claw,0x1da8eb8,1,10,30,230406,1360,0,0,Magic
weapon_items,Fire Beast Claw,0x1da8f1c,1,10,30,230407,1360,0,0,Fire
weapon_items,Lightning Beast Claw,0x1da8f80,1,10,30,230408,1360,0,0,Lightning
weapon_items,Dark Beast Claw,0x1da8fe4,1,10,30,230409,1360,0,0,Dark
weapon_items,Lucky Beast Claw,0x1da9048,1,10,30,230410,1360,0,0,Lucky
weapon_items,Enchanted Beast Claw,0x1da90ac,1,10,30,230411,1360,0,0,Enchanted
weapon_items,Holy Beast Claw,0x1da9110,1,10,30,230412,1360,0,0,Holy
weapon_items,Sharp Beast Claw,0x1da9174,1,10,30,230413,1360,0,0,Sharp
weapon_items,Blunt Beast Claw,0x1da91d8,1,10,30,230414,1360,0,0,Blunt
weapon_items,Rakuyo,0x1dab370,1,10,25,110600,1361,0,0,Normal
weapon_items,Lethal Rakuyo,0x1dab3d4,1,10,25,110601,1361,0,0,Lethal
weapon_items,Cursed Rakuyo,0x1dab438,1,10,25,110602,1361,0,0,Cursed
weapon_items,Poison Rakuyo,0x1dab49c,1,10,25,110603,1361,0,0,Poison
weapon_items,Blood Rakuyo,0x1dab500,1,10,25,110604,1361,0,0,Blood
weapon_items,Frost Rakuyo,0x1dab564,1,10,25,110605,1361,0,0,Frost
weapon_items,Magic Rakuyo,0x1dab5c8,1,10,25,110606,1361,0,0,Magic
weapon_items,Fire Rakuyo,0x1dab62c,1,10,25,110607,1361,0,0,Fire
weapon_items,Lightning Rakuyo,0x1dab690,1,10,25,110608,1361,0,0,Lightning
weapon_items,Dark Rakuyo,0x1dab6f4,1,10,25,110609,1361,0,0,Dark
weapon_items,Lucky Rakuyo,0x1dab758,1,10,25,110610,1361,0,0,Lucky
weapon_items,Enchanted Rakuyo,0x1dab7bc,1,10,25,110611,1361,0,0,Enchanted
weapon_items,Holy Rakuyo,0x1dab820,1,10,25,110612,1361,0,0,Holy
weapon_items,Sharp Rakuyo,0x1dab884,1,10,25,110613,1361,0,0,Sharp
weapon_items,Blunt Rakuyo,0x1dab8e8,1,10,25,110614,1361,0,0,Blunt
weapon_items,Handmaid's Ladle,0x1dada80,1,10,25,140200,1362,0,0,Normal
weapon_items,Lethal Handmaid's Ladle,0x1dadae4,1,10,25,140201,1362,0,0,Lethal
weapon_items,Cursed Handmaid's Ladle,0x1dadb48,1,10,25,140202,1362,0,0,Cursed
weapon_items,Poison Handmaid's Ladle,0x1dadbac,1,10,25,140203,1362,0,0,Poison
weapon_items,Blood Handmaid's Ladle,0x1dadc10,1,10,25,140204,1362,0,0,Blood
weapon_items,Frost Handmaid's Ladle,0x1dadc74,1,10,25,140205,1362,0,0,Frost
weapon_items,Magic Handmaid's Ladle,0x1dadcd8,1,10,25,140206,1362,0,0,Magic
weapon_items,Fire Handmaid's Ladle,0x1dadd3c,1,10,25,140207,1362,0,0,Fire
weapon_items,Lightning Handmaid's Ladle,0x1dadda0,1,10,25,140208,1362,0,0,Lightning
weapon_items,Dark Handmaid's Ladle,0x1dade04,1,10,25,140209,1362,0,0,Dark
weapon_items,Lucky Handmaid's Ladle,0x1dade68,1,10,25,140210,1362,0,0,Lucky
weapon_items,Enchanted Handmaid's Ladle,0x1dadecc,1,10,25,140211,1362,0,0,Enchanted
weapon_items,Holy Handmaid's Ladle,0x1dadf30,1,10,25,140212,1362,0,0,Holy
weapon_items,Sharp Handmaid's Ladle,0x1dadf94,1,10,25,140213,1362,0,0,Sharp
weapon_items,Blunt Handmaid's Ladle,0x1dadff8,1,10,25,140214,1362,0,0,Blunt
weapon_items,Crypt Blacksword,0x1db0190,1,10,40,73000,1363,0,0,Normal
weapon_items,Lethal Crypt Blacksword,0x1db01f4,1,10,40,73001,1363,0,0,Lethal
weapon_items,Cursed Crypt Blacksword,0x1db0258,1,10,40,73002,1363,0,0,Cursed
weapon_items,Poison Crypt Blacksword,0x1db02bc,1,10,40,73003,1363,0,0,Poison
weapon_items,Blood Crypt Blacksword,0x1db0320,1,10,40,73004,1363,0,0,Blood
weapon_items,Frost Crypt Blacksword,0x1db0384,1,10,40,73005,1363,0,0,Frost
weapon_items,Magic Crypt Blacksword,0x1db03e8,1,10,40,73006,1363,0,0,Magic
weapon_items,Fire Crypt Blacksword,0x1db044c,1,10,40,73007,1363,0,0,Fire
weapon_items,Lightning Crypt Blacksword,0x1db04b0,1,10,40,73008,1363,0,0,Lightning
weapon_items,Dark Crypt Blacksword,0x1db0514,1,10,40,73009,1363,0,0,Dark
weapon_items,Lucky Crypt Blacksword,0x1db0578,1,10,40,73010,1363,0,0,Lucky
weapon_items,Enchanted Crypt Blacksword,0x1db05dc,1,10,40,73011,1363,0,0,Enchanted
weapon_items,Holy Crypt Blacksword,0x1db0640,1,10,40,73012,1363,0,0,Holy
weapon_items,Sharp Crypt Blacksword,0x1db06a4,1,10,40,73013,1363,0,0,Sharp
weapon_items,Blunt Crypt Blacksword,0x1db0708,1,10,40,73014,1363,0,0,Blunt
weapon_items,Smelter Sword,0x1db28a0,1,10,35,72800,1364,0,0,Normal
weapon_items,Lethal Smelter Sword,0x1db2904,1,10,35,72801,1364,0,0,Lethal
weapon_items,Cursed Smelter Sword,0x1db2968,1,10,35,72802,1364,0,0,Cursed
weapon_items,Poison Smelter Sword,0x1db29cc,1,10,35,72803,1364,0,0,Poison
weapon_items,Blood Smelter Sword,0x1db2a30,1,10,35,72804,1364,0,0,Blood
weapon_items,Frost Smelter Sword,0x1db2a94,1,10,35,72805,1364,0,0,Frost
weapon_items,Magic Smelter Sword,0x1db2af8,1,10,35,72806,1364,0,0,Magic
weapon_items,Fire Smelter Sword,0x1db2b5c,1,10,35,72807,1364,0,0,Fire
weapon_items,Lightning Smelter Sword,0x1db2bc0,1,10,35,72808,1364,0,0,Lightning
weapon_items,Dark Smelter Sword,0x1db2c24,1,10,35,72809,1364,0,0,Dark
weapon_items,Lucky Smelter Sword,0x1db2c88,1,10,35,72810,1364,0,0,Lucky
weapon_items,Enchanted Smelter Sword,0x1db2cec,1,10,35,72811,1364,0,0,Enchanted
weapon_items,Holy Smelter Sword,0x1db2d50,1,10,35,72812,1364,0,0,Holy
weapon_items,Sharp Smelter Sword,0x1db2db4,1,10,35,72813,1364,0,0,Sharp
weapon_items,Blunt Smelter Sword,0x1db2e18,1,10,35,72814,1364,0,0,Blunt
weapon_items,Ash Demon Hammer,0x1db76c0,1,10,999,150400,1366,0,0,Normal
weapon_items,Lethal Ash Demon Hammer,0x1db7724,1,10,999,150401,1366,0,0,Lethal
weapon_items,Cursed Ash Demon Hammer,0x1db7788,1,10,999,150402,1366,0,0,Cursed
weapon_items,Poison Ash Demon Hammer,0x1db77ec,1,10,999,150403,1366,0,0,Poison
weapon_items,Blood Ash Demon Hammer,0x1db7850,1,10,999,150404,1366,0,0,Blood
weapon_items,Frost Ash Demon Hammer,0x1db78b4,1,10,999,150405,1366,0,0,Frost
weapon_items,Magic Ash Demon Hammer,0x1db7918,1,10,999,150406,1366,0,0,Magic
weapon_items,Fire Ash Demon Hammer,0x1db797c,1,10,999,150407,1366,0,0,Fire
weapon_items,Lightning Ash Demon Hammer,0x1db79e0,1,10,999,150408,1366,0,0,Lightning
weapon_items,Dark Ash Demon Hammer,0x1db7a44,1,10,999,150409,1366,0,0,Dark
weapon_items,Lucky Ash Demon Hammer,0x1db7aa8,1,10,999,150410,1366,0,0,Lucky
weapon_items,Enchanted Ash Demon Hammer,0x1db7b0c,1,10,999,150411,1366,0,0,Enchanted
weapon_items,Holy Ash Demon Hammer,0x1db7b70,1,10,999,150412,1366,0,0,Holy
weapon_items,Sharp Ash Demon Hammer,0x1db7bd4,1,10,999,150413,1366,0,0,Sharp
weapon_items,Blunt Ash Demon Hammer,0x1db7c38,1,10,999,150414,1366,0,0,Blunt
weapon_items,Elder Ghru Tree,0x1db9dd0,1,10,40,151000,1367,0,0,Normal
weapon_items,Lethal Elder Ghru Tree,0x1db9e34,1,10,40,151001,1367,0,0,Lethal
weapon_items,Cursed Elder Ghru Tree,0x1db9e98,1,10,40,151002,1367,0,0,Cursed
weapon_items,Poison Elder Ghru Tree,0x1db9efc,1,10,40,151003,1367,0,0,Poison
weapon_items,Blood Elder Ghru Tree,0x1db9f60,1,10,40,151004,1367,0,0,Blood
weapon_items,Frost Elder Ghru Tree,0x1db9fc4,1,10,40,151005,1367,0,0,Frost
weapon_items,Magic Elder Ghru Tree,0x1dba028,1,10,40,151006,1367,0,0,Magic
weapon_items,Fire Elder Ghru Tree,0x1dba08c,1,10,40,151007,1367,0,0,Fire
weapon_items,Lightning Elder Ghru Tree,0x1dba0f0,1,10,40,151008,1367,0,0,Lightning
weapon_items,Dark Elder Ghru Tree,0x1dba154,1,10,40,151009,1367,0,0,Dark
weapon_items,Lucky Elder Ghru Tree,0x1dba1b8,1,10,40,151010,1367,0,0,Lucky
weapon_items,Enchanted Elder Ghru Tree,0x1dba21c,1,10,40,151011,1367,0,0,Enchanted
weapon_items,Holy Elder Ghru Tree,0x1dba280,1,10,40,151012,1367,0,0,Holy
weapon_items,Sharp Elder Ghru Tree,0x1dba2e4,1,10,40,151013,1367,0,0,Sharp
weapon_items,Blunt Elder Ghru Tree,0x1dba348,1,10,40,151014,1367,0,0,Blunt
weapon_items,Giant Crab Arm,0x1dbc4e0,1,10,40,151200,1368,0,0,Normal
weapon_items,Lethal Giant Crab Arm,0x1dbc544,1,10,40,151201,1368,0,0,Lethal
weapon_items,Cursed Giant Crab Arm,0x1dbc5a8,1,10,40,151202,1368,0,0,Cursed
weapon_items,Poison Giant Crab Arm,0x1dbc60c,1,10,40,151203,1368,0,0,Poison
weapon_items,Blood Giant Crab Arm,0x1dbc670,1,10,40,151204,1368,0,0,Blood
weapon_items,Frost Giant Crab Arm,0x1dbc6d4,1,10,40,151205,1368,0,0,Frost
weapon_items,Magic Giant Crab Arm,0x1dbc738,1,10,40,151206,1368,0,0,Magic
weapon_items,Fire Giant Crab Arm,0x1dbc79c,1,10,40,151207,1368,0,0,Fire
weapon_items,Lightning Giant Crab Arm,0x1dbc800,1,10,40,151208,1368,0,0,Lightning
weapon_items,Dark Giant Crab Arm,0x1dbc864,1,10,40,151209,1368,0,0,Dark
weapon_items,Lucky Giant Crab Arm,0x1dbc8c8,1,10,40,151210,1368,0,0,Lucky
weapon_items,Enchanted Giant Crab Arm,0x1dbc92c,1,10,40,151211,1368,0,0,Enchanted
weapon_items,Holy Giant Crab Arm,0x1dbc990,1,10,40,151212,1368,0,0,Holy
weapon_items,Sharp Giant Crab Arm,0x1dbc9f4,1,10,40,151213,1368,0,0,Sharp
weapon_items,Blunt Giant Crab Arm,0x1dbca58,1,10,40,151214,1368,0,0,Blunt
weapon_items,Hunter's Log,0x1dbebf0,1,10,25,170200,1369,0,0,Normal
weapon_items,Lethal Hunter's Log,0x1dbec54,1,10,25,170201,1369,0,0,Lethal
weapon_items,Cursed Hunter's Log,0x1dbecb8,1,10,25,170202,1369,0,0,Cursed
weapon_items,Poison Hunter's Log,0x1dbed1c,1,10,25,170203,1369,0,0,Poison
weapon_items,Blood Hunter's Log,0x1dbed80,1,10,25,170204,1369,0,0,Blood
weapon_items,Frost Hunter's Log,0x1dbede4,1,10,25,170205,1369,0,0,Frost
weapon_items,Magic Hunter's Log,0x1dbee48,1,10,25,170206,1369,0,0,Magic
weapon_items,Fire Hunter's Log,0x1dbeeac,1,10,25,170207,1369,0,0,Fire
weapon_items,Lightning Hunter's Log,0x1dbef10,1,10,25,170208,1369,0,0,Lightning
weapon_items,Dark Hunter's Log,0x1dbef74,1,10,25,170209,1369,0,0,Dark
weapon_items,Lucky Hunter's Log,0x1dbefd8,1,10,25,170210,1369,0,0,Lucky
weapon_items,Enchanted Hunter's Log,0x1dbf03c,1,10,25,170211,1369,0,0,Enchanted
weapon_items,Holy Hunter's Log,0x1dbf0a0,1,10,25,170212,1369,0,0,Holy
weapon_items,Sharp Hunter's Log,0x1dbf104,1,10,25,170213,1369,0,0,Sharp
weapon_items,Blunt Hunter's Log,0x1dbf168,1,10,25,170214,1369,0,0,Blunt
weapon_items,Serpentine Twindaggers,0x1dc1300,1,10,25,44300,1370,0,0,Normal
weapon_items,Lethal Serpentine Twindaggers,0x1dc1364,1,10,25,44301,1370,0,0,Lethal
weapon_items,Cursed Serpentine Twindaggers,0x1dc13c8,1,10,25,44302,1370,0,0,Cursed
weapon_items,Poison Serpentine Twindaggers,0x1dc142c,1,10,25,44303,1370,0,0,Poison
weapon_items,Blood Serpentine Twindaggers,0x1dc1490,1,10,25,44304,1370,0,0,Blood
weapon_items,Frost Serpentine Twindaggers,0x1dc14f4,1,10,25,44305,1370,0,0,Frost
weapon_items,Magic Serpentine Twindaggers,0x1dc1558,1,10,25,44306,1370,0,0,Magic
weapon_items,Fire Serpentine Twindaggers,0x1dc15bc,1,10,25,44307,1370,0,0,Fire
weapon_items,Lightning Serpentine Twindaggers,0x1dc1620,1,10,25,44308,1370,0,0,Lightning
weapon_items,Dark Serpentine Twindaggers,0x1dc1684,1,10,25,44309,1370,0,0,Dark
weapon_items,Lucky Serpentine Twindaggers,0x1dc16e8,1,10,25,44310,1370,0,0,Lucky
weapon_items,Enchanted Serpentine Twindaggers,0x1dc174c,1,10,25,44311,1370,0,0,Enchanted
weapon_items,Holy Serpentine Twindaggers,0x1dc17b0,1,10,25,44312,1370,0,0,Holy
weapon_items,Sharp Serpentine Twindaggers,0x1dc1814,1,10,25,44313,1370,0,0,Sharp
weapon_items,Blunt Serpentine Twindaggers,0x1dc1878,1,10,25,44314,1370,0,0,Blunt
weapon_items,Shiv,0x1dc3a10,1,10,20,41900,1371,0,0,Normal
weapon_items,Lethal Shiv,0x1dc3a74,1,10,20,41901,1371,0,0,Lethal
weapon_items,Cursed Shiv,0x1dc3ad8,1,10,20,41902,1371,0,0,Cursed
weapon_items,Poison Shiv,0x1dc3b3c,1,10,20,41903,1371,0,0,Poison
weapon_items,Blood Shiv,0x1dc3ba0,1,10,20,41904,1371,0,0,Blood
weapon_items,Frost Shiv,0x1dc3c04,1,10,20,41905,1371,0,0,Frost
weapon_items,Magic Shiv,0x1dc3c68,1,10,20,41906,1371,0,0,Magic
weapon_items,Fire Shiv,0x1dc3ccc,1,10,20,41907,1371,0,0,Fire
weapon_items,Lightning Shiv,0x1dc3d30,1,10,20,41908,1371,0,0,Lightning
weapon_items,Dark Shiv,0x1dc3d94,1,10,20,41909,1371,0,0,Dark
weapon_items,Lucky Shiv,0x1dc3df8,1,10,20,41910,1371,0,0,Lucky
weapon_items,Enchanted Shiv,0x1dc3e5c,1,10,20,41911,1371,0,0,Enchanted
weapon_items,Holy Shiv,0x1dc3ec0,1,10,20,41912,1371,0,0,Holy
weapon_items,Sharp Shiv,0x1dc3f24,1,10,20,41913,1371,0,0,Sharp
weapon_items,Blunt Shiv,0x1dc3f88,1,10,20,41914,1371,0,0,Blunt
weapon_items,Serpentine Battle Axe,0x1dc6120,1,10,40,131200,1372,0,0,Normal
weapon_items,Lethal Serpentine Battle Axe,0x1dc6184,1,10,40,131201,1372,0,0,Lethal
weapon_items,Cursed Serpentine Battle Axe,0x1dc61e8,1,10,40,131202,1372,0,0,Cursed
weapon_items,Poison Serpentine Battle Axe,0x1dc624c,1,10,40,131203,1372,0,0,Poison
weapon_items,Blood Serpentine Battle Axe,0x1dc62b0,1,10,40,131204,1372,0,0,Blood
weapon_items,Frost Serpentine Battle Axe,0x1dc6314,1,10,40,131205,1372,0,0,Frost
weapon_items,Magic Serpentine Battle Axe,0x1dc6378,1,10,40,131206,1372,0,0,Magic
weapon_items,Fire Serpentine Battle Axe,0x1dc63dc,1,10,40,131207,1372,0,0,Fire
weapon_items,Lightning Serpentine Battle Axe,0x1dc6440,1,10,40,131208,1372,0,0,Lightning
weapon_items,Dark Serpentine Battle Axe,0x1dc64a4,1,10,40,131209,1372,0,0,Dark
weapon_items,Lucky Serpentine Battle Axe,0x1dc6508,1,10,40,131210,1372,0,0,Lucky
weapon_items,Enchanted Serpentine Battle Axe,0x1dc656c,1,10,40,131211,1372,0,0,Enchanted
weapon_items,Holy Serpentine Battle Axe,0x1dc65d0,1,10,40,131212,1372,0,0,Holy
weapon_items,Sharp Serpentine Battle Axe,0x1dc6634,1,10,40,131213,1372,0,0,Sharp
weapon_items,Blunt Serpentine Battle Axe,0x1dc6698,1,10,40,131214,1372,0,0,Blunt
weapon_items,Serpentine Axe,0x1dc8830,1,10,25,121000,1373,0,0,Normal
weapon_items,Lethal Serpentine Axe,0x1dc8894,1,10,25,121001,1373,0,0,Lethal
weapon_items,Cursed Serpentine Axe,0x1dc88f8,1,10,25,121002,1373,0,0,Cursed
weapon_items,Poison Serpentine Axe,0x1dc895c,1,10,25,121003,1373,0,0,Poison
weapon_items,Blood Serpentine Axe,0x1dc89c0,1,10,25,121004,1373,0,0,Blood
weapon_items,Frost Serpentine Axe,0x1dc8a24,1,10,25,121005,1373,0,0,Frost
weapon_items,Magic Serpentine Axe,0x1dc8a88,1,10,25,121006,1373,0,0,Magic
weapon_items,Fire Serpentine Axe,0x1dc8aec,1,10,25,121007,1373,0,0,Fire
weapon_items,Lightning Serpentine Axe,0x1dc8b50,1,10,25,121008,1373,0,0,Lightning
weapon_items,Dark Serpentine Axe,0x1dc8bb4,1,10,25,121009,1373,0,0,Dark
weapon_items,Lucky Serpentine Axe,0x1dc8c18,1,10,25,121010,1373,0,0,Lucky
weapon_items,Enchanted Serpentine Axe,0x1dc8c7c,1,10,25,121011,1373,0,0,Enchanted
weapon_items,Holy Serpentine Axe,0x1dc8ce0,1,10,25,121012,1373,0,0,Holy
weapon_items,Sharp Serpentine Axe,0x1dc8d44,1,10,25,121013,1373,0,0,Sharp
weapon_items,Blunt Serpentine Axe,0x1dc8da8,1,10,25,121014,1373,0,0,Blunt
weapon_items,Thrall Harpe,0x1dcaf40,1,10,20,40900,1374,0,0,Normal
weapon_items,Lethal Thrall Harpe,0x1dcafa4,1,10,20,40901,1374,0,0,Lethal
weapon_items,Cursed Thrall Harpe,0x1dcb008,1,10,20,40902,1374,0,0,Cursed
weapon_items,Poison Thrall Harpe,0x1dcb06c,1,10,20,40903,1374,0,0,Poison
weapon_items,Blood Thrall Harpe,0x1dcb0d0,1,10,20,40904,1374,0,0,Blood
weapon_items,Frost Thrall Harpe,0x1dcb134,1,10,20,40905,1374,0,0,Frost
weapon_items,Magic Thrall Harpe,0x1dcb198,1,10,20,40906,1374,0,0,Magic
weapon_items,Fire Thrall Harpe,0x1dcb1fc,1,10,20,40907,1374,0,0,Fire
weapon_items,Lightning Thrall Harpe,0x1dcb260,1,10,20,40908,1374,0,0,Lightning
weapon_items,Dark Thrall Harpe,0x1dcb2c4,1,10,20,40909,1374,0,0,Dark
weapon_items,Lucky Thrall Harpe,0x1dcb328,1,10,20,40910,1374,0,0,Lucky
weapon_items,Enchanted Thrall Harpe,0x1dcb38c,1,10,20,40911,1374,0,0,Enchanted
weapon_items,Holy Thrall Harpe,0x1dcb3f0,1,10,20,40912,1374,0,0,Holy
weapon_items,Sharp Thrall Harpe,0x1dcb454,1,10,20,40913,1374,0,0,Sharp
weapon_items,Blunt Thrall Harpe,0x1dcb4b8,1,10,20,40914,1374,0,0,Blunt
weapon_items,Smouldering Curved Sword,0x1dcd650,1,10,25,80200,1375,0,0,Normal
weapon_items,Lethal Smouldering Curved Sword,0x1dcd6b4,1,10,25,80201,1375,0,0,Lethal
weapon_items,Cursed Smouldering Curved Sword,0x1dcd718,1,10,25,80202,1375,0,0,Cursed
weapon_items,Poison Smouldering Curved Sword,0x1dcd77c,1,10,25,80203,1375,0,0,Poison
weapon_items,Blood Smouldering Curved Sword,0x1dcd7e0,1,10,25,80204,1375,0,0,Blood
weapon_items,Frost Smouldering Curved Sword,0x1dcd844,1,10,25,80205,1375,0,0,Frost
weapon_items,Magic Smouldering Curved Sword,0x1dcd8a8,1,10,25,80206,1375,0,0,Magic
weapon_items,Fire Smouldering Curved Sword,0x1dcd90c,1,10,25,80207,1375,0,0,Fire
weapon_items,Lightning Smouldering Curved Sword,0x1dcd970,1,10,25,80208,1375,0,0,Lightning
weapon_items,Dark Smouldering Curved Sword,0x1dcd9d4,1,10,25,80209,1375,0,0,Dark
weapon_items,Lucky Smouldering Curved Sword,0x1dcda38,1,10,25,80210,1375,0,0,Lucky
weapon_items,Enchanted Smouldering Curved Sword,0x1dcda9c,1,10,25,80211,1375,0,0,Enchanted
weapon_items,Holy Smouldering Curved Sword,0x1dcdb00,1,10,25,80212,1375,0,0,Holy
weapon_items,Sharp Smouldering Curved Sword,0x1dcdb64,1,10,25,80213,1375,0,0,Sharp
weapon_items,Blunt Smouldering Curved Sword,0x1dcdbc8,1,10,25,80214,1375,0,0,Blunt
weapon_items,Smouldering Dagger,0x1dcfd60,1,10,20,42100,1376,0,0,Normal
weapon_items,Lethal Smouldering Dagger,0x1dcfdc4,1,10,20,42101,1376,0,0,Lethal
weapon_items,Cursed Smouldering Dagger,0x1dcfe28,1,10,20,42102,1376,0,0,Cursed
weapon_items,Poison Smouldering Dagger,0x1dcfe8c,1,10,20,42103,1376,0,0,Poison
weapon_items,Blood Smouldering Dagger,0x1dcfef0,1,10,20,42104,1376,0,0,Blood
weapon_items,Frost Smouldering Dagger,0x1dcff54,1,10,20,42105,1376,0,0,Frost
weapon_items,Magic Smouldering Dagger,0x1dcffb8,1,10,20,42106,1376,0,0,Magic
weapon_items,Fire Smouldering Dagger,0x1dd001c,1,10,20,42107,1376,0,0,Fire
weapon_items,Lightning Smouldering Dagger,0x1dd0080,1,10,20,42108,1376,0,0,Lightning
weapon_items,Dark Smouldering Dagger,0x1dd00e4,1,10,20,42109,1376,0,0,Dark
weapon_items,Lucky Smouldering Dagger,0x1dd0148,1,10,20,42110,1376,0,0,Lucky
weapon_items,Enchanted Smouldering Dagger,0x1dd01ac,1,10,20,42111,1376,0,0,Enchanted
weapon_items,Holy Smouldering Dagger,0x1dd0210,1,10,20,42112,1376,0,0,Holy
weapon_items,Sharp Smouldering Dagger,0x1dd0274,1,10,20,42113,1376,0,0,Sharp
weapon_items,Blunt Smouldering Dagger,0x1dd02d8,1,10,20,42114,1376,0,0,Blunt
weapon_items,Smouldering Spear,0x1dd2470,1,10,25,160400,1377,0,0,Normal
weapon_items,Lethal Smouldering Spear,0x1dd24d4,1,10,25,160401,1377,0,0,Lethal
weapon_items,Cursed Smouldering Spear,0x1dd2538,1,10,25,160402,1377,0,0,Cursed
weapon_items,Poison Smouldering Spear,0x1dd259c,1,10,25,160403,1377,0,0,Poison
weapon_items,Blood Smouldering Spear,0x1dd2600,1,10,25,160404,1377,0,0,Blood
weapon_items,Frost Smouldering Spear,0x1dd2664,1,10,25,160405,1377,0,0,Frost
weapon_items,Magic Smouldering Spear,0x1dd26c8,1,10,25,160406,1377,0,0,Magic
weapon_items,Fire Smouldering Spear,0x1dd272c,1,10,25,160407,1377,0,0,Fire
weapon_items,Lightning Smouldering Spear,0x1dd2790,1,10,25,160408,1377,0,0,Lightning
weapon_items,Dark Smouldering Spear,0x1dd27f4,1,10,25,160409,1377,0,0,Dark
weapon_items,Lucky Smouldering Spear,0x1dd2858,1,10,25,160410,1377,0,0,Lucky
weapon_items,Enchanted Smouldering Spear,0x1dd28bc,1,10,25,160411,1377,0,0,Enchanted
weapon_items,Holy Smouldering Spear,0x1dd2920,1,10,25,160412,1377,0,0,Holy
weapon_items,Sharp Smouldering Spear,0x1dd2984,1,10,25,160413,1377,0,0,Sharp
weapon_items,Blunt Smouldering Spear,0x1dd29e8,1,10,25,160414,1377,0,0,Blunt
weapon_items,Thrall Pick,0x1dd4b80,1,10,25,141400,1378,0,0,Normal
weapon_items,Lethal Thrall Pick,0x1dd4be4,1,10,25,141401,1378,0,0,Lethal
weapon_items,Cursed Thrall Pick,0x1dd4c48,1,10,25,141402,1378,0,0,Cursed
weapon_items,Poison Thrall Pick,0x1dd4cac,1,10,25,141403,1378,0,0,Poison
weapon_items,Blood Thrall Pick,0x1dd4d10,1,10,25,141404,1378,0,0,Blood
weapon_items,Frost Thrall Pick,0x1dd4d74,1,10,25,141405,1378,0,0,Frost
weapon_items,Magic Thrall Pick,0x1dd4dd8,1,10,25,141406,1378,0,0,Magic
weapon_items,Fire Thrall Pick,0x1dd4e3c,1,10,25,141407,1378,0,0,Fire
weapon_items,Lightning Thrall Pick,0x1dd4ea0,1,10,25,141408,1378,0,0,Lightning
weapon_items,Dark Thrall Pick,0x1dd4f04,1,10,25,141409,1378,0,0,Dark
weapon_items,Lucky Thrall Pick,0x1dd4f68,1,10,25,141410,1378,0,0,Lucky
weapon_items,Enchanted Thrall Pick,0x1dd4fcc,1,10,25,141411,1378,0,0,Enchanted
weapon_items,Holy Thrall Pick,0x1dd5030,1,10,25,141412,1378,0,0,Holy
weapon_items,Sharp Thrall Pick,0x1dd5094,1,10,25,141413,1378,0,0,Sharp
weapon_items,Blunt Thrall Pick,0x1dd50f8,1,10,25,141414,1378,0,0,Blunt
weapon_items,Worker Machete,0x1dd7290,1,10,25,80800,1379,0,0,Normal
weapon_items,Lethal Worker Machete,0x1dd72f4,1,10,25,80801,1379,0,0,Lethal
weapon_items,Cursed Worker Machete,0x1dd7358,1,10,25,80802,1379,0,0,Cursed
weapon_items,Poison Worker Machete,0x1dd73bc,1,10,25,80803,1379,0,0,Poison
weapon_items,Blood Worker Machete,0x1dd7420,1,10,25,80804,1379,0,0,Blood
weapon_items,Frost Worker Machete,0x1dd7484,1,10,25,80805,1379,0,0,Frost
weapon_items,Magic Worker Machete,0x1dd74e8,1,10,25,80806,1379,0,0,Magic
weapon_items,Fire Worker Machete,0x1dd754c,1,10,25,80807,1379,0,0,Fire
weapon_items,Lightning Worker Machete,0x1dd75b0,1,10,25,80808,1379,0,0,Lightning
weapon_items,Dark Worker Machete,0x1dd7614,1,10,25,80809,1379,0,0,Dark
weapon_items,Lucky Worker Machete,0x1dd7678,1,10,25,80810,1379,0,0,Lucky
weapon_items,Enchanted Worker Machete,0x1dd76dc,1,10,25,80811,1379,0,0,Enchanted
weapon_items,Holy Worker Machete,0x1dd7740,1,10,25,80812,1379,0,0,Holy
weapon_items,Sharp Worker Machete,0x1dd77a4,1,10,25,80813,1379,0,0,Sharp
weapon_items,Blunt Worker Machete,0x1dd7808,1,10,25,80814,1379,0,0,Blunt
weapon_items,Rampart Golem Lance,0x1dd99a0,1,10,20,180400,1380,0,0,Normal
weapon_items,Lethal Rampart Golem Lance,0x1dd9a04,1,10,20,180401,1380,0,0,Lethal
weapon_items,Cursed Rampart Golem Lance,0x1dd9a68,1,10,20,180402,1380,0,0,Cursed
weapon_items,Poison Rampart Golem Lance,0x1dd9acc,1,10,20,180403,1380,0,0,Poison
weapon_items,Blood Rampart Golem Lance,0x1dd9b30,1,10,20,180404,1380,0,0,Blood
weapon_items,Frost Rampart Golem Lance,0x1dd9b94,1,10,20,180405,1380,0,0,Frost
weapon_items,Magic Rampart Golem Lance,0x1dd9bf8,1,10,20,180406,1380,0,0,Magic
weapon_items,Fire Rampart Golem Lance,0x1dd9c5c,1,10,20,180407,1380,0,0,Fire
weapon_items,Lightning Rampart Golem Lance,0x1dd9cc0,1,10,20,180408,1380,0,0,Lightning
weapon_items,Dark Rampart Golem Lance,0x1dd9d24,1,10,20,180409,1380,0,0,Dark
weapon_items,Lucky Rampart Golem Lance,0x1dd9d88,1,10,20,180410,1380,0,0,Lucky
weapon_items,Enchanted Rampart Golem Lance,0x1dd9dec,1,10,20,180411,1380,0,0,Enchanted
weapon_items,Holy Rampart Golem Lance,0x1dd9e50,1,10,20,180412,1380,0,0,Holy
weapon_items,Sharp Rampart Golem Lance,0x1dd9eb4,1,10,20,180413,1380,0,0,Sharp
weapon_items,Blunt Rampart Golem Lance,0x1dd9f18,1,10,20,180414,1380,0,0,Blunt
weapon_items,Bewitched Alonne Sword,0x1ddc0b0,1,10,25,111200,1381,0,0,Normal
weapon_items,Lethal Bewitched Alonne Sword,0x1ddc114,1,10,25,111201,1381,0,0,Lethal
weapon_items,Cursed Bewitched Alonne Sword,0x1ddc178,1,10,25,111202,1381,0,0,Cursed
weapon_items,Poison Bewitched Alonne Sword,0x1ddc1dc,1,10,25,111203,1381,0,0,Poison
weapon_items,Blood Bewitched Alonne Sword,0x1ddc240,1,10,25,111204,1381,0,0,Blood
weapon_items,Frost Bewitched Alonne Sword,0x1ddc2a4,1,10,25,111205,1381,0,0,Frost
weapon_items,Magic Bewitched Alonne Sword,0x1ddc308,1,10,25,111206,1381,0,0,Magic
weapon_items,Fire Bewitched Alonne Sword,0x1ddc36c,1,10,25,111207,1381,0,0,Fire
weapon_items,Lightning Bewitched Alonne Sword,0x1ddc3d0,1,10,25,111208,1381,0,0,Lightning
weapon_items,Dark Bewitched Alonne Sword,0x1ddc434,1,10,25,111209,1381,0,0,Dark
weapon_items,Lucky Bewitched Alonne Sword,0x1ddc498,1,10,25,111210,1381,0,0,Lucky
weapon_items,Enchanted Bewitched Alonne Sword,0x1ddc4fc,1,10,25,111211,1381,0,0,Enchanted
weapon_items,Holy Bewitched Alonne Sword,0x1ddc560,1,10,25,111212,1381,0,0,Holy
weapon_items,Sharp Bewitched Alonne Sword,0x1ddc5c4,1,10,25,111213,1381,0,0,Sharp
weapon_items,Blunt Bewitched Alonne Sword,0x1ddc628,1,10,25,111214,1381,0,0,Blunt
weapon_items,Bone Scythe,0x1dde7c0,1,10,25,200200,1382,0,0,Normal
weapon_items,Lethal Bone Scythe,0x1dde824,1,10,25,200201,1382,0,0,Lethal
weapon_items,Cursed Bone Scythe,0x1dde888,1,10,25,200202,1382,0,0,Cursed
weapon_items,Poison Bone Scythe,0x1dde8ec,1,10,25,200203,1382,0,0,Poison
weapon_items,Blood Bone Scythe,0x1dde950,1,10,25,200204,1382,0,0,Blood
weapon_items,Frost Bone Scythe,0x1dde9b4,1,10,25,200205,1382,0,0,Frost
weapon_items,Magic Bone Scythe,0x1ddea18,1,10,25,200206,1382,0,0,Magic
weapon_items,Fire Bone Scythe,0x1ddea7c,1,10,25,200207,1382,0,0,Fire
weapon_items,Lightning Bone Scythe,0x1ddeae0,1,10,25,200208,1382,0,0,Lightning
weapon_items,Dark Bone Scythe,0x1ddeb44,1,10,25,200209,1382,0,0,Dark
weapon_items,Lucky Bone Scythe,0x1ddeba8,1,10,25,200210,1382,0,0,Lucky
weapon_items,Enchanted Bone Scythe,0x1ddec0c,1,10,25,200211,1382,0,0,Enchanted
weapon_items,Holy Bone Scythe,0x1ddec70,1,10,25,200212,1382,0,0,Holy
weapon_items,Sharp Bone Scythe,0x1ddecd4,1,10,25,200213,1382,0,0,Sharp
weapon_items,Blunt Bone Scythe,0x1dded38,1,10,25,200214,1382,0,0,Blunt
weapon_items,Dragonrider Halberd,0x1de0ed0,1,10,25,190600,1383,0,0,Normal
weapon_items,Lethal Dragonrider Halberd,0x1de0f34,1,10,25,190601,1383,0,0,Lethal
weapon_items,Cursed Dragonrider Halberd,0x1de0f98,1,10,25,190602,1383,0,0,Cursed
weapon_items,Poison Dragonrider Halberd,0x1de0ffc,1,10,25,190603,1383,0,0,Poison
weapon_items,Blood Dragonrider Halberd,0x1de1060,1,10,25,190604,1383,0,0,Blood
weapon_items,Frost Dragonrider Halberd,0x1de10c4,1,10,25,190605,1383,0,0,Frost
weapon_items,Magic Dragonrider Halberd,0x1de1128,1,10,25,190606,1383,0,0,Magic
weapon_items,Fire Dragonrider Halberd,0x1de118c,1,10,25,190607,1383,0,0,Fire
weapon_items,Lightning Dragonrider Halberd,0x1de11f0,1,10,25,190608,1383,0,0,Lightning
weapon_items,Dark Dragonrider Halberd,0x1de1254,1,10,25,190609,1383,0,0,Dark
weapon_items,Lucky Dragonrider Halberd,0x1de12b8,1,10,25,190610,1383,0,0,Lucky
weapon_items,Enchanted Dragonrider Halberd,0x1de131c,1,10,25,190611,1383,0,0,Enchanted
weapon_items,Holy Dragonrider Halberd,0x1de1380,1,10,25,190612,1383,0,0,Holy
weapon_items,Sharp Dragonrider Halberd,0x1de13e4,1,10,25,190613,1383,0,0,Sharp
weapon_items,Blunt Dragonrider Halberd,0x1de1448,1,10,25,190614,1383,0,0,Blunt
weapon_items,Key to the Embedded,0x1de35e0,1,10,30,62000,1384,0,0,Normal
weapon_items,Lethal Key to the Embedded,0x1de3644,1,10,30,62001,1384,0,0,Lethal
weapon_items,Cursed Key to the Embedded,0x1de36a8,1,10,30,62002,1384,0,0,Cursed
weapon_items,Poison Key to the Embedded,0x1de370c,1,10,30,62003,1384,0,0,Poison
weapon_items,Blood Key to the Embedded,0x1de3770,1,10,30,62004,1384,0,0,Blood
weapon_items,Frost Key to the Embedded,0x1de37d4,1,10,30,62005,1384,0,0,Frost
weapon_items,Magic Key to the Embedded,0x1de3838,1,10,30,62006,1384,0,0,Magic
weapon_items,Fire Key to the Embedded,0x1de389c,1,10,30,62007,1384,0,0,Fire
weapon_items,Lightning Key to the Embedded,0x1de3900,1,10,30,62008,1384,0,0,Lightning
weapon_items,Dark Key to the Embedded,0x1de3964,1,10,30,62009,1384,0,0,Dark
weapon_items,Lucky Key to the Embedded,0x1de39c8,1,10,30,62010,1384,0,0,Lucky
weapon_items,Enchanted Key to the Embedded,0x1de3a2c,1,10,30,62011,1384,0,0,Enchanted
weapon_items,Holy Key to the Embedded,0x1de3a90,1,10,30,62012,1384,0,0,Holy
weapon_items,Sharp Key to the Embedded,0x1de3af4,1,10,30,62013,1384,0,0,Sharp
weapon_items,Blunt Key to the Embedded,0x1de3b58,1,10,30,62014,1384,0,0,Blunt
weapon_items,King's Ultra Greatsword,0x1de5cf0,1,10,40,73200,1385,0,0,Normal
weapon_items,Lethal King's Ultra Greatsword,0x1de5d54,1,10,40,73201,1385,0,0,Lethal
weapon_items,Cursed King's Ultra Greatsword,0x1de5db8,1,10,40,73202,1385,0,0,Cursed
weapon_items,Poison King's Ultra Greatsword,0x1de5e1c,1,10,40,73203,1385,0,0,Poison
weapon_items,Blood King's Ultra Greatsword,0x1de5e80,1,10,40,73204,1385,0,0,Blood
weapon_items,Frost King's Ultra Greatsword,0x1de5ee4,1,10,40,73205,1385,0,0,Frost
weapon_items,Magic King's Ultra Greatsword,0x1de5f48,1,10,40,73206,1385,0,0,Magic
weapon_items,Fire King's Ultra Greatsword,0x1de5fac,1,10,40,73207,1385,0,0,Fire
weapon_items,Lightning King's Ultra Greatsword,0x1de6010,1,10,40,73208,1385,0,0,Lightning
weapon_items,Dark King's Ultra Greatsword,0x1de6074,1,10,40,73209,1385,0,0,Dark
weapon_items,Lucky King's Ultra Greatsword,0x1de60d8,1,10,40,73210,1385,0,0,Lucky
weapon_items,Enchanted King's Ultra Greatsword,0x1de613c,1,10,40,73211,1385,0,0,Enchanted
weapon_items,Holy King's Ultra Greatsword,0x1de61a0,1,10,40,73212,1385,0,0,Holy
weapon_items,Sharp King's Ultra Greatsword,0x1de6204,1,10,40,73213,1385,0,0,Sharp
weapon_items,Blunt King's Ultra Greatsword,0x1de6268,1,10,40,73214,1385,0,0,Blunt
weapon_items,Sacred Chime Hammer,0x1deab10,1,10,50,152600,1387,0,0,Normal
weapon_items,Lethal Sacred Chime Hammer,0x1deab74,1,10,50,152601,1387,0,0,Lethal
weapon_items,Cursed Sacred Chime Hammer,0x1deabd8,1,10,50,152602,1387,0,0,Cursed
weapon_items,Poison Sacred Chime Hammer,0x1deac3c,1,10,50,152603,1387,0,0,Poison
weapon_items,Blood Sacred Chime Hammer,0x1deaca0,1,10,50,152604,1387,0,0,Blood
weapon_items,Frost Sacred Chime Hammer,0x1dead04,1,10,50,152605,1387,0,0,Frost
weapon_items,Magic Sacred Chime Hammer,0x1dead68,1,10,50,152606,1387,0,0,Magic
weapon_items,Fire Sacred Chime Hammer,0x1deadcc,1,10,50,152607,1387,0,0,Fire
weapon_items,Lightning Sacred Chime Hammer,0x1deae30,1,10,50,152608,1387,0,0,Lightning
weapon_items,Dark Sacred Chime Hammer,0x1deae94,1,10,50,152609,1387,0,0,Dark
weapon_items,Lucky Sacred Chime Hammer,0x1deaef8,1,10,50,152610,1387,0,0,Lucky
weapon_items,Enchanted Sacred Chime Hammer,0x1deaf5c,1,10,50,152611,1387,0,0,Enchanted
weapon_items,Holy Sacred Chime Hammer,0x1deafc0,1,10,50,152612,1387,0,0,Holy
weapon_items,Sharp Sacred Chime Hammer,0x1deb024,1,10,50,152613,1387,0,0,Sharp
weapon_items,Blunt Sacred Chime Hammer,0x1deb088,1,10,50,152614,1387,0,0,Blunt
weapon_items,Scythe of Nahr Alma,0x1ded220,1,10,25,200400,1388,0,0,Normal
weapon_items,Lethal Scythe of Nahr Alma,0x1ded284,1,10,25,200401,1388,0,0,Lethal
weapon_items,Cursed Scythe of Nahr Alma,0x1ded2e8,1,10,25,200402,1388,0,0,Cursed
weapon_items,Poison Scythe of Nahr Alma,0x1ded34c,1,10,25,200403,1388,0,0,Poison
weapon_items,Blood Scythe of Nahr Alma,0x1ded3b0,1,10,25,200404,1388,0,0,Blood
weapon_items,Frost Scythe of Nahr Alma,0x1ded414,1,10,25,200405,1388,0,0,Frost
weapon_items,Magic Scythe of Nahr Alma,0x1ded478,1,10,25,200406,1388,0,0,Magic
weapon_items,Fire Scythe of Nahr Alma,0x1ded4dc,1,10,25,200407,1388,0,0,Fire
weapon_items,Lightning Scythe of Nahr Alma,0x1ded540,1,10,25,200408,1388,0,0,Lightning
weapon_items,Dark Scythe of Nahr Alma,0x1ded5a4,1,10,25,200409,1388,0,0,Dark
weapon_items,Lucky Scythe of Nahr Alma,0x1ded608,1,10,25,200410,1388,0,0,Lucky
weapon_items,Enchanted Scythe of Nahr Alma,0x1ded66c,1,10,25,200411,1388,0,0,Enchanted
weapon_items,Holy Scythe of Nahr Alma,0x1ded6d0,1,10,25,200412,1388,0,0,Holy
weapon_items,Sharp Scythe of Nahr Alma,0x1ded734,1,10,25,200413,1388,0,0,Sharp
weapon_items,Blunt Scythe of Nahr Alma,0x1ded798,1,10,25,200414,1388,0,0,Blunt
weapon_items,Scythe of Want,0x1def930,1,10,25,200600,1389,0,0,Normal
weapon_items,Lethal Scythe of Want,0x1def994,1,10,25,200601,1389,0,0,Lethal
weapon_items,Cursed Scythe of Want,0x1def9f8,1,10,25,200602,1389,0,0,Cursed
weapon_items,Poison Scythe of Want,0x1defa5c,1,10,25,200603,1389,0,0,Poison
weapon_items,Blood Scythe of Want,0x1defac0,1,10,25,200604,1389,0,0,Blood
weapon_items,Frost Scythe of Want,0x1defb24,1,10,25,200605,1389,0,0,Frost
weapon_items,Magic Scythe of Want,0x1defb88,1,10,25,200606,1389,0,0,Magic
weapon_items,Fire Scythe of Want,0x1defbec,1,10,25,200607,1389,0,0,Fire
weapon_items,Lightning Scythe of Want,0x1defc50,1,10,25,200608,1389,0,0,Lightning
weapon_items,Dark Scythe of Want,0x1defcb4,1,10,25,200609,1389,0,0,Dark
weapon_items,Lucky Scythe of Want,0x1defd18,1,10,25,200610,1389,0,0,Lucky
weapon_items,Enchanted Scythe of Want,0x1defd7c,1,10,25,200611,1389,0,0,Enchanted
weapon_items,Holy Scythe of Want,0x1defde0,1,10,25,200612,1389,0,0,Holy
weapon_items,Sharp Scythe of Want,0x1defe44,1,10,25,200613,1389,0,0,Sharp
weapon_items,Blunt Scythe of Want,0x1defea8,1,10,25,200614,1389,0,0,Blunt
weapon_items,Crab Claw,0x1df2040,1,10,30,230800,1390,0,0,Normal
weapon_items,Lethal Crab Claw,0x1df20a4,1,10,30,230801,1390,0,0,Lethal
weapon_items,Cursed Crab Claw,0x1df2108,1,10,30,230802,1390,0,0,Cursed
weapon_items,Poison Crab Claw,0x1df216c,1,10,30,230803,1390,0,0,Poison
weapon_items,Blood Crab Claw,0x1df21d0,1,10,30,230804,1390,0,0,Blood
weapon_items,Frost Crab Claw,0x1df2234,1,10,30,230805,1390,0,0,Frost
weapon_items,Magic Crab Claw,0x1df2298,1,10,30,230806,1390,0,0,Magic
weapon_items,Fire Crab Claw,0x1df22fc,1,10,30,230807,1390,0,0,Fire
weapon_items,Lightning Crab Claw,0x1df2360,1,10,30,230808,1390,0,0,Lightning
weapon_items,Dark Crab Claw,0x1df23c4,1,10,30,230809,1390,0,0,Dark
weapon_items,Lucky Crab Claw,0x1df2428,1,10,30,230810,1390,0,0,Lucky
weapon_items,Enchanted Crab Claw,0x1df248c,1,10,30,230811,1390,0,0,Enchanted
weapon_items,Holy Crab Claw,0x1df24f0,1,10,30,230812,1390,0,0,Holy
weapon_items,Sharp Crab Claw,0x1df2554,1,10,30,230813,1390,0,0,Sharp
weapon_items,Blunt Crab Claw,0x1df25b8,1,10,30,230814,1390,0,0,Blunt
weapon_items,Thorned Greatsword,0x1df4750,1,10,40,62200,1425,0,0,Normal
weapon_items,Lethal Thorned Greatsword,0x1df47b4,1,10,40,62201,1425,0,0,Lethal
weapon_items,Cursed Thorned Greatsword,0x1df4818,1,10,40,62202,1425,0,0,Cursed
weapon_items,Poison Thorned Greatsword,0x1df487c,1,10,40,62203,1425,0,0,Poison
weapon_items,Blood Thorned Greatsword,0x1df48e0,1,10,40,62204,1425,0,0,Blood
weapon_items,Frost Thorned Greatsword,0x1df4944,1,10,40,62205,1425,0,0,Frost
weapon_items,Magic Thorned Greatsword,0x1df49a8,1,10,40,62206,1425,0,0,Magic
weapon_items,Fire Thorned Greatsword,0x1df4a0c,1,10,40,62207,1425,0,0,Fire
weapon_items,Lightning Thorned Greatsword,0x1df4a70,1,10,40,62208,1425,0,0,Lightning
weapon_items,Dark Thorned Greatsword,0x1df4ad4,1,10,40,62209,1425,0,0,Dark
weapon_items,Lucky Thorned Greatsword,0x1df4b38,1,10,40,62210,1425,0,0,Lucky
weapon_items,Enchanted Thorned Greatsword,0x1df4b9c,1,10,40,62211,1425,0,0,Enchanted
weapon_items,Holy Thorned Greatsword,0x1df4c00,1,10,40,62212,1425,0,0,Holy
weapon_items,Sharp Thorned Greatsword,0x1df4c64,1,10,40,62213,1425,0,0,Sharp
weapon_items,Blunt Thorned Greatsword,0x1df4cc8,1,10,40,62214,1425,0,0,Blunt
weapon_items,Hands of Sin,0x1df6e60,1,10,50,220200,1419,0,0,Normal
weapon_items,Lethal Hands of Sin,0x1df6ec4,1,10,50,220201,1419,0,0,Lethal
weapon_items,Cursed Hands of Sin,0x1df6f28,1,10,50,220202,1419,0,0,Cursed
weapon_items,Poison Hands of Sin,0x1df6f8c,1,10,50,220203,1419,0,0,Poison
weapon_items,Blood Hands of Sin,0x1df6ff0,1,10,50,220204,1419,0,0,Blood
weapon_items,Frost Hands of Sin,0x1df7054,1,10,50,220205,1419,0,0,Frost
weapon_items,Magic Hands of Sin,0x1df70b8,1,10,50,220206,1419,0,0,Magic
weapon_items,Fire Hands of Sin,0x1df711c,1,10,50,220207,1419,0,0,Fire
weapon_items,Lightning Hands of Sin,0x1df7180,1,10,50,220208,1419,0,0,Lightning
weapon_items,Dark Hands of Sin,0x1df71e4,1,10,50,220209,1419,0,0,Dark
weapon_items,Lucky Hands of Sin,0x1df7248,1,10,50,220210,1419,0,0,Lucky
weapon_items,Enchanted Hands of Sin,0x1df72ac,1,10,50,220211,1419,0,0,Enchanted
weapon_items,Holy Hands of Sin,0x1df7310,1,10,50,220212,1419,0,0,Holy
weapon_items,Sharp Hands of Sin,0x1df7374,1,10,50,220213,1419,0,0,Sharp
weapon_items,Blunt Hands of Sin,0x1df73d8,1,10,50,220214,1419,0,0,Blunt
weapon_items,Frying Pan,0x1df9570,1,10,25,140800,1420,0,0,Normal
weapon_items,Lethal Frying Pan,0x1df95d4,1,10,25,140801,1420,0,0,Lethal
weapon_items,Cursed Frying Pan,0x1df9638,1,10,25,140802,1420,0,0,Cursed
weapon_items,Poison Frying Pan,0x1df969c,1,10,25,140803,1420,0,0,Poison
weapon_items,Blood Frying Pan,0x1df9700,1,10,25,140804,1420,0,0,Blood
weapon_items,Frost Frying Pan,0x1df9764,1,10,25,140805,1420,0,0,Frost
weapon_items,Magic Frying Pan,0x1df97c8,1,10,25,140806,1420,0,0,Magic
weapon_items,Fire Frying Pan,0x1df982c,1,10,25,140807,1420,0,0,Fire
weapon_items,Lightning Frying Pan,0x1df9890,1,10,25,140808,1420,0,0,Lightning
weapon_items,Dark Frying Pan,0x1df98f4,1,10,25,140809,1420,0,0,Dark
weapon_items,Lucky Frying Pan,0x1df9958,1,10,25,140810,1420,0,0,Lucky
weapon_items,Enchanted Frying Pan,0x1df99bc,1,10,25,140811,1420,0,0,Enchanted
weapon_items,Holy Frying Pan,0x1df9a20,1,10,25,140812,1420,0,0,Holy
weapon_items,Sharp Frying Pan,0x1df9a84,1,10,25,140813,1420,0,0,Sharp
weapon_items,Blunt Frying Pan,0x1df9ae8,1,10,25,140814,1420,0,0,Blunt
weapon_items,Serpentine Chain-axe,0x1dfbc80,1,10,25,210200,1421,0,0,Normal
weapon_items,Lethal Serpentine Chain-axe,0x1dfbce4,1,10,25,210201,1421,0,0,Lethal
weapon_items,Cursed Serpentine Chain-axe,0x1dfbd48,1,10,25,210202,1421,0,0,Cursed
weapon_items,Poison Serpentine Chain-axe,0x1dfbdac,1,10,25,210203,1421,0,0,Poison
weapon_items,Blood Serpentine Chain-axe,0x1dfbe10,1,10,25,210204,1421,0,0,Blood
weapon_items,Frost Serpentine Chain-axe,0x1dfbe74,1,10,25,210205,1421,0,0,Frost
weapon_items,Magic Serpentine Chain-axe,0x1dfbed8,1,10,25,210206,1421,0,0,Magic
weapon_items,Fire Serpentine Chain-axe,0x1dfbf3c,1,10,25,210207,1421,0,0,Fire
weapon_items,Lightning Serpentine Chain-axe,0x1dfbfa0,1,10,25,210208,1421,0,0,Lightning
weapon_items,Dark Serpentine Chain-axe,0x1dfc004,1,10,25,210209,1421,0,0,Dark
weapon_items,Lucky Serpentine Chain-axe,0x1dfc068,1,10,25,210210,1421,0,0,Lucky
weapon_items,Enchanted Serpentine Chain-axe,0x1dfc0cc,1,10,25,210211,1421,0,0,Enchanted
weapon_items,Holy Serpentine Chain-axe,0x1dfc130,1,10,25,210212,1421,0,0,Holy
weapon_items,Sharp Serpentine Chain-axe,0x1dfc194,1,10,25,210213,1421,0,0,Sharp
weapon_items,Blunt Serpentine Chain-axe,0x1dfc1f8,1,10,25,210214,1421,0,0,Blunt
weapon_items,Aldia Hammer,0x1dfe390,1,10,25,143400,4262,0,0,Normal
weapon_items,Lethal Aldia Hammer,0x1dfe3f4,1,10,25,143401,4262,0,0,Lethal
weapon_items,Cursed Aldia Hammer,0x1dfe458,1,10,25,143402,4262,0,0,Cursed
weapon_items,Poison Aldia Hammer,0x1dfe4bc,1,10,25,143403,4262,0,0,Poison
weapon_items,Blood Aldia Hammer,0x1dfe520,1,10,25,143404,4262,0,0,Blood
weapon_items,Frost Aldia Hammer,0x1dfe584,1,10,25,143405,4262,0,0,Frost
weapon_items,Magic Aldia Hammer,0x1dfe5e8,1,10,25,143406,4262,0,0,Magic
weapon_items,Fire Aldia Hammer,0x1dfe64c,1,10,25,143407,4262,0,0,Fire
weapon_items,Lightning Aldia Hammer,0x1dfe6b0,1,10,25,143408,4262,0,0,Lightning
weapon_items,Dark Aldia Hammer,0x1dfe714,1,10,25,143409,4262,0,0,Dark
weapon_items,Lucky Aldia Hammer,0x1dfe778,1,10,25,143410,4262,0,0,Lucky
weapon_items,Enchanted Aldia Hammer,0x1dfe7dc,1,10,25,143411,4262,0,0,Enchanted
weapon_items,Holy Aldia Hammer,0x1dfe840,1,10,25,143412,4262,0,0,Holy
weapon_items,Sharp Aldia Hammer,0x1dfe8a4,1,10,25,143413,4262,0,0,Sharp
weapon_items,Blunt Aldia Hammer,0x1dfe908,1,10,25,143414,4262,0,0,Blunt
weapon_items,Black Scorpion Stinger,0x1e00aa0,1,10,20,101800,4263,0,0,Normal
weapon_items,Lethal Black Scorpion Stinger,0x1e00b04,1,10,20,101801,4263,0,0,Lethal
weapon_items,Cursed Black Scorpion Stinger,0x1e00b68,1,10,20,101802,4263,0,0,Cursed
weapon_items,Poison Black Scorpion Stinger,0x1e00bcc,1,10,20,101803,4263,0,0,Poison
weapon_items,Blood Black Scorpion Stinger,0x1e00c30,1,10,20,101804,4263,0,0,Blood
weapon_items,Frost Black Scorpion Stinger,0x1e00c94,1,10,20,101805,4263,0,0,Frost
weapon_items,Magic Black Scorpion Stinger,0x1e00cf8,1,10,20,101806,4263,0,0,Magic
weapon_items,Fire Black Scorpion Stinger,0x1e00d5c,1,10,20,101807,4263,0,0,Fire
weapon_items,Lightning Black Scorpion Stinger,0x1e00dc0,1,10,20,101808,4263,0,0,Lightning
weapon_items,Dark Black Scorpion Stinger,0x1e00e24,1,10,20,101809,4263,0,0,Dark
weapon_items,Lucky Black Scorpion Stinger,0x1e00e88,1,10,20,101810,4263,0,0,Lucky
weapon_items,Enchanted Black Scorpion Stinger,0x1e00eec,1,10,20,101811,4263,0,0,Enchanted
weapon_items,Holy Black Scorpion Stinger,0x1e00f50,1,10,20,101812,4263,0,0,Holy
weapon_items,Sharp Black Scorpion Stinger,0x1e00fb4,1,10,20,101813,4263,0,0,Sharp
weapon_items,Blunt Black Scorpion Stinger,0x1e01018,1,10,20,101814,4263,0,0,Blunt
weapon_items,Dragonrider Twinblade,0x1e031b0,1,10,25,193800,4264,0,0,Normal
weapon_items,Lethal Dragonrider Twinblade,0x1e03214,1,10,25,193801,4264,0,0,Lethal
weapon_items,Cursed Dragonrider Twinblade,0x1e03278,1,10,25,193802,4264,0,0,Cursed
weapon_items,Poison Dragonrider Twinblade,0x1e032dc,1,10,25,193803,4264,0,0,Poison
weapon_items,Blood Dragonrider Twinblade,0x1e03340,1,10,25,193804,4264,0,0,Blood
weapon_items,Frost Dragonrider Twinblade,0x1e033a4,1,10,25,193805,4264,0,0,Frost
weapon_items,Magic Dragonrider Twinblade,0x1e03408,1,10,25,193806,4264,0,0,Magic
weapon_items,Fire Dragonrider Twinblade,0x1e0346c,1,10,25,193807,4264,0,0,Fire
weapon_items,Lightning Dragonrider Twinblade,0x1e034d0,1,10,25,193808,4264,0,0,Lightning
weapon_items,Dark Dragonrider Twinblade,0x1e03534,1,10,25,193809,4264,0,0,Dark
weapon_items,Lucky Dragonrider Twinblade,0x1e03598,1,10,25,193810,4264,0,0,Lucky
weapon_items,Enchanted Dragonrider Twinblade,0x1e035fc,1,10,25,193811,4264,0,0,Enchanted
weapon_items,Holy Dragonrider Twinblade,0x1e03660,1,10,25,193812,4264,0,0,Holy
weapon_items,Sharp Dragonrider Twinblade,0x1e036c4,1,10,25,193813,4264,0,0,Sharp
weapon_items,Blunt Dragonrider Twinblade,0x1e03728,1,10,25,193814,4264,0,0,Blunt
weapon_items,Dragon Hunter's Great Hammer,0x1e058c0,1,10,50,155600,4265,0,0,Normal
weapon_items,Lethal Dragon Hunter's Great Hammer,0x1e05924,1,10,50,155601,4265,0,0,Lethal
weapon_items,Cursed Dragon Hunter's Great Hammer,0x1e05988,1,10,50,155602,4265,0,0,Cursed
weapon_items,Poison Dragon Hunter's Great Hammer,0x1e059ec,1,10,50,155603,4265,0,0,Poison
weapon_items,Blood Dragon Hunter's Great Hammer,0x1e05a50,1,10,50,155604,4265,0,0,Blood
weapon_items,Frost Dragon Hunter's Great Hammer,0x1e05ab4,1,10,50,155605,4265,0,0,Frost
weapon_items,Magic Dragon Hunter's Great Hammer,0x1e05b18,1,10,50,155606,4265,0,0,Magic
weapon_items,Fire Dragon Hunter's Great Hammer,0x1e05b7c,1,10,50,155607,4265,0,0,Fire
weapon_items,Lightning Dragon Hunter's Great Hammer,0x1e05be0,1,10,50,155608,4265,0,0,Lightning
weapon_items,Dark Dragon Hunter's Great Hammer,0x1e05c44,1,10,50,155609,4265,0,0,Dark
weapon_items,Lucky Dragon Hunter's Great Hammer,0x1e05ca8,1,10,50,155610,4265,0,0,Lucky
weapon_items,Enchanted Dragon Hunter's Great Hammer,0x1e05d0c,1,10,50,155611,4265,0,0,Enchanted
weapon_items,Holy Dragon Hunter's Great Hammer,0x1e05d70,1,10,50,155612,4265,0,0,Holy
weapon_items,Sharp Dragon Hunter's Great Hammer,0x1e05dd4,1,10,50,155613,4265,0,0,Sharp
weapon_items,Blunt Dragon Hunter's Great Hammer,0x1e05e38,1,10,50,155614,4265,0,0,Blunt
weapon_items,Dragon Hunter's Greataxe,0x1e07fd0,1,10,40,133000,4266,0,0,Normal
weapon_items,Lethal Dragon Hunter's Greataxe,0x1e08034,1,10,40,133001,4266,0,0,Lethal
weapon_items,Cursed Dragon Hunter's Greataxe,0x1e08098,1,10,40,133002,4266,0,0,Cursed
weapon_items,Poison Dragon Hunter's Greataxe,0x1e080fc,1,10,40,133003,4266,0,0,Poison
weapon_items,Blood Dragon Hunter's Greataxe,0x1e08160,1,10,40,133004,4266,0,0,Blood
weapon_items,Frost Dragon Hunter's Greataxe,0x1e081c4,1,10,40,133005,4266,0,0,Frost
weapon_items,Magic Dragon Hunter's Greataxe,0x1e08228,1,10,40,133006,4266,0,0,Magic
weapon_items,Fire Dragon Hunter's Greataxe,0x1e0828c,1,10,40,133007,4266,0,0,Fire
weapon_items,Lightning Dragon Hunter's Greataxe,0x1e082f0,1,10,40,133008,4266,0,0,Lightning
weapon_items,Dark Dragon Hunter's Greataxe,0x1e08354,1,10,40,133009,4266,0,0,Dark
weapon_items,Lucky Dragon Hunter's Greataxe,0x1e083b8,1,10,40,133010,4266,0,0,Lucky
weapon_items,Enchanted Dragon Hunter's Greataxe,0x1e0841c,1,10,40,133011,4266,0,0,Enchanted
weapon_items,Holy Dragon Hunter's Greataxe,0x1e08480,1,10,40,133012,4266,0,0,Holy
weapon_items,Sharp Dragon Hunter's Greataxe,0x1e084e4,1,10,40,133013,4266,0,0,Sharp
weapon_items,Blunt Dragon Hunter's Greataxe,0x1e08548,1,10,40,133014,4266,0,0,Blunt
weapon_items,Dragon Hunter's Warpick,0x1e0a6e0,1,10,50,155800,4267,0,0,Normal
weapon_items,Lethal Dragon Hunter's Warpick,0x1e0a744,1,10,50,155801,4267,0,0,Lethal
weapon_items,Cursed Dragon Hunter's Warpick,0x1e0a7a8,1,10,50,155802,4267,0,0,Cursed
weapon_items,Poison Dragon Hunter's Warpick,0x1e0a80c,1,10,50,155803,4267,0,0,Poison
weapon_items,Blood Dragon Hunter's Warpick,0x1e0a870,1,10,50,155804,4267,0,0,Blood
weapon_items,Frost Dragon Hunter's Warpick,0x1e0a8d4,1,10,50,155805,4267,0,0,Frost
weapon_items,Magic Dragon Hunter's Warpick,0x1e0a938,1,10,50,155806,4267,0,0,Magic
weapon_items,Fire Dragon Hunter's Warpick,0x1e0a99c,1,10,50,155807,4267,0,0,Fire
weapon_items,Lightning Dragon Hunter's Warpick,0x1e0aa00,1,10,50,155808,4267,0,0,Lightning
weapon_items,Dark Dragon Hunter's Warpick,0x1e0aa64,1,10,50,155809,4267,0,0,Dark
weapon_items,Lucky Dragon Hunter's Warpick,0x1e0aac8,1,10,50,155810,4267,0,0,Lucky
weapon_items,Enchanted Dragon Hunter's Warpick,0x1e0ab2c,1,10,50,155811,4267,0,0,Enchanted
weapon_items,Holy Dragon Hunter's Warpick,0x1e0ab90,1,10,50,155812,4267,0,0,Holy
weapon_items,Sharp Dragon Hunter's Warpick,0x1e0abf4,1,10,50,155813,4267,0,0,Sharp
weapon_items,Blunt Dragon Hunter's Warpick,0x1e0ac58,1,10,50,155814,4267,0,0,Blunt
weapon_items,Drakewing Ultra Greatsword,0x1e0cdf0,1,10,35,73600,4268,0,0,Normal
weapon_items,Lethal Drakewing Ultra Greatsword,0x1e0ce54,1,10,35,73601,4268,0,0,Lethal
weapon_items,Cursed Drakewing Ultra Greatsword,0x1e0ceb8,1,10,35,73602,4268,0,0,Cursed
weapon_items,Poison Drakewing Ultra Greatsword,0x1e0cf1c,1,10,35,73603,4268,0,0,Poison
weapon_items,Blood Drakewing Ultra Greatsword,0x1e0cf80,1,10,35,73604,4268,0,0,Blood
weapon_items,Frost Drakewing Ultra Greatsword,0x1e0cfe4,1,10,35,73605,4268,0,0,Frost
weapon_items,Magic Drakewing Ultra Greatsword,0x1e0d048,1,10,35,73606,4268,0,0,Magic
weapon_items,Fire Drakewing Ultra Greatsword,0x1e0d0ac,1,10,35,73607,4268,0,0,Fire
weapon_items,Lightning Drakewing Ultra Greatsword,0x1e0d110,1,10,35,73608,4268,0,0,Lightning
weapon_items,Dark Drakewing Ultra Greatsword,0x1e0d174,1,10,35,73609,4268,0,0,Dark
weapon_items,Lucky Drakewing Ultra Greatsword,0x1e0d1d8,1,10,35,73610,4268,0,0,Lucky
weapon_items,Enchanted Drakewing Ultra Greatsword,0x1e0d23c,1,10,35,73611,4268,0,0,Enchanted
weapon_items,Holy Drakewing Ultra Greatsword,0x1e0d2a0,1,10,35,73612,4268,0,0,Holy
weapon_items,Sharp Drakewing Ultra Greatsword,0x1e0d304,1,10,35,73613,4268,0,0,Sharp
weapon_items,Blunt Drakewing Ultra Greatsword,0x1e0d368,1,10,35,73614,4268,0,0,Blunt
weapon_items,Gargoyle Bident,0x1e0f500,1,10,30,163400,4269,0,0,Normal
weapon_items,Lethal Gargoyle Bident,0x1e0f564,1,10,30,163401,4269,0,0,Lethal
weapon_items,Cursed Gargoyle Bident,0x1e0f5c8,1,10,30,163402,4269,0,0,Cursed
weapon_items,Poison Gargoyle Bident,0x1e0f62c,1,10,30,163403,4269,0,0,Poison
weapon_items,Blood Gargoyle Bident,0x1e0f690,1,10,30,163404,4269,0,0,Blood
weapon_items,Frost Gargoyle Bident,0x1e0f6f4,1,10,30,163405,4269,0,0,Frost
weapon_items,Magic Gargoyle Bident,0x1e0f758,1,10,30,163406,4269,0,0,Magic
weapon_items,Fire Gargoyle Bident,0x1e0f7bc,1,10,30,163407,4269,0,0,Fire
weapon_items,Lightning Gargoyle Bident,0x1e0f820,1,10,30,163408,4269,0,0,Lightning
weapon_items,Dark Gargoyle Bident,0x1e0f884,1,10,30,163409,4269,0,0,Dark
weapon_items,Lucky Gargoyle Bident,0x1e0f8e8,1,10,30,163410,4269,0,0,Lucky
weapon_items,Enchanted Gargoyle Bident,0x1e0f94c,1,10,30,163411,4269,0,0,Enchanted
weapon_items,Holy Gargoyle Bident,0x1e0f9b0,1,10,30,163412,4269,0,0,Holy
weapon_items,Sharp Gargoyle Bident,0x1e0fa14,1,10,30,163413,4269,0,0,Sharp
weapon_items,Blunt Gargoyle Bident,0x1e0fa78,1,10,30,163414,4269,0,0,Blunt
weapon_items,Giant Warrior Club,0x1e11c10,1,10,25,150600,4270,0,0,Normal
weapon_items,Lethal Giant Warrior Club,0x1e11c74,1,10,25,150601,4270,0,0,Lethal
weapon_items,Cursed Giant Warrior Club,0x1e11cd8,1,10,25,150602,4270,0,0,Cursed
weapon_items,Poison Giant Warrior Club,0x1e11d3c,1,10,25,150603,4270,0,0,Poison
weapon_items,Blood Giant Warrior Club,0x1e11da0,1,10,25,150604,4270,0,0,Blood
weapon_items,Frost Giant Warrior Club,0x1e11e04,1,10,25,150605,4270,0,0,Frost
weapon_items,Magic Giant Warrior Club,0x1e11e68,1,10,25,150606,4270,0,0,Magic
weapon_items,Fire Giant Warrior Club,0x1e11ecc,1,10,25,150607,4270,0,0,Fire
weapon_items,Lightning Giant Warrior Club,0x1e11f30,1,10,25,150608,4270,0,0,Lightning
weapon_items,Dark Giant Warrior Club,0x1e11f94,1,10,25,150609,4270,0,0,Dark
weapon_items,Lucky Giant Warrior Club,0x1e11ff8,1,10,25,150610,4270,0,0,Lucky
weapon_items,Enchanted Giant Warrior Club,0x1e1205c,1,10,25,150611,4270,0,0,Enchanted
weapon_items,Holy Giant Warrior Club,0x1e120c0,1,10,25,150612,4270,0,0,Holy
weapon_items,Sharp Giant Warrior Club,0x1e12124,1,10,25,150613,4270,0,0,Sharp
weapon_items,Blunt Giant Warrior Club,0x1e12188,1,10,25,150614,4270,0,0,Blunt
weapon_items,Helix Halberd,0x1e14320,1,10,30,193200,4271,0,0,Normal
weapon_items,Lethal Helix Halberd,0x1e14384,1,10,30,193201,4271,0,0,Lethal
weapon_items,Cursed Helix Halberd,0x1e143e8,1,10,30,193202,4271,0,0,Cursed
weapon_items,Poison Helix Halberd,0x1e1444c,1,10,30,193203,4271,0,0,Poison
weapon_items,Blood Helix Halberd,0x1e144b0,1,10,30,193204,4271,0,0,Blood
weapon_items,Frost Helix Halberd,0x1e14514,1,10,30,193205,4271,0,0,Frost
weapon_items,Magic Helix Halberd,0x1e14578,1,10,30,193206,4271,0,0,Magic
weapon_items,Fire Helix Halberd,0x1e145dc,1,10,30,193207,4271,0,0,Fire
weapon_items,Lightning Helix Halberd,0x1e14640,1,10,30,193208,4271,0,0,Lightning
weapon_items,Dark Helix Halberd,0x1e146a4,1,10,30,193209,4271,0,0,Dark
weapon_items,Lucky Helix Halberd,0x1e14708,1,10,30,193210,4271,0,0,Lucky
weapon_items,Enchanted Helix Halberd,0x1e1476c,1,10,30,193211,4271,0,0,Enchanted
weapon_items,Holy Helix Halberd,0x1e147d0,1,10,30,193212,4271,0,0,Holy
weapon_items,Sharp Helix Halberd,0x1e14834,1,10,30,193213,4271,0,0,Sharp
weapon_items,Blunt Helix Halberd,0x1e14898,1,10,30,193214,4271,0,0,Blunt
weapon_items,Malformed Skull,0x1e16a30,1,10,25,150800,4272,0,0,Normal
weapon_items,Lethal Malformed Skull,0x1e16a94,1,10,25,150801,4272,0,0,Lethal
weapon_items,Cursed Malformed Skull,0x1e16af8,1,10,25,150802,4272,0,0,Cursed
weapon_items,Poison Malformed Skull,0x1e16b5c,1,10,25,150803,4272,0,0,Poison
weapon_items,Blood Malformed Skull,0x1e16bc0,1,10,25,150804,4272,0,0,Blood
weapon_items,Frost Malformed Skull,0x1e16c24,1,10,25,150805,4272,0,0,Frost
weapon_items,Magic Malformed Skull,0x1e16c88,1,10,25,150806,4272,0,0,Magic
weapon_items,Fire Malformed Skull,0x1e16cec,1,10,25,150807,4272,0,0,Fire
weapon_items,Lightning Malformed Skull,0x1e16d50,1,10,25,150808,4272,0,0,Lightning
weapon_items,Dark Malformed Skull,0x1e16db4,1,10,25,150809,4272,0,0,Dark
weapon_items,Lucky Malformed Skull,0x1e16e18,1,10,25,150810,4272,0,0,Lucky
weapon_items,Enchanted Malformed Skull,0x1e16e7c,1,10,25,150811,4272,0,0,Enchanted
weapon_items,Holy Malformed Skull,0x1e16ee0,1,10,25,150812,4272,0,0,Holy
weapon_items,Sharp Malformed Skull,0x1e16f44,1,10,25,150813,4272,0,0,Sharp
weapon_items,Blunt Malformed Skull,0x1e16fa8,1,10,25,150814,4272,0,0,Blunt
weapon_items,Melu Scimitars,0x1e19140,1,10,25,84600,4273,0,0,Normal
weapon_items,Lethal Melu Scimitars,0x1e191a4,1,10,25,84601,4273,0,0,Lethal
weapon_items,Cursed Melu Scimitars,0x1e19208,1,10,25,84602,4273,0,0,Cursed
weapon_items,Poison Melu Scimitars,0x1e1926c,1,10,25,84603,4273,0,0,Poison
weapon_items,Blood Melu Scimitars,0x1e192d0,1,10,25,84604,4273,0,0,Blood
weapon_items,Frost Melu Scimitars,0x1e19334,1,10,25,84605,4273,0,0,Frost
weapon_items,Magic Melu Scimitars,0x1e19398,1,10,25,84606,4273,0,0,Magic
weapon_items,Fire Melu Scimitars,0x1e193fc,1,10,25,84607,4273,0,0,Fire
weapon_items,Lightning Melu Scimitars,0x1e19460,1,10,25,84608,4273,0,0,Lightning
weapon_items,Dark Melu Scimitars,0x1e194c4,1,10,25,84609,4273,0,0,Dark
weapon_items,Lucky Melu Scimitars,0x1e19528,1,10,25,84610,4273,0,0,Lucky
weapon_items,Enchanted Melu Scimitars,0x1e1958c,1,10,25,84611,4273,0,0,Enchanted
weapon_items,Holy Melu Scimitars,0x1e195f0,1,10,25,84612,4273,0,0,Holy
weapon_items,Sharp Melu Scimitars,0x1e19654,1,10,25,84613,4273,0,0,Sharp
weapon_items,Blunt Melu Scimitars,0x1e196b8,1,10,25,84614,4273,0,0,Blunt
weapon_items,Old Knight Battle Axe,0x1e1b850,1,10,15,132800,4274,0,0,Normal
weapon_items,Lethal Old Knight Battle Axe,0x1e1b8b4,1,10,15,132801,4274,0,0,Lethal
weapon_items,Cursed Old Knight Battle Axe,0x1e1b918,1,10,15,132802,4274,0,0,Cursed
weapon_items,Poison Old Knight Battle Axe,0x1e1b97c,1,10,15,132803,4274,0,0,Poison
weapon_items,Blood Old Knight Battle Axe,0x1e1b9e0,1,10,15,132804,4274,0,0,Blood
weapon_items,Frost Old Knight Battle Axe,0x1e1ba44,1,10,15,132805,4274,0,0,Frost
weapon_items,Magic Old Knight Battle Axe,0x1e1baa8,1,10,15,132806,4274,0,0,Magic
weapon_items,Fire Old Knight Battle Axe,0x1e1bb0c,1,10,15,132807,4274,0,0,Fire
weapon_items,Lightning Old Knight Battle Axe,0x1e1bb70,1,10,15,132808,4274,0,0,Lightning
weapon_items,Dark Old Knight Battle Axe,0x1e1bbd4,1,10,15,132809,4274,0,0,Dark
weapon_items,Lucky Old Knight Battle Axe,0x1e1bc38,1,10,15,132810,4274,0,0,Lucky
weapon_items,Enchanted Old Knight Battle Axe,0x1e1bc9c,1,10,15,132811,4274,0,0,Enchanted
weapon_items,Holy Old Knight Battle Axe,0x1e1bd00,1,10,15,132812,4274,0,0,Holy
weapon_items,Sharp Old Knight Battle Axe,0x1e1bd64,1,10,15,132813,4274,0,0,Sharp
weapon_items,Blunt Old Knight Battle Axe,0x1e1bdc8,1,10,15,132814,4274,0,0,Blunt
weapon_items,Old Knight Maces,0x1e1df60,1,10,20,144000,4275,0,0,Normal
weapon_items,Lethal Old Knight Maces,0x1e1dfc4,1,10,20,144001,4275,0,0,Lethal
weapon_items,Cursed Old Knight Maces,0x1e1e028,1,10,20,144002,4275,0,0,Cursed
weapon_items,Poison Old Knight Maces,0x1e1e08c,1,10,20,144003,4275,0,0,Poison
weapon_items,Blood Old Knight Maces,0x1e1e0f0,1,10,20,144004,4275,0,0,Blood
weapon_items,Frost Old Knight Maces,0x1e1e154,1,10,20,144005,4275,0,0,Frost
weapon_items,Magic Old Knight Maces,0x1e1e1b8,1,10,20,144006,4275,0,0,Magic
weapon_items,Fire Old Knight Maces,0x1e1e21c,1,10,20,144007,4275,0,0,Fire
weapon_items,Lightning Old Knight Maces,0x1e1e280,1,10,20,144008,4275,0,0,Lightning
weapon_items,Dark Old Knight Maces,0x1e1e2e4,1,10,20,144009,4275,0,0,Dark
weapon_items,Lucky Old Knight Maces,0x1e1e348,1,10,20,144010,4275,0,0,Lucky
weapon_items,Enchanted Old Knight Maces,0x1e1e3ac,1,10,20,144011,4275,0,0,Enchanted
weapon_items,Holy Old Knight Maces,0x1e1e410,1,10,20,144012,4275,0,0,Holy
weapon_items,Sharp Old Knight Maces,0x1e1e474,1,10,20,144013,4275,0,0,Sharp
weapon_items,Blunt Old Knight Maces,0x1e1e4d8,1,10,20,144014,4275,0,0,Blunt
weapon_items,Old Knight Glaive,0x1e20670,1,10,15,193600,4276,0,0,Normal
weapon_items,Lethal Old Knight Glaive,0x1e206d4,1,10,15,193601,4276,0,0,Lethal
weapon_items,Cursed Old Knight Glaive,0x1e20738,1,10,15,193602,4276,0,0,Cursed
weapon_items,Poison Old Knight Glaive,0x1e2079c,1,10,15,193603,4276,0,0,Poison
weapon_items,Blood Old Knight Glaive,0x1e20800,1,10,15,193604,4276,0,0,Blood
weapon_items,Frost Old Knight Glaive,0x1e20864,1,10,15,193605,4276,0,0,Frost
weapon_items,Magic Old Knight Glaive,0x1e208c8,1,10,15,193606,4276,0,0,Magic
weapon_items,Fire Old Knight Glaive,0x1e2092c,1,10,15,193607,4276,0,0,Fire
weapon_items,Lightning Old Knight Glaive,0x1e20990,1,10,15,193608,4276,0,0,Lightning
weapon_items,Dark Old Knight Glaive,0x1e209f4,1,10,15,193609,4276,0,0,Dark
weapon_items,Lucky Old Knight Glaive,0x1e20a58,1,10,15,193610,4276,0,0,Lucky
weapon_items,Enchanted Old Knight Glaive,0x1e20abc,1,10,15,193611,4276,0,0,Enchanted
weapon_items,Holy Old Knight Glaive,0x1e20b20,1,10,15,193612,4276,0,0,Holy
weapon_items,Sharp Old Knight Glaive,0x1e20b84,1,10,15,193613,4276,0,0,Sharp
weapon_items,Blunt Old Knight Glaive,0x1e20be8,1,10,15,193614,4276,0,0,Blunt
weapon_items,Red Rust Sword,0x1e22d80,1,10,25,122800,4277,0,0,Normal
weapon_items,Lethal Red Rust Sword,0x1e22de4,1,10,25,122801,4277,0,0,Lethal
weapon_items,Cursed Red Rust Sword,0x1e22e48,1,10,25,122802,4277,0,0,Cursed
weapon_items,Poison Red Rust Sword,0x1e22eac,1,10,25,122803,4277,0,0,Poison
weapon_items,Blood Red Rust Sword,0x1e22f10,1,10,25,122804,4277,0,0,Blood
weapon_items,Frost Red Rust Sword,0x1e22f74,1,10,25,122805,4277,0,0,Frost
weapon_items,Magic Red Rust Sword,0x1e22fd8,1,10,25,122806,4277,0,0,Magic
weapon_items,Fire Red Rust Sword,0x1e2303c,1,10,25,122807,4277,0,0,Fire
weapon_items,Lightning Red Rust Sword,0x1e230a0,1,10,25,122808,4277,0,0,Lightning
weapon_items,Dark Red Rust Sword,0x1e23104,1,10,25,122809,4277,0,0,Dark
weapon_items,Lucky Red Rust Sword,0x1e23168,1,10,25,122810,4277,0,0,Lucky
weapon_items,Enchanted Red Rust Sword,0x1e231cc,1,10,25,122811,4277,0,0,Enchanted
weapon_items,Holy Red Rust Sword,0x1e23230,1,10,25,122812,4277,0,0,Holy
weapon_items,Sharp Red Rust Sword,0x1e23294,1,10,25,122813,4277,0,0,Sharp
weapon_items,Blunt Red Rust Sword,0x1e232f8,1,10,25,122814,4277,0,0,Blunt
weapon_items,Roaring Halberd,0x1e25490,1,10,25,190400,4278,0,0,Normal
weapon_items,Lethal Roaring Halberd,0x1e254f4,1,10,25,190401,4278,0,0,Lethal
weapon_items,Cursed Roaring Halberd,0x1e25558,1,10,25,190402,4278,0,0,Cursed
weapon_items,Poison Roaring Halberd,0x1e255bc,1,10,25,190403,4278,0,0,Poison
weapon_items,Blood Roaring Halberd,0x1e25620,1,10,25,190404,4278,0,0,Blood
weapon_items,Frost Roaring Halberd,0x1e25684,1,10,25,190405,4278,0,0,Frost
weapon_items,Magic Roaring Halberd,0x1e256e8,1,10,25,190406,4278,0,0,Magic
weapon_items,Fire Roaring Halberd,0x1e2574c,1,10,25,190407,4278,0,0,Fire
weapon_items,Lightning Roaring Halberd,0x1e257b0,1,10,25,190408,4278,0,0,Lightning
weapon_items,Dark Roaring Halberd,0x1e25814,1,10,25,190409,4278,0,0,Dark
weapon_items,Lucky Roaring Halberd,0x1e25878,1,10,25,190410,4278,0,0,Lucky
weapon_items,Enchanted Roaring Halberd,0x1e258dc,1,10,25,190411,4278,0,0,Enchanted
weapon_items,Holy Roaring Halberd,0x1e25940,1,10,25,190412,4278,0,0,Holy
weapon_items,Sharp Roaring Halberd,0x1e259a4,1,10,25,190413,4278,0,0,Sharp
weapon_items,Blunt Roaring Halberd,0x1e25a08,1,10,25,190414,4278,0,0,Blunt
weapon_items,Sanctum Mace,0x1e27ba0,1,10,40,156000,4279,0,0,Normal
weapon_items,Lethal Sanctum Mace,0x1e27c04,1,10,40,156001,4279,0,0,Lethal
weapon_items,Cursed Sanctum Mace,0x1e27c68,1,10,40,156002,4279,0,0,Cursed
weapon_items,Poison Sanctum Mace,0x1e27ccc,1,10,40,156003,4279,0,0,Poison
weapon_items,Blood Sanctum Mace,0x1e27d30,1,10,40,156004,4279,0,0,Blood
weapon_items,Frost Sanctum Mace,0x1e27d94,1,10,40,156005,4279,0,0,Frost
weapon_items,Magic Sanctum Mace,0x1e27df8,1,10,40,156006,4279,0,0,Magic
weapon_items,Fire Sanctum Mace,0x1e27e5c,1,10,40,156007,4279,0,0,Fire
weapon_items,Lightning Sanctum Mace,0x1e27ec0,1,10,40,156008,4279,0,0,Lightning
weapon_items,Dark Sanctum Mace,0x1e27f24,1,10,40,156009,4279,0,0,Dark
weapon_items,Lucky Sanctum Mace,0x1e27f88,1,10,40,156010,4279,0,0,Lucky
weapon_items,Enchanted Sanctum Mace,0x1e27fec,1,10,40,156011,4279,0,0,Enchanted
weapon_items,Holy Sanctum Mace,0x1e28050,1,10,40,156012,4279,0,0,Holy
weapon_items,Sharp Sanctum Mace,0x1e280b4,1,10,40,156013,4279,0,0,Sharp
weapon_items,Blunt Sanctum Mace,0x1e28118,1,10,40,156014,4279,0,0,Blunt
weapon_items,Spider's Silk,0x1e2a2b0,1,10,25,100200,4280,0,0,Normal
weapon_items,Lethal Spider's Silk,0x1e2a314,1,10,25,100201,4280,0,0,Lethal
weapon_items,Cursed Spider's Silk,0x1e2a378,1,10,25,100202,4280,0,0,Cursed
weapon_items,Poison Spider's Silk,0x1e2a3dc,1,10,25,100203,4280,0,0,Poison
weapon_items,Blood Spider's Silk,0x1e2a440,1,10,25,100204,4280,0,0,Blood
weapon_items,Frost Spider's Silk,0x1e2a4a4,1,10,25,100205,4280,0,0,Frost
weapon_items,Magic Spider's Silk,0x1e2a508,1,10,25,100206,4280,0,0,Magic
weapon_items,Fire Spider's Silk,0x1e2a56c,1,10,25,100207,4280,0,0,Fire
weapon_items,Lightning Spider's Silk,0x1e2a5d0,1,10,25,100208,4280,0,0,Lightning
weapon_items,Dark Spider's Silk,0x1e2a634,1,10,25,100209,4280,0,0,Dark
weapon_items,Lucky Spider's Silk,0x1e2a698,1,10,25,100210,4280,0,0,Lucky
weapon_items,Enchanted Spider's Silk,0x1e2a6fc,1,10,25,100211,4280,0,0,Enchanted
weapon_items,Holy Spider's Silk,0x1e2a760,1,10,25,100212,4280,0,0,Holy
weapon_items,Sharp Spider's Silk,0x1e2a7c4,1,10,25,100213,4280,0,0,Sharp
weapon_items,Blunt Spider's Silk,0x1e2a828,1,10,25,100214,4280,0,0,Blunt
weapon_items,Spitfire Spear,0x1e2c9c0,1,10,25,163600,4281,0,0,Normal
weapon_items,Lethal Spitfire Spear,0x1e2ca24,1,10,25,163601,4281,0,0,Lethal
weapon_items,Cursed Spitfire Spear,0x1e2ca88,1,10,25,163602,4281,0,0,Cursed
weapon_items,Poison Spitfire Spear,0x1e2caec,1,10,25,163603,4281,0,0,Poison
weapon_items,Blood Spitfire Spear,0x1e2cb50,1,10,25,163604,4281,0,0,Blood
weapon_items,Frost Spitfire Spear,0x1e2cbb4,1,10,25,163605,4281,0,0,Frost
weapon_items,Magic Spitfire Spear,0x1e2cc18,1,10,25,163606,4281,0,0,Magic
weapon_items,Fire Spitfire Spear,0x1e2cc7c,1,10,25,163607,4281,0,0,Fire
weapon_items,Lightning Spitfire Spear,0x1e2cce0,1,10,25,163608,4281,0,0,Lightning
weapon_items,Dark Spitfire Spear,0x1e2cd44,1,10,25,163609,4281,0,0,Dark
weapon_items,Lucky Spitfire Spear,0x1e2cda8,1,10,25,163610,4281,0,0,Lucky
weapon_items,Enchanted Spitfire Spear,0x1e2ce0c,1,10,25,163611,4281,0,0,Enchanted
weapon_items,Holy Spitfire Spear,0x1e2ce70,1,10,25,163612,4281,0,0,Holy
weapon_items,Sharp Spitfire Spear,0x1e2ced4,1,10,25,163613,4281,0,0,Sharp
weapon_items,Blunt Spitfire Spear,0x1e2cf38,1,10,25,163614,4281,0,0,Blunt
weapon_items,Syan's Halberd,0x1e2f0d0,1,10,25,190200,4282,0,0,Normal
weapon_items,Lethal Syan's Halberd,0x1e2f134,1,10,25,190201,4282,0,0,Lethal
weapon_items,Cursed Syan's Halberd,0x1e2f198,1,10,25,190202,4282,0,0,Cursed
weapon_items,Poison Syan's Halberd,0x1e2f1fc,1,10,25,190203,4282,0,0,Poison
weapon_items,Blood Syan's Halberd,0x1e2f260,1,10,25,190204,4282,0,0,Blood
weapon_items,Frost Syan's Halberd,0x1e2f2c4,1,10,25,190205,4282,0,0,Frost
weapon_items,Magic Syan's Halberd,0x1e2f328,1,10,25,190206,4282,0,0,Magic
weapon_items,Fire Syan's Halberd,0x1e2f38c,1,10,25,190207,4282,0,0,Fire
weapon_items,Lightning Syan's Halberd,0x1e2f3f0,1,10,25,190208,4282,0,0,Lightning
weapon_items,Dark Syan's Halberd,0x1e2f454,1,10,25,190209,4282,0,0,Dark
weapon_items,Lucky Syan's Halberd,0x1e2f4b8,1,10,25,190210,4282,0,0,Lucky
weapon_items,Enchanted Syan's Halberd,0x1e2f51c,1,10,25,190211,4282,0,0,Enchanted
weapon_items,Holy Syan's Halberd,0x1e2f580,1,10,25,190212,4282,0,0,Holy
weapon_items,Sharp Syan's Halberd,0x1e2f5e4,1,10,25,190213,4282,0,0,Sharp
weapon_items,Blunt Syan's Halberd,0x1e2f648,1,10,25,190214,4282,0,0,Blunt
weapon_items,Warped Sword,0x1e317e0,1,10,25,80600,4283,0,0,Normal
weapon_items,Lethal Warped Sword,0x1e31844,1,10,25,80601,4283,0,0,Lethal
weapon_items,Cursed Warped Sword,0x1e318a8,1,10,25,80602,4283,0,0,Cursed
weapon_items,Poison Warped Sword,0x1e3190c,1,10,25,80603,4283,0,0,Poison
weapon_items,Blood Warped Sword,0x1e31970,1,10,25,80604,4283,0,0,Blood
weapon_items,Frost Warped Sword,0x1e319d4,1,10,25,80605,4283,0,0,Frost
weapon_items,Magic Warped Sword,0x1e31a38,1,10,25,80606,4283,0,0,Magic
weapon_items,Fire Warped Sword,0x1e31a9c,1,10,25,80607,4283,0,0,Fire
weapon_items,Lightning Warped Sword,0x1e31b00,1,10,25,80608,4283,0,0,Lightning
weapon_items,Dark Warped Sword,0x1e31b64,1,10,25,80609,4283,0,0,Dark
weapon_items,Lucky Warped Sword,0x1e31bc8,1,10,25,80610,4283,0,0,Lucky
weapon_items,Enchanted Warped Sword,0x1e31c2c,1,10,25,80611,4283,0,0,Enchanted
weapon_items,Holy Warped Sword,0x1e31c90,1,10,25,80612,4283,0,0,Holy
weapon_items,Sharp Warped Sword,0x1e31cf4,1,10,25,80613,4283,0,0,Sharp
weapon_items,Blunt Warped Sword,0x1e31d58,1,10,25,80614,4283,0,0,Blunt
weapon_items,Ivory King Ultra Greatsword,0x1e33ef0,1,10,150,73400,4284,0,0,Normal
weapon_items,Lethal Ivory King Ultra Greatsword,0x1e33f54,1,10,150,73401,4284,0,0,Lethal
weapon_items,Cursed Ivory King Ultra Greatsword,0x1e33fb8,1,10,150,73402,4284,0,0,Cursed
weapon_items,Poison Ivory King Ultra Greatsword,0x1e3401c,1,10,150,73403,4284,0,0,Poison
weapon_items,Blood Ivory King Ultra Greatsword,0x1e34080,1,10,150,73404,4284,0,0,Blood
weapon_items,Frost Ivory King Ultra Greatsword,0x1e340e4,1,10,150,73405,4284,0,0,Frost
weapon_items,Magic Ivory King Ultra Greatsword,0x1e34148,1,10,150,73406,4284,0,0,Magic
weapon_items,Fire Ivory King Ultra Greatsword,0x1e341ac,1,10,150,73407,4284,0,0,Fire
weapon_items,Lightning Ivory King Ultra Greatsword,0x1e34210,1,10,150,73408,4284,0,0,Lightning
weapon_items,Dark Ivory King Ultra Greatsword,0x1e34274,1,10,150,73409,4284,0,0,Dark
weapon_items,Lucky Ivory King Ultra Greatsword,0x1e342d8,1,10,150,73410,4284,0,0,Lucky
weapon_items,Enchanted Ivory King Ultra Greatsword,0x1e3433c,1,10,150,73411,4284,0,0,Enchanted
weapon_items,Holy Ivory King Ultra Greatsword,0x1e343a0,1,10,150,73412,4284,0,0,Holy
weapon_items,Sharp Ivory King Ultra Greatsword,0x1e34404,1,10,150,73413,4284,0,0,Sharp
weapon_items,Blunt Ivory King Ultra Greatsword,0x1e34468,1,10,150,73414,4284,0,0,Blunt
weapon_items,Stone Greataxe,0x1e36600,1,10,40,131600,4285,0,0,Normal
weapon_items,Lethal Stone Greataxe,0x1e36664,1,10,40,131601,4285,0,0,Lethal
weapon_items,Cursed Stone Greataxe,0x1e366c8,1,10,40,131602,4285,0,0,Cursed
weapon_items,Poison Stone Greataxe,0x1e3672c,1,10,40,131603,4285,0,0,Poison
weapon_items,Blood Stone Greataxe,0x1e36790,1,10,40,131604,4285,0,0,Blood
weapon_items,Frost Stone Greataxe,0x1e367f4,1,10,40,131605,4285,0,0,Frost
weapon_items,Magic Stone Greataxe,0x1e36858,1,10,40,131606,4285,0,0,Magic
weapon_items,Fire Stone Greataxe,0x1e368bc,1,10,40,131607,4285,0,0,Fire
weapon_items,Lightning Stone Greataxe,0x1e36920,1,10,40,131608,4285,0,0,Lightning
weapon_items,Dark Stone Greataxe,0x1e36984,1,10,40,131609,4285,0,0,Dark
weapon_items,Lucky Stone Greataxe,0x1e369e8,1,10,40,131610,4285,0,0,Lucky
weapon_items,Enchanted Stone Greataxe,0x1e36a4c,1,10,40,131611,4285,0,0,Enchanted
weapon_items,Holy Stone Greataxe,0x1e36ab0,1,10,40,131612,4285,0,0,Holy
weapon_items,Sharp Stone Greataxe,0x1e36b14,1,10,40,131613,4285,0,0,Sharp
weapon_items,Blunt Stone Greataxe,0x1e36b78,1,10,40,131614,4285,0,0,Blunt
weapon_items,Gargoyle Halberd,0x1e38d10,1,10,30,193400,4286,0,0,Normal
weapon_items,Lethal Gargoyle Halberd,0x1e38d74,1,10,30,193401,4286,0,0,Lethal
weapon_items,Cursed Gargoyle Halberd,0x1e38dd8,1,10,30,193402,4286,0,0,Cursed
weapon_items,Poison Gargoyle Halberd,0x1e38e3c,1,10,30,193403,4286,0,0,Poison
weapon_items,Blood Gargoyle Halberd,0x1e38ea0,1,10,30,193404,4286,0,0,Blood
weapon_items,Frost Gargoyle Halberd,0x1e38f04,1,10,30,193405,4286,0,0,Frost
weapon_items,Magic Gargoyle Halberd,0x1e38f68,1,10,30,193406,4286,0,0,Magic
weapon_items,Fire Gargoyle Halberd,0x1e38fcc,1,10,30,193407,4286,0,0,Fire
weapon_items,Lightning Gargoyle Halberd,0x1e39030,1,10,30,193408,4286,0,0,Lightning
weapon_items,Dark Gargoyle Halberd,0x1e39094,1,10,30,193409,4286,0,0,Dark
weapon_items,Lucky Gargoyle Halberd,0x1e390f8,1,10,30,193410,4286,0,0,Lucky
weapon_items,Enchanted Gargoyle Halberd,0x1e3915c,1,10,30,193411,4286,0,0,Enchanted
weapon_items,Holy Gargoyle Halberd,0x1e391c0,1,10,30,193412,4286,0,0,Holy
weapon_items,Sharp Gargoyle Halberd,0x1e39224,1,10,30,193413,4286,0,0,Sharp
weapon_items,Blunt Gargoyle Halberd,0x1e39288,1,10,30,193414,4286,0,0,Blunt
weapon_items,Gargoyle Tail Axe,0x1e3b420,1,10,35,122600,4287,0,0,Normal
weapon_items,Lethal Gargoyle Tail Axe,0x1e3b484,1,10,35,122601,4287,0,0,Lethal
weapon_items,Cursed Gargoyle Tail Axe,0x1e3b4e8,1,10,35,122602,4287,0,0,Cursed
weapon_items,Poison Gargoyle Tail Axe,0x1e3b54c,1,10,35,122603,4287,0,0,Poison
weapon_items,Blood Gargoyle Tail Axe,0x1e3b5b0,1,10,35,122604,4287,0,0,Blood
weapon_items,Frost Gargoyle Tail Axe,0x1e3b614,1,10,35,122605,4287,0,0,Frost
weapon_items,Magic Gargoyle Tail Axe,0x1e3b678,1,10,35,122606,4287,0,0,Magic
weapon_items,Fire Gargoyle Tail Axe,0x1e3b6dc,1,10,35,122607,4287,0,0,Fire
weapon_items,Lightning Gargoyle Tail Axe,0x1e3b740,1,10,35,122608,4287,0,0,Lightning
weapon_items,Dark Gargoyle Tail Axe,0x1e3b7a4,1,10,35,122609,4287,0,0,Dark
weapon_items,Lucky Gargoyle Tail Axe,0x1e3b808,1,10,35,122610,4287,0,0,Lucky
weapon_items,Enchanted Gargoyle Tail Axe,0x1e3b86c,1,10,35,122611,4287,0,0,Enchanted
weapon_items,Holy Gargoyle Tail Axe,0x1e3b8d0,1,10,35,122612,4287,0,0,Holy
weapon_items,Sharp Gargoyle Tail Axe,0x1e3b934,1,10,35,122613,4287,0,0,Sharp
weapon_items,Blunt Gargoyle Tail Axe,0x1e3b998,1,10,35,122614,4287,0,0,Blunt
weapon_items,Heide Lance,0x1e3db30,1,10,30,180600,4234,0,0,Normal
weapon_items,Lethal Heide Lance,0x1e3db94,1,10,30,180601,4234,0,0,Lethal
weapon_items,Cursed Heide Lance,0x1e3dbf8,1,10,30,180602,4234,0,0,Cursed
weapon_items,Poison Heide Lance,0x1e3dc5c,1,10,30,180603,4234,0,0,Poison
weapon_items,Blood Heide Lance,0x1e3dcc0,1,10,30,180604,4234,0,0,Blood
weapon_items,Frost Heide Lance,0x1e3dd24,1,10,30,180605,4234,0,0,Frost
weapon_items,Magic Heide Lance,0x1e3dd88,1,10,30,180606,4234,0,0,Magic
weapon_items,Fire Heide Lance,0x1e3ddec,1,10,30,180607,4234,0,0,Fire
weapon_items,Lightning Heide Lance,0x1e3de50,1,10,30,180608,4234,0,0,Lightning
weapon_items,Dark Heide Lance,0x1e3deb4,1,10,30,180609,4234,0,0,Dark
weapon_items,Lucky Heide Lance,0x1e3df18,1,10,30,180610,4234,0,0,Lucky
weapon_items,Enchanted Heide Lance,0x1e3df7c,1,10,30,180611,4234,0,0,Enchanted
weapon_items,Holy Heide Lance,0x1e3dfe0,1,10,30,180612,4234,0,0,Holy
weapon_items,Sharp Heide Lance,0x1e3e044,1,10,30,180613,4234,0,0,Sharp
weapon_items,Blunt Heide Lance,0x1e3e0a8,1,10,30,180614,4234,0,0,Blunt
weapon_items,Heide Greatlance,0x1e40240,1,10,40,180800,1111,0,0,Normal
weapon_items,Lethal Heide Greatlance,0x1e402a4,1,10,40,180801,1111,0,0,Lethal
weapon_items,Cursed Heide Greatlance,0x1e40308,1,10,40,180802,1111,0,0,Cursed
weapon_items,Poison Heide Greatlance,0x1e4036c,1,10,40,180803,1111,0,0,Poison
weapon_items,Blood Heide Greatlance,0x1e403d0,1,10,40,180804,1111,0,0,Blood
weapon_items,Frost Heide Greatlance,0x1e40434,1,10,40,180805,1111,0,0,Frost
weapon_items,Magic Heide Greatlance,0x1e40498,1,10,40,180806,1111,0,0,Magic
weapon_items,Fire Heide Greatlance,0x1e404fc,1,10,40,180807,1111,0,0,Fire
weapon_items,Lightning Heide Greatlance,0x1e40560,1,10,40,180808,1111,0,0,Lightning
weapon_items,Dark Heide Greatlance,0x1e405c4,1,10,40,180809,1111,0,0,Dark
weapon_items,Lucky Heide Greatlance,0x1e40628,1,10,40,180810,1111,0,0,Lucky
weapon_items,Enchanted Heide Greatlance,0x1e4068c,1,10,40,180811,1111,0,0,Enchanted
weapon_items,Holy Heide Greatlance,0x1e406f0,1,10,40,180812,1111,0,0,Holy
weapon_items,Sharp Heide Greatlance,0x1e40754,1,10,40,180813,1111,0,0,Sharp
weapon_items,Blunt Heide Greatlance,0x1e407b8,1,10,40,180814,1111,0,0,Blunt
weapon_items,Chariot Lance,0x1e42950,1,10,40,181000,7084,0,0,Normal
weapon_items,Lethal Chariot Lance,0x1e429b4,1,10,40,181001,7084,0,0,Lethal
weapon_items,Cursed Chariot Lance,0x1e42a18,1,10,40,181002,7084,0,0,Cursed
weapon_items,Poison Chariot Lance,0x1e42a7c,1,10,40,181003,7084,0,0,Poison
weapon_items,Blood Chariot Lance,0x1e42ae0,1,10,40,181004,7084,0,0,Blood
weapon_items,Frost Chariot Lance,0x1e42b44,1,10,40,181005,7084,0,0,Frost
weapon_items,Magic Chariot Lance,0x1e42ba8,1,10,40,181006,7084,0,0,Magic
weapon_items,Fire Chariot Lance,0x1e42c0c,1,10,40,181007,7084,0,0,Fire
weapon_items,Lightning Chariot Lance,0x1e42c70,1,10,40,181008,7084,0,0,Lightning
weapon_items,Dark Chariot Lance,0x1e42cd4,1,10,40,181009,7084,0,0,Dark
weapon_items,Lucky Chariot Lance,0x1e42d38,1,10,40,181010,7084,0,0,Lucky
weapon_items,Enchanted Chariot Lance,0x1e42d9c,1,10,40,181011,7084,0,0,Enchanted
weapon_items,Holy Chariot Lance,0x1e42e00,1,10,40,181012,7084,0,0,Holy
weapon_items,Sharp Chariot Lance,0x1e42e64,1,10,40,181013,7084,0,0,Sharp
weapon_items,Blunt Chariot Lance,0x1e42ec8,1,10,40,181014,7084,0,0,Blunt
ammo_items,Standard Arrow,0x61a80,250,0,0,10200,6000,0,0,
ammo_items,Fire Arrow,0x61ae4,250,0,0,10600,6001,0,0,
ammo_items,Poison Arrow,0x61b48,250,0,0,10900,6002,0,0,
ammo_items,Large Arrow,0x61bac,250,0,0,10300,6003,0,0,
ammo_items,Feather Arrow,0x61c10,250,0,0,10400,6004,0,0,
ammo_items,Moonlight Arrow,0x61c74,250,0,0,10500,6005,0,0,
ammo_items,Wood Arrow,0x61cd8,250,0,0,10100,6006,0,0,
ammo_items,Dark Arrow,0x61d3c,250,0,0,10800,6016,0,0,
ammo_items,Dragonslayer Greatarrow,0x62250,250,0,0,20900,6007,0,0,
ammo_items,Dragonslayer Lightning Arrow,0x62318,250,0,0,21500,6017,0,0,
ammo_items,Onislayer Greatarrow,0x6237c,250,0,0,21100,6018,0,0,
ammo_items,Millwood Greatarrow,0x623e0,250,0,0,21200,6019,0,0,
ammo_items,Standard Bolt,0x62a20,250,0,0,31300,6009,0,0,
ammo_items,Heavy Bolt,0x62a84,250,0,0,31400,6010,0,0,
ammo_items,Sniper Bolt,0x62ae8,250,0,0,31500,6011,0,0,
ammo_items,Wood Bolt,0x62b4c,250,0,0,31200,6012,0,0,
ammo_items,Lightning Bolt,0x62bb0,250,0,0,31600,6013,0,0,
ammo_items,Splintering Bolt,0x62c14,250,0,0,31630,6014,0,0,
ammo_items,Exploding Bolt,0x62c78,250,0,0,31800,6015,0,0,
ammo_items,Lightning Arrow,0x64190,250,0,0,10610,2082,0,0,
ammo_items,Draconic Arrow,0x642bc,250,0,0,10930,20,0,0,
ammo_items,Frost Arrow,0x64320,250,0,0,10920,2076,0,0,
ammo_items,Lacerating Arrow,0x643e8,250,0,0,10910,2081,0,0,
ammo_items,Moonlight Greatarrow,0x64960,250,0,0,21300,2084,0,0,
ammo_items,Wood Greatarrow,0x64a8c,250,0,0,20800,27,0,0,
ammo_items,Magic Bolt,0x65130,250,0,0,31580,2088,0,0,
ammo_items,Draconic Bolt,0x65194,250,0,0,31650,24,0,0,
ammo_items,Demonic Greatarrow,0x67070,250,0,0,21400,2087,0,0,
ammo_items,Fire Bolt,0x67840,250,0,0,31590,2092,0,0,
ammo_items,Corrupted Greatarrow,0x69780,250,0,0,21600,2086,0,0,
ammo_items,Dark Bolt,0x69f50,250,0,0,31610,2089,0,0,
ammo_items,Draconic Greatarrow,0x6be90,250,0,0,21700,21,0,0,
ammo_items,Poison Bolt,0x6c660,250,0,0,31620,2091,0,0,
ammo_items,Frost Bolt,0x6ed70,250,0,0,31640,2090,0,0,
armor_items,Embraced Armor of Favor,0x10018a88,1,0,10,800088,0,0,0,
armor_items,Gauntlets of Favor,0x10018e70,1,0,10,800089,0,0,0,
armor_items,Leggings of Favor,0x10019258,1,0,10,800090,0,0,0,
armor_items,Armor of the Glorious,0x1001b198,1,0,10,800000,0,0,0,
armor_items,Gauntlets of the Vanquisher,0x1001b580,1,0,10,800000,0,0,0,
armor_items,Boots of the Explorer,0x1001b968,1,0,10,800000,0,0,0,
armor_items,Stone Armor,0x1001d8a8,1,0,10,800000,0,0,0,
armor_items,Stone Gauntlets,0x1001dc90,1,0,10,800000,0,0,0,
armor_items,Stone Leggings,0x1001e078,1,0,10,800000,0,0,0,
armor_items,Crystalline Armor,0x1001ffb8,1,0,10,800000,0,0,0,
armor_items,Crystalline Gauntlets,0x100203a0,1,0,10,800000,0,0,0,
armor_items,Crystalline Leggings,0x10020788,1,0,10,800000,0,0,0,
armor_items,Crimson Robe,0x100226c8,1,0,10,800000,0,0,0,
armor_items,Crimson Gloves,0x10022ab0,1,0,10,800000,0,0,0,
armor_items,Crimson Waistcloth,0x10022e98,1,0,10,800000,0,0,0,
armor_items,Black Cleric Robe,0x10024dd8,1,0,10,800000,0,0,0,
armor_items,Black Manchette,0x100251c0,1,0,10,800000,0,0,0,
armor_items,Black Tights,0x100255a8,1,0,10,800000,0,0,0,
armor_items,Armor of the Sun,0x100274e8,1,0,10,800029,0,0,0,
armor_items,Iron Bracelet,0x100278d0,1,0,10,800030,0,0,0,
armor_items,Iron Leggings,0x10027cb8,1,0,10,800031,0,0,0,
armor_items,Chain Armor,0x10029bf8,1,0,10,800017,0,0,0,
armor_items,Leather Gauntlets,0x10029fe0,1,0,10,800018,0,0,0,
armor_items,Chain Leggings,0x1002a3c8,1,0,10,800019,0,0,0,
armor_items,Cleric Armor,0x1002c308,1,0,10,800000,0,0,0,
armor_items,Cleric Gauntlets,0x1002c6f0,1,0,10,800000,0,0,0,
armor_items,Cleric Leggings,0x1002cad8,1,0,10,800000,0,0,0,
armor_items,Armor of Thorns,0x10031128,1,0,10,800096,0,0,0,
armor_items,Gauntlets of Thorns,0x10031510,1,0,10,800097,0,0,0,
armor_items,Leggings of Thorns,0x100318f8,1,0,10,800098,0,0,0,
armor_items,Hard Leather Armor,0x10033838,1,0,10,800005,0,0,0,
armor_items,Hard Leather Gauntlets,0x10033c20,1,0,10,800006,0,0,0,
armor_items,Hard Leather Boots,0x10034008,1,0,10,800007,0,0,0,
armor_items,Sorcerer Cloak,0x10035f48,1,0,10,800000,0,0,0,
armor_items,Sorcerer Gauntlets,0x10036330,1,0,10,800000,0,0,0,
armor_items,Sorcerer Boots,0x10036718,1,0,10,800000,0,0,0,
armor_items,Tattered Cloth Robe,0x10038658,1,0,10,800000,0,0,0,
armor_items,Tattered Cloth Manchette,0x10038a40,1,0,10,800000,0,0,0,
armor_items,Heavy Boots,0x10038e28,1,0,10,800000,0,0,0,
armor_items,Leather Armor,0x1003ad68,1,0,10,800001,0,0,0,
armor_items,Leather Gloves,0x1003b150,1,0,10,800002,0,0,0,
armor_items,Leather Boots,0x1003b538,1,0,10,800003,0,0,0,
armor_items,Painting Guardian Robe,0x1003d478,1,0,10,800000,0,0,0,
armor_items,Painting Guardian Gloves,0x1003d860,1,0,10,800000,0,0,0,
armor_items,Painting Guardian Waistcloth,0x1003dc48,1,0,10,800000,0,0,0,
armor_items,Ornstein's Armor,0x10042298,1,0,10,800000,0,0,0,
armor_items,Ornstein's Gauntlets,0x10042680,1,0,10,800000,0,0,0,
armor_items,Ornstein's Leggings,0x10042a68,1,0,10,800000,0,0,0,
armor_items,Eastern Armor,0x100449a8,1,0,10,800092,0,0,0,
armor_items,Eastern Gauntlets,0x10044d90,1,0,10,800093,0,0,0,
armor_items,Eastern Leggings,0x10045178,1,0,10,800094,0,0,0,
armor_items,Xanthous Overcoat,0x100470b8,1,0,10,800000,0,0,0,
armor_items,Xanthous Gloves,0x100474a0,1,0,10,800000,0,0,0,
armor_items,Xanthous Waistcloth,0x10047888,1,0,10,800000,0,0,0,
armor_items,Black Leather Armor,0x100497c8,1,0,10,800198,0,0,0,
armor_items,Black Leather Gloves,0x10049bb0,1,0,10,800199,0,0,0,
armor_items,Black Leather Boots,0x10049f98,1,0,10,800200,0,0,0,
armor_items,Dingy Hood,0x10061a80,1,0,370,0,3449,0,0,
armor_items,Dingy Robe,0x10061e68,1,0,370,0,3450,0,0,
armor_items,Dingy Gloves,0x10062250,1,0,370,0,3451,0,0,
armor_items,Blood-Stained Skirt,0x10062638,1,0,370,0,3452,0,0,
armor_items,Mask of the Mother,0x100927c0,1,0,999,950000,0,0,0,
armor_items,Mask of the Child,0x10094ed0,1,0,999,950000,0,0,0,
armor_items,Fang Boar Helm,0x100975e0,1,0,999,950000,0,0,0,
armor_items,Gargoyle Helm,0x10099cf0,1,0,999,950000,0,0,0,
armor_items,Black Sorcerer Hat,0x1009c400,1,0,999,950000,0,0,0,
armor_items,Black Sorcerer Cloak,0x1009c7e8,1,0,999,950000,0,0,0,
armor_items,Black Sorcerer Gauntlets,0x1009cbd0,1,0,999,950000,0,0,0,
armor_items,Black Sorcerer Boots,0x1009cfb8,1,0,999,950000,0,0,0,
armor_items,Elite Cleric Helm,0x1009eb10,1,0,999,950000,0,0,0,
armor_items,Elite Cleric Armor,0x1009eef8,1,0,999,950000,0,0,0,
armor_items,Elite Cleric Gauntlets,0x1009f2e0,1,0,999,950000,0,0,0,
armor_items,Elite Cleric Leggings,0x1009f6c8,1,0,999,950000,0,0,0,
armor_items,Head,0x100dbba0,1,0,1,950000,0,0,0,
armor_items,Body,0x100dbf88,1,0,1,950000,0,0,0,
armor_items,Arms,0x100dc370,1,0,1,950000,0,0,0,
armor_items,Legs,0x100dc758,1,0,1,950000,0,0,0,
armor_items,No Travel Gear / Head,0x100e7ef0,1,0,10,800000,0,0,0,
armor_items,No Travel Gear / Body,0x100e82d8,1,0,10,800000,0,0,0,
armor_items,No Travel Gear / Arms,0x100e86c0,1,0,10,800000,0,0,0,
armor_items,No Travel Gear / Legs,0x100e8aa8,1,0,10,800000,0,0,0,
armor_items,Dragon Head,0x100f4240,1,0,0,20000,3000,0,0,
armor_items,Dragon Body,0x100f4628,1,0,0,20000,3001,0,0,
armor_items,Dragon Arms,0x100f4a10,1,0,0,20000,3002,0,0,
armor_items,Dragon Legs,0x100f4df8,1,0,0,20000,3003,0,0,
armor_items,Gough's Helm,0x1098bd90,1,0,41,225000,2130,0,0,
armor_items,Gough's Armor,0x1098c178,1,0,41,225001,2131,0,0,
armor_items,Gough's Gloves,0x1098c560,1,0,42,225002,2132,0,0,
armor_items,Gough's Leggings,0x1098c948,1,0,41,225003,2133,0,0,
armor_items,Mask of the Sealer,0x1098e4a0,1,0,21,85100,2134,0,0,
armor_items,Crimson Robe,0x1098e888,1,0,22,85101,2135,0,0,
armor_items,Crimson Gloves,0x1098ec70,1,0,22,85102,2136,0,0,
armor_items,Crimson Waistcloth,0x1098f058,1,0,22,85103,2137,0,0,
armor_items,Six-Eyed Helm of the Channelers,0x10990bb0,1,0,35,170000,2138,0,0,
armor_items,Robe of the Channelers,0x10990f98,1,0,37,170001,2139,0,0,
armor_items,Gauntlets of the Channelers,0x10991380,1,0,35,170002,2140,0,0,
armor_items,Waistcloth of the Channelers,0x10991768,1,0,35,170003,2141,0,0,
armor_items,Moon Hat,0x109932c0,1,0,22,185200,7089,0,0,
armor_items,Astrologist's Robe,0x109936a8,1,0,26,185201,7090,0,0,
armor_items,Astrologist's Gloves,0x10993a90,1,0,23,185202,7091,0,0,
armor_items,Astrologist's Waistcloth,0x10993e78,1,0,22,185203,7092,0,0,
armor_items,Helm of Aurous,0x109959d0,1,0,37,200000,7093,0,0,
armor_items,Armor of Aurous,0x10995db8,1,0,36,200001,7094,0,0,
armor_items,Gauntlets of Aurous,0x109961a0,1,0,35,200002,7095,0,0,
armor_items,Leggings of Aurous,0x10996588,1,0,35,200003,7096,0,0,
armor_items,Dragon Acolyte Mask,0x109980e0,1,0,20,25000,7097,0,0,
armor_items,Dragon Acolyte Robe,0x109984c8,1,0,23,25001,7098,0,0,
armor_items,Dragon Acolyte Gloves,0x109988b0,1,0,23,25002,7099,0,0,
armor_items,Dragon Acolyte Leggings,0x10998c98,1,0,23,25003,7100,0,0,
armor_items,Vengarl's Helm,0x1099a7f0,1,0,41,136100,7101,0,0,
armor_items,Vengarl's Armor,0x1099abd8,1,0,41,136101,7102,0,0,
armor_items,Vengarl's Gloves,0x1099afc0,1,0,42,136102,7103,0,0,
armor_items,Vengarl's Leggings,0x1099b3a8,1,0,41,136103,7104,0,0,
armor_items,Snickering Top Hat,0x1099cf00,1,0,23,20100,7105,0,0,
armor_items,Chester's Long Coat,0x1099d2e8,1,0,23,20101,7106,0,0,
armor_items,Chester's Gloves,0x1099d6d0,1,0,23,20102,7107,0,0,
armor_items,Chester's Trousers,0x1099dab8,1,0,23,20103,7108,0,0,
armor_items,Winged Helm of Ridoh,0x1099f610,1,0,36,190700,4191,0,0,
armor_items,King's Crown,0x109a1d20,1,0,40,215600,4192,0,0,
armor_items,King's Armor,0x109a2108,1,0,40,215601,4193,0,0,
armor_items,King's Gauntlets,0x109a24f0,1,0,38,215602,4194,0,0,
armor_items,King's Leggings,0x109a28d8,1,0,38,215603,4195,0,0,
armor_items,Cowl of the Bear,0x109a4430,1,0,30,195100,4196,0,0,
armor_items,Armor of the Bear,0x109a4818,1,0,35,195101,4197,0,0,
armor_items,Gauntlets of the Bear,0x109a4c00,1,0,32,195102,4198,0,0,
armor_items,Leggings of the Bear,0x109a4fe8,1,0,33,195103,4199,0,0,
armor_items,Thorolund Helm,0x109a6b40,1,0,30,175300,4214,0,0,
armor_items,Thorolund Armor,0x109a6f28,1,0,35,175301,4215,0,0,
armor_items,Thorolund Gloves,0x109a7310,1,0,32,175302,4216,0,0,
armor_items,Thorolund Leggings,0x109a76f8,1,0,33,175303,4217,0,0,
armor_items,Raime's Helm,0x109a9250,1,0,47,30500,4218,0,0,
armor_items,Raime's Armor,0x109a9638,1,0,47,30501,4219,0,0,
armor_items,Raime's Gauntlets,0x109a9a20,1,0,46,30502,4220,0,0,
armor_items,Raime's Leggings,0x109a9e08,1,0,47,30503,4221,0,0,
armor_items,Alonne Captain Helm,0x109ab960,1,0,41,145000,4222,0,0,
armor_items,Alonne Captain Armor,0x109abd48,1,0,42,145001,4223,0,0,
armor_items,Alonne Captain Gauntlets,0x109ac130,1,0,40,145002,4224,0,0,
armor_items,Alonne Captain Leggings,0x109ac518,1,0,40,145003,4225,0,0,
armor_items,Gravekeeper Helm,0x109ae070,1,0,22,50000,4226,0,0,
armor_items,Gravekeeper Armor,0x109ae458,1,0,40,50001,4227,0,0,
armor_items,Gravekeeper Gauntlets,0x109ae840,1,0,40,50002,4228,0,0,
armor_items,Gravekeeper Leggings,0x109aec28,1,0,40,50003,4229,0,0,
armor_items,Attendant Mask,0x109b0780,1,0,36,205000,4230,0,0,
armor_items,Attendant Robe,0x109b0b68,1,0,36,205001,4231,0,0,
armor_items,Artificial Helmet,0x109b2e90,1,0,36,180000,4232,0,0,
armor_items,Giant-horned Helmet,0x109b55a0,1,0,999,20200,4233,0,0,
armor_items,Snail Shell,0x109b7cb0,1,0,999,186200,4243,0,0,
armor_items,Overseer's Mask,0x109ba3c0,1,0,47,125800,4235,0,0,
armor_items,Suspicious Gold Mask,0x109bcad0,1,0,36,220400,4236,0,0,
armor_items,Fang Boar Helm,0x109bf1e0,1,0,100,160100,4237,0,0,
armor_items,Barrel,0x109c18f0,1,0,30,215000,4238,0,0,
armor_items,Bucket,0x109c4000,1,0,30,220000,4239,0,0,
armor_items,Sack,0x109c6710,1,0,20,220200,4240,0,0,
armor_items,Rosaria's Dress,0x109c8e20,1,0,23,120500,4241,0,0,
armor_items,Salvador's Hat,0x109cb530,1,0,23,220300,4242,0,0,
armor_items,Priestly Cap,0x109cdc40,1,0,20,150000,4244,0,0,
armor_items,Gallant Helm,0x109d0350,1,0,36,65000,3094,0,0,
armor_items,Gallant Armor,0x109d0738,1,0,28,65001,3097,0,0,
armor_items,Gallant Gloves,0x109d0b20,1,0,28,65002,3098,0,0,
armor_items,Gallant Leggings,0x109d0f08,1,0,28,65003,3099,0,0,
armor_items,Warden Coif,0x109d2a60,1,0,41,130600,3101,0,0,
armor_items,Warden Chainmail,0x109d2e48,1,0,37,130601,3102,0,0,
armor_items,Warden Gloves,0x109d3230,1,0,35,130602,3103,0,0,
armor_items,Warden Leggings,0x109d3618,1,0,36,130603,3110,0,0,
armor_items,Dull Gold Helmet,0x109d5170,1,0,40,120100,3111,0,0,
armor_items,Dull Gold Armor,0x109d5558,1,0,40,120101,3125,0,0,
armor_items,Dull Gold Gauntlets,0x109d5940,1,0,38,120102,3126,0,0,
armor_items,Dull Gold Leggings,0x109d5d28,1,0,38,120103,3127,0,0,
armor_items,Fluted Helm,0x109d7880,1,0,38,135200,3134,0,0,
armor_items,Fluted Armor,0x109d7c68,1,0,35,135201,3135,0,0,
armor_items,Fluted Gauntlets,0x109d8050,1,0,35,135202,3140,0,0,
armor_items,Fluted Leggings,0x109d8438,1,0,37,135203,3141,0,0,
armor_items,Huntsman's Cap,0x109d9f90,1,0,25,225100,3142,0,0,
armor_items,Huntsman's Armor,0x109da378,1,0,25,225101,3143,0,0,
armor_items,Huntsman's Gloves,0x109da760,1,0,23,225102,3148,0,0,
armor_items,Huntsman's Leggings,0x109dab48,1,0,25,225103,3149,0,0,
armor_items,Mirdan Helm,0x109dc6a0,1,0,22,180700,3150,0,0,
armor_items,Mirdan Scale Mail,0x109dca88,1,0,40,180701,3151,0,0,
armor_items,Mirdan Gauntlets,0x109dce70,1,0,40,180702,3181,0,0,
armor_items,Mirdan Leggings,0x109dd258,1,0,40,180703,3182,0,0,
armor_items,Sentinel Helm,0x109dedb0,1,0,38,200200,3183,0,0,
armor_items,Sentinel Armor,0x109df198,1,0,40,200201,3188,0,0,
armor_items,Sentinel Gauntlets,0x109df580,1,0,40,200202,3189,0,0,
armor_items,Sentinel Leggings,0x109df968,1,0,37,200203,3190,0,0,
armor_items,Three-cornered Hat,0x109e14c0,1,0,23,170100,3191,0,0,
armor_items,Old Raggedy Robes,0x109e18a8,1,0,22,170101,3194,0,0,
armor_items,Old Raggedy Gloves,0x109e1c90,1,0,22,170102,3195,0,0,
armor_items,Old Raggedy Leggings,0x109e2078,1,0,23,170103,3206,0,0,
armor_items,Gold Mask,0x109e3bd0,1,0,25,215200,3220,0,0,
armor_items,Charlatan's Clothes,0x109e3fb8,1,0,22,215201,3221,0,0,
armor_items,Charlatan's Gloves,0x109e43a0,1,0,21,215202,3222,0,0,
armor_items,Charlatan's Leggings,0x109e4788,1,0,22,215203,3223,0,0,
armor_items,Martyr's Robes,0x109e66c8,1,0,25,175100,3226,0,0,
armor_items,Martyr's Gloves,0x109e6ab0,1,0,25,175101,3228,0,0,
armor_items,Martyr's Leggings,0x109e6e98,1,0,25,175102,3230,0,0,
armor_items,Pickpocket Mask,0x109e89f0,1,0,21,245600,3233,0,0,
armor_items,Pickpocket Clothes,0x109e8dd8,1,0,20,245601,3234,0,0,
armor_items,Pickpocket Gloves,0x109e91c0,1,0,21,245602,3235,0,0,
armor_items,Pickpocket Leggings,0x109e95a8,1,0,22,245603,3240,0,0,
armor_items,Magician's Clothes,0x109eb4e8,1,0,21,25701,3241,0,0,
armor_items,Magician's Gloves,0x109eb8d0,1,0,21,25702,3242,0,0,
armor_items,Magician's Leggings,0x109ebcb8,1,0,21,25703,3243,0,0,
armor_items,Ironclad Helm,0x109ed810,1,0,50,260000,5062,0,0,
armor_items,Ironclad Armor,0x109edbf8,1,0,50,260001,5063,0,0,
armor_items,Ironclad Gauntlets,0x109edfe0,1,0,50,260002,5075,0,0,
armor_items,Ironclad Leggings,0x109ee3c8,1,0,50,260003,5076,0,0,
armor_items,Fallen Prince's Helm,0x109eff20,1,0,47,40350,3425,0,0,
armor_items,Fallen Prince's Armor,0x109f0308,1,0,47,40351,3426,0,0,
armor_items,Fallen Prince's Gauntlets,0x109f06f0,1,0,46,40352,3459,0,0,
armor_items,Fallen Prince's Leggings,0x109f0ad8,1,0,47,40353,3462,0,0,
armor_items,Imported Hood,0x109f2630,1,0,25,190350,5056,0,0,
armor_items,Imported Tunic,0x109f2a18,1,0,22,190351,5057,0,0,
armor_items,Imported Manchettes,0x109f2e00,1,0,21,190352,5059,0,0,
armor_items,Imported Trousers,0x109f31e8,1,0,22,190353,5060,0,0,
armor_items,Sanctum Knight Helm,0x109f4d40,1,0,22,245650,5097,0,0,
armor_items,Sanctum Knight Armor,0x109f5128,1,0,40,245651,5099,0,0,
armor_items,Sanctum Knight Gauntlets,0x109f5510,1,0,40,245652,5100,0,0,
armor_items,Sanctum Knight Leggings,0x109f58f8,1,0,40,245653,5105,0,0,
armor_items,Stalwart Knight Helm,0x109f7450,1,0,50,201000,5106,0,0,
armor_items,Stalwart Knight Armor,0x109f7838,1,0,50,201001,5109,0,0,
armor_items,Stalwart Knight Gauntlets,0x109f7c20,1,0,50,201002,5117,0,0,
armor_items,Stalwart Knight Leggings,0x109f8008,1,0,50,201003,5118,0,0,
armor_items,Eastern General Helm,0x109f9b60,1,0,45,125400,3391,0,0,
armor_items,Eastern General Armor,0x109f9f48,1,0,45,125401,3395,0,0,
armor_items,Eastern General Gauntlets,0x109fa330,1,0,45,125402,3404,0,0,
armor_items,Eastern General Leggings,0x109fa718,1,0,45,125403,3418,0,0,
armor_items,Okami Mask,0x109fc270,1,0,38,35250,5078,0,0,
armor_items,Okami Armor,0x109fc658,1,0,36,35251,5079,0,0,
armor_items,Okami Trousers,0x109fce28,1,0,35,35253,5092,0,0,
armor_items,Eastern Wolf Overcoat,0x109fed68,1,0,25,165351,3419,0,0,
armor_items,Eastern Wolf Armguards,0x109ff150,1,0,25,165352,3423,0,0,
armor_items,Eastern Wolf Trousers,0x109ff538,1,0,25,165353,3424,0,0,
armor_items,Carthus Swordsman Hood,0x10a01090,1,0,20,23000,3084,0,0,
armor_items,Carthus Swordsman Robe,0x10a01478,1,0,23,23001,3085,0,0,
armor_items,Carthus Swordsman Bracer,0x10a01860,1,0,23,23002,3086,0,0,
armor_items,Carthus Swordsman Anklets,0x10a01c48,1,0,23,23003,3087,0,0,
armor_items,Royal Swordsman Sallet,0x10a037a0,1,0,36,24000,3481,0,0,
armor_items,Royal Swordsman Cuirass,0x10a03b88,1,0,28,24001,3482,0,0,
armor_items,Royal Swordsman Gauntlets,0x10a03f70,1,0,28,24002,3483,0,0,
armor_items,Royal Swordsman Leggings,0x10a04358,1,0,28,24003,3484,0,0,
armor_items,Vordt's Helm,0x10a05eb0,1,0,50,160800,3268,0,0,
armor_items,Vordt's Armor,0x10a06298,1,0,50,160801,1148,0,0,
armor_items,Vordt's Gauntlets,0x10a06680,1,0,50,160802,3538,0,0,
armor_items,Vordt's Leggings,0x10a06a68,1,0,50,160803,3505,0,0,
armor_items,Throne Watcher Helm,0x10a085c0,1,0,40,70200,5128,0,0,
armor_items,Throne Watcher Armor,0x10a089a8,1,0,41,70201,5129,0,0,
armor_items,Throne Watcher Gauntlets,0x10a08d90,1,0,40,70202,5134,0,0,
armor_items,Throne Watcher Leggings,0x10a09178,1,0,40,70203,5140,0,0,
armor_items,Throne Defender Helm,0x10a0acd0,1,0,40,80100,5121,0,0,
armor_items,Throne Defender Armor,0x10a0b0b8,1,0,41,80101,5122,0,0,
armor_items,Throne Defender Gauntlets,0x10a0b4a0,1,0,40,80102,5123,0,0,
armor_items,Throne Defender Leggings,0x10a0b888,1,0,40,80103,5127,0,0,
armor_items,Fallen Knight Helm,0x1121eac0,1,0,37,55100,3000,0,0,
armor_items,Fallen Knight Armor,0x1121eea8,1,0,36,55101,3001,0,0,
armor_items,Fallen Knight Gauntlets,0x1121f290,1,0,35,55102,3002,0,0,
armor_items,Fallen Knight Trousers,0x1121f678,1,0,35,55103,3003,0,0,
armor_items,Knight Helm,0x11298be0,1,0,38,155400,3004,0,0,
armor_items,Knight Armor,0x11298fc8,1,0,36,155401,3005,0,0,
armor_items,Knight Gauntlets,0x112993b0,1,0,37,155402,3006,0,0,
armor_items,Knight Leggings,0x11299798,1,0,37,155403,3007,0,0,
armor_items,Vilhelm's Helm,0x11312d00,1,0,37,40800,3449,0,0,
armor_items,Vilhelm's Armor,0x113130e8,1,0,37,40801,3450,0,0,
armor_items,Vilhelm's Gauntlets,0x113134d0,1,0,37,40802,3451,0,0,
armor_items,Vilhelm's Leggings,0x113138b8,1,0,37,40803,3452,0,0,
armor_items,Firelink Helm,0x11406f40,1,0,35,195200,3012,0,0,
armor_items,Firelink Armor,0x11407328,1,0,35,195201,3013,0,0,
armor_items,Firelink Gauntlets,0x11407710,1,0,28,195202,3014,0,0,
armor_items,Firelink Leggings,0x11407af8,1,0,28,195203,3015,0,0,
armor_items,Sellsword Helm,0x11481060,1,0,35,165600,3016,0,0,
armor_items,Sellsword Armor,0x11481448,1,0,37,165601,3017,0,0,
armor_items,Sellsword Gauntlet,0x11481830,1,0,23,165602,3018,0,0,
armor_items,Sellsword Trousers,0x11481c18,1,0,26,165603,3019,0,0,
armor_items,Herald Helm,0x114fb180,1,0,35,190300,3020,0,0,
armor_items,Herald Armor,0x114fb568,1,0,35,190301,3021,0,0,
armor_items,Herald Gloves,0x114fb950,1,0,35,190302,3022,0,0,
armor_items,Herald Trousers,0x114fbd38,1,0,35,190303,3023,0,0,
armor_items,Sunless Veil,0x115752a0,1,0,23,25600,3024,0,0,
armor_items,Sunless Armor,0x11575688,1,0,36,25601,3025,0,0,
armor_items,Sunless Gauntlets,0x11575a70,1,0,37,25602,3026,0,0,
armor_items,Sunless Leggings,0x11575e58,1,0,36,25603,3027,0,0,
armor_items,Black Hand Hat,0x115ef3c0,1,0,26,165000,3028,0,0,
armor_items,Black Hand Armor,0x115ef7a8,1,0,28,165001,3029,0,0,
armor_items,Assassin Gloves,0x115efb90,1,0,26,130002,3030,0,0,
armor_items,Assassin Trousers,0x115eff78,1,0,27,130003,3031,0,0,
armor_items,Assassin Hood,0x11607a60,1,0,22,130000,3388,0,0,
armor_items,Assassin Armor,0x11607e48,1,0,27,130001,3389,0,0,
armor_items,Xanthous Crown,0x116694e0,1,0,27,186700,3032,0,0,
armor_items,Xanthous Overcoat,0x116698c8,1,0,35,186701,3033,0,0,
armor_items,Xanthous Gloves,0x11669cb0,1,0,26,186702,3034,0,0,
armor_items,Xanthous Trousers,0x1166a098,1,0,26,186703,3035,0,0,
armor_items,Northern Helm,0x116e3600,1,0,37,100100,3036,0,0,
armor_items,Northern Armor,0x116e39e8,1,0,37,100101,3037,0,0,
armor_items,Northern Gloves,0x116e3dd0,1,0,27,100102,3038,0,0,
armor_items,Northern Trousers,0x116e41b8,1,0,27,100103,3039,0,0,
armor_items,Morne's Helm,0x1175d720,1,0,47,175200,3040,0,0,
armor_items,Morne's Armor,0x1175db08,1,0,45,175201,3041,0,0,
armor_items,Morne's Gauntlets,0x1175def0,1,0,42,175202,3042,0,0,
armor_items,Morne's Leggings,0x1175e2d8,1,0,43,175203,3043,0,0,
armor_items,Silver Mask,0x117d7840,1,0,28,135400,3044,0,0,
armor_items,Leonhard's Garb,0x117d7c28,1,0,27,135401,3045,0,0,
armor_items,Leonhard's Gauntlets,0x117d8010,1,0,28,135402,3046,0,0,
armor_items,Leonhard's Trousers,0x117d83f8,1,0,26,135403,3047,0,0,
armor_items,Sneering Mask,0x11851960,1,0,25,45100,3048,0,0,
armor_items,Pale Shade Robe,0x11851d48,1,0,22,45101,3049,0,0,
armor_items,Pale Shade Gloves,0x11852130,1,0,21,45102,3050,0,0,
armor_items,Pale Shade Trousers,0x11852518,1,0,22,45103,3051,0,0,
armor_items,Sunset Helm,0x118cba80,1,0,38,129000,3052,0,0,
armor_items,Sunset Armor,0x118cbe68,1,0,40,129001,3053,0,0,
armor_items,Sunset Gauntlets,0x118cc250,1,0,40,129002,3054,0,0,
armor_items,Sunset Leggings,0x118cc638,1,0,37,129003,3055,0,0,
armor_items,Old Sage's Blindfold,0x11945ba0,1,0,20,30000,3056,0,0,
armor_items,Cornyx's Garb,0x11945f88,1,0,23,30001,3057,0,0,
armor_items,Cornyx's Wrap,0x11946370,1,0,22,30002,3058,0,0,
armor_items,Cornyx's Skirt,0x11946758,1,0,21,30003,3059,0,0,
armor_items,Executioner Helm,0x119bfcc0,1,0,46,185500,3060,0,0,
armor_items,Executioner Armor,0x119c00a8,1,0,46,185501,3061,0,0,
armor_items,Executioner Gauntlets,0x119c0490,1,0,46,185502,3062,0,0,
armor_items,Executioner Leggings,0x119c0878,1,0,46,185503,3063,0,0,
armor_items,Billed Mask,0x11a39de0,1,0,36,115000,3064,0,0,
armor_items,Black Dress,0x11a3a1c8,1,0,27,115001,3065,0,0,
armor_items,Black Gauntlets,0x11a3a5b0,1,0,36,115002,3066,0,0,
armor_items,Black Leggings,0x11a3a998,1,0,28,115003,3067,0,0,
armor_items,Pyromancer Crown,0x11ab3f00,1,0,20,75600,3068,0,0,
armor_items,Pyromancer Garb,0x11ab42e8,1,0,23,75601,3069,0,0,
armor_items,Pyromancer Wrap,0x11ab46d0,1,0,23,75602,3070,0,0,
armor_items,Pyromancer Trousers,0x11ab4ab8,1,0,23,75603,3071,0,0,
armor_items,Antiquated Plain Garb,0x11b2e408,1,0,21,185000,3463,0,0,
armor_items,Violet Wrappings,0x11b2e7f0,1,0,21,185001,3464,0,0,
armor_items,Antiquated Loincloth,0x11b2ebd8,1,0,21,185002,3465,0,0,
armor_items,Court Sorcerer Hood,0x11ba8140,1,0,22,205100,3072,0,0,
armor_items,Court Sorcerer Robe,0x11ba8528,1,0,23,205101,3073,0,0,
armor_items,Court Sorcerer Gloves,0x11ba8910,1,0,21,205102,3074,0,0,
armor_items,Court Sorcerer Trousers,0x11ba8cf8,1,0,22,205103,3075,0,0,
armor_items,Shira's Crown,0x11c22260,1,0,20,210200,3466,0,0,
armor_items,Shira's Armor,0x11c22648,1,0,27,210201,3467,0,0,
armor_items,Shira's Gloves,0x11c22a30,1,0,26,210202,3468,0,0,
armor_items,Shira's Trousers,0x11c22e18,1,0,26,210203,3469,0,0,
armor_items,Sorcerer Hood,0x11c9c380,1,0,21,186300,3076,0,0,
armor_items,Sorcerer Robe,0x11c9c768,1,0,23,186301,3077,0,0,
armor_items,Sorcerer Gloves,0x11c9cb50,1,0,23,186302,3078,0,0,
armor_items,Sorcerer Trousers,0x11c9cf38,1,0,25,186303,3079,0,0,
armor_items,Clandestine Coat,0x11cb4e08,1,0,21,235000,3422,0,0,
armor_items,Cleric Hat,0x11d905c0,1,0,22,180100,3080,0,0,
armor_items,Cleric Blue Robe,0x11d909a8,1,0,26,180101,3081,0,0,
armor_items,Cleric Gloves,0x11d90d90,1,0,23,180102,3082,0,0,
armor_items,Cleric Trousers,0x11d91178,1,0,22,180103,3083,0,0,
armor_items,Lapp's Helm,0x11e84800,1,0,45,215700,3470,0,0,
armor_items,Lapp's Armor,0x11e84be8,1,0,45,215701,3471,0,0,
armor_items,Lapp's Gauntlets,0x11e84fd0,1,0,45,215702,3472,0,0,
armor_items,Lapp's Leggings,0x11e853b8,1,0,45,215703,3473,0,0,
armor_items,Grotto Hat,0x11f78a40,1,0,24,90000,3088,0,0,
armor_items,Grotto Robe,0x11f78e28,1,0,31,90001,3089,0,0,
armor_items,Grotto Wrap,0x11f79210,1,0,20,90002,3090,0,0,
armor_items,Grotto Trousers,0x11f795f8,1,0,30,90003,3091,0,0,
armor_items,Steel Soldier Helm,0x12625a00,1,0,37,190200,3092,0,0,
armor_items,Deserter Armor,0x12625de8,1,0,35,190201,3093,0,0,
armor_items,Deserter Trousers,0x126265b8,1,0,25,190202,3095,0,0,
armor_items,Thief Mask,0x12656740,1,0,25,130100,3420,0,0,
armor_items,Sage's Big Hat,0x129020c0,1,0,23,186100,3100,0,0,
armor_items,Aristocrat's Mask,0x129f6300,1,0,40,220100,3104,0,0,
armor_items,Jailer Robe,0x129f66e8,1,0,23,220101,3105,0,0,
armor_items,Jailer Gloves,0x129f6ad0,1,0,23,220102,3106,0,0,
armor_items,Jailer Trousers,0x129f6eb8,1,0,23,220103,3107,0,0,
armor_items,Saint's Veil,0x12a70420,1,0,15,181000,3108,0,0,
armor_items,Saint's Dress,0x12a70808,1,0,15,181001,3109,0,0,
armor_items,Footman's Hood,0x12aea540,1,0,25,245250,3112,0,0,
armor_items,Footman's Overcoat,0x12aea928,1,0,35,245251,3113,0,0,
armor_items,Footman's Bracelets,0x12aead10,1,0,19,245252,3114,0,0,
armor_items,Footman's Trousers,0x12aeb0f8,1,0,30,245253,3115,0,0,
armor_items,Grave Warden Hood,0x12bde780,1,0,22,105200,3116,0,0,
armor_items,Grave Warden Robe,0x12bdeb68,1,0,22,105201,3117,0,0,
armor_items,Grave Warden Wrap,0x12bdef50,1,0,22,105202,3118,0,0,
armor_items,Grave Warden Skirt,0x12bdf338,1,0,22,105203,3119,0,0,
armor_items,Worker Hat,0x12cd29c0,1,0,23,155600,3120,0,0,
armor_items,Worker Garb,0x12cd2da8,1,0,23,155601,3121,0,0,
armor_items,Worker Gloves,0x12cd3190,1,0,23,155602,3122,0,0,
armor_items,Worker Trousers,0x12cd3578,1,0,23,155603,3123,0,0,
armor_items,Thrall Hood,0x12d4cae0,1,0,22,220600,3124,0,0,
armor_items,Evangelist Hat,0x12dc6c00,1,0,28,175000,3128,0,0,
armor_items,Evangelist Robe,0x12dc6fe8,1,0,38,175001,3129,0,0,
armor_items,Evangelist Gloves,0x12dc73d0,1,0,27,175002,3130,0,0,
armor_items,Evangelist Trousers,0x12dc77b8,1,0,28,175003,3131,0,0,
armor_items,Scholar's Shed Skin,0x12e40d20,1,0,23,25400,3132,0,0,
armor_items,Scholar's Robe,0x12e41108,1,0,23,25401,3133,0,0,
armor_items,Winged Knight Helm,0x12ebae40,1,0,47,120600,3136,0,0,
armor_items,Winged Knight Armor,0x12ebb228,1,0,48,120601,3137,0,0,
armor_items,Winged Knight Gauntlets,0x12ebb610,1,0,47,120602,3138,0,0,
armor_items,Winged Knight Leggings,0x12ebb9f8,1,0,47,120603,3139,0,0,
armor_items,Cathedral Knight Helm,0x130291a0,1,0,47,85000,3144,0,0,
armor_items,Cathedral Knight Armor,0x13029588,1,0,47,85001,3145,0,0,
armor_items,Cathedral Knight Gauntlets,0x13029970,1,0,45,85002,3146,0,0,
armor_items,Cathedral Knight Leggings,0x13029d58,1,0,45,85003,3147,0,0,
armor_items,Lothric Knight Helm,0x13197500,1,0,41,190400,3152,0,0,
armor_items,Lothric Knight Armor,0x131978e8,1,0,43,190401,3153,0,0,
armor_items,Lothric Knight Gauntlets,0x13197cd0,1,0,42,190402,3154,0,0,
armor_items,Lothric Knight Leggings,0x131980b8,1,0,42,190403,3155,0,0,
armor_items,Outrider Knight Helm,0x1328b740,1,0,36,165500,3156,0,0,
armor_items,Outrider Knight Armor,0x1328bb28,1,0,38,165501,3157,0,0,
armor_items,Outrider Knight Gauntlets,0x1328bf10,1,0,36,165502,3158,0,0,
armor_items,Outrider Knight Leggings,0x1328c2f8,1,0,37,165503,3159,0,0,
armor_items,Black Knight Helm,0x1337f980,1,0,40,55000,3160,0,0,
armor_items,Black Knight Armor,0x1337fd68,1,0,41,55001,3161,0,0,
armor_items,Black Knight Gauntlets,0x13380150,1,0,40,55002,3162,0,0,
armor_items,Black Knight Leggings,0x13380538,1,0,40,55003,3163,0,0,
armor_items,Dark Mask,0x133f9aa0,1,0,35,40300,3164,0,0,
armor_items,Dark Armor,0x133f9e88,1,0,35,40301,3165,0,0,
armor_items,Dark Gauntlets,0x133fa270,1,0,35,40302,3166,0,0,
armor_items,Dark Leggings,0x133fa658,1,0,35,40303,3167,0,0,
armor_items,Exile Mask,0x13473bc0,1,0,47,155200,3168,0,0,
armor_items,Exile Armor,0x13473fa8,1,0,47,155201,3169,0,0,
armor_items,Exile Gauntlets,0x13474390,1,0,46,155202,3170,0,0,
armor_items,Exile Leggings,0x13474778,1,0,47,155203,3171,0,0,
armor_items,Slave Knight Hood,0x134edce0,1,0,35,136000,3453,0,0,
armor_items,Slave Knight Armor,0x134ee0c8,1,0,35,136001,3454,0,0,
armor_items,Slave Knight Gauntlets,0x134ee4b0,1,0,35,136002,3455,0,0,
armor_items,Slave Knight Leggings,0x134ee898,1,0,35,136003,3456,0,0,
armor_items,Pontiff Knight Crown,0x13567e00,1,0,27,25300,3172,0,0,
armor_items,Pontiff Knight Armor,0x135681e8,1,0,28,25301,3173,0,0,
armor_items,Pontiff Knight Gauntlets,0x135685d0,1,0,28,25302,3174,0,0,
armor_items,Pontiff Knight Leggings,0x135689b8,1,0,28,25303,3175,0,0,
armor_items,Ordained Hood,0x135e1f20,1,0,23,70000,3457,0,0,
armor_items,Ordained Dress,0x135e2308,1,0,23,70001,3458,0,0,
armor_items,Ordained Trousers,0x135e2ad8,1,0,23,70002,3460,0,0,
armor_items,Golden Crown,0x1365c040,1,0,28,35200,3176,0,0,
armor_items,Dragonscale Armor,0x1365c428,1,0,38,35201,3177,0,0,
armor_items,Golden Bracelets,0x1365c810,1,0,25,35202,3178,0,0,
armor_items,Dragonscale Waistcloth,0x1365cbf8,1,0,36,35203,3179,0,0,
armor_items,Wolnir's Crown,0x136d6160,1,0,27,190800,3180,0,0,
armor_items,Undead Legion Helm,0x13750280,1,0,36,85300,3184,0,0,
armor_items,Undead Legion Armor,0x13750668,1,0,28,85301,3185,0,0,
armor_items,Undead Legion Gauntlet,0x13750a50,1,0,28,85302,3186,0,0,
armor_items,Undead Legion Leggings,0x13750e38,1,0,28,85303,3187,0,0,
armor_items,Follower Helm,0x137ca3a0,1,0,36,125700,3441,0,0,
armor_items,Follower Armor,0x137ca788,1,0,26,125701,3442,0,0,
armor_items,Follower Gloves,0x137cab70,1,0,26,125702,3443,0,0,
armor_items,Follower Boots,0x137caf58,1,0,26,125703,3444,0,0,
armor_items,Serpentine Mask,0x138be5e0,1,0,39,25500,3192,0,0,
armor_items,Serpentine Robe,0x138be9c8,1,0,45,25501,3193,0,0,
armor_items,Fire Witch Helm,0x13938700,1,0,35,30200,3196,0,0,
armor_items,Fire Witch Armor,0x13938ae8,1,0,37,30201,3197,0,0,
armor_items,Fire Witch Gauntlets,0x13938ed0,1,0,35,30202,3198,0,0,
armor_items,Fire Witch Leggings,0x139392b8,1,0,35,30203,3199,0,0,
armor_items,Millwood Knight Helm,0x139b2820,1,0,45,160600,3445,0,0,
armor_items,Millwood Knight Armor,0x139b2c08,1,0,45,160601,3446,0,0,
armor_items,Millwood Knight Gauntlets,0x139b2ff0,1,0,45,160602,3447,0,0,
armor_items,Millwood Knight Leggings,0x139b33d8,1,0,45,160603,3448,0,0,
armor_items,Lorian's Helm,0x13a2c940,1,0,38,30300,3200,0,0,
armor_items,Lorian's Armor,0x13a2cd28,1,0,42,30301,3201,0,0,
armor_items,Lorian's Gauntlets,0x13a2d110,1,0,36,30302,3202,0,0,
armor_items,Lorian's Leggings,0x13a2d4f8,1,0,37,30303,3203,0,0,
armor_items,Hood of Prayer,0x13aa6a60,1,0,21,120300,3204,0,0,
armor_items,Robe of Prayer,0x13aa6e48,1,0,22,120301,3205,0,0,
armor_items,Skirt of Prayer,0x13aa7618,1,0,22,120302,3207,0,0,
armor_items,Yhorm's Crown,0x13b20b80,1,0,35,181100,3208,0,0,
armor_items,Yhorm's Armor,0x13b20f68,1,0,42,181101,3209,0,0,
armor_items,Yhorm's Gauntlets,0x13b21350,1,0,32,181102,3210,0,0,
armor_items,Yhorm's Leggings,0x13b21738,1,0,35,181103,3211,0,0,
armor_items,Dancer's Crown,0x13c14dc0,1,0,27,165200,3212,0,0,
armor_items,Dancer's Armor,0x13c151a8,1,0,28,165201,3213,0,0,
armor_items,Dancer's Gauntlets,0x13c15590,1,0,28,165202,3214,0,0,
armor_items,Dancer's Leggings,0x13c15978,1,0,28,165203,3215,0,0,
armor_items,Ringed Knight Hood,0x13c8eee0,1,0,22,60100,3495,0,0,
armor_items,Ringed Knight Armor,0x13c8f2c8,1,0,40,60101,3496,0,0,
armor_items,Ringed Knight Gauntlets,0x13c8f6b0,1,0,40,60102,3497,0,0,
armor_items,Ringed Knight Leggings,0x13c8fa98,1,0,40,60103,3498,0,0,
armor_items,Gundyr's Helm,0x13d09000,1,0,47,135300,3216,0,0,
armor_items,Gundyr's Armor,0x13d093e8,1,0,47,135301,3217,0,0,
armor_items,Gundyr's Gauntlets,0x13d097d0,1,0,47,135302,3218,0,0,
armor_items,Gundyr's Leggings,0x13d09bb8,1,0,46,135303,3219,0,0,
armor_items,Mass of Humanity,0x13d83120,1,0,26,40500,6044,0,0,
armor_items,Harald Legion Armor,0x13d83508,1,0,47,40501,3478,0,0,
armor_items,Harald Legion Gauntlets,0x13d838f0,1,0,26,40502,3479,0,0,
armor_items,Harald Legion Leggings,0x13d83cd8,1,0,47,40503,3480,0,0,
armor_items,Archdeacon White Crown,0x13ef1480,1,0,23,40000,3224,0,0,
armor_items,Archdeacon Holy Garb,0x13ef1868,1,0,23,40001,3225,0,0,
armor_items,Archdeacon Skirt,0x13ef2038,1,0,23,40002,3227,0,0,
armor_items,Deacon Robe,0x13f6b988,1,0,22,85200,3229,0,0,
armor_items,Deacon Skirt,0x13f6c158,1,0,22,85201,3231,0,0,
armor_items,Iron Dragonslayer Helm,0x1405f7e0,1,0,45,40600,3507,0,0,
armor_items,Iron Dragonslayer Armor,0x1405fbc8,1,0,45,40601,3508,0,0,
armor_items,Iron Dragonslayer Gauntlets,0x1405ffb0,1,0,45,40602,3509,0,0,
armor_items,Iron Dragonslayer Leggings,0x14060398,1,0,45,40603,3510,0,0,
armor_items,Fire Keeper Mask,0x140d9900,1,0,20,215400,3236,0,0,
armor_items,Fire Keeper Robe,0x140d9ce8,1,0,25,215401,3237,0,0,
armor_items,Fire Keeper Gloves,0x140da0d0,1,0,22,215402,3238,0,0,
armor_items,Fire Keeper Skirt,0x140da4b8,1,0,22,215403,3239,0,0,
armor_items,White Preacher Head,0x14153a20,1,0,28,186600,3511,0,0,
armor_items,Chain Helm,0x142c1d80,1,0,35,155000,3340,0,0,
armor_items,Chain Armor,0x142c2168,1,0,35,155001,3341,0,0,
armor_items,Leather Gauntlets,0x142c2550,1,0,27,155002,3342,0,0,
armor_items,Chain Leggings,0x142c2938,1,0,35,155003,3343,0,0,
armor_items,Nameless Knight Helm,0x143b5fc0,1,0,35,190500,3344,0,0,
armor_items,Nameless Knight Armor,0x143b63a8,1,0,36,190501,3345,0,0,
armor_items,Nameless Knight Gauntlets,0x143b6790,1,0,35,190502,3346,0,0,
armor_items,Nameless Knight Leggings,0x143b6b78,1,0,36,190503,3347,0,0,
armor_items,Elite Knight Helm,0x144aa200,1,0,38,145300,3244,0,0,
armor_items,Elite Knight Armor,0x144aa5e8,1,0,35,145301,3245,0,0,
armor_items,Elite Knight Gauntlets,0x144aa9d0,1,0,35,145302,3246,0,0,
armor_items,Elite Knight Leggings,0x144aadb8,1,0,37,145303,3247,0,0,
armor_items,Faraam Helm,0x1459e440,1,0,43,135100,3248,0,0,
armor_items,Faraam Armor,0x1459e828,1,0,40,135101,3249,0,0,
armor_items,Faraam Gauntlets,0x1459ec10,1,0,41,135102,3250,0,0,
armor_items,Faraam Boots,0x1459eff8,1,0,37,135103,3251,0,0,
armor_items,Catarina Helm,0x14692680,1,0,46,230000,3252,0,0,
armor_items,Catarina Armor,0x14692a68,1,0,46,230001,3253,0,0,
armor_items,Catarina Gauntlets,0x14692e50,1,0,47,230002,3254,0,0,
armor_items,Catarina Leggings,0x14693238,1,0,47,230003,3255,0,0,
armor_items,Standard Helm,0x1470c7a0,1,0,28,155300,3348,0,0,
armor_items,Hard Leather Armor,0x1470cb88,1,0,28,155301,3349,0,0,
armor_items,Hard Leather Gauntlets,0x1470cf70,1,0,27,155302,3350,0,0,
armor_items,Hard Leather Boots,0x1470d358,1,0,27,155303,3351,0,0,
armor_items,Havel's Helm,0x147868c0,1,0,50,65200,3256,0,0,
armor_items,Havel's Armor,0x14786ca8,1,0,50,65201,3257,0,0,
armor_items,Havel's Gauntlets,0x14787090,1,0,50,65202,3258,0,0,
armor_items,Havel's Leggings,0x14787478,1,0,50,65203,3259,0,0,
armor_items,Brigand Hood,0x148009e0,1,0,26,160000,3352,0,0,
armor_items,Brigand Armor,0x14800dc8,1,0,25,160001,3353,0,0,
armor_items,Brigand Gauntlets,0x148011b0,1,0,28,160002,3354,0,0,
armor_items,Brigand Trousers,0x14801598,1,0,28,160003,3355,0,0,
armor_items,Pharis's Hat,0x1487ab00,1,0,25,225200,3260,0,0,
armor_items,Leather Armor,0x1487aee8,1,0,25,225201,3261,0,0,
armor_items,Leather Gloves,0x1487b2d0,1,0,23,225202,3262,0,0,
armor_items,Leather Boots,0x1487b6b8,1,0,25,225203,3263,0,0,
armor_items,Ragged Mask,0x148f4c20,1,0,10,165400,3356,0,0,
armor_items,Master's Attire,0x148f5008,1,0,10,165401,3357,0,0,
armor_items,Master's Gloves,0x148f53f0,1,0,10,165402,3358,0,0,
armor_items,Loincloth,0x148f57d8,1,0,10,165403,3359,0,0,
armor_items,Old Sorcerer Hat,0x1496ed40,1,0,21,185900,3264,0,0,
armor_items,Old Sorcerer Coat,0x1496f128,1,0,22,185901,3265,0,0,
armor_items,Old Sorcerer Gauntlets,0x1496f510,1,0,22,185902,3266,0,0,
armor_items,Old Sorcerer Boots,0x1496f8f8,1,0,22,185903,3267,0,0,
armor_items,Conjurator Hood,0x149e8e60,1,0,23,185400,3360,0,0,
armor_items,Conjurator Robe,0x149e9248,1,0,23,185401,3361,0,0,
armor_items,Conjurator Manchettes,0x149e9630,1,0,23,185402,3362,0,0,
armor_items,Conjurator Boots,0x149e9a18,1,0,23,185403,3363,0,0,
armor_items,Black Leather Armor,0x14a63368,1,0,26,130101,3269,0,0,
armor_items,Black Leather Gloves,0x14a63750,1,0,27,130102,3270,0,0,
armor_items,Black Leather Boots,0x14a63b38,1,0,26,130103,3271,0,0,
armor_items,Symbol of Avarice,0x14add0a0,1,0,50,220500,3364,0,0,
armor_items,Creighton's Steel Mask,0x14b571c0,1,0,41,145400,3272,0,0,
armor_items,Mirrah Chain Mail,0x14b575a8,1,0,37,145401,3273,0,0,
armor_items,Mirrah Chain Gloves,0x14b57990,1,0,35,145402,3274,0,0,
armor_items,Mirrah Chain Leggings,0x14b57d78,1,0,36,145403,3275,0,0,
armor_items,Maiden Hood,0x14bd12e0,1,0,22,120200,3336,0,0,
armor_items,Maiden Robe,0x14bd16c8,1,0,22,120201,3337,0,0,
armor_items,Maiden Gloves,0x14bd1ab0,1,0,22,120202,3338,0,0,
armor_items,Maiden Skirt,0x14bd1e98,1,0,22,120203,3339,0,0,
armor_items,Alva Helm,0x14c4b400,1,0,36,125000,3276,0,0,
armor_items,Alva Armor,0x14c4b7e8,1,0,36,125001,3277,0,0,
armor_items,Alva Gauntlets,0x14c4bbd0,1,0,36,125002,3278,0,0,
armor_items,Alva Leggings,0x14c4bfb8,1,0,36,125003,3279,0,0,
armor_items,Ruin Helm,0x14cc5520,1,0,40,180900,3474,0,0,
armor_items,Ruin Armor,0x14cc5908,1,0,40,180901,3475,0,0,
armor_items,Ruin Gauntlets,0x14cc5cf0,1,0,40,180902,3476,0,0,
armor_items,Ruin Leggings,0x14cc60d8,1,0,40,180903,3477,0,0,
armor_items,Shadow Mask,0x14d3f640,1,0,21,245700,3280,0,0,
armor_items,Shadow Garb,0x14d3fa28,1,0,22,245701,3281,0,0,
armor_items,Shadow Gauntlets,0x14d3fe10,1,0,22,245702,3282,0,0,
armor_items,Shadow Leggings,0x14d401f8,1,0,23,245703,3283,0,0,
armor_items,Desert Pyromancer Hood,0x14db9760,1,0,21,30100,3485,0,0,
armor_items,Desert Pyromancer Garb,0x14db9b48,1,0,20,30101,3486,0,0,
armor_items,Desert Pyromancer Gloves,0x14db9f30,1,0,21,30102,3487,0,0,
armor_items,Desert Pyromancer Skirt,0x14dba318,1,0,22,30103,3488,0,0,
armor_items,Eastern Helm,0x14e33880,1,0,36,135000,3284,0,0,
armor_items,Eastern Armor,0x14e33c68,1,0,37,135001,3285,0,0,
armor_items,Eastern Gauntlets,0x14e34050,1,0,36,135002,3286,0,0,
armor_items,Eastern Leggings,0x14e34438,1,0,28,135003,3287,0,0,
armor_items,Black Witch Hat,0x14ead9a0,1,0,23,40100,3489,0,0,
armor_items,Black Witch Garb,0x14eadd88,1,0,22,40101,3490,0,0,
armor_items,Black Witch Wrappings,0x14eae170,1,0,22,40102,3491,0,0,
armor_items,Black Witch Trousers,0x14eae558,1,0,23,40103,3492,0,0,
armor_items,Helm of Favor,0x14f27ac0,1,0,40,195000,3288,0,0,
armor_items,Embraced Armor of Favor,0x14f27ea8,1,0,40,195001,3289,0,0,
armor_items,Gauntlets of Favor,0x14f28290,1,0,38,195002,3290,0,0,
armor_items,Leggings of Favor,0x14f28678,1,0,38,195003,3291,0,0,
armor_items,Black Witch Veil,0x14fa1be0,1,0,21,210000,3493,0,0,
armor_items,Brass Helm,0x1501bd00,1,0,37,185300,3292,0,0,
armor_items,Brass Armor,0x1501c0e8,1,0,37,185301,3293,0,0,
armor_items,Brass Gauntlets,0x1501c4d0,1,0,37,185302,3294,0,0,
armor_items,Brass Leggings,0x1501c8b8,1,0,37,185303,3295,0,0,
armor_items,Blindfold Mask,0x15095e20,1,0,20,215100,3494,0,0,
armor_items,Silver Knight Helm,0x1510ff40,1,0,41,35300,3296,0,0,
armor_items,Silver Knight Armor,0x15110328,1,0,42,35301,3297,0,0,
armor_items,Silver Knight Gauntlets,0x15110710,1,0,40,35302,3298,0,0,
armor_items,Silver Knight Leggings,0x15110af8,1,0,40,35303,3299,0,0,
armor_items,Lucatiel's Mask,0x15204180,1,0,27,130500,3300,0,0,
armor_items,Mirrah Vest,0x15204568,1,0,27,130501,3301,0,0,
armor_items,Mirrah Gloves,0x15204950,1,0,26,130502,3302,0,0,
armor_items,Mirrah Trousers,0x15204d38,1,0,26,130503,3303,0,0,
armor_items,Iron Helm,0x152f83c0,1,0,38,119000,3304,0,0,
armor_items,Armor of the Sun,0x152f87a8,1,0,35,119001,3305,0,0,
armor_items,Iron Bracelets,0x152f8b90,1,0,35,119002,3306,0,0,
armor_items,Iron Leggings,0x152f8f78,1,0,35,119003,3307,0,0,
armor_items,Drakeblood Helm,0x153ec600,1,0,41,145100,3308,0,0,
armor_items,Drakeblood Armor,0x153ec9e8,1,0,41,145101,3309,0,0,
armor_items,Drakeblood Gauntlets,0x153ecdd0,1,0,42,145102,3310,0,0,
armor_items,Drakeblood Leggings,0x153ed1b8,1,0,41,145103,3311,0,0,
armor_items,Drang Armor,0x154e0c28,1,0,25,145200,3313,0,0,
armor_items,Drang Gauntlets,0x154e1010,1,0,25,145201,3314,0,0,
armor_items,Drang Shoes,0x154e13f8,1,0,25,145202,3315,0,0,
armor_items,Black Iron Helm,0x155d4a80,1,0,45,75000,3316,0,0,
armor_items,Black Iron Armor,0x155d4e68,1,0,46,75001,3317,0,0,
armor_items,Black Iron Gauntlets,0x155d5250,1,0,45,75002,3318,0,0,
armor_items,Black Iron Leggings,0x155d5638,1,0,45,75003,3319,0,0,
armor_items,Painting Guardian Hood,0x156c8cc0,1,0,22,135700,3320,0,0,
armor_items,Painting Guardian Gown,0x156c90a8,1,0,22,135701,3321,0,0,
armor_items,Painting Guardian Gloves,0x156c9490,1,0,22,135702,3322,0,0,
armor_items,Painting Guardian Waistcloth,0x156c9878,1,0,27,135703,3323,0,0,
armor_items,Wolf Knight Helm,0x157bcf00,1,0,36,130700,3324,0,0,
armor_items,Wolf Knight Armor,0x157bd2e8,1,0,36,130701,3325,0,0,
armor_items,Wolf Knight Gauntlets,0x157bd6d0,1,0,36,130702,3326,0,0,
armor_items,Wolf Knight Leggings,0x157bdab8,1,0,35,130703,3327,0,0,
armor_items,Dragonslayer Helm,0x158b1140,1,0,41,35000,3328,0,0,
armor_items,Dragonslayer Armor,0x158b1528,1,0,42,35001,3329,0,0,
armor_items,Dragonslayer Gauntlets,0x158b1910,1,0,40,35002,3330,0,0,
armor_items,Dragonslayer Leggings,0x158b1cf8,1,0,41,35003,3331,0,0,
armor_items,Smough's Helm,0x159a5380,1,0,50,115400,3332,0,0,
armor_items,Smough's Armor,0x159a5768,1,0,50,115401,3333,0,0,
armor_items,Smough's Gauntlets,0x159a5b50,1,0,50,115402,3334,0,0,
armor_items,Smough's Leggings,0x159a5f38,1,0,50,115403,3335,0,0,
armor_items,Hexer's Hood,0x15a995c0,1,0,22,205300,3368,0,0,
armor_items,Hexer's Robes,0x15a999a8,1,0,21,205301,3369,0,0,
armor_items,Hexer's Gloves,0x15a99d90,1,0,20,205302,3370,0,0,
armor_items,Hexer's Boots,0x15a9a178,1,0,21,205303,3371,0,0,
armor_items,Helm of Thorns,0x15b8d800,1,0,35,240000,3372,0,0,
armor_items,Armor of Thorns,0x15b8dbe8,1,0,35,240001,3373,0,0,
armor_items,Gauntlets of Thorns,0x15b8dfd0,1,0,35,240002,3374,0,0,
armor_items,Leggings of Thorns,0x15b8e3b8,1,0,35,240003,3375,0,0,
armor_items,Varangian Helm,0x15c81a40,1,0,30,220700,3376,0,0,
armor_items,Varangian Armor,0x15c81e28,1,0,35,220701,3377,0,0,
armor_items,Varangian Cuffs,0x15c82210,1,0,32,220702,3378,0,0,
armor_items,Varangian Leggings,0x15c825f8,1,0,33,220703,3379,0,0,
armor_items,Crown of Dusk,0x15d75c80,1,0,20,185100,3380,0,0,
armor_items,Antiquated Dress,0x15d76068,1,0,21,185101,3381,0,0,
armor_items,Antiquated Gloves,0x15d76450,1,0,21,185102,3382,0,0,
armor_items,Antiquated Skirt,0x15d76838,1,0,22,185103,3383,0,0,
armor_items,Karla's Pointed Hat,0x15e69ec0,1,0,22,185800,3384,0,0,
armor_items,Karla's Coat,0x15e6a2a8,1,0,22,185801,3385,0,0,
armor_items,Karla's Gloves,0x15e6a690,1,0,22,185802,3386,0,0,
armor_items,Karla's Trousers,0x15e6aa78,1,0,23,185803,3387,0,0,
armor_items,Burial Knight Helm,0x15e6c5d0,1,0,36,95000,3008,0,0,
armor_items,Burial Knight Armor,0x15e6c9b8,1,0,36,95001,3009,0,0,
armor_items,Burial Knight Gauntlets,0x15e6cda0,1,0,36,95002,3010,0,0,
armor_items,Burial Knight Leggings,0x15e6d188,1,0,36,95003,3011,0,0,
armor_items,Vileblood Helm,0x15e6ece0,1,0,36,115500,6032,0,0,
armor_items,Vileblood Armor,0x15e6f0c8,1,0,27,115501,6033,0,0,
armor_items,Vileblood Gauntlets,0x15e6f4b0,1,0,36,115502,6034,0,0,
armor_items,Vileblood Leggings,0x15e6f898,1,0,28,115503,6035,0,0,
armor_items,Bloodstained Gauntlets,0x15e713f0,1,0,27,115100,6031,0,0,
armor_items,Iron Keeper Helm,0x15e73b00,1,0,36,245400,6030,0,0,
armor_items,Iron Cage,0x15e76210,1,0,35,185700,6029,0,0,
armor_items,Gold Ardeo,0x15e78920,1,0,38,115300,6028,0,0,
armor_items,Gargoyle Helm,0x15e7d740,1,0,40,75300,6026,0,0,
armor_items,Pursuer's Helm,0x15e7fe50,1,0,50,45200,59,0,0,
armor_items,Pursuer's Armor,0x15e80238,1,0,50,45201,60,0,0,
armor_items,Pursuer's Gauntlets,0x15e80620,1,0,50,45202,63,0,0,
armor_items,Pursuer's Leggings,0x15e80a08,1,0,50,45203,65,0,0,
armor_items,Ludleth's Crown,0x15e82560,1,0,20,180500,2121,0,0,
armor_items,Skull Mask,0x15e84c70,1,0,20,40200,67,0,0,
armor_items,Wanderer Hood,0x15e87380,1,0,22,190650,5141,0,0,
armor_items,Wanderer Coat,0x15e87768,1,0,25,190651,5142,0,0,
armor_items,Wanderer Manchettes,0x15e87b50,1,0,21,190652,5143,0,0,
armor_items,Wanderer Boots,0x15e87f38,1,0,22,190653,6059,0,0,
armor_items,Mask of the Father,0x15e89a90,1,0,20,200100,1048,0,0,
armor_items,Mask of the Mother,0x15e8c1a0,1,0,20,180600,1051,0,0,
armor_items,Mask of the Child,0x15e8e8b0,1,0,20,130400,1054,0,0,
armor_items,Soldier's Hood,0x15e90fc0,1,0,35,190600,3096,0,0,
armor_items,Frigid Valley Mask,0x15e936d0,1,0,36,160300,3232,0,0,
armor_items,Giant Helm,0x15e95de0,1,0,50,180300,1095,0,0,
armor_items,Giant Armor,0x15e961c8,1,0,50,180301,1096,0,0,
armor_items,Giant Gauntlets,0x15e965b0,1,0,50,180302,1097,0,0,
armor_items,Giant Leggings,0x15e96998,1,0,50,180303,1098,0,0,
armor_items,Black Dragon Helm,0x15e984f0,1,0,41,245100,4075,0,0,
armor_items,Black Dragon Armor,0x15e988d8,1,0,41,245101,4076,0,0,
armor_items,Black Dragon Gauntlets,0x15e98cc0,1,0,42,245102,4078,0,0,
armor_items,Black Dragon Leggings,0x15e990a8,1,0,41,245103,4079,0,0,
armor_items,Crown of the Great Lord,0x15e9ac00,1,0,38,245300,1327,0,0,
armor_items,Robe of the Great Lord,0x15e9afe8,1,0,42,245301,1328,0,0,
armor_items,Bracelet of the Great Lord,0x15e9b3d0,1,0,36,245302,1329,0,0,
armor_items,Anklet of the Great Lord,0x15e9b7b8,1,0,37,245303,1330,0,0,
armor_items,Crown of the Dark Sun,0x15e9d310,1,0,21,210100,1356,0,0,
armor_items,Moonlight Robe,0x15e9d6f8,1,0,22,210101,1357,0,0,
armor_items,Moonlight Gloves,0x15e9dae0,1,0,22,210102,1358,0,0,
armor_items,Moonlight Waistcloth,0x15e9dec8,1,0,22,210103,1359,0,0,
armor_items,Porcelain Mask,0x15e9fa20,1,0,40,20300,1333,0,0,
armor_items,Lord's Blade Robe,0x15e9fe08,1,0,40,20301,1334,0,0,
armor_items,Lord's Blade Gloves,0x15ea01f0,1,0,38,20302,1335,0,0,
armor_items,Lord's Blade Waistcloth,0x15ea05d8,1,0,38,20303,1336,0,0,
armor_items,Paladin Helm,0x15ea2130,1,0,47,180800,1312,0,0,
armor_items,Paladin Armor,0x15ea2518,1,0,45,180801,1313,0,0,
armor_items,Paladin Gauntlets,0x15ea2900,1,0,42,180802,1314,0,0,
armor_items,Paladin Leggings,0x15ea2ce8,1,0,43,180803,1315,0,0,
armor_items,Mask of Velka,0x15ea4840,1,0,22,186400,1344,0,0,
armor_items,Black Cleric Robe,0x15ea4c28,1,0,26,186401,1345,0,0,
armor_items,Black Manchettes,0x15ea5010,1,0,23,186402,1346,0,0,
armor_items,Black Tights,0x15ea53f8,1,0,22,186403,1347,0,0,
armor_items,Dragonrider Helm,0x15ea6f50,1,0,45,25100,1304,0,0,
armor_items,Dragonrider Armor,0x15ea7338,1,0,45,25101,1305,0,0,
armor_items,Dragonrider Gauntlets,0x15ea7720,1,0,45,25102,1306,0,0,
armor_items,Dragonrider Leggings,0x15ea7b08,1,0,45,25103,1307,0,0,
armor_items,Ancient King's Mask,0x15ea9660,1,0,36,105000,1337,0,0,
armor_items,Ancient King's Breastplate,0x15ea9a48,1,0,36,105001,1338,0,0,
armor_items,Ancient King's Gauntlets,0x15ea9e30,1,0,36,105002,1339,0,0,
armor_items,Ancient King's Leggings,0x15eaa218,1,0,35,105003,1340,0,0,
armor_items,Binded Hood,0x15eabd70,1,0,23,45000,1348,0,0,
armor_items,Binded Cross,0x15eac158,1,0,23,45001,1349,0,0,
armor_items,Binded Gloves,0x15eac540,1,0,23,45002,1350,0,0,
armor_items,Binded Boots,0x15eac928,1,0,23,45003,1351,0,0,
armor_items,Brushwood Helm,0x15eae480,1,0,47,75200,1300,0,0,
armor_items,Brushwood Armor,0x15eae868,1,0,47,75201,1301,0,0,
armor_items,Brushwood Gauntlets,0x15eaec50,1,0,47,75202,1302,0,0,
armor_items,Brushwood Leggings,0x15eaf038,1,0,46,75203,1303,0,0,
armor_items,Venerable Sage's Hood,0x15eb0b90,1,0,22,186500,1352,0,0,
armor_items,Venerable Sage's Robe,0x15eb0f78,1,0,23,186501,1353,0,0,
armor_items,Venerable Sage's Gloves,0x15eb1360,1,0,21,186502,1354,0,0,
armor_items,Venerable Sage's Boots,0x15eb1748,1,0,22,186503,1355,0,0,
armor_items,Gloom Helm,0x15eb32a0,1,0,41,185600,1321,0,0,
armor_items,Gloom Armor,0x15eb3688,1,0,42,185601,1322,0,0,
armor_items,Gloom Gauntlets,0x15eb3a70,1,0,40,185602,1323,0,0,
armor_items,Gloom Leggings,0x15eb3e58,1,0,40,185603,1324,0,0,
armor_items,Penetrator Helm,0x15eb59b0,1,0,45,135800,1308,0,0,
armor_items,Penetrator Armor,0x15eb5d98,1,0,45,135801,1309,0,0,
armor_items,Penetrator Gauntlets,0x15eb6180,1,0,45,135802,1310,0,0,
armor_items,Penetrator Leggings,0x15eb6568,1,0,45,135803,1311,0,0,
armor_items,Quicksilver Helm,0x15eb80c0,1,0,47,60000,1316,0,0,
armor_items,Quicksilver Armor,0x15eb84a8,1,0,45,60001,1317,0,0,
armor_items,Quicksilver Gauntlets,0x15eb8890,1,0,42,60002,1318,0,0,
armor_items,Quicksilver Leggings,0x15eb8c78,1,0,43,60003,1319,0,0,
armor_items,Heide Mask,0x15eba7d0,1,0,41,130200,1320,0,0,
armor_items,Pontiff's Crown,0x15ebcee0,1,0,27,185850,1342,0,0,
armor_items,Pontiff's Bracelets,0x15ebd6b0,1,0,28,185851,1343,0,0,
armor_items,Giant Slave Helmet,0x15ebf5f0,1,0,38,160400,1331,0,0,
armor_items,Gargoyle Skull,0x15ec1d00,1,0,50,75400,1325,0,0,
armor_items,Gargoyle Carapace,0x15ec20e8,1,0,80,75401,4211,0,0,
armor_items,Gargoyle Gauntlets,0x15ec24d0,1,0,60,75402,4212,0,0,
armor_items,Gargoyle Leggings,0x15ec28b8,1,0,70,75403,4213,0,0,
armor_items,Demon Cleric Mask,0x15ec4410,1,0,20,205200,1341,0,0,
armor_items,Crab Helmet,0x15ec6b20,1,0,40,115200,1326,0,0,
armor_items,Corvian Knight Helmet,0x15ec9230,1,0,25,95100,1332,0,0,
armor_items,Corvian Knight Armor,0x15ec9618,1,0,37,95101,4208,0,0,
armor_items,Corvian Knight Gauntlets,0x15ec9a00,1,0,36,95102,4209,0,0,
armor_items,Corvian Knight Leggings,0x15ec9de8,1,0,28,95103,4210,0,0,
armor_items,Alonne's Helm,0x15ecb940,1,0,36,190000,3512,0,0,
armor_items,Alonne's Armor,0x15ecbd28,1,0,37,190001,3513,0,0,
armor_items,Alonne's Gauntlets,0x15ecc110,1,0,36,190002,3514,0,0,
armor_items,Alonne's Leggings,0x15ecc4f8,1,0,28,190003,3515,0,0,
armor_items,Rampart Golem Helm,0x15ece050,1,0,40,70100,3516,0,0,
armor_items,Rampart Golem Armor,0x15ece438,1,0,40,70101,3517,0,0,
armor_items,Rampart Golem Gauntlets,0x15ece820,1,0,40,70102,3518,0,0,
armor_items,Rampart Golem Leggings,0x15ecec08,1,0,40,70103,3519,0,0,
armor_items,Smelter Demon Helm,0x15ed0760,1,0,35,30600,3520,0,0,
armor_items,Smelter Demon Armor,0x15ed0b48,1,0,42,30601,3521,0,0,
armor_items,Smelter Demon Gauntlets,0x15ed0f30,1,0,32,30602,3522,0,0,
armor_items,Smelter Demon Leggings,0x15ed1318,1,0,35,30603,3523,0,0,
armor_items,Bone Ash Mask,0x15ed2e70,1,0,37,75100,3524,0,0,
armor_items,Bone Ash Armor,0x15ed3258,1,0,37,75101,3525,0,0,
armor_items,Bone Ash Gauntlets,0x15ed3640,1,0,37,75102,3526,0,0,
armor_items,Bone Ash Leggings,0x15ed3a28,1,0,37,75103,3527,0,0,
armor_items,Heide Knight Greathelm,0x15ed5580,1,0,40,130300,3528,0,0,
armor_items,Heide Knight Chainmail,0x15ed5968,1,0,41,130301,3529,0,0,
armor_items,Heide Knight Gauntlets,0x15ed5d50,1,0,40,130302,3530,0,0,
armor_items,Heide Knight Leggings,0x15ed6138,1,0,40,130303,3531,0,0,
armor_items,Imperious Head,0x15ed7c90,1,0,41,65300,3532,0,0,
armor_items,Imperious Armor,0x15ed8078,1,0,41,65301,3533,0,0,
armor_items,Imperious Gauntlets,0x15ed8460,1,0,42,65302,3534,0,0,
armor_items,Imperious Leggings,0x15ed8848,1,0,41,65303,3535,0,0,
armor_items,Mask of Horror,0x15eda3a0,1,0,20,40700,3537,0,0,
armor_items,Mask of Cruelty,0x15edcab0,1,0,20,30400,3540,0,0,
armor_items,Mask of Serenity,0x15edf1c0,1,0,20,25200,3541,0,0,
armor_items,Mask of War,0x15ee18d0,1,0,20,20600,3543,0,0,
armor_items,Eastern Commander Helm,0x15ee3fe0,1,0,40,165300,3365,0,0,
armor_items,Eastern Commander Armor,0x15ee43c8,1,0,80,165301,3366,0,0,
armor_items,Eastern Commander Armguards,0x15ee47b0,1,0,60,165302,3367,0,0,
armor_items,Eastern Commander Leggings,0x15ee4b98,1,0,70,165303,3390,0,0,
armor_items,Horned Samurai Helm,0x15ee66f0,1,0,40,160500,3539,0,0,
armor_items,Ornate Samurai Helm,0x15ee8e00,1,0,40,155500,3542,0,0,
armor_items,Black Metal Hat,0x15eeb510,1,0,24,165100,3536,0,0,
armor_items,Tan Straw Hat,0x15eedc20,1,0,24,165700,3544,0,0,
armor_items,Carthus Blindfold,0x15ef0330,1,0,20,20000,3545,0,0,
armor_items,Crown of Filianore,0x15ef2a40,1,0,36,120000,3546,0,0,
armor_items,Crown of the Holy King,0x15ef5150,1,0,36,180200,3554,0,0,
armor_items,Pygmy Crown,0x15ef7860,1,0,20,105300,3550,0,0,
armor_items,Old Demon King's Crown,0x15ef9f70,1,0,20,205400,3548,0,0,
armor_items,Mask of Sin,0x15efc680,1,0,41,215800,3547,0,0,
armor_items,Poisonhorn Cap,0x15efed90,1,0,28,90100,3549,0,0,
armor_items,Vagabond Cowl,0x15f014a0,1,0,28,35400,3551,0,0,
armor_items,Hollow Head,0x15f03bb0,1,0,28,215500,3552,0,0,
armor_items,Basilisk Cap,0x15f062c0,1,0,28,105100,3553,0,0,
armor_items,Deserter Helm,0x15f089d0,1,0,37,190100,3555,0,0,
armor_items,Pot,0x15f0b0e0,1,0,20,120400,3556,0,0,
armor_items,Raven Mask,0x15f0d7f0,1,0,28,186000,3557,0,0,
armor_items,Crown of Illusions,0x15f0ff00,1,0,27,245200,3569,0,0,
armor_items,Hallowed Knight Helm,0x15f12610,1,0,37,50100,3561,0,0,
armor_items,Hallowed Knight Armor,0x15f129f8,1,0,36,50101,3562,0,0,
armor_items,Hallowed Knight Gauntlets,0x15f12de0,1,0,35,50102,3563,0,0,
armor_items,Hallowed Knight Leggings,0x15f131c8,1,0,35,50103,3564,0,0,
armor_items,Courtier's Wig,0x15f14d20,1,0,28,215300,3565,0,0,
armor_items,Courtier's Garb,0x15f15108,1,0,38,215301,3566,0,0,
armor_items,Courtier's Gloves,0x15f154f0,1,0,25,215302,3567,0,0,
armor_items,Courtier's Trousers,0x15f158d8,1,0,36,215303,3568,0,0,
armor_items,Steel Helm,0x15f17430,1,0,46,20700,3570,0,0,
armor_items,Steel Armor,0x15f17818,1,0,46,20701,3571,0,0,
armor_items,Steel Gauntlets,0x15f17c00,1,0,47,20702,3572,0,0,
armor_items,Steel Leggings,0x15f17fe8,1,0,47,20703,3573,0,0,
armor_items,Dragon Hunter Helm,0x15f19b40,1,0,47,80000,1399,0,0,
armor_items,Dragon Hunter Armor,0x15f19f28,1,0,47,80001,1400,0,0,
armor_items,Dragon Hunter Gauntlets,0x15f1a310,1,0,45,80002,1401,0,0,
armor_items,Dragon Hunter Leggings,0x15f1a6f8,1,0,45,80003,1402,0,0,
armor_items,Ivory King Helm,0x15f1c250,1,0,22,55200,1403,0,0,
armor_items,Ivory King Armor,0x15f1c638,1,0,40,55201,1404,0,0,
armor_items,Ivory King Gauntlets,0x15f1ca20,1,0,40,55202,1405,0,0,
armor_items,Ivory King Leggings,0x15f1ce08,1,0,40,55203,1406,0,0,
armor_items,Mad Warrior Mask,0x15f1e960,1,0,41,20400,1407,0,0,
armor_items,Mad Warrior Armor,0x15f1ed48,1,0,41,20401,1408,0,0,
armor_items,Mad Warrior Gauntlets,0x15f1f130,1,0,42,20402,1409,0,0,
armor_items,Mad Warrior Leggings,0x15f1f518,1,0,41,20403,1410,0,0,
armor_items,Mirror Knight Helm,0x15f21070,1,0,45,35100,1411,0,0,
armor_items,Mirror Knight Armor,0x15f21458,1,0,45,35101,1412,0,0,
armor_items,Mirror Knight Gauntlets,0x15f21840,1,0,45,35102,1413,0,0,
armor_items,Mirror Knight Leggings,0x15f21c28,1,0,45,35103,1414,0,0,
armor_items,Syan Knight Helm,0x15f23780,1,0,41,160700,1415,0,0,
armor_items,Syan Knight Armor,0x15f23b68,1,0,42,160701,1416,0,0,
armor_items,Syan Knight Gauntlets,0x15f23f50,1,0,40,160702,1417,0,0,
armor_items,Syan Knight Leggings,0x15f24338,1,0,40,160703,1418,0,0,
armor_items,Helm of the Wise,0x15f25e90,1,0,38,245000,3558,0,0,
armor_items,Armor of the Glorious,0x15f26278,1,0,36,245001,3559,0,0,
armor_items,Gauntlets of the Vanquisher,0x15f26660,1,0,37,245002,3560,0,0,
armor_items,Boots of the Explorer,0x15f26a48,1,0,37,245003,3574,0,0,
armor_items,Gold-Hemmed Black Hood,0x15f285a0,1,0,21,75500,7060,0,0,
armor_items,Gold-Hemmed Black Cloak,0x15f28988,1,0,22,75501,7061,0,0,
armor_items,Gold-Hemmed Black Gloves,0x15f28d70,1,0,22,75502,7062,0,0,
armor_items,Gold-Hemmed Black Skirt,0x15f29158,1,0,22,75503,7063,0,0,
armor_items,Charred Loyce Helm,0x15f2acb0,1,0,37,155100,7064,0,0,
armor_items,Charred Loyce Armor,0x15f2b098,1,0,37,155101,7065,0,0,
armor_items,Charred Loyce Gauntlets,0x15f2b480,1,0,37,155102,7066,0,0,
armor_items,Charred Loyce Leggings,0x15f2b868,1,0,37,155103,7067,0,0,
armor_items,Hood of the Forlorn,0x15f2d3c0,1,0,37,40400,7068,0,0,
armor_items,Armor of the Forlorn,0x15f2d7a8,1,0,36,40401,7069,0,0,
armor_items,Gauntlets of the Forlorn,0x15f2db90,1,0,35,40402,7070,0,0,
armor_items,Leggings of the Forlorn,0x15f2df78,1,0,35,40403,7071,0,0,
armor_items,Jester's Cap,0x15f2fad0,1,0,23,245500,7072,0,0,
armor_items,Jester's Robes,0x15f2feb8,1,0,23,245501,7073,0,0,
armor_items,Jester's Gloves,0x15f302a0,1,0,23,245502,7074,0,0,
armor_items,Jester's Tights,0x15f30688,1,0,23,245503,7075,0,0,
armor_items,Royal Soldier Helm,0x15f321e0,1,0,36,270000,7076,0,0,
armor_items,Royal Soldier Armor,0x15f325c8,1,0,26,270001,7077,0,0,
armor_items,Royal Soldier Gauntlets,0x15f329b0,1,0,26,270002,7078,0,0,
armor_items,Royal Soldier Leggings,0x15f32d98,1,0,26,270003,7079,0,0,
armor_items,Loyce Helm,0x15f348f0,1,0,37,100000,7080,0,0,
armor_items,Loyce Armor,0x15f34cd8,1,0,37,100001,7081,0,0,
armor_items,Loyce Gauntlets,0x15f350c0,1,0,37,100002,7082,0,0,
armor_items,Loyce Leggings,0x15f354a8,1,0,37,100003,7083,0,0,
armor_items,Tarnished Knight Helm,0x15f37000,1,0,41,20800,7137,0,0,
armor_items,Tarnished Knight Armor,0x15f373e8,1,0,42,20801,7138,0,0,
armor_items,Tarnished Knight Gauntlets,0x15f377d0,1,0,40,20802,7139,0,0,
armor_items,Tarnished Knight Leggings,0x15f37bb8,1,0,40,20803,7140,0,0,
armor_items,Golem Helm,0x15f39710,1,0,50,65100,7085,0,0,
armor_items,Golem Armor,0x15f39af8,1,0,50,65101,7086,0,0,
armor_items,Golem Gauntlets,0x15f39ee0,1,0,50,65102,7087,0,0,
armor_items,Golem Leggings,0x15f3a2c8,1,0,50,65103,7088,0,0,
armor_items,Manikin Mask,0x15f3be20,1,0,21,135600,1427,0,0,
armor_items,Manikin Top,0x15f3c208,1,0,20,135601,1428,0,0,
armor_items,Manikin Gloves,0x15f3c5f0,1,0,21,135602,1429,0,0,
armor_items,Manikin Boots,0x15f3c9d8,1,0,22,135603,1430,0,0,
armor_items,Crude Manikin Mask,0x15f3e530,1,0,21,135500,1431,0,0,
armor_items,Stone Helm,0x15f40c40,1,0,46,65400,2122,0,0,
armor_items,Stone Armor,0x15f41028,1,0,46,65401,2123,0,0,
armor_items,Stone Gauntlets,0x15f41410,1,0,47,65402,2124,0,0,
armor_items,Stone Leggings,0x15f417f8,1,0,47,65403,2125,0,0,
armor_items,Guardian Helm,0x15f43350,1,0,46,180400,2126,0,0,
armor_items,Guardian Armor,0x15f43738,1,0,46,180401,2127,0,0,
armor_items,Guardian Gauntlets,0x15f43b20,1,0,47,180402,2128,0,0,
armor_items,Guardian Leggings,0x15f43f08,1,0,47,180403,2129,0,0,
ring_items,Darkmoon Faithful I,0x20002710,1,0,0,10000,5131,0,0,
ring_items,Darkmoon Faithful II,0x20002711,1,0,0,10000,5131,0,0,
ring_items,Darkmoon Faithful III,0x20002712,1,0,0,10000,5131,0,0,
ring_items,Darkmoon Faithful IV,0x20002713,1,0,0,10000,5131,0,0,
ring_items,Darkmoon Faithful V,0x20002714,1,0,0,10000,5131,0,0,
ring_items,Watchdogs of Farron I,0x20002724,1,0,0,10020,5132,0,0,
ring_items,Watchdogs of Farron II,0x20002725,1,0,0,10020,5132,0,0,
ring_items,Watchdogs of Farron III,0x20002726,1,0,0,10020,5132,0,0,
ring_items,Watchdogs of Farron IV,0x20002727,1,0,0,10020,5132,0,0,
ring_items,Watchdogs of Farron V,0x20002728,1,0,0,10020,5132,0,0,
ring_items,Aldrich Faithful I,0x2000272e,1,0,0,10030,5133,0,0,
ring_items,Aldrich Faithful II,0x2000272f,1,0,0,10030,5133,0,0,
ring_items,Aldrich Faithful III,0x20002730,1,0,0,10030,5133,0,0,
ring_items,Aldrich Faithful IV,0x20002731,1,0,0,10030,5133,0,0,
ring_items,Aldrich Faithful V,0x20002732,1,0,0,10030,5133,0,0,
ring_items,Warrior of Sunlight I,0x20002738,1,0,0,10040,5136,0,0,
ring_items,Warrior of Sunlight II,0x20002739,1,0,0,10040,5136,0,0,
ring_items,Warrior of Sunlight III,0x2000273a,1,0,0,10040,5136,0,0,
ring_items,Warrior of Sunlight IV,0x2000273b,1,0,0,10040,5136,0,0,
ring_items,Warrior of Sunlight V,0x2000273c,1,0,0,10040,5136,0,0,
ring_items,Mound-makers I,0x20002742,1,0,0,10050,5137,0,0,
ring_items,Mound-makers II,0x20002743,1,0,0,10050,5137,0,0,
ring_items,Mound-makers III,0x20002744,1,0,0,10050,5137,0,0,
ring_items,Mound-makers IV,0x20002745,1,0,0,10050,5137,0,0,
ring_items,Mound-makers V,0x20002746,1,0,0,10050,5137,0,0,
ring_items,Thieves' Pact I,0x2000274c,1,0,0,10060,102,0,0,
ring_items,Thieves' Pact II,0x2000274d,1,0,0,10060,102,0,0,
ring_items,Thieves' Pact III,0x2000274e,1,0,0,10060,102,0,0,
ring_items,Thieves' Pact IV,0x2000274f,1,0,0,10060,102,0,0,
ring_items,Thieves' Pact V,0x20002750,1,0,0,10060,102,0,0,
ring_items,Chaos Servant I,0x20002756,1,0,0,10070,164,0,0,
ring_items,Chaos Servant II,0x20002757,1,0,0,10070,164,0,0,
ring_items,Chaos Servant III,0x20002758,1,0,0,10070,164,0,0,
ring_items,Chaos Servant IV,0x20002759,1,0,0,10070,164,0,0,
ring_items,Chaos Servant V,0x2000275a,1,0,0,10070,164,0,0,
ring_items,Rosaria's Fingers I,0x20002760,1,0,0,10080,5130,0,0,
ring_items,Rosaria's Fingers II,0x20002761,1,0,0,10080,5130,0,0,
ring_items,Rosaria's Fingers III,0x20002762,1,0,0,10080,5130,0,0,
ring_items,Rosaria's Fingers IV,0x20002763,1,0,0,10080,5130,0,0,
ring_items,Rosaria's Fingers V,0x20002764,1,0,0,10080,5130,0,0,
ring_items,Spears of the Church I,0x2000276a,1,0,0,10090,5139,0,0,
ring_items,Spears of the Church II,0x2000276b,1,0,0,10090,5139,0,0,
ring_items,Spears of the Church III,0x2000276c,1,0,0,10090,5139,0,0,
ring_items,Spears of the Church IV,0x2000276d,1,0,0,10090,5139,0,0,
ring_items,Spears of the Church V,0x2000276e,1,0,0,10090,5139,0,0,
ring_items,Vinheim Scholars I,0x20002774,1,0,0,10100,171,0,0,
ring_items,Vinheim Scholars II,0x20002775,1,0,0,10100,171,0,0,
ring_items,Vinheim Scholars III,0x20002776,1,0,0,10100,171,0,0,
ring_items,Vinheim Scholars IV,0x20002777,1,0,0,10100,171,0,0,
ring_items,Vinheim Scholars V,0x20002778,1,0,0,10100,171,0,0,
ring_items,Pilgrims of Dark I,0x2000277e,1,0,0,10110,203,0,0,
ring_items,Pilgrims of Dark II,0x2000277f,1,0,0,10110,203,0,0,
ring_items,Pilgrims of Dark III,0x20002780,1,0,0,10110,203,0,0,
ring_items,Pilgrims of Dark IV,0x20002781,1,0,0,10110,203,0,0,
ring_items,Pilgrims of Dark V,0x20002782,1,0,0,10110,203,0,0,
ring_items,Way of White I,0x20002788,1,0,0,10120,105,0,0,
ring_items,Way of White II,0x20002789,1,0,0,10120,105,0,0,
ring_items,Way of White III,0x2000278a,1,0,0,10120,105,0,0,
ring_items,Way of White IV,0x2000278b,1,0,0,10120,105,0,0,
ring_items,Way of White V,0x2000278c,1,0,0,10120,105,0,0,
ring_items,Dragon Remnants I,0x20002792,1,0,0,10130,93,0,0,
ring_items,Dragon Remnants II,0x20002793,1,0,0,10130,93,0,0,
ring_items,Dragon Remnants III,0x20002794,1,0,0,10130,93,0,0,
ring_items,Dragon Remnants IV,0x20002795,1,0,0,10130,93,0,0,
ring_items,Dragon Remnants V,0x20002796,1,0,0,10130,93,0,0,
ring_items,Blue Sentinels I,0x2000279c,1,0,0,10140,5138,0,0,
ring_items,Blue Sentinels II,0x2000279d,1,0,0,10140,5138,0,0,
ring_items,Blue Sentinels III,0x2000279e,1,0,0,10140,5138,0,0,
ring_items,Blue Sentinels IV,0x2000279f,1,0,0,10140,5138,0,0,
ring_items,Blue Sentinels V,0x200027a0,1,0,0,10140,5138,0,0,
ring_items,Way of Blue I,0x200027a6,1,0,0,10150,5135,0,0,
ring_items,Way of Blue II,0x200027a7,1,0,0,10150,5135,0,0,
ring_items,Way of Blue III,0x200027a8,1,0,0,10150,5135,0,0,
ring_items,Way of Blue IV,0x200027a9,1,0,0,10150,5135,0,0,
ring_items,Way of Blue V,0x200027aa,1,0,0,10150,5135,0,0,
ring_items,Company of Champions I,0x200027b0,1,0,0,10160,6025,0,0,
ring_items,Company of Champions II,0x200027b1,1,0,0,10160,6025,0,0,
ring_items,Company of Champions III,0x200027b2,1,0,0,10160,6025,0,0,
ring_items,Company of Champions IV,0x200027b3,1,0,0,10160,6025,0,0,
ring_items,Company of Champions V,0x200027b4,1,0,0,10160,6025,0,0,
ring_items,Servant of the Rat I,0x200027ba,1,0,0,10170,4258,0,0,
ring_items,Servant of the Rat II,0x200027bb,1,0,0,10170,4258,0,0,
ring_items,Servant of the Rat III,0x200027bc,1,0,0,10170,4258,0,0,
ring_items,Servant of the Rat IV,0x200027bd,1,0,0,10170,4258,0,0,
ring_items,Servant of the Rat V,0x200027be,1,0,0,10170,4258,0,0,
ring_items,Conjurator's Pact I,0x200027c4,1,0,0,10180,6092,0,0,
ring_items,Conjurator's Pact II,0x200027c5,1,0,0,10180,6092,0,0,
ring_items,Conjurator's Pact III,0x200027c6,1,0,0,10180,6092,0,0,
ring_items,Conjurator's Pact IV,0x200027c7,1,0,0,10180,6092,0,0,
ring_items,Conjurator's Pact V,0x200027c8,1,0,0,10180,6092,0,0,
ring_items,Life Ring,0x20004e20,1,0,0,20000,5000,0,0,
ring_items,Life Ring+1,0x20004e21,1,0,0,20001,5000,0,0,
ring_items,Life Ring+2,0x20004e22,1,0,0,20002,5000,0,0,
ring_items,Life Ring+3,0x20004e23,1,0,0,20003,5000,0,0,
ring_items,Life Ring+4,0x20004e24,1,0,0,20004,5000,0,0,
ring_items,Life Ring+5,0x20004e25,1,0,0,20005,5000,0,0,
ring_items,Chloranthy Ring,0x20004e2a,1,0,0,20030,5004,0,0,
ring_items,Chloranthy Ring+1,0x20004e2b,1,0,0,20031,5004,0,0,
ring_items,Chloranthy Ring+2,0x20004e2c,1,0,0,20032,5004,0,0,
ring_items,Chloranthy Ring+3,0x20004e2d,1,0,0,20033,5004,0,0,
ring_items,Chloranthy Ring+4,0x20004e2e,1,0,0,20034,5004,0,0,
ring_items,Chloranthy Ring+5,0x20004e2f,1,0,0,20035,5004,0,0,
ring_items,Havel's Ring,0x20004e34,1,0,0,20040,5007,0,0,
ring_items,Havel's Ring+1,0x20004e35,1,0,0,20041,5007,0,0,
ring_items,Havel's Ring+2,0x20004e36,1,0,0,20042,5007,0,0,
ring_items,Havel's Ring+3,0x20004e37,1,0,0,20043,5007,0,0,
ring_items,Havel's Ring+4,0x20004e38,1,0,0,20044,5007,0,0,
ring_items,Havel's Ring+5,0x20004e39,1,0,0,20045,5007,0,0,
ring_items,Ring of Favor,0x20004e3e,1,0,0,20050,5010,0,0,
ring_items,Ring of Favor+1,0x20004e3f,1,0,0,20051,5010,0,0,
ring_items,Ring of Favor+2,0x20004e40,1,0,0,20052,5010,0,0,
ring_items,Ring of Favor+3,0x20004e41,1,0,0,20053,5010,0,0,
ring_items,Ring of Favor+4,0x20004e42,1,0,0,20054,5010,0,0,
ring_items,Ring of Favor+5,0x20004e43,1,0,0,20055,5010,0,0,
ring_items,Ring of Steel Protection,0x20004e48,1,0,0,23000,5013,0,0,
ring_items,Ring of Steel Protection+1,0x20004e49,1,0,0,23001,5013,0,0,
ring_items,Ring of Steel Protection+2,0x20004e4a,1,0,0,23002,5013,0,0,
ring_items,Ring of Steel Protection+3,0x20004e4b,1,0,0,23003,5013,0,0,
ring_items,Ring of Steel Protection+4,0x20004e4c,1,0,0,23004,5013,0,0,
ring_items,Ring of Steel Protection+5,0x20004e4d,1,0,0,23005,5013,0,0,
ring_items,Flame Stoneplate Ring,0x20004e52,1,0,0,23020,5016,0,0,
ring_items,Flame Stoneplate Ring+1,0x20004e53,1,0,0,23021,5016,0,0,
ring_items,Flame Stoneplate Ring+2,0x20004e54,1,0,0,23022,5016,0,0,
ring_items,Flame Stoneplate Ring+3,0x20004e55,1,0,0,23023,5016,0,0,
ring_items,Flame Stoneplate Ring+4,0x20004e56,1,0,0,23024,5016,0,0,
ring_items,Flame Stoneplate Ring+5,0x20004e57,1,0,0,23025,5016,0,0,
ring_items,Thunder Stoneplate Ring,0x20004e5c,1,0,0,23030,5019,0,0,
ring_items,Thunder Stoneplate Ring+1,0x20004e5d,1,0,0,23031,5019,0,0,
ring_items,Thunder Stoneplate Ring+2,0x20004e5e,1,0,0,23032,5019,0,0,
ring_items,Thunder Stoneplate Ring+3,0x20004e5f,1,0,0,23033,5019,0,0,
ring_items,Thunder Stoneplate Ring+4,0x20004e60,1,0,0,23034,5019,0,0,
ring_items,Thunder Stoneplate Ring+5,0x20004e61,1,0,0,23035,5019,0,0,
ring_items,Magic Stoneplate Ring,0x20004e66,1,0,0,23010,5022,0,0,
ring_items,Magic Stoneplate Ring+1,0x20004e67,1,0,0,23011,5022,0,0,
ring_items,Magic Stoneplate Ring+2,0x20004e68,1,0,0,23012,5022,0,0,
ring_items,Magic Stoneplate Ring+3,0x20004e69,1,0,0,23013,5022,0,0,
ring_items,Magic Stoneplate Ring+4,0x20004e6a,1,0,0,23014,5022,0,0,
ring_items,Magic Stoneplate Ring+5,0x20004e6b,1,0,0,23015,5022,0,0,
ring_items,Dark Stoneplate Ring,0x20004e70,1,0,0,23040,5025,0,0,
ring_items,Dark Stoneplate Ring+1,0x20004e71,1,0,0,23041,5025,0,0,
ring_items,Dark Stoneplate Ring+2,0x20004e72,1,0,0,23042,5025,0,0,
ring_items,Dark Stoneplate Ring+3,0x20004e73,1,0,0,23043,5025,0,0,
ring_items,Dark Stoneplate Ring+4,0x20004e74,1,0,0,23044,5025,0,0,
ring_items,Dark Stoneplate Ring+5,0x20004e75,1,0,0,23045,5025,0,0,
ring_items,Speckled Stoneplate Ring,0x20004e7a,1,0,0,23050,5028,0,0,
ring_items,Speckled Stoneplate Ring+1,0x20004e7b,1,0,0,23051,5028,0,0,
ring_items,Speckled Stoneplate Ring+2,0x20004e7c,1,0,0,23052,5028,0,0,
ring_items,Speckled Stoneplate Ring+3,0x20004e7d,1,0,0,23053,5028,0,0,
ring_items,Speckled Stoneplate Ring+4,0x20004e7e,1,0,0,23054,5028,0,0,
ring_items,Speckled Stoneplate Ring+5,0x20004e7f,1,0,0,23055,5028,0,0,
ring_items,Bloodbite Ring,0x20004e84,1,0,0,23070,5030,0,0,
ring_items,Bloodbite Ring+1,0x20004e85,1,0,0,23071,5030,0,0,
ring_items,Bloodbite Ring+2,0x20004e86,1,0,0,23072,5030,0,0,
ring_items,Bloodbite Ring+3,0x20004e87,1,0,0,23073,5030,0,0,
ring_items,Bloodbite Ring+4,0x20004e88,1,0,0,23074,5030,0,0,
ring_items,Bloodbite Ring+5,0x20004e89,1,0,0,23075,5030,0,0,
ring_items,Poisonbite Ring,0x20004e8e,1,0,0,23060,5032,0,0,
ring_items,Poisonbite Ring+1,0x20004e8f,1,0,0,23061,5032,0,0,
ring_items,Poisonbite Ring+2,0x20004e90,1,0,0,23062,5032,0,0,
ring_items,Poisonbite Ring+3,0x20004e91,1,0,0,23063,5032,0,0,
ring_items,Poisonbite Ring+4,0x20004e92,1,0,0,23064,5032,0,0,
ring_items,Poisonbite Ring+5,0x20004e93,1,0,0,23065,5032,0,0,
ring_items,Cursebite Ring,0x20004e98,1,0,0,23090,5034,0,0,
ring_items,Cursebite Ring+1,0x20004e99,1,0,0,23091,5034,0,0,
ring_items,Cursebite Ring+2,0x20004e9a,1,0,0,23092,5034,0,0,
ring_items,Cursebite Ring+3,0x20004e9b,1,0,0,23093,5034,0,0,
ring_items,Cursebite Ring+4,0x20004e9c,1,0,0,23094,5034,0,0,
ring_items,Cursebite Ring+5,0x20004e9d,1,0,0,23095,5034,0,0,
ring_items,Fleshbite Ring,0x20004ea2,1,0,0,23100,5035,0,0,
ring_items,Fleshbite Ring+1,0x20004ea3,1,0,0,23101,5035,0,0,
ring_items,Fleshbite Ring+2,0x20004ea4,1,0,0,23102,5035,0,0,
ring_items,Fleshbite Ring+3,0x20004ea5,1,0,0,23103,5035,0,0,
ring_items,Fleshbite Ring+4,0x20004ea6,1,0,0,23104,5035,0,0,
ring_items,Fleshbite Ring+5,0x20004ea7,1,0,0,23105,5035,0,0,
ring_items,Wood Grain Ring,0x20004eac,1,0,0,21220,5037,0,0,
ring_items,Wood Grain Ring+1,0x20004ead,1,0,0,21221,5037,0,0,
ring_items,Wood Grain Ring+2,0x20004eae,1,0,0,21222,5037,0,0,
ring_items,Wood Grain Ring+3,0x20004eaf,1,0,0,21223,5037,0,0,
ring_items,Wood Grain Ring+4,0x20004eb0,1,0,0,21224,5037,0,0,
ring_items,Wood Grain Ring+5,0x20004eb1,1,0,0,21225,5037,0,0,
ring_items,Scholar Ring,0x20004eb6,1,0,0,30060,5040,0,0,
ring_items,Scholar Ring+1,0x20004eb7,1,0,0,30061,5040,0,0,
ring_items,Scholar Ring+2,0x20004eb8,1,0,0,30062,5040,0,0,
ring_items,Scholar Ring+3,0x20004eb9,1,0,0,30063,5040,0,0,
ring_items,Scholar Ring+4,0x20004eba,1,0,0,30064,5040,0,0,
ring_items,Scholar Ring+5,0x20004ebb,1,0,0,30065,5040,0,0,
ring_items,Priestess Ring,0x20004ec0,1,0,0,30070,5041,0,0,
ring_items,Priestess Ring+1,0x20004ec1,1,0,0,30071,5041,0,0,
ring_items,Priestess Ring+2,0x20004ec2,1,0,0,30072,5041,0,0,
ring_items,Priestess Ring+3,0x20004ec3,1,0,0,30073,5041,0,0,
ring_items,Priestess Ring+4,0x20004ec4,1,0,0,30074,5041,0,0,
ring_items,Priestess Ring+5,0x20004ec5,1,0,0,30075,5041,0,0,
ring_items,Red Tearstone Ring,0x20004eca,1,0,0,29000,5042,0,0,
ring_items,Red Tearstone Ring+1,0x20004ecb,1,0,0,29001,5042,0,0,
ring_items,Red Tearstone Ring+2,0x20004ecc,1,0,0,29002,5042,0,0,
ring_items,Red Tearstone Ring+3,0x20004ecd,1,0,0,29003,5042,0,0,
ring_items,Red Tearstone Ring+4,0x20004ece,1,0,0,29004,5042,0,0,
ring_items,Red Tearstone Ring+5,0x20004ecf,1,0,0,29005,5042,0,0,
ring_items,Blue Tearstone Ring,0x20004ed4,1,0,0,29010,5043,0,0,
ring_items,Blue Tearstone Ring+1,0x20004ed5,1,0,0,29011,5043,0,0,
ring_items,Blue Tearstone Ring+2,0x20004ed6,1,0,0,29012,5043,0,0,
ring_items,Blue Tearstone Ring+3,0x20004ed7,1,0,0,29013,5043,0,0,
ring_items,Blue Tearstone Ring+4,0x20004ed8,1,0,0,29014,5043,0,0,
ring_items,Blue Tearstone Ring+5,0x20004ed9,1,0,0,29015,5043,0,0,
ring_items,Wolf Ring,0x20004ede,1,0,0,27010,5044,0,0,
ring_items,Wolf Ring+1,0x20004edf,1,0,0,27011,5044,0,0,
ring_items,Wolf Ring+2,0x20004ee0,1,0,0,27012,5044,0,0,
ring_items,Wolf Ring+3,0x20004ee1,1,0,0,27013,5044,0,0,
ring_items,Wolf Ring+4,0x20004ee2,1,0,0,27014,5044,0,0,
ring_items,Wolf Ring+5,0x20004ee3,1,0,0,27015,5044,0,0,
ring_items,Leo Ring,0x20004ee8,1,0,0,27020,5047,0,0,
ring_items,Ring of Sacrifice,0x20004ef2,1,0,0,34020,5048,0,0,
ring_items,Young Dragon Ring,0x20004f06,1,0,0,22000,5050,0,0,
ring_items,Great Swamp Ring,0x20004f10,1,0,0,22010,5052,0,0,
ring_items,Morne's Ring,0x20004f1a,1,0,0,22020,5054,0,0,
ring_items,Lingering Dragoncrest Ring,0x20004f2e,1,0,0,22210,5058,0,0,
ring_items,Lingering Dragoncrest Ring+1,0x20004f2f,1,0,0,22211,5058,0,0,
ring_items,Lingering Dragoncrest Ring+2,0x20004f30,1,0,0,22212,5058,0,0,
ring_items,Lingering Dragoncrest Ring+3,0x20004f31,1,0,0,22213,5058,0,0,
ring_items,Lingering Dragoncrest Ring+4,0x20004f32,1,0,0,22214,5058,0,0,
ring_items,Lingering Dragoncrest Ring+5,0x20004f33,1,0,0,22215,5058,0,0,
ring_items,Sage Ring,0x20004f38,1,0,0,22200,5061,0,0,
ring_items,Sage Ring+1,0x20004f39,1,0,0,22201,5061,0,0,
ring_items,Sage Ring+2,0x20004f3a,1,0,0,22202,5061,0,0,
ring_items,Sage Ring+3,0x20004f3b,1,0,0,22203,5061,0,0,
ring_items,Sage Ring+4,0x20004f3c,1,0,0,22204,5061,0,0,
ring_items,Sage Ring+5,0x20004f3d,1,0,0,22205,5061,0,0,
ring_items,Slumbering Dragoncrest Ring,0x20004f42,1,0,0,22220,5064,0,0,
ring_items,Dusk Crown Ring,0x20004f4c,1,0,0,22230,5065,0,0,
ring_items,Dusk Crown Ring+1,0x20004f4d,1,0,0,22231,5065,0,0,
ring_items,Dusk Crown Ring+2,0x20004f4e,1,0,0,22232,5065,0,0,
ring_items,Dusk Crown Ring+3,0x20004f4f,1,0,0,22233,5065,0,0,
ring_items,Dusk Crown Ring+4,0x20004f50,1,0,0,22234,5065,0,0,
ring_items,Dusk Crown Ring+5,0x20004f51,1,0,0,22235,5065,0,0,
ring_items,Saint's Ring,0x20004f56,1,0,0,22270,5066,0,0,
ring_items,Deep Ring,0x20004f60,1,0,0,22030,5067,0,0,
ring_items,Darkmoon Ring,0x20004f6a,1,0,0,22240,5068,0,0,
ring_items,Darkmoon Ring+1,0x20004f6b,1,0,0,22241,5068,0,0,
ring_items,Darkmoon Ring+2,0x20004f6c,1,0,0,22242,5068,0,0,
ring_items,Darkmoon Ring+3,0x20004f6d,1,0,0,22243,5068,0,0,
ring_items,Darkmoon Ring+4,0x20004f6e,1,0,0,22244,5068,0,0,
ring_items,Darkmoon Ring+5,0x20004f6f,1,0,0,22245,5068,0,0,
ring_items,Bellowing Dragoncrest Ring,0x20004f74,1,0,0,22100,5051,0,0,
ring_items,Bellowing Dragoncrest Ring+1,0x20004f75,1,0,0,22101,5051,0,0,
ring_items,Bellowing Dragoncrest Ring+2,0x20004f76,1,0,0,22102,5051,0,0,
ring_items,Bellowing Dragoncrest Ring+3,0x20004f77,1,0,0,22103,5051,0,0,
ring_items,Bellowing Dragoncrest Ring+4,0x20004f78,1,0,0,22104,5051,0,0,
ring_items,Bellowing Dragoncrest Ring+5,0x20004f79,1,0,0,22105,5051,0,0,
ring_items,Witch's Ring,0x20004f7e,1,0,0,22110,5053,0,0,
ring_items,Witch's Ring+1,0x20004f7f,1,0,0,22111,5053,0,0,
ring_items,Witch's Ring+2,0x20004f80,1,0,0,22112,5053,0,0,
ring_items,Witch's Ring+3,0x20004f81,1,0,0,22113,5053,0,0,
ring_items,Witch's Ring+4,0x20004f82,1,0,0,22114,5053,0,0,
ring_items,Witch's Ring+5,0x20004f83,1,0,0,22115,5053,0,0,
ring_items,Ring of the Sun's First Born,0x20004f88,1,0,0,22120,5055,0,0,
ring_items,Ring of the Sun's First Born+1,0x20004f89,1,0,0,22121,5055,0,0,
ring_items,Ring of the Sun's First Born+2,0x20004f8a,1,0,0,22122,5055,0,0,
ring_items,Ring of the Sun's First Born+3,0x20004f8b,1,0,0,22123,5055,0,0,
ring_items,Ring of the Sun's First Born+4,0x20004f8c,1,0,0,22124,5055,0,0,
ring_items,Ring of the Sun's First Born+5,0x20004f8d,1,0,0,22125,5055,0,0,
ring_items,Hawk Ring,0x20004f92,1,0,0,27030,5072,0,0,
ring_items,Hawk Ring+1,0x20004f93,1,0,0,27031,5072,0,0,
ring_items,Hawk Ring+2,0x20004f94,1,0,0,27032,5072,0,0,
ring_items,Hawk Ring+3,0x20004f95,1,0,0,27033,5072,0,0,
ring_items,Hawk Ring+4,0x20004f96,1,0,0,27034,5072,0,0,
ring_items,Hawk Ring+5,0x20004f97,1,0,0,27035,5072,0,0,
ring_items,Hornet Ring,0x20004f9c,1,0,0,27000,5073,0,0,
ring_items,Hornet Ring+1,0x20004f9d,1,0,0,27001,5073,0,0,
ring_items,Hornet Ring+2,0x20004f9e,1,0,0,27002,5073,0,0,
ring_items,Hornet Ring+3,0x20004f9f,1,0,0,27003,5073,0,0,
ring_items,Hornet Ring+4,0x20004fa0,1,0,0,27004,5073,0,0,
ring_items,Hornet Ring+5,0x20004fa1,1,0,0,27005,5073,0,0,
ring_items,Covetous Gold Serpent Ring,0x20004fa6,1,0,0,20060,5074,0,0,
ring_items,Covetous Gold Serpent Ring+1,0x20004fa7,1,0,0,20061,5074,0,0,
ring_items,Covetous Gold Serpent Ring+2,0x20004fa8,1,0,0,20062,5074,0,0,
ring_items,Covetous Gold Serpent Ring+3,0x20004fa9,1,0,0,20063,5074,0,0,
ring_items,Covetous Gold Serpent Ring+4,0x20004faa,1,0,0,20064,5074,0,0,
ring_items,Covetous Gold Serpent Ring+5,0x20004fab,1,0,0,20065,5074,0,0,
ring_items,Covetous Silver Serpent Ring,0x20004fb0,1,0,0,20070,5077,0,0,
ring_items,Covetous Silver Serpent Ring+1,0x20004fb1,1,0,0,20071,5077,0,0,
ring_items,Covetous Silver Serpent Ring+2,0x20004fb2,1,0,0,20072,5077,0,0,
ring_items,Covetous Silver Serpent Ring+3,0x20004fb3,1,0,0,20073,5077,0,0,
ring_items,Covetous Silver Serpent Ring+4,0x20004fb4,1,0,0,20074,5077,0,0,
ring_items,Covetous Silver Serpent Ring+5,0x20004fb5,1,0,0,20075,5077,0,0,
ring_items,Sun Princess Ring,0x20004fba,1,0,0,24020,5080,0,0,
ring_items,Sun Princess Ring+1,0x20004fbb,1,0,0,24021,5080,0,0,
ring_items,Sun Princess Ring+2,0x20004fbc,1,0,0,24022,5080,0,0,
ring_items,Sun Princess Ring+3,0x20004fbd,1,0,0,24023,5080,0,0,
ring_items,Sun Princess Ring+4,0x20004fbe,1,0,0,24024,5080,0,0,
ring_items,Sun Princess Ring+5,0x20004fbf,1,0,0,24025,5080,0,0,
ring_items,Silvercat Ring,0x20004fc4,1,0,0,31000,5081,0,0,
ring_items,Skull Ring,0x20004fce,1,0,0,21100,5082,0,0,
ring_items,Skull Ring+1,0x20004fcf,1,0,0,21101,5082,0,0,
ring_items,Skull Ring+2,0x20004fd0,1,0,0,21102,5082,0,0,
ring_items,Skull Ring+3,0x20004fd1,1,0,0,21103,5082,0,0,
ring_items,Skull Ring+4,0x20004fd2,1,0,0,21104,5082,0,0,
ring_items,Skull Ring+5,0x20004fd3,1,0,0,21105,5082,0,0,
ring_items,Carthus Milkring,0x20004fe2,1,0,0,25040,5084,0,0,
ring_items,Carthus Milkring+1,0x20004fe3,1,0,0,25041,5084,0,0,
ring_items,Carthus Milkring+2,0x20004fe4,1,0,0,25042,5084,0,0,
ring_items,Carthus Milkring+3,0x20004fe5,1,0,0,25043,5084,0,0,
ring_items,Carthus Milkring+4,0x20004fe6,1,0,0,25044,5084,0,0,
ring_items,Carthus Milkring+5,0x20004fe7,1,0,0,25045,5084,0,0,
ring_items,Knight's Ring,0x20004fec,1,0,0,30040,5085,0,0,
ring_items,Knight's Ring+1,0x20004fed,1,0,0,30041,5085,0,0,
ring_items,Knight's Ring+2,0x20004fee,1,0,0,30042,5085,0,0,
ring_items,Knight's Ring+3,0x20004fef,1,0,0,30043,5085,0,0,
ring_items,Knight's Ring+4,0x20004ff0,1,0,0,30044,5085,0,0,
ring_items,Knight's Ring+5,0x20004ff1,1,0,0,30045,5085,0,0,
ring_items,Hunter's Ring,0x20004ff6,1,0,0,30050,5086,0,0,
ring_items,Hunter's Ring+1,0x20004ff7,1,0,0,30051,5086,0,0,
ring_items,Hunter's Ring+2,0x20004ff8,1,0,0,30052,5086,0,0,
ring_items,Hunter's Ring+3,0x20004ff9,1,0,0,30053,5086,0,0,
ring_items,Hunter's Ring+4,0x20004ffa,1,0,0,30054,5086,0,0,
ring_items,Hunter's Ring+5,0x20004ffb,1,0,0,30055,5086,0,0,
ring_items,Knight Slayer's Ring,0x20005000,1,0,0,21230,5087,0,0,
ring_items,Knight Slayer's Ring+1,0x20005001,1,0,0,21231,5087,0,0,
ring_items,Knight Slayer's Ring+2,0x20005002,1,0,0,21232,5087,0,0,
ring_items,Knight Slayer's Ring+3,0x20005003,1,0,0,21233,5087,0,0,
ring_items,Knight Slayer's Ring+4,0x20005004,1,0,0,21234,5087,0,0,
ring_items,Knight Slayer's Ring+5,0x20005005,1,0,0,21235,5087,0,0,
ring_items,Magic Clutch Ring,0x2000500a,1,0,0,21110,5088,0,0,
ring_items,Magic Clutch Ring+1,0x2000500b,1,0,0,21111,5088,0,0,
ring_items,Magic Clutch Ring+2,0x2000500c,1,0,0,21112,5088,0,0,
ring_items,Magic Clutch Ring+3,0x2000500d,1,0,0,21113,5088,0,0,
ring_items,Magic Clutch Ring+4,0x2000500e,1,0,0,21114,5088,0,0,
ring_items,Magic Clutch Ring+5,0x2000500f,1,0,0,21115,5088,0,0,
ring_items,Lightning Clutch Ring,0x20005014,1,0,0,21120,5089,0,0,
ring_items,Lightning Clutch Ring+1,0x20005015,1,0,0,21121,5089,0,0,
ring_items,Lightning Clutch Ring+2,0x20005016,1,0,0,21122,5089,0,0,
ring_items,Lightning Clutch Ring+3,0x20005017,1,0,0,21123,5089,0,0,
ring_items,Lightning Clutch Ring+4,0x20005018,1,0,0,21124,5089,0,0,
ring_items,Lightning Clutch Ring+5,0x20005019,1,0,0,21125,5089,0,0,
ring_items,Fire Clutch Ring,0x2000501e,1,0,0,21130,5090,0,0,
ring_items,Fire Clutch Ring+1,0x2000501f,1,0,0,21131,5090,0,0,
ring_items,Fire Clutch Ring+2,0x20005020,1,0,0,21132,5090,0,0,
ring_items,Fire Clutch Ring+3,0x20005021,1,0,0,21133,5090,0,0,
ring_items,Fire Clutch Ring+4,0x20005022,1,0,0,21134,5090,0,0,
ring_items,Fire Clutch Ring+5,0x20005023,1,0,0,21135,5090,0,0,
ring_items,Dark Clutch Ring,0x20005028,1,0,0,21140,5091,0,0,
ring_items,Dark Clutch Ring+1,0x20005029,1,0,0,21141,5091,0,0,
ring_items,Dark Clutch Ring+2,0x2000502a,1,0,0,21142,5091,0,0,
ring_items,Dark Clutch Ring+3,0x2000502b,1,0,0,21143,5091,0,0,
ring_items,Dark Clutch Ring+4,0x2000502c,1,0,0,21144,5091,0,0,
ring_items,Dark Clutch Ring+5,0x2000502d,1,0,0,21145,5091,0,0,
ring_items,Flynn's Ring,0x2000503c,1,0,0,21200,5093,0,0,
ring_items,Flynn's Ring+1,0x2000503d,1,0,0,21201,5093,0,0,
ring_items,Flynn's Ring+2,0x2000503e,1,0,0,21202,5093,0,0,
ring_items,Flynn's Ring+3,0x2000503f,1,0,0,21203,5093,0,0,
ring_items,Flynn's Ring+4,0x20005040,1,0,0,21204,5093,0,0,
ring_items,Flynn's Ring+5,0x20005041,1,0,0,21205,5093,0,0,
ring_items,Prisoner's Chain,0x20005046,1,0,0,30090,5094,0,0,
ring_items,Prisoner's Chain+1,0x20005047,1,0,0,30091,5094,0,0,
ring_items,Prisoner's Chain+2,0x20005048,1,0,0,30092,5094,0,0,
ring_items,Prisoner's Chain+3,0x20005049,1,0,0,30093,5094,0,0,
ring_items,Prisoner's Chain+4,0x2000504a,1,0,0,30094,5094,0,0,
ring_items,Prisoner's Chain+5,0x2000504b,1,0,0,30095,5094,0,0,
ring_items,Obscuring Ring,0x20005064,1,0,0,31010,5110,0,0,
ring_items,Ring of the Evil Eye,0x2000506e,1,0,0,24030,5098,0,0,
ring_items,Ring of the Evil Eye+1,0x2000506f,1,0,0,24031,5098,0,0,
ring_items,Ring of the Evil Eye+2,0x20005070,1,0,0,24032,5098,0,0,
ring_items,Ring of the Evil Eye+3,0x20005071,1,0,0,24033,5098,0,0,
ring_items,Ring of the Evil Eye+4,0x20005072,1,0,0,24034,5098,0,0,
ring_items,Ring of the Evil Eye+5,0x20005073,1,0,0,24035,5098,0,0,
ring_items,Ring of Calamity,0x20005078,1,0,0,29080,5101,0,0,
ring_items,Ring of Calamity+1,0x20005079,1,0,0,29081,5101,0,0,
ring_items,Ring of Calamity+2,0x2000507a,1,0,0,29082,5101,0,0,
ring_items,Ring of Calamity+3,0x2000507b,1,0,0,29083,5101,0,0,
ring_items,Ring of Calamity+4,0x2000507c,1,0,0,29084,5101,0,0,
ring_items,Ring of Calamity+5,0x2000507d,1,0,0,29085,5101,0,0,
ring_items,Farron Ring,0x20005082,1,0,0,21240,5102,0,0,
ring_items,Farron Ring+1,0x20005083,1,0,0,21241,5102,0,0,
ring_items,Farron Ring+2,0x20005084,1,0,0,21242,5102,0,0,
ring_items,Farron Ring+3,0x20005085,1,0,0,21243,5102,0,0,
ring_items,Farron Ring+4,0x20005086,1,0,0,21244,5102,0,0,
ring_items,Farron Ring+5,0x20005087,1,0,0,21245,5102,0,0,
ring_items,Aldrich's Ruby,0x2000508c,1,0,0,29090,5103,0,0,
ring_items,Aldrich's Sapphire,0x20005096,1,0,0,29100,5104,0,0,
ring_items,Lloyd's Sword Ring,0x200050b4,1,0,0,29020,5107,0,0,
ring_items,Lloyd's Sword Ring+1,0x200050b5,1,0,0,29021,5107,0,0,
ring_items,Lloyd's Sword Ring+2,0x200050b6,1,0,0,29022,5107,0,0,
ring_items,Lloyd's Sword Ring+3,0x200050b7,1,0,0,29023,5107,0,0,
ring_items,Lloyd's Sword Ring+4,0x200050b8,1,0,0,29024,5107,0,0,
ring_items,Lloyd's Sword Ring+5,0x200050b9,1,0,0,29025,5107,0,0,
ring_items,Lloyd's Shield Ring,0x200050be,1,0,0,29030,5108,0,0,
ring_items,Lloyd's Shield Ring+1,0x200050bf,1,0,0,29031,5108,0,0,
ring_items,Lloyd's Shield Ring+2,0x200050c0,1,0,0,29032,5108,0,0,
ring_items,Lloyd's Shield Ring+3,0x200050c1,1,0,0,29033,5108,0,0,
ring_items,Lloyd's Shield Ring+4,0x200050c2,1,0,0,29034,5108,0,0,
ring_items,Lloyd's Shield Ring+5,0x200050c3,1,0,0,29035,5108,0,0,
ring_items,Estus Ring,0x200050dc,1,0,0,24000,5111,0,0,
ring_items,Estus Ring+1,0x200050dd,1,0,0,24001,5111,0,0,
ring_items,Estus Ring+2,0x200050de,1,0,0,24002,5111,0,0,
ring_items,Estus Ring+3,0x200050df,1,0,0,24003,5111,0,0,
ring_items,Estus Ring+4,0x200050e0,1,0,0,24004,5111,0,0,
ring_items,Estus Ring+5,0x200050e1,1,0,0,24005,5111,0,0,
ring_items,Focusing Ring,0x200050e6,1,0,0,22250,5112,0,0,
ring_items,Focusing Ring+1,0x200050e7,1,0,0,22251,5112,0,0,
ring_items,Focusing Ring+2,0x200050e8,1,0,0,22252,5112,0,0,
ring_items,Focusing Ring+3,0x200050e9,1,0,0,22253,5112,0,0,
ring_items,Focusing Ring+4,0x200050ea,1,0,0,22254,5112,0,0,
ring_items,Focusing Ring+5,0x200050eb,1,0,0,22255,5112,0,0,
ring_items,Horsehoof Ring,0x200050f0,1,0,0,31020,5113,0,0,
ring_items,Horsehoof Ring+1,0x200050f1,1,0,0,31021,5113,0,0,
ring_items,Horsehoof Ring+2,0x200050f2,1,0,0,31022,5113,0,0,
ring_items,Horsehoof Ring+3,0x200050f3,1,0,0,31023,5113,0,0,
ring_items,Horsehoof Ring+4,0x200050f4,1,0,0,31024,5113,0,0,
ring_items,Horsehoof Ring+5,0x200050f5,1,0,0,31025,5113,0,0,
ring_items,Carthus Bloodring,0x200050fa,1,0,0,25050,5114,0,0,
ring_items,Reversal Ring,0x20005104,1,0,0,34010,5115,0,0,
ring_items,Pontiff's Right Eye,0x2000510e,1,0,0,29110,5116,0,0,
ring_items,Pontiff's Right Eye+1,0x2000510f,1,0,0,29111,5116,0,0,
ring_items,Pontiff's Right Eye+2,0x20005110,1,0,0,29112,5116,0,0,
ring_items,Pontiff's Right Eye+3,0x20005111,1,0,0,29113,5116,0,0,
ring_items,Pontiff's Right Eye+4,0x20005112,1,0,0,29114,5116,0,0,
ring_items,Pontiff's Right Eye+5,0x20005113,1,0,0,29115,5116,0,0,
ring_items,Pontiff's Left Eye,0x20005136,1,0,0,29120,5120,0,0,
ring_items,Pontiff's Left Eye+1,0x20005137,1,0,0,29121,5120,0,0,
ring_items,Pontiff's Left Eye+2,0x20005138,1,0,0,29122,5120,0,0,
ring_items,Pontiff's Left Eye+3,0x20005139,1,0,0,29123,5120,0,0,
ring_items,Pontiff's Left Eye+4,0x2000513a,1,0,0,29124,5120,0,0,
ring_items,Pontiff's Left Eye+5,0x2000513b,1,0,0,29125,5120,0,0,
ring_items,Dragonscale Ring,0x2000515e,1,0,0,20010,5124,0,0,
ring_items,Dragonscale Ring+1,0x2000515f,1,0,0,20011,5124,0,0,
ring_items,Dragonscale Ring+2,0x20005160,1,0,0,20012,5124,0,0,
ring_items,Dragonscale Ring+3,0x20005161,1,0,0,20013,5124,0,0,
ring_items,Dragonscale Ring+4,0x20005162,1,0,0,20014,5124,0,0,
ring_items,Dragonscale Ring+5,0x20005163,1,0,0,20015,5124,0,0,
ring_items,Chillbite Ring,0x20005208,1,0,0,23080,5125,0,0,
ring_items,Chillbite Ring+1,0x20005209,1,0,0,23081,5125,0,0,
ring_items,Chillbite Ring+2,0x2000520a,1,0,0,23082,5125,0,0,
ring_items,Chillbite Ring+3,0x2000520b,1,0,0,23083,5125,0,0,
ring_items,Chillbite Ring+4,0x2000520c,1,0,0,23084,5125,0,0,
ring_items,Chillbite Ring+5,0x2000520d,1,0,0,23085,5125,0,0,
ring_items,Ring of Londor,0x20007530,1,0,0,22260,5110,0,0,
ring_items,Spirit Amethyst,0x2000753a,1,0,0,22140,6098,0,0,
ring_items,Spirit Amethyst+1,0x2000753b,1,0,0,22141,6098,0,0,
ring_items,Spirit Amethyst+2,0x2000753c,1,0,0,22142,6098,0,0,
ring_items,Spirit Amethyst+3,0x2000753d,1,0,0,22143,6098,0,0,
ring_items,Spirit Amethyst+4,0x2000753e,1,0,0,22144,6098,0,0,
ring_items,Spirit Amethyst+5,0x2000753f,1,0,0,22145,6098,0,0,
ring_items,Unholy Remains,0x20007544,1,0,0,22130,117,0,0,
ring_items,Unholy Remains+1,0x20007545,1,0,0,22131,117,0,0,
ring_items,Unholy Remains+2,0x20007546,1,0,0,22132,117,0,0,
ring_items,Unholy Remains+3,0x20007547,1,0,0,22133,117,0,0,
ring_items,Unholy Remains+4,0x20007548,1,0,0,22134,117,0,0,
ring_items,Unholy Remains+5,0x20007549,1,0,0,22135,117,0,0,
ring_items,Wretched Pendant,0x20007558,1,0,0,21210,99,0,0,
ring_items,Wretched Pendant+1,0x20007559,1,0,0,21211,99,0,0,
ring_items,Wretched Pendant+2,0x2000755a,1,0,0,21212,99,0,0,
ring_items,Wretched Pendant+3,0x2000755b,1,0,0,21213,99,0,0,
ring_items,Wretched Pendant+4,0x2000755c,1,0,0,21214,99,0,0,
ring_items,Wretched Pendant+5,0x2000755d,1,0,0,21215,99,0,0,
ring_items,Symbol of the Penitent,0x20007562,1,0,0,20020,90,0,0,
ring_items,Symbol of the Penitent+1,0x20007563,1,0,0,20021,90,0,0,
ring_items,Symbol of the Penitent+2,0x20007564,1,0,0,20022,90,0,0,
ring_items,Symbol of the Penitent+3,0x20007565,1,0,0,20023,90,0,0,
ring_items,Symbol of the Penitent+4,0x20007566,1,0,0,20024,90,0,0,
ring_items,Symbol of the Penitent+5,0x20007567,1,0,0,20025,90,0,0,
ring_items,Runic Seal,0x20007576,1,0,0,23180,173,0,0,
ring_items,Tome of Sunlight,0x20007580,1,0,0,24010,156,0,0,
ring_items,Tome of Sunlight+1,0x20007581,1,0,0,24011,156,0,0,
ring_items,Tome of Sunlight+2,0x20007582,1,0,0,24012,156,0,0,
ring_items,Tome of Sunlight+3,0x20007583,1,0,0,24013,156,0,0,
ring_items,Tome of Sunlight+4,0x20007584,1,0,0,24014,156,0,0,
ring_items,Tome of Sunlight+5,0x20007585,1,0,0,24015,156,0,0,
ring_items,Greatwood Remnants,0x2000758a,1,0,0,23170,6096,0,0,
ring_items,Greatwood Remnants+1,0x2000758b,1,0,0,23171,6096,0,0,
ring_items,Greatwood Remnants+2,0x2000758c,1,0,0,23172,6096,0,0,
ring_items,Greatwood Remnants+3,0x2000758d,1,0,0,23173,6096,0,0,
ring_items,Greatwood Remnants+4,0x2000758e,1,0,0,23174,6096,0,0,
ring_items,Greatwood Remnants+5,0x2000758f,1,0,0,23175,6096,0,0,
ring_items,Demonsbane Ring,0x200075da,1,0,0,29040,284,0,0,
ring_items,Demonsbane Ring+1,0x200075db,1,0,0,29041,284,0,0,
ring_items,Demonsbane Ring+2,0x200075dc,1,0,0,29042,284,0,0,
ring_items,Demonsbane Ring+3,0x200075dd,1,0,0,29043,284,0,0,
ring_items,Demonsbane Ring+4,0x200075de,1,0,0,29044,284,0,0,
ring_items,Demonsbane Ring+5,0x200075df,1,0,0,29045,284,0,0,
ring_items,Crypt Ring,0x200075e4,1,0,0,29050,285,0,0,
ring_items,Crypt Ring+1,0x200075e5,1,0,0,29051,285,0,0,
ring_items,Crypt Ring+2,0x200075e6,1,0,0,29052,285,0,0,
ring_items,Crypt Ring+3,0x200075e7,1,0,0,29053,285,0,0,
ring_items,Crypt Ring+4,0x200075e8,1,0,0,29054,285,0,0,
ring_items,Crypt Ring+5,0x200075e9,1,0,0,29055,285,0,0,
ring_items,Blight Ring,0x200075ee,1,0,0,29060,286,0,0,
ring_items,Blight Ring+1,0x200075ef,1,0,0,29061,286,0,0,
ring_items,Blight Ring+2,0x200075f0,1,0,0,29062,286,0,0,
ring_items,Blight Ring+3,0x200075f1,1,0,0,29063,286,0,0,
ring_items,Blight Ring+4,0x200075f2,1,0,0,29064,286,0,0,
ring_items,Blight Ring+5,0x200075f3,1,0,0,29065,286,0,0,
ring_items,Hallowed Ring,0x200075f8,1,0,0,29070,287,0,0,
ring_items,Hallowed Ring+1,0x200075f9,1,0,0,29071,287,0,0,
ring_items,Hallowed Ring+2,0x200075fa,1,0,0,29072,287,0,0,
ring_items,Hallowed Ring+3,0x200075fb,1,0,0,29073,287,0,0,
ring_items,Hallowed Ring+4,0x200075fc,1,0,0,29074,287,0,0,
ring_items,Hallowed Ring+5,0x200075fd,1,0,0,29075,287,0,0,
ring_items,Ring of Wisdom,0x20007602,1,0,0,22280,277,0,0,
ring_items,Ring of Wisdom+1,0x20007603,1,0,0,22281,277,0,0,
ring_items,Ring of Wisdom+2,0x20007604,1,0,0,22282,277,0,0,
ring_items,Ring of Wisdom+3,0x20007605,1,0,0,22283,277,0,0,
ring_items,Ring of Wisdom+4,0x20007606,1,0,0,22284,277,0,0,
ring_items,Ring of Wisdom+5,0x20007607,1,0,0,22285,277,0,0,
ring_items,Ring of Retaliation,0x2000767a,1,0,0,33000,5024,0,0,
ring_items,Ring of Retaliation+1,0x2000767b,1,0,0,33001,5024,0,0,
ring_items,Ring of Retaliation+2,0x2000767c,1,0,0,33002,5024,0,0,
ring_items,Ring of Retaliation+3,0x2000767d,1,0,0,33003,5024,0,0,
ring_items,Ring of Retaliation+4,0x2000767e,1,0,0,33004,5024,0,0,
ring_items,Ring of Retaliation+5,0x2000767f,1,0,0,33005,5024,0,0,
ring_items,Ring of Reprisal,0x20007684,1,0,0,33010,5026,0,0,
ring_items,Ring of Reprisal+1,0x20007685,1,0,0,33011,5026,0,0,
ring_items,Ring of Reprisal+2,0x20007686,1,0,0,33012,5026,0,0,
ring_items,Ring of Reprisal+3,0x20007687,1,0,0,33013,5026,0,0,
ring_items,Ring of Reprisal+4,0x20007688,1,0,0,33014,5026,0,0,
ring_items,Ring of Reprisal+5,0x20007689,1,0,0,33015,5026,0,0,
ring_items,Ring of Spite,0x2000768e,1,0,0,33020,5027,0,0,
ring_items,Ring of Spite+1,0x2000768f,1,0,0,33021,5027,0,0,
ring_items,Ring of Spite+2,0x20007690,1,0,0,33022,5027,0,0,
ring_items,Ring of Spite+3,0x20007691,1,0,0,33023,5027,0,0,
ring_items,Ring of Spite+4,0x20007692,1,0,0,33024,5027,0,0,
ring_items,Ring of Spite+5,0x20007693,1,0,0,33025,5027,0,0,
ring_items,Ring of Retribution,0x20007698,1,0,0,33030,5029,0,0,
ring_items,Ring of Retribution+1,0x20007699,1,0,0,33031,5029,0,0,
ring_items,Ring of Retribution+2,0x2000769a,1,0,0,33032,5029,0,0,
ring_items,Ring of Retribution+3,0x2000769b,1,0,0,33033,5029,0,0,
ring_items,Ring of Retribution+4,0x2000769c,1,0,0,33034,5029,0,0,
ring_items,Ring of Retribution+5,0x2000769d,1,0,0,33035,5029,0,0,
ring_items,Ring of Vengeance,0x200076a2,1,0,0,33040,5031,0,0,
ring_items,Ring of Vengeance+1,0x200076a3,1,0,0,33041,5031,0,0,
ring_items,Ring of Vengeance+2,0x200076a4,1,0,0,33042,5031,0,0,
ring_items,Ring of Vengeance+3,0x200076a5,1,0,0,33043,5031,0,0,
ring_items,Ring of Vengeance+4,0x200076a6,1,0,0,33044,5031,0,0,
ring_items,Ring of Vengeance+5,0x200076a7,1,0,0,33045,5031,0,0,
ring_items,Bulwark Ring,0x200076ac,1,0,0,31030,5096,0,0,
ring_items,Mercenary Ring,0x200076b6,1,0,0,30000,6060,0,0,
ring_items,Mercenary Ring+1,0x200076b7,1,0,0,30001,6060,0,0,
ring_items,Mercenary Ring+2,0x200076b8,1,0,0,30002,6060,0,0,
ring_items,Mercenary Ring+3,0x200076b9,1,0,0,30003,6060,0,0,
ring_items,Mercenary Ring+4,0x200076ba,1,0,0,30004,6060,0,0,
ring_items,Mercenary Ring+5,0x200076bb,1,0,0,30005,6060,0,0,
ring_items,Heretic Ring,0x200076c0,1,0,0,30010,6061,0,0,
ring_items,Heretic Ring+1,0x200076c1,1,0,0,30011,6061,0,0,
ring_items,Heretic Ring+2,0x200076c2,1,0,0,30012,6061,0,0,
ring_items,Heretic Ring+3,0x200076c3,1,0,0,30013,6061,0,0,
ring_items,Heretic Ring+4,0x200076c4,1,0,0,30014,6061,0,0,
ring_items,Heretic Ring+5,0x200076c5,1,0,0,30015,6061,0,0,
ring_items,Merchant Ring,0x200076ca,1,0,0,30020,6062,0,0,
ring_items,Merchant Ring+1,0x200076cb,1,0,0,30021,6062,0,0,
ring_items,Merchant Ring+2,0x200076cc,1,0,0,30022,6062,0,0,
ring_items,Merchant Ring+3,0x200076cd,1,0,0,30023,6062,0,0,
ring_items,Merchant Ring+4,0x200076ce,1,0,0,30024,6062,0,0,
ring_items,Merchant Ring+5,0x200076cf,1,0,0,30025,6062,0,0,
ring_items,Physician Ring,0x200076d4,1,0,0,30030,6063,0,0,
ring_items,Physician Ring+1,0x200076d5,1,0,0,30031,6063,0,0,
ring_items,Physician Ring+2,0x200076d6,1,0,0,30032,6063,0,0,
ring_items,Physician Ring+3,0x200076d7,1,0,0,30033,6063,0,0,
ring_items,Physician Ring+4,0x200076d8,1,0,0,30034,6063,0,0,
ring_items,Physician Ring+5,0x200076d9,1,0,0,30035,6063,0,0,
ring_items,Jester Ring,0x200076de,1,0,0,30080,6064,0,0,
ring_items,Jester Ring+1,0x200076df,1,0,0,30081,6064,0,0,
ring_items,Jester Ring+2,0x200076e0,1,0,0,30082,6064,0,0,
ring_items,Jester Ring+3,0x200076e1,1,0,0,30083,6064,0,0,
ring_items,Jester Ring+4,0x200076e2,1,0,0,30084,6064,0,0,
ring_items,Jester Ring+5,0x200076e3,1,0,0,30085,6064,0,0,
ring_items,Londor Tincture,0x200076f2,1,0,0,23160,6094,0,0,
ring_items,Londor Tincture+1,0x200076f3,1,0,0,23161,6094,0,0,
ring_items,Londor Tincture+2,0x200076f4,1,0,0,23162,6094,0,0,
ring_items,Londor Tincture+3,0x200076f5,1,0,0,23163,6094,0,0,
ring_items,Londor Tincture+4,0x200076f6,1,0,0,23164,6094,0,0,
ring_items,Londor Tincture+5,0x200076f7,1,0,0,23165,6094,0,0,
ring_items,Old Pygmy Brooch,0x20007724,1,0,0,21250,6091,0,0,
ring_items,Old Pygmy Brooch+1,0x20007725,1,0,0,21251,6091,0,0,
ring_items,Old Pygmy Brooch+2,0x20007726,1,0,0,21252,6091,0,0,
ring_items,Old Pygmy Brooch+3,0x20007727,1,0,0,21253,6091,0,0,
ring_items,Old Pygmy Brooch+4,0x20007728,1,0,0,21254,6091,0,0,
ring_items,Old Pygmy Brooch+5,0x20007729,1,0,0,21255,6091,0,0,
ring_items,Cursed Ring of Evasion,0x2000772e,1,0,0,32000,4056,0,0,
ring_items,Cursed Ring of Vengeance,0x20007738,1,0,0,32010,4062,0,0,
ring_items,Cursed Ring of Deflection,0x20007742,1,0,0,32020,4063,0,0,
ring_items,Cursed Ring of Confusion,0x2000774c,1,0,0,32030,4064,0,0,
ring_items,Redeye Ring,0x20007760,1,0,0,31040,46,0,0,
ring_items,Bestial Band,0x200077ba,1,0,0,29130,5005,0,0,
ring_items,Bestial Band+1,0x200077bb,1,0,0,29131,5005,0,0,
ring_items,Bestial Band+2,0x200077bc,1,0,0,29132,5005,0,0,
ring_items,Bestial Band+3,0x200077bd,1,0,0,29133,5005,0,0,
ring_items,Bestial Band+4,0x200077be,1,0,0,29134,5005,0,0,
ring_items,Bestial Band+5,0x200077bf,1,0,0,29135,5005,0,0,
ring_items,Band of Stone,0x200077c4,1,0,0,23110,5033,0,0,
ring_items,Band of Stone+1,0x200077c5,1,0,0,23111,5033,0,0,
ring_items,Band of Stone+2,0x200077c6,1,0,0,23112,5033,0,0,
ring_items,Band of Stone+3,0x200077c7,1,0,0,23113,5033,0,0,
ring_items,Band of Stone+4,0x200077c8,1,0,0,23114,5033,0,0,
ring_items,Band of Stone+5,0x200077c9,1,0,0,23115,5033,0,0,
ring_items,Band of Magic,0x200077ce,1,0,0,23120,5036,0,0,
ring_items,Band of Magic+1,0x200077cf,1,0,0,23121,5036,0,0,
ring_items,Band of Magic+2,0x200077d0,1,0,0,23122,5036,0,0,
ring_items,Band of Magic+3,0x200077d1,1,0,0,23123,5036,0,0,
ring_items,Band of Magic+4,0x200077d2,1,0,0,23124,5036,0,0,
ring_items,Band of Magic+5,0x200077d3,1,0,0,23125,5036,0,0,
ring_items,Band of Flame,0x200077d8,1,0,0,23130,5038,0,0,
ring_items,Band of Flame+1,0x200077d9,1,0,0,23131,5038,0,0,
ring_items,Band of Flame+2,0x200077da,1,0,0,23132,5038,0,0,
ring_items,Band of Flame+3,0x200077db,1,0,0,23133,5038,0,0,
ring_items,Band of Flame+4,0x200077dc,1,0,0,23134,5038,0,0,
ring_items,Band of Flame+5,0x200077dd,1,0,0,23135,5038,0,0,
ring_items,Band of Sparks,0x200077e2,1,0,0,23140,5039,0,0,
ring_items,Band of Sparks+1,0x200077e3,1,0,0,23141,5039,0,0,
ring_items,Band of Sparks+2,0x200077e4,1,0,0,23142,5039,0,0,
ring_items,Band of Sparks+3,0x200077e5,1,0,0,23143,5039,0,0,
ring_items,Band of Sparks+4,0x200077e6,1,0,0,23144,5039,0,0,
ring_items,Band of Sparks+5,0x200077e7,1,0,0,23145,5039,0,0,
ring_items,Band of Darkness,0x200077ec,1,0,0,23150,5045,0,0,
ring_items,Band of Darkness+1,0x200077ed,1,0,0,23151,5045,0,0,
ring_items,Band of Darkness+2,0x200077ee,1,0,0,23152,5045,0,0,
ring_items,Band of Darkness+3,0x200077ef,1,0,0,23153,5045,0,0,
ring_items,Band of Darkness+4,0x200077f0,1,0,0,23154,5045,0,0,
ring_items,Band of Darkness+5,0x200077f1,1,0,0,23155,5045,0,0,
ring_items,Elden Ring,0x20007850,1,0,0,26020,6099,0,0,
ring_items,Elden Ring+1,0x20007851,1,0,0,26021,6099,0,0,
ring_items,Elden Ring+2,0x20007852,1,0,0,26022,6099,0,0,
ring_items,Elden Ring+3,0x20007853,1,0,0,26023,6099,0,0,
ring_items,Elden Ring+4,0x20007854,1,0,0,26024,6099,0,0,
ring_items,Elden Ring+5,0x20007855,1,0,0,26025,6099,0,0,
ring_items,Fool's Sigil,0x20007878,1,0,0,29140,2118,0,0,
ring_items,Fool's Sigil+1,0x20007879,1,0,0,29141,2118,0,0,
ring_items,Fool's Sigil+2,0x2000787a,1,0,0,29142,2118,0,0,
ring_items,Fool's Sigil+3,0x2000787b,1,0,0,29143,2118,0,0,
ring_items,Fool's Sigil+4,0x2000787c,1,0,0,29144,2118,0,0,
ring_items,Fool's Sigil+5,0x2000787d,1,0,0,29145,2118,0,0,
ring_items,Ring of Momentum,0x20007896,1,0,0,25020,5069,0,0,
ring_items,Ring of Momentum+1,0x20007897,1,0,0,25021,5069,0,0,
ring_items,Ring of Momentum+2,0x20007898,1,0,0,25022,5069,0,0,
ring_items,Ring of Momentum+3,0x20007899,1,0,0,25023,5069,0,0,
ring_items,Ring of Momentum+4,0x2000789a,1,0,0,25024,5069,0,0,
ring_items,Ring of Momentum+5,0x2000789b,1,0,0,25025,5069,0,0,
ring_items,Bell of Grace,0x200078a0,1,0,0,25010,5070,0,0,
ring_items,Bell of Grace+1,0x200078a1,1,0,0,25011,5070,0,0,
ring_items,Bell of Grace+2,0x200078a2,1,0,0,25012,5070,0,0,
ring_items,Bell of Grace+3,0x200078a3,1,0,0,25013,5070,0,0,
ring_items,Bell of Grace+4,0x200078a4,1,0,0,25014,5070,0,0,
ring_items,Bell of Grace+5,0x200078a5,1,0,0,25015,5070,0,0,
ring_items,Ring of Punishment,0x200078aa,1,0,0,21310,2119,0,0,
ring_items,Ring of Punishment+1,0x200078ab,1,0,0,21311,2119,0,0,
ring_items,Ring of Punishment+2,0x200078ac,1,0,0,21312,2119,0,0,
ring_items,Ring of Punishment+3,0x200078ad,1,0,0,21313,2119,0,0,
ring_items,Ring of Punishment+4,0x200078ae,1,0,0,21314,2119,0,0,
ring_items,Ring of Punishment+5,0x200078af,1,0,0,21315,2119,0,0,
ring_items,Dashmaster's String,0x200078b4,1,0,0,25000,2120,0,0,
ring_items,Dashmaster's String+1,0x200078b5,1,0,0,25001,2120,0,0,
ring_items,Dashmaster's String+2,0x200078b6,1,0,0,25002,2120,0,0,
ring_items,Dashmaster's String+3,0x200078b7,1,0,0,25003,2120,0,0,
ring_items,Dashmaster's String+4,0x200078b8,1,0,0,25004,2120,0,0,
ring_items,Dashmaster's String+5,0x200078b9,1,0,0,25005,2120,0,0,
ring_items,Relic of Swiftness,0x200078be,1,0,0,35000,280,0,0,
ring_items,Relic of Protection,0x200078c8,1,0,0,35010,281,0,0,
ring_items,Tainted Chalice,0x200078d2,1,0,0,21300,4249,0,0,
ring_items,Tainted Chalice+1,0x200078d3,1,0,0,21301,4249,0,0,
ring_items,Tainted Chalice+2,0x200078d4,1,0,0,21302,4249,0,0,
ring_items,Tainted Chalice+3,0x200078d5,1,0,0,21303,4249,0,0,
ring_items,Tainted Chalice+4,0x200078d6,1,0,0,21304,4249,0,0,
ring_items,Tainted Chalice+5,0x200078d7,1,0,0,21305,4249,0,0,
ring_items,Accursed Sigil,0x200078dc,1,0,0,21330,4248,0,0,
ring_items,Accursed Sigil+1,0x200078dd,1,0,0,21331,4248,0,0,
ring_items,Accursed Sigil+2,0x200078de,1,0,0,21332,4248,0,0,
ring_items,Accursed Sigil+3,0x200078df,1,0,0,21333,4248,0,0,
ring_items,Accursed Sigil+4,0x200078e0,1,0,0,21334,4248,0,0,
ring_items,Accursed Sigil+5,0x200078e1,1,0,0,21335,4248,0,0,
ring_items,Frostflower Ring,0x200078e6,1,0,0,21320,6097,0,0,
ring_items,Frostflower Ring+1,0x200078e7,1,0,0,21321,6097,0,0,
ring_items,Frostflower Ring+2,0x200078e8,1,0,0,21322,6097,0,0,
ring_items,Frostflower Ring+3,0x200078e9,1,0,0,21323,6097,0,0,
ring_items,Frostflower Ring+4,0x200078ea,1,0,0,21324,6097,0,0,
ring_items,Frostflower Ring+5,0x200078eb,1,0,0,21325,6097,0,0,
ring_items,Rare Ring of Humanity,0x200078f0,1,0,0,31050,5049,0,0,
ring_items,Gwynevere's Urn,0x200078fa,1,0,0,24040,4261,0,0,
ring_items,Ring of Conjuration,0x2000790e,1,0,0,34000,6131,0,0,
ring_items,Ring of Conjuration+1,0x2000790f,1,0,0,34001,6131,0,0,
ring_items,Ring of Conjuration+2,0x20007910,1,0,0,34002,6131,0,0,
ring_items,Ring of Conjuration+3,0x20007911,1,0,0,34003,6131,0,0,
ring_items,Ring of Conjuration+4,0x20007912,1,0,0,34004,6131,0,0,
ring_items,Ring of Conjuration+5,0x20007913,1,0,0,34005,6131,0,0,
ring_items,Ravenous Chalice,0x2000794a,1,0,0,31060,7026,0,0,
ring_items,Relic of Eternity,0x20007954,1,0,0,35020,282,0,0,
ring_items,Relic of Sanctification,0x2000795e,1,0,0,35030,283,0,0,
ring_items,Old Man's Gambit,0x20007968,1,0,0,26000,5046,0,0,
ring_items,Old Man's Gambit+1,0x20007969,1,0,0,26001,5046,0,0,
ring_items,Old Man's Gambit+2,0x2000796a,1,0,0,26002,5046,0,0,
ring_items,Old Man's Gambit+3,0x2000796b,1,0,0,26003,5046,0,0,
ring_items,Old Man's Gambit+4,0x2000796c,1,0,0,26004,5046,0,0,
ring_items,Old Man's Gambit+5,0x2000796d,1,0,0,26005,5046,0,0,
ring_items,Scroll of Ethereality,0x2000797c,1,0,0,36000,5126,0,0,
ring_items,Scroll of Hollowing,0x20007986,1,0,0,36001,5126,0,0,
ring_items,Scroll of Humanity,0x20007990,1,0,0,36002,5126,0,0,
ring_items,Scroll of Cooperation,0x2000799a,1,0,0,36003,5126,0,0,
ring_items,Assassin's Mark,0x200079e0,1,0,0,26030,6008,0,0,
ring_items,Assassin's Mark+1,0x200079e1,1,0,0,26031,6008,0,0,
ring_items,Assassin's Mark+2,0x200079e2,1,0,0,26032,6008,0,0,
ring_items,Assassin's Mark+3,0x200079e3,1,0,0,26033,6008,0,0,
ring_items,Assassin's Mark+4,0x200079e4,1,0,0,26034,6008,0,0,
ring_items,Assassin's Mark+5,0x200079e5,1,0,0,26035,6008,0,0,
ring_items,Gower's Ring of Retribution,0x20007a44,1,0,0,26010,175,0,0,
ring_items,Gower's Ring of Retribution+1,0x20007a45,1,0,0,26011,175,0,0,
ring_items,Gower's Ring of Retribution+2,0x20007a46,1,0,0,26012,175,0,0,
ring_items,Gower's Ring of Retribution+3,0x20007a47,1,0,0,26013,175,0,0,
ring_items,Gower's Ring of Retribution+4,0x20007a48,1,0,0,26014,175,0,0,
ring_items,Gower's Ring of Retribution+5,0x20007a49,1,0,0,26015,175,0,0,
ring_items,Ring of Retreat,0x20007aa8,1,0,0,25030,189,0,0,
ring_items,Ring of Retreat+1,0x20007aa9,1,0,0,25031,189,0,0,
ring_items,Ring of Retreat+2,0x20007aaa,1,0,0,25032,189,0,0,
ring_items,Ring of Retreat+3,0x20007aab,1,0,0,25033,189,0,0,
ring_items,Ring of Retreat+4,0x20007aac,1,0,0,25034,189,0,0,
ring_items,Ring of Retreat+5,0x20007aad,1,0,0,25035,189,0,0,
ring_items,Ring of Blades,0x20007b0c,1,0,0,21000,2114,0,0,
ring_items,Ring of Blades+1,0x20007b0d,1,0,0,21001,2114,0,0,
ring_items,Ring of Blades+2,0x20007b0e,1,0,0,21002,2114,0,0,
ring_items,Ring of Blades+3,0x20007b0f,1,0,0,21003,2114,0,0,
ring_items,Ring of Blades+4,0x20007b10,1,0,0,21004,2114,0,0,
ring_items,Ring of Blades+5,0x20007b11,1,0,0,21005,2114,0,0,
ring_items,Sigil of Magic,0x20007b70,1,0,0,21010,151,0,0,
ring_items,Sigil of Magic+1,0x20007b71,1,0,0,21011,151,0,0,
ring_items,Sigil of Magic+2,0x20007b72,1,0,0,21012,151,0,0,
ring_items,Sigil of Magic+3,0x20007b73,1,0,0,21013,151,0,0,
ring_items,Sigil of Magic+4,0x20007b74,1,0,0,21014,151,0,0,
ring_items,Sigil of Magic+5,0x20007b75,1,0,0,21015,151,0,0,
ring_items,Sigil of Flame,0x20007bd4,1,0,0,21020,152,0,0,
ring_items,Sigil of Flame+1,0x20007bd5,1,0,0,21021,152,0,0,
ring_items,Sigil of Flame+2,0x20007bd6,1,0,0,21022,152,0,0,
ring_items,Sigil of Flame+3,0x20007bd7,1,0,0,21023,152,0,0,
ring_items,Sigil of Flame+4,0x20007bd8,1,0,0,21024,152,0,0,
ring_items,Sigil of Flame+5,0x20007bd9,1,0,0,21025,152,0,0,
ring_items,Sigil of Thunder,0x20007c38,1,0,0,21030,177,0,0,
ring_items,Sigil of Thunder+1,0x20007c39,1,0,0,21031,177,0,0,
ring_items,Sigil of Thunder+2,0x20007c3a,1,0,0,21032,177,0,0,
ring_items,Sigil of Thunder+3,0x20007c3b,1,0,0,21033,177,0,0,
ring_items,Sigil of Thunder+4,0x20007c3c,1,0,0,21034,177,0,0,
ring_items,Sigil of Thunder+5,0x20007c3d,1,0,0,21035,177,0,0,
ring_items,Sigil of Darkness,0x20007c9c,1,0,0,21040,209,0,0,
ring_items,Sigil of Darkness+1,0x20007c9d,1,0,0,21041,209,0,0,
ring_items,Sigil of Darkness+2,0x20007c9e,1,0,0,21042,209,0,0,
ring_items,Sigil of Darkness+3,0x20007c9f,1,0,0,21043,209,0,0,
ring_items,Sigil of Darkness+4,0x20007ca0,1,0,0,21044,209,0,0,
ring_items,Sigil of Darkness+5,0x20007ca1,1,0,0,21045,209,0,0,
ring_items,Eyri's Signet,0x20007d00,1,0,0,28000,6132,0,0,
ring_items,Eyri's Signet+1,0x20007d01,1,0,0,28001,6132,0,0,
ring_items,Eyri's Signet+2,0x20007d02,1,0,0,28002,6132,0,0,
ring_items,Eyri's Signet+3,0x20007d03,1,0,0,28003,6132,0,0,
ring_items,Eyri's Signet+4,0x20007d04,1,0,0,28004,6132,0,0,
ring_items,Eyri's Signet+5,0x20007d05,1,0,0,28005,6132,0,0,
ring_items,Ofydd's Signet,0x20007d64,1,0,0,28010,6133,0,0,
ring_items,Ofydd's Signet+1,0x20007d65,1,0,0,28011,6133,0,0,
ring_items,Ofydd's Signet+2,0x20007d66,1,0,0,28012,6133,0,0,
ring_items,Ofydd's Signet+3,0x20007d67,1,0,0,28013,6133,0,0,
ring_items,Ofydd's Signet+4,0x20007d68,1,0,0,28014,6133,0,0,
ring_items,Ofydd's Signet+5,0x20007d69,1,0,0,28015,6133,0,0,
ring_items,Ifanna's Signet,0x20007dc8,1,0,0,28020,6134,0,0,
ring_items,Ifanna's Signet+1,0x20007dc9,1,0,0,28021,6134,0,0,
ring_items,Ifanna's Signet+2,0x20007dca,1,0,0,28022,6134,0,0,
ring_items,Ifanna's Signet+3,0x20007dcb,1,0,0,28023,6134,0,0,
ring_items,Ifanna's Signet+4,0x20007dcc,1,0,0,28024,6134,0,0,
ring_items,Ifanna's Signet+5,0x20007dcd,1,0,0,28025,6134,0,0,
ring_items,Grufudd's Signet,0x20007e2c,1,0,0,28030,6135,0,0,
ring_items,Grufudd's Signet+1,0x20007e2d,1,0,0,28031,6135,0,0,
ring_items,Grufudd's Signet+2,0x20007e2e,1,0,0,28032,6135,0,0,
ring_items,Grufudd's Signet+3,0x20007e2f,1,0,0,28033,6135,0,0,
ring_items,Grufudd's Signet+4,0x20007e30,1,0,0,28034,6135,0,0,
ring_items,Grufudd's Signet+5,0x20007e31,1,0,0,28035,6135,0,0,
ring_items,Relic of Corruption,0x20007e36,1,0,0,35040,2059,0,0,
goods_items,White Sign Soapstone,0x40000064,1,0,0,15010,1,0,0,
goods_items,Red Sign Soapstone,0x40000065,1,0,0,15020,2,0,0,
goods_items,Red Eye Orb,0x40000066,1,0,0,15060,3,0,0,
goods_items,Black Separation Crystal,0x40000067,1,0,0,15030,4,0,0,
goods_items,Roster of Knights,0x4000006c,1,0,0,15110,133,0,0,
goods_items,Cracked Red Eye Orb,0x4000006f,99,0,0,15050,185,0,0,
goods_items,Black Eye Orb,0x40000073,1,0,0,15070,187,0,0,
goods_items,Darksign,0x40000075,1,0,0,11010,5,0,0,
goods_items,Way of White Circlet,0x40000077,99,0,0,15100,105,0,0,
goods_items,Estus Flask,0x40000096,1,0,0,2010,6,0,0,
goods_items,Estus Flask,0x40000097,20,0,0,2010,7,0,0,
goods_items,Estus Flask+1,0x40000098,1,0,0,2010,6,0,0,
goods_items,Estus Flask+1,0x40000099,20,0,0,2010,7,0,0,
goods_items,Estus Flask+2,0x4000009a,1,0,0,2010,6,0,0,
goods_items,Estus Flask+2,0x4000009b,20,0,0,2010,7,0,0,
goods_items,Estus Flask+3,0x4000009c,1,0,0,2010,6,0,0,
goods_items,Estus Flask+3,0x4000009d,20,0,0,2010,7,0,0,
goods_items,Estus Flask+4,0x4000009e,1,0,0,2010,6,0,0,
goods_items,Estus Flask+4,0x4000009f,20,0,0,2010,7,0,0,
goods_items,Estus Flask+5,0x400000a0,1,0,0,2010,6,0,0,
goods_items,Estus Flask+5,0x400000a1,20,0,0,2010,7,0,0,
goods_items,Estus Flask+6,0x400000a2,1,0,0,2010,6,0,0,
goods_items,Estus Flask+6,0x400000a3,20,0,0,2010,7,0,0,
goods_items,Estus Flask+7,0x400000a4,1,0,0,2010,6,0,0,
goods_items,Estus Flask+7,0x400000a5,20,0,0,2010,7,0,0,
goods_items,Estus Flask+8,0x400000a6,1,0,0,2010,6,0,0,
goods_items,Estus Flask+8,0x400000a7,20,0,0,2010,7,0,0,
goods_items,Estus Flask+9,0x400000a8,1,0,0,2010,6,0,0,
goods_items,Estus Flask+9,0x400000a9,20,0,0,2010,7,0,0,
goods_items,Estus Flask+10,0x400000aa,1,0,0,2010,6,0,0,
goods_items,Estus Flask+10,0x400000ab,20,0,0,2010,7,0,0,
goods_items,Ashen Estus Flask,0x400000be,1,0,0,2020,0,0,0,
goods_items,Ashen Estus Flask,0x400000bf,20,0,0,2020,0,0,0,
goods_items,Ashen Estus Flask+1,0x400000c0,1,0,0,2020,0,0,0,
goods_items,Ashen Estus Flask+1,0x400000c1,20,0,0,2020,0,0,0,
goods_items,Ashen Estus Flask+2,0x400000c2,1,0,0,2020,0,0,0,
goods_items,Ashen Estus Flask+2,0x400000c3,20,0,0,2020,0,0,0,
goods_items,Ashen Estus Flask+3,0x400000c4,1,0,0,2020,0,0,0,
goods_items,Ashen Estus Flask+3,0x400000c5,20,0,0,2020,0,0,0,
goods_items,Ashen Estus Flask+4,0x400000c6,1,0,0,2020,0,0,0,
goods_items,Ashen Estus Flask+4,0x400000c7,20,0,0,2020,0,0,0,
goods_items,Ashen Estus Flask+5,0x400000c8,1,0,0,2020,0,0,0,
goods_items,Ashen Estus Flask+5,0x400000c9,20,0,0,2020,0,0,0,
goods_items,Ashen Estus Flask+6,0x400000ca,1,0,0,2020,0,0,0,
goods_items,Ashen Estus Flask+6,0x400000cb,20,0,0,2020,0,0,0,
goods_items,Ashen Estus Flask+7,0x400000cc,1,0,0,2020,0,0,0,
goods_items,Ashen Estus Flask+7,0x400000cd,20,0,0,2020,0,0,0,
goods_items,Ashen Estus Flask+8,0x400000ce,1,0,0,2020,0,0,0,
goods_items,Ashen Estus Flask+8,0x400000cf,20,0,0,2020,0,0,0,
goods_items,Ashen Estus Flask+9,0x400000d0,1,0,0,2020,0,0,0,
goods_items,Ashen Estus Flask+9,0x400000d1,20,0,0,2020,0,0,0,
goods_items,Ashen Estus Flask+10,0x400000d2,1,0,0,2020,0,0,0,
goods_items,Ashen Estus Flask+10,0x400000d3,20,0,0,2020,0,0,0,
goods_items,Focusing Crystal,0x400000dc,1,0,0,2020,7142,0,0,
goods_items,Focusing Crystal+1,0x400000dd,1,0,0,2020,7142,0,0,
goods_items,Focusing Crystal+2,0x400000de,1,0,0,2020,7142,0,0,
goods_items,Focusing Crystal+3,0x400000df,1,0,0,2020,7142,0,0,
goods_items,Focusing Crystal+4,0x400000e0,1,0,0,2020,7142,0,0,
goods_items,Focusing Crystal+5,0x400000e1,1,0,0,2020,7142,0,0,
goods_items,Focusing Crystal+6,0x400000e2,1,0,0,2020,7142,0,0,
goods_items,Focusing Crystal+7,0x400000e3,1,0,0,2020,7142,0,0,
goods_items,Focusing Crystal+8,0x400000e4,1,0,0,2020,7142,0,0,
goods_items,Focusing Crystal+9,0x400000e5,1,0,0,2020,7142,0,0,
goods_items,Focusing Crystal+10,0x400000e6,1,0,0,2020,7142,0,0,
goods_items,Divine Blessing,0x400000f0,5,0,0,6010,14,0,0,
goods_items,Hidden Blessing,0x400000f1,5,0,0,6020,111,0,0,
goods_items,Green Blossom,0x40000104,10,0,0,6040,15,0,0,
goods_items,Budding Green Blossom,0x40000105,10,0,0,6050,249,0,0,
goods_items,Budding Green Blossom,0x40000106,10,0,0,6050,250,0,0,
goods_items,Bloodred Moss Clump,0x4000010e,10,0,0,6130,16,0,0,
goods_items,Purple Moss Clump,0x4000010f,10,0,0,6140,17,0,0,
goods_items,Blooming Purple Moss Clump,0x40000110,10,0,0,6150,18,0,0,
goods_items,Purging Stone,0x40000112,10,0,0,6170,19,0,0,
goods_items,Cleansing Pendant,0x40000113,10,0,0,6171,104,0,0,
goods_items,Rime-blue Moss Clump,0x40000114,10,0,0,6160,84,0,0,
goods_items,Repair Powder,0x40000118,10,0,0,6070,103,0,0,
goods_items,Kukri,0x40000122,99,0,0,6200,22,0,0,
goods_items,Firebomb,0x40000124,99,0,0,6210,28,0,0,
goods_items,Dung Pie,0x40000125,99,0,0,6257,32,0,0,
goods_items,Alluring Skull,0x40000126,99,0,0,6460,33,0,0,
goods_items,Undead Hunter Charm,0x40000128,10,0,0,6480,34,0,0,
goods_items,Black Firebomb,0x40000129,99,0,0,6220,30,0,0,
goods_items,Set-up Firebomb,0x4000012b,20,0,0,6212,85,0,0,
goods_items,Lightning Urn,0x4000012c,99,0,0,6250,91,0,0,
goods_items,Rope Black Firebomb,0x4000012e,99,0,0,6230,86,0,0,
goods_items,Stalk Dung Pie,0x4000012f,99,0,0,6259,112,0,0,
goods_items,Duel Charm,0x40000130,10,0,0,6490,163,0,0,
goods_items,Throwing Knife,0x40000136,99,0,0,6182,25,0,0,
goods_items,Poisonous Knife,0x40000137,99,0,0,6192,26,0,0,
goods_items,Bloodthirsty Guardian Shiv,0x4000013b,1,0,0,6204,260,0,0,
goods_items,Sorcerous Knife,0x40000140,99,0,0,6184,1077,0,0,
goods_items,Flaming Knife,0x40000141,99,0,0,6186,1088,0,0,
goods_items,Sparking Knife,0x40000142,99,0,0,6188,1089,0,0,
goods_items,Abyssal Knife,0x40000143,99,0,0,6190,1092,0,0,
goods_items,Cursed Knife,0x40000144,99,0,0,6194,1067,0,0,
goods_items,Lacerating Knife,0x40000145,99,0,0,6196,1066,0,0,
goods_items,Frigid Knife,0x40000146,99,0,0,6198,1074,0,0,
goods_items,Cursed Pine Resin,0x40000148,10,0,0,6370,1093,0,0,
goods_items,Blessed Pine Resin,0x40000149,10,0,0,6275,1057,0,0,
goods_items,Charcoal Pine Resin,0x4000014a,10,0,0,6280,35,0,0,
goods_items,Gold Pine Resin,0x4000014b,10,0,0,6300,36,0,0,
goods_items,Human Pine Resin,0x4000014e,10,0,0,6330,96,0,0,
goods_items,Carthus Rouge,0x4000014f,10,0,0,6350,97,0,0,
goods_items,Pale Pine Resin,0x40000150,10,0,0,6320,95,0,0,
goods_items,Charcoal Pine Bundle,0x40000154,20,0,0,6290,38,0,0,
goods_items,Gold Pine Bundle,0x40000155,20,0,0,6310,39,0,0,
goods_items,Rotten Pine Resin,0x40000157,10,0,0,6340,37,0,0,
goods_items,Frozen Pine Resin,0x40000158,10,0,0,6360,4086,0,0,
goods_items,Homeward Bone,0x4000015e,99,0,0,6660,41,0,0,
goods_items,Coiled Sword Fragment,0x4000015f,1,0,0,6670,100,0,0,
goods_items,Awestone,0x4000016d,99,0,0,14120,1024,0,0,
goods_items,Wolf's Blood Swordgrass,0x4000016e,99,0,0,14070,237,0,0,
goods_items,Human Dregs,0x4000016f,99,0,0,14080,238,0,0,
goods_items,Forked Pale Tongue,0x40000170,99,0,0,14050,252,0,0,
goods_items,Proof of a Concord Well Kept,0x40000171,99,0,0,14030,193,0,0,
goods_items,Prism Stone,0x40000172,99,0,0,6650,42,0,0,
goods_items,Binoculars,0x40000173,1,0,0,7010,43,0,0,
goods_items,Proof of a Concord Kept,0x40000174,99,0,0,14020,108,0,0,
goods_items,Pale Tongue,0x40000175,99,0,0,14040,44,0,0,
goods_items,Vertebra Shackle,0x40000176,99,0,0,14060,45,0,0,
goods_items,Sunlight Medal,0x40000177,99,0,0,14010,107,0,0,
goods_items,Pendant,0x40000178,99,0,0,99000,99,0,0,
goods_items,Dragon Head Stone,0x40000179,1,0,0,9010,93,0,0,
goods_items,Dragon Torso Stone,0x4000017a,1,0,0,9020,94,0,0,
goods_items,Filianore's Spear Ornament,0x4000017b,99,0,0,14090,263,0,0,
goods_items,Rubbish,0x4000017c,99,0,0,6640,47,0,0,
goods_items,Rat Tail,0x4000017d,99,0,0,14100,4259,0,0,
goods_items,Ritual Incense,0x4000017e,99,0,0,14110,6078,0,0,
goods_items,Lost Trinket,0x4000017f,99,0,0,14120,99,0,0,
goods_items,Grateful Soul,0x40000180,99,0,0,14130,7129,0,0,
goods_items,Dried Finger,0x40000181,1,0,0,15080,48,0,0,
goods_items,Twinkling Dragon Head Stone,0x40000183,1,0,0,9030,178,0,0,
goods_items,Twinkling Dragon Torso Stone,0x40000184,1,0,0,9040,179,0,0,
goods_items,Fire Keeper Soul,0x40000186,1,0,0,25010,49,1,0,
goods_items,Fading Soul,0x40000190,99,0,0,12010,214,0,0,
goods_items,Soul of a Deserted Corpse,0x40000191,99,0,0,12020,215,0,0,
goods_items,Large Soul of a Deserted Corpse,0x40000192,99,0,0,12030,216,0,0,
goods_items,Soul of an Unknown Traveler,0x40000193,99,0,0,12040,217,0,0,
goods_items,Large Soul of an Unknown Traveler,0x40000194,99,0,0,12050,218,0,0,
goods_items,Soul of a Nameless Soldier,0x40000195,99,0,0,12060,219,0,0,
goods_items,Large Soul of a Nameless Soldier,0x40000196,99,0,0,12070,220,0,0,
goods_items,Soul of a Weary Warrior,0x40000197,99,0,0,12080,221,0,0,
goods_items,Large Soul of a Weary Warrior,0x40000198,99,0,0,12090,222,0,0,
goods_items,Soul of a Crestfallen Knight,0x40000199,99,0,0,12100,223,0,0,
goods_items,Large Soul of a Crestfallen Knight,0x4000019a,99,0,0,12110,224,0,0,
goods_items,Soul of a Proud Paladin,0x4000019b,99,0,0,12120,225,0,0,
goods_items,Large Soul of a Proud Paladin,0x4000019c,99,0,0,12130,226,0,0,
goods_items,Soul of an Intrepid Hero,0x4000019d,99,0,0,12140,227,0,0,
goods_items,Large Soul of an Intrepid Hero,0x4000019e,99,0,0,12150,228,0,0,
goods_items,Soul of a Seasoned Warrior,0x4000019f,99,0,0,12160,229,0,0,
goods_items,Large Soul of a Seasoned Warrior,0x400001a0,99,0,0,12170,230,0,0,
goods_items,Soul of an Old Hand,0x400001a1,99,0,0,12180,231,0,0,
goods_items,Soul of a Venerable Old Hand,0x400001a2,99,0,0,12190,232,0,0,
goods_items,Soul of a Champion,0x400001a3,99,0,0,12200,233,0,0,
goods_items,Soul of a Great Champion,0x400001a4,99,0,0,12210,234,0,0,
goods_items,Timeless Soul,0x400001a5,99,0,0,12051,215,0,0,
goods_items,Seed of a Giant Tree,0x400001b8,99,0,0,15090,106,0,0,
goods_items,Mossfruit,0x400001c4,10,0,0,6440,115,0,0,
goods_items,Young White Branch,0x400001c6,99,0,0,6550,101,0,0,
goods_items,Rusted Coin,0x400001c7,99,0,0,6500,102,0,0,
goods_items,Siegbräu,0x400001c8,5,0,0,6025,190,0,0,
goods_items,Rusted Gold Coin,0x400001c9,99,0,0,6510,198,0,0,
goods_items,Blue Bug Pellet,0x400001ca,10,0,0,6400,205,0,0,
goods_items,Red Bug Pellet,0x400001cb,10,0,0,6410,206,0,0,
goods_items,Yellow Bug Pellet,0x400001cc,10,0,0,6420,207,0,0,
goods_items,Black Bug Pellet,0x400001cd,10,0,0,6430,208,0,0,
goods_items,Young White Branch,0x400001ce,99,0,0,6550,236,0,0,
goods_items,Young White Branch,0x400001cf,99,0,0,6550,236,0,0,
goods_items,Dark Sigil,0x400001ea,8,0,0,35010,157,1,0,
goods_items,Ember,0x400001f4,99,0,0,3010,88,0,0,
goods_items,Hello Carving,0x40000208,1,0,0,10010,75,0,0,
goods_items,Thank you Carving,0x40000209,1,0,0,10020,76,0,0,
goods_items,Very good! Carving,0x4000020a,1,0,0,10030,78,0,0,
goods_items,I'm sorry Carving,0x4000020b,1,0,0,10040,77,0,0,
goods_items,Help me! Carving,0x4000020c,1,0,0,10050,83,0,0,
goods_items,Bone Marrow Ash,0x40000212,10,0,0,6440,7053,0,0,
goods_items,Ritual Spear Fragment,0x4000028a,10,0,0,9130,265,0,0,
goods_items,Bloodthirsty Spear Fragment,0x4000028b,1,0,0,9150,266,0,0,
goods_items,Soul of Corrupted Gundyr,0x400002bc,99,0,0,13020,242,0,0,
goods_items,Soul of the Ancient Wyvern,0x400002bd,99,0,0,13240,246,0,0,
goods_items,Soul of the Lordran Remnants,0x400002be,99,0,0,13160,245,0,0,
goods_items,Soul of Princess Yngvil,0x400002bf,99,0,0,13330,239,0,0,
goods_items,Soul of Champion Gundyr,0x400002c8,99,0,0,13210,89,0,0,
goods_items,Soul of the Dancer,0x400002ca,99,0,0,13190,89,0,0,
goods_items,Soul of a Crystal Sage,0x400002cb,99,0,0,13070,239,0,0,
goods_items,Soul of the Blood of the Wolf,0x400002cd,99,0,0,13110,248,0,0,
goods_items,Soul of Consumed Oceiros,0x400002ce,99,0,0,13200,239,0,0,
goods_items,Soul of Boreal Valley Vordt,0x400002cf,99,0,0,13030,89,0,0,
goods_items,Soul of the Old Demon King,0x400002d0,99,0,0,13130,240,0,0,
goods_items,Soul of Dragonslayer Armour,0x400002d1,99,0,0,13230,89,0,0,
goods_items,Soul of the Nameless King,0x400002d2,99,0,0,13260,245,0,0,
goods_items,Soul of Pontiff Sulyvahn,0x400002d4,99,0,0,13140,89,0,0,
goods_items,Soul of Aldrich,0x400002d5,99,0,0,13150,243,0,0,
goods_items,Soul of High Lord Wolnir,0x400002d6,99,0,0,13120,89,0,0,
goods_items,Soul of the Rotted Greatwood,0x400002d7,99,0,0,13060,244,0,0,
goods_items,Soul of Rosaria,0x400002d8,99,0,0,13010,196,0,0,
goods_items,Soul of the Deacons of the Deep,0x400002d9,99,0,0,13090,242,0,0,
goods_items,Soul of the Twin Princes,0x400002db,99,0,0,13280,246,0,0,
goods_items,Soul of Yhorm the Giant,0x400002dc,99,0,0,13180,248,0,0,
goods_items,Soul of the Lords,0x400002dd,99,0,0,13300,247,0,0,
goods_items,Soul of a Demon,0x400002e3,99,0,0,13050,240,0,0,
goods_items,Soul of a Stray Demon,0x400002e7,99,0,0,13100,241,0,0,
goods_items,Soul of Sister Friede,0x400002e8,99,0,0,13320,254,0,0,
goods_items,Soul of Slave Knight Gael,0x400002e9,99,0,0,13370,257,0,0,
goods_items,Soul of the Demon Prince,0x400002ea,99,0,0,13340,258,0,0,
goods_items,Soul of Darkeater Midir,0x400002eb,99,0,0,13360,264,0,0,
goods_items,Soul of Halflight,0x400002ec,99,0,0,13350,245,0,0,
goods_items,Soul of the Cathedral Guardian,0x400002ed,99,0,0,13080,243,0,0,
goods_items,Soul of the Mirror Knight,0x400002ee,99,0,0,13270,245,0,0,
goods_items,Soul of Aborr,0x400002ef,99,0,0,13040,248,0,0,
goods_items,Soul of Prince Dorthinus,0x400002f0,99,0,0,13310,89,0,0,
goods_items,Soul of the Ancient Soldier,0x400002f1,99,0,0,13250,245,0,0,
goods_items,Twisted Soul,0x400002f2,99,0,0,13220,243,0,0,
goods_items,Soul of the Maiden,0x400002f3,99,0,0,13170,246,0,0,
goods_items,Soul of the Marauder,0x400002f4,99,0,0,13290,246,0,0,
goods_items,Lifegem,0x40000320,20,0,0,6030,4250,0,0,
goods_items,Radiant Lifegem,0x40000321,20,0,0,6031,4251,0,0,
goods_items,Old Radiant Lifegem,0x40000322,10,0,0,6032,4252,0,0,
goods_items,Elizabeth Mushroom,0x40000323,10,0,0,6033,4253,0,0,
goods_items,Dried Root,0x40000324,10,0,0,6034,4254,0,0,
goods_items,Rouge Water,0x40000325,10,0,0,6035,4255,0,0,
goods_items,Crimson Water,0x40000326,5,0,0,6036,4256,0,0,
goods_items,Primordial Fragment,0x40000385,99,0,0,16081,6075,0,0,
goods_items,Titanite Shard,0x400003e8,99,0,0,16010,61,0,0,
goods_items,Large Titanite Shard,0x400003e9,99,0,0,16020,62,0,0,
goods_items,Titanite Chunk,0x400003ea,99,0,0,16030,64,0,0,
goods_items,Titanite Slab,0x400003eb,99,0,0,16060,68,0,0,
goods_items,Dragon Scale,0x400003f2,99,0,0,16055,72,0,0,
goods_items,Titanite Scale,0x400003fc,99,0,0,16050,73,0,0,
goods_items,Twinkling Titanite,0x40000406,99,0,0,16040,74,0,0,
goods_items,Prismatic Slab,0x4000041a,99,0,0,16069,6024,0,0,
goods_items,Fire Seed,0x40000424,99,0,0,16066,6023,0,0,
goods_items,Crystal Fragment,0x4000042e,99,0,0,16065,6020,0,0,
goods_items,Abyssal Fragment,0x40000438,99,0,0,16068,6021,0,0,
goods_items,Holy Fragment,0x40000442,99,0,0,16067,6022,0,0,
goods_items,Primordial Shard,0x4000044c,99,0,0,16070,6073,0,0,
goods_items,Large Primordial Shard,0x40000456,99,0,0,16071,6074,0,0,
goods_items,Primordial Fragment,0x40000460,99,0,0,16072,6075,0,0,
goods_items,Primordial Chunk,0x4000046a,99,0,0,16073,6076,0,0,
goods_items,Primordial Slab,0x40000474,99,0,0,16074,6077,0,0,
goods_items,Frozen Chaos Essence,0x4000047e,99,0,0,16075,140,0,0,
goods_items,Yngvil's Crystal,0x40000488,1,0,0,16076,6020,0,0,
goods_items,Shriving Stone,0x400004e2,99,0,0,17160,197,0,0,
goods_items,Ring of Betrothal,0x400007d0,99,0,0,26000,4090,1,0,
goods_items,Lift Chamber Key,0x400007d1,1,0,0,26020,87,1,0,
goods_items,Lordvessel,0x400007d2,99,0,0,26010,6039,1,0,
goods_items,Soul Vessel,0x400007d3,99,0,0,26011,7125,1,0,
goods_items,Tortured Soul,0x400007d4,99,0,0,26012,7127,1,0,
goods_items,Small Doll,0x400007d5,1,0,0,29020,174,1,0,
goods_items,Smithbox,0x400007d6,99,0,0,26013,7126,1,0,
goods_items,Jailbreaker's Key,0x400007d7,1,0,0,26050,180,1,0,
goods_items,Jailer's Key Ring,0x400007d8,1,0,0,26040,181,1,0,
goods_items,Grave Key,0x400007d9,1,0,0,26030,183,1,0,
goods_items,Cell Key,0x400007da,1,0,0,26015,186,1,0,
goods_items,Dungeon Ground Floor Key,0x400007db,1,0,0,28000,191,1,0,
goods_items,Old Cell Key,0x400007dc,1,0,0,26060,192,1,0,
goods_items,Forgotten Key,0x400007dd,1,0,0,26080,199,1,0,
goods_items,Grand Archives Key,0x400007de,1,0,0,26070,200,1,0,
goods_items,Tower Key,0x400007df,1,0,0,27080,199,1,0,
goods_items,Courtyard Key,0x400007e0,1,0,0,27090,186,1,0,
goods_items,Pilgrim's Soul,0x400007e1,1,0,0,27091,7129,1,0,
goods_items,Catacombs Key,0x400007e2,1,0,0,27092,7134,1,0,
goods_items,Smouldering Key,0x400007e3,1,0,0,27093,7130,1,0,
goods_items,Eye of Londor,0x400007e4,1,0,0,27094,7131,1,0,
goods_items,Frozen Flower,0x400007e5,1,0,0,27095,7132,1,0,
goods_items,Mythical Tablet,0x400007e6,1,0,0,27096,7133,1,0,
goods_items,Giant's Soul,0x400007e7,1,0,0,27097,7135,1,0,
goods_items,Smouldering Rubble,0x400007e8,1,0,0,27098,7136,1,0,
goods_items,Ancestral Note,0x400007e9,1,0,0,27099,4103,1,0,
goods_items,Cultist Note,0x400007ea,1,0,0,27099,4103,1,0,
goods_items,Waterlogged Note,0x400007eb,1,0,0,27099,4103,1,0,
goods_items,Dusty Note,0x400007ec,1,0,0,27099,4103,1,0,
goods_items,Shivering Note,0x400007ed,1,0,0,27099,4103,1,0,
goods_items,Corrupted Note,0x400007ee,1,0,0,27099,4103,1,0,
goods_items,Afflicted Note,0x400007ef,1,0,0,27099,4103,1,0,
goods_items,Princely Note,0x400007f0,1,0,0,27099,4103,1,0,
goods_items,Priestly Note,0x400007f1,1,0,0,27099,4103,1,0,
goods_items,Frozen Note,0x400007f2,1,0,0,27099,4103,1,0,
goods_items,Dreg Note,0x400007f3,1,0,0,27099,4103,1,0,
goods_items,Burning Note,0x400007f4,1,0,0,27099,4103,1,0,
goods_items,Forgotten Key,0x40000802,1,0,0,27110,7134,1,0,
goods_items,Soldier's Key,0x40000803,1,0,0,27111,7134,1,0,
goods_items,Knight's Key,0x40000804,1,0,0,27112,7134,1,0,
goods_items,Buried Key,0x40000805,1,0,0,27113,7134,1,0,
goods_items,Dragon Talon,0x40000806,1,0,0,27114,7128,1,0,
goods_items,Plagued Key,0x40000807,1,0,0,27115,7134,1,0,
goods_items,Scholar's Key,0x40000808,1,0,0,27116,7134,1,0,
goods_items,Afflicted Key,0x40000809,1,0,0,27117,7134,1,0,
goods_items,Smouldering Key,0x4000080a,1,0,0,27118,7130,1,0,
goods_items,Shivering Key,0x4000080b,1,0,0,27119,7134,1,0,
goods_items,Profaned Key,0x4000080c,1,0,0,27120,7134,1,0,
goods_items,Frozen Flower,0x4000080d,1,0,0,27121,7132,1,0,
goods_items,Dreg Key,0x4000080e,1,0,0,27122,7134,1,0,
goods_items,Burning Key,0x4000080f,1,0,0,27123,7134,1,0,
goods_items,Odessa's Letter,0x40000810,1,0,0,27124,4103,1,0,
goods_items,Seal of Judgment,0x40000811,1,0,0,27125,6093,1,0,
goods_items,Master Key,0x40000834,1,0,0,27100,192,1,0,
goods_items,Small Lothric Banner,0x40000836,1,0,0,29010,138,1,0,
goods_items,Farron Coal,0x40000837,1,0,0,30010,139,1,0,
goods_items,Sage's Coal,0x40000838,1,0,0,30020,140,1,0,
goods_items,Giant's Coal,0x40000839,1,0,0,30030,141,1,0,
goods_items,Profaned Coal,0x4000083a,1,0,0,30040,142,1,0,
goods_items,Mortician's Ashes,0x4000083b,1,0,0,34010,143,1,0,
goods_items,Dreamchaser's Ashes,0x4000083c,1,0,0,34030,144,1,0,
goods_items,Paladin's Ashes,0x4000083d,1,0,0,34020,145,1,0,
goods_items,Grave Warden's Ashes,0x4000083e,1,0,0,34040,146,1,0,
goods_items,Greirat's Ashes,0x4000083f,1,0,0,34110,147,1,0,
goods_items,Orbeck's Ashes,0x40000840,1,0,0,34120,148,1,0,
goods_items,Cornyx's Ashes,0x40000841,1,0,0,34130,149,1,0,
goods_items,Karla's Ashes,0x40000842,1,0,0,34150,150,1,0,
goods_items,Irina's Ashes,0x40000843,1,0,0,34140,151,1,0,
goods_items,Yuria's Ashes,0x40000844,1,0,0,34170,152,1,0,
goods_items,Basin of Vows,0x40000845,1,0,0,29030,158,1,0,
goods_items,Loretta's Bone,0x40000846,99,0,0,8010,153,0,0,
goods_items,Braille Divine Tome of Carim,0x40000847,1,0,0,30300,154,1,0,
goods_items,Braille Divine Tome of Lothric,0x40000848,1,0,0,30330,155,1,0,
goods_items,Braille Divine Tome of Sunlight,0x40000849,1,0,0,30320,156,1,0,
goods_items,Cinders of a Lord,0x4000084b,1,0,0,19010,159,1,0,
goods_items,Cinders of a Lord,0x4000084c,1,0,0,21010,160,1,0,
goods_items,Cinders of a Lord,0x4000084d,1,0,0,20010,161,1,0,
goods_items,Cinders of a Lord,0x4000084e,1,0,0,22010,162,1,0,
goods_items,Great Swamp Pyromancy Tome,0x4000084f,1,0,0,30200,164,1,0,
goods_items,Carthus Pyromancy Tome,0x40000850,1,0,0,30210,165,1,0,
goods_items,Izalith Pyromancy Tome,0x40000851,1,0,0,30220,166,1,0,
goods_items,Quelana Pyromancy Tome,0x40000852,1,0,0,30230,167,1,0,
goods_items,Grave Warden Pyromancy Tome,0x40000853,1,0,0,30430,168,1,0,
goods_items,Sage's Scroll,0x40000854,1,0,0,30100,169,1,0,
goods_items,Logan's Scroll,0x40000855,1,0,0,30120,170,1,0,
goods_items,Crystal Scroll,0x40000856,1,0,0,30130,171,1,0,
goods_items,Transposing Kiln,0x40000857,1,0,0,23010,172,1,0,
goods_items,Coiled Sword,0x40000859,1,0,0,29050,177,1,0,
goods_items,Eyes of a Fire Keeper,0x4000085a,1,0,0,24010,184,1,0,
goods_items,Sword of Avowal,0x4000085b,1,0,0,29060,188,1,0,
goods_items,Golden Scroll,0x4000085c,1,0,0,30110,194,1,0,
goods_items,Estus Shard,0x4000085d,99,0,0,4010,195,0,0,
goods_items,Hawkwood's Swordgrass,0x4000085e,1,0,0,29040,201,1,0,
goods_items,Undead Bone Shard,0x4000085f,99,0,0,5010,202,0,0,
goods_items,Deep Braille Divine Tome,0x40000860,1,0,0,30410,203,1,0,
goods_items,Londor Braille Divine Tome,0x40000861,1,0,0,30450,204,1,0,
goods_items,Excrement-covered Ashes,0x40000862,1,0,0,34050,209,1,0,
goods_items,Prisoner Chief's Ashes,0x40000863,1,0,0,34060,210,1,0,
goods_items,Xanthous Ashes,0x40000864,1,0,0,34070,211,1,0,
goods_items,Hollow's Ashes,0x40000865,1,0,0,34100,212,1,0,
goods_items,Patches' Ashes,0x40000866,1,0,0,34160,213,1,0,
goods_items,Dragon Chaser's Ashes,0x40000867,1,0,0,34090,235,1,0,
goods_items,Easterner's Ashes,0x40000868,1,0,0,34080,251,1,0,
goods_items,Champion's Bones,0x40000869,99,0,0,34180,253,1,0,
goods_items,Captain's Ashes,0x4000086a,1,0,0,34105,255,1,0,
goods_items,Contraption Key,0x4000086b,1,0,0,28010,256,1,0,
goods_items,Small Envoy Banner,0x4000086c,1,0,0,29015,259,1,0,
goods_items,Old Woman's Ashes,0x4000086d,1,0,0,34190,261,1,0,
goods_items,Blood of the Dark Soul,0x4000086e,1,0,0,29080,262,1,0,
goods_items,Bloodthirsty Grass Dew,0x4000086f,1,0,0,9170,267,0,0,
goods_items,Brightbug,0x40000870,10,0,0,6450,98,0,0,
goods_items,Lizard Hide,0x40000873,99,0,0,12300,6038,0,0,
goods_items,Torn Excerpt,0x4000087a,99,0,0,30500,4103,1,0,
goods_items,Profaned Pyromancy Tome,0x4000087d,1,0,0,30240,6067,1,0,
goods_items,Accursed Scroll,0x4000087e,1,0,0,30400,6068,1,0,
goods_items,Writhing Tome,0x4000087f,1,0,0,30420,6069,1,0,
goods_items,Abyssal Tome,0x40000880,1,0,0,30440,6070,1,0,
goods_items,Angelic Braille Divine Tome,0x40000881,1,0,0,30340,6072,1,0,
goods_items,Heavenly Braille Divine Tome,0x40000882,1,0,0,30310,6071,1,0,
goods_items,Magical Essence,0x40000898,99,0,0,16998,239,0,0,
goods_items,Degrading Essence,0x40000899,99,0,0,16999,244,0,0,
goods_items,Singing Stone,0x400008fc,99,0,0,29110,2110,0,0,
goods_items,Warbling Stone,0x400008fd,99,0,0,29110,2110,0,0,
goods_items,Chanting Stone,0x400008fe,99,0,0,29110,2110,0,0,
goods_items,Crooning Stone,0x400008ff,99,0,0,29110,2110,0,0,
goods_items,Humming Stone,0x40000900,99,0,0,29110,2110,0,0,
goods_items,Shouting Stone,0x40000901,99,0,0,29110,2110,0,0,
goods_items,Whistling Stone,0x40000902,99,0,0,29110,2110,0,0,
goods_items,Chirping Stone,0x40000903,99,0,0,29110,2110,0,0,
goods_items,Groaning Stone,0x40000904,99,0,0,29110,2110,0,0,
goods_items,Purring Stone,0x40000905,99,0,0,29110,2110,0,0,
goods_items,Throwing Frying Pan,0x40000bbb,99,0,0,6202,1420,0,0,
goods_items,Tarnished Coin,0x40000bbc,10,0,0,6520,1026,0,0,
goods_items,Cursed Tarnished Coin,0x40000bbd,10,0,0,6530,1034,0,0,
goods_items,Hexing Urn,0x40000bca,99,0,0,6255,55,0,0,
goods_items,Holy Water Urn,0x40000bcb,99,0,0,6205,92,0,0,
goods_items,Witching Urn,0x40000bcc,99,0,0,6240,57,0,0,
goods_items,Old Growth Balm,0x40000bcd,10,0,0,6570,50,0,0,
goods_items,Vine Balm,0x40000bce,10,0,0,6580,51,0,0,
goods_items,Blackweed Balm,0x40000bcf,10,0,0,6590,52,0,0,
goods_items,Goldenfruit Balm,0x40000bd0,10,0,0,6600,53,0,0,
goods_items,Lethal Gem,0x40000fa0,99,0,0,17000,120,0,0,
goods_items,Curse Gem,0x40000fa1,99,0,0,17001,132,0,0,
goods_items,Poison Gem,0x40000fa2,99,0,0,17002,128,0,0,
goods_items,Blood Gem,0x40000fa3,99,0,0,17003,129,0,0,
goods_items,Frost Gem,0x40000fa4,99,0,0,17004,6086,0,0,
goods_items,Magic Gem,0x40000fa5,99,0,0,17005,121,0,0,
goods_items,Fire Gem,0x40000fa6,99,0,0,17006,124,0,0,
goods_items,Lightning Gem,0x40000fa7,99,0,0,17007,125,0,0,
goods_items,Dark Gem,0x40000fa8,99,0,0,17008,127,0,0,
goods_items,Lucky Gem,0x40000fa9,99,0,0,17009,130,0,0,
goods_items,Enchanted Gem,0x40000faa,99,0,0,17010,122,0,0,
goods_items,Holy Gem,0x40000fab,99,0,0,17011,131,0,0,
goods_items,Sharp Gem,0x40000fac,99,0,0,17012,119,0,0,
goods_items,Blunt Gem,0x40000fad,99,0,0,17013,118,0,0,
goods_items,Crystal Shard,0x40000fae,99,0,0,14092,4068,0,0,
goods_items,Dragon Eye,0x40000faf,99,0,0,14093,4070,0,0,
goods_items,Human Effigy,0x40000fb0,99,0,0,14094,4073,0,0,
goods_items,Devil's Trumpet,0x40000fb1,3,0,0,6610,4081,0,0,
goods_items,Moonflower,0x40000fb2,3,0,0,6620,4082,0,0,
goods_items,Henbane,0x40000fb3,10,0,0,6630,4083,0,0,
goods_items,Smouldering Stone,0x40000fb4,99,0,0,17014,2111,0,0,
goods_items,Bloodthirsty Draconic Fire,0x40001004,1,0,0,6270,93,0,0,
goods_items,Bloodthirsty Draconic Might,0x40001005,1,0,0,6271,94,0,0,
goods_items,Bloodthirsty Draconic Fire Orbs,0x4000100e,1,0,0,6272,178,0,0,
goods_items,Bloodthirsty Draconic Fury,0x4000100f,1,0,0,6273,179,0,0,
goods_items,Soul of a Fallen Paladin,0x40001068,5,0,0,13800,231,0,0,
goods_items,Soul of a Fallen Sentinel,0x40001069,5,0,0,13810,231,0,0,
goods_items,Soul of a Fallen Sage,0x4000106a,5,0,0,13820,231,0,0,
goods_items,Soul of a Fallen Warrior,0x4000106b,5,0,0,13830,231,0,0,
goods_items,Soul of a Fallen Astrologer,0x4000106c,5,0,0,13840,231,0,0,
goods_items,Soul of a Fallen Berserker,0x4000106d,5,0,0,13850,231,0,0,
goods_items,Soul of a Fallen Champion,0x4000106e,5,0,0,13860,233,0,0,
goods_items,Tome: Corrupted Gundyr,0x40001388,99,0,0,60000,7120,0,0,
goods_items,Tome: Vordt,0x40001389,99,0,0,60010,7120,0,0,
goods_items,Tome: Curse-rotted Greatwood,0x4000138a,99,0,0,60030,7120,0,0,
goods_items,Tome: Crystal Sage,0x4000138b,99,0,0,60040,7120,0,0,
goods_items,Tome: Deacons of the Deep,0x4000138c,99,0,0,60060,7120,0,0,
goods_items,Tome: Abyss Watchers,0x4000138d,99,0,0,60070,7120,0,0,
goods_items,Tome: High Lord Wolnir,0x4000138e,99,0,0,60080,7120,0,0,
goods_items,Tome: Old Demon King,0x4000138f,99,0,0,60090,7120,0,0,
goods_items,Tome: Pontiff Sulyvahn,0x40001390,99,0,0,60100,7120,0,0,
goods_items,Tome: Aldrich,0x40001391,99,0,0,60110,7120,0,0,
goods_items,Tome: Yhorm the Giant,0x40001392,99,0,0,60140,7120,0,0,
goods_items,Tome: Dancer,0x40001393,99,0,0,60150,7120,0,0,
goods_items,Tome: Oceiros,0x40001394,99,0,0,60160,7120,0,0,
goods_items,Tome: Dragonslayer Armour,0x40001395,99,0,0,60190,7120,0,0,
goods_items,Tome: Ancient Wyvern,0x40001396,99,0,0,60200,7120,0,0,
goods_items,Tome: Nameless King,0x40001397,99,0,0,60230,7120,0,0,
goods_items,Tome: Champion Gundyr,0x40001398,99,0,0,60170,7120,0,0,
goods_items,Tome: Twin Princes,0x40001399,99,0,0,60250,7120,0,0,
goods_items,Tome: Soul of Cinder,0x4000139a,99,0,0,60270,7120,0,0,
goods_items,Tome: Sister Friede,0x4000139b,99,0,0,60290,7120,0,0,
goods_items,Tome: Lordran Remnants,0x4000139c,99,0,0,60120,7120,0,0,
goods_items,Tome: Demon Prince,0x4000139d,99,0,0,60310,7120,0,0,
goods_items,Tome: Darkeater Midir,0x4000139e,99,0,0,60330,7120,0,0,
goods_items,Tome: Slave Knight Gael,0x4000139f,99,0,0,60340,7120,0,0,
goods_items,Tome: Halflight,0x400013a0,99,0,0,60320,7120,0,0,
goods_items,Tome: Champions of Yore,0x400013a1,99,0,0,60500,7120,0,0,
goods_items,Tome: Princess Yngvil,0x400013a2,99,0,0,60300,7120,0,0,
goods_items,Tome: Cathedral Guardian,0x400013a3,99,0,0,60050,7120,0,0,
goods_items,Tome: Mirror Knight,0x400013a4,99,0,0,60240,7120,0,0,
goods_items,Tome: Aborr,0x400013a5,99,0,0,60020,7120,0,0,
goods_items,Tome: Prince Dorthinus,0x400013a6,99,0,0,60280,7120,0,0,
goods_items,Tome: Trio of Explorers,0x400013a7,99,0,0,60220,7120,0,0,
goods_items,Tome: Twisted Knight,0x400013a8,99,0,0,60180,7120,0,0,
goods_items,Tome: Fallen Protector,0x400013a9,99,0,0,60130,7120,0,0,
goods_items,Tome: The Marauder,0x400013ab,99,0,0,60260,7120,0,0,
goods_items,Bloodthirsty Firebomb,0x40001518,1,0,0,6211,28,0,0,
goods_items,Bloodthirsty Black Firebomb,0x40001519,1,0,0,6221,30,0,0,
goods_items,Bloodthirsty Holy Water Urn,0x4000151a,1,0,0,6206,92,0,0,
goods_items,Bloodthirsty Witching Urn,0x4000151b,1,0,0,6241,57,0,0,
goods_items,Bloodthirsty Hexing Urn,0x4000151c,1,0,0,6256,55,0,0,
goods_items,Bloodthirsty Set-up Firebomb,0x4000151d,1,0,0,6213,85,0,0,
goods_items,Bloodthirsty Lightning Urn,0x40001522,1,0,0,6251,91,0,0,
goods_items,Bloodthirsty Throwing Knife,0x4000152c,1,0,0,6183,25,0,0,
goods_items,Bloodthirsty Sorcerous Knife,0x4000152d,1,0,0,6185,1077,0,0,
goods_items,Bloodthirsty Flaming Knife,0x4000152e,1,0,0,6187,1088,0,0,
goods_items,Bloodthirsty Sparking Knife,0x4000152f,1,0,0,6189,1089,0,0,
goods_items,Bloodthirsty Abyssal Knife,0x40001530,1,0,0,6191,1092,0,0,
goods_items,Bloodthirsty Poisonous Knife,0x40001531,1,0,0,6193,26,0,0,
goods_items,Bloodthirsty Lacerating Knife,0x40001532,1,0,0,6197,1066,0,0,
goods_items,Bloodthirsty Cursed Knife,0x40001533,1,0,0,6195,1067,0,0,
goods_items,Bloodthirsty Frigid Knife,0x40001534,1,0,0,6199,1074,0,0,
goods_items,Bloodthirsty Frying Pan,0x40001535,1,0,0,6203,1420,0,0,
goods_items,Bloodthirsty Kukri,0x40001536,1,0,0,6201,22,0,0,
goods_items,Bloodthirsty Dung,0x40001540,1,0,0,6258,32,0,0,
goods_items,Bloodthirsty Skull,0x4000154a,1,0,0,6470,33,0,0,
goods_items,Bloodthirsty Blossom,0x40001554,1,0,0,6041,15,0,0,
goods_items,Bloodthirsty Powder,0x4000155e,1,0,0,6071,103,0,0,
goods_items,Bloodthirsty Charcoal Resin,0x40001568,1,0,0,6281,35,0,0,
goods_items,Bloodthirsty Pale Resin,0x40001569,1,0,0,6321,95,0,0,
goods_items,Bloodthirsty Gold Resin,0x4000156a,1,0,0,6301,36,0,0,
goods_items,Bloodthirsty Human Resin,0x4000156b,1,0,0,6331,96,0,0,
goods_items,Bloodthirsty Rotten Resin,0x4000156c,1,0,0,6341,37,0,0,
goods_items,Bloodthirsty Carthus Rouge,0x4000156d,1,0,0,6351,97,0,0,
goods_items,Bloodthirsty Frozen Resin,0x4000156e,1,0,0,6361,4086,0,0,
goods_items,Bloodthirsty Cursed Resin,0x4000156f,1,0,0,6371,1093,0,0,
goods_items,Bloodthirsty Blessed Resin,0x40001570,1,0,0,6276,1057,0,0,
goods_items,Bloodthirsty Pellet,0x40001572,1,0,0,6435,4260,0,0,
goods_items,Bloodthirsty Mossfruit,0x40001573,1,0,0,6441,115,0,0,
goods_items,Titanite Fragment,0x4000157c,10,0,0,6172,73,0,0,
goods_items,Inferi Petal,0x4000157d,5,0,0,6173,4124,0,0,
goods_items,Combustum Petal,0x4000157e,5,0,0,6174,4133,0,0,
goods_items,Vindicti Petal,0x4000157f,5,0,0,6175,4134,0,0,
goods_items,Barathrum Petal,0x40001580,5,0,0,6176,4139,0,0,
goods_items,Celeritas Stem,0x40001581,5,0,0,6177,4140,0,0,
goods_items,Veloxi Moss,0x40001582,5,0,0,6178,4142,0,0,
goods_items,Script Tool,0x40001f40,99,0,0,29320,154,0,0,
goods_items,God Tool,0x40001f41,99,0,0,29321,154,0,0,
goods_items,Kill Tool,0x40001f42,99,0,0,29322,154,0,0,
goods_items,Stamina Tool,0x40001f43,99,0,0,29323,154,0,0,
goods_items,FP Tool,0x40001f44,99,0,0,29324,154,0,0,
goods_items,HP Tool,0x40001f45,99,0,0,29325,154,0,0,
goods_items,Souls Tool,0x40001f46,99,0,0,29326,154,0,0,
goods_items,Screenshot Tool,0x40001f47,99,0,0,29326,154,0,0,
goods_items,Treasure Tool,0x40001f48,99,0,0,29326,154,0,0,
goods_items,NG+ Tool,0x40001f49,99,0,0,29326,154,0,0,
goods_items,Weapon Token,0x40009c40,99,0,0,40000,7133,0,0,
goods_items,Armor Token,0x40009c41,99,0,0,40001,7133,0,0,
goods_items,Accessory Token,0x40009c42,99,0,0,40002,7133,0,0,
goods_items,Boon of the Fallen,0x4000a028,99,0,0,41000,7133,1,0,
goods_items,Boon of the Frigid Knight,0x4000a029,99,0,0,41000,7133,1,0,
goods_items,Boon of the Rotted Greatwood,0x4000a02a,99,0,0,41000,7133,1,0,
goods_items,Boon of the Sage,0x4000a02b,99,0,0,41000,7133,1,0,
goods_items,Boon of the Deep,0x4000a02c,99,0,0,41000,7133,1,0,
goods_items,Boon of the Legion,0x4000a02d,99,0,0,41000,7133,1,0,
goods_items,Boon of the High Lord,0x4000a02e,99,0,0,41000,7133,1,0,
goods_items,Boon of the Demon King,0x4000a02f,99,0,0,41000,7133,1,0,
goods_items,Boon of the Pontiff,0x4000a030,99,0,0,41000,7133,1,0,
goods_items,Boon of the Beast,0x4000a031,99,0,0,41000,7133,1,0,
goods_items,Boon of the Giant,0x4000a032,99,0,0,41000,7133,1,0,
goods_items,Boon of the Dancer,0x4000a033,99,0,0,41000,7133,1,0,
goods_items,Boon of the Consumed,0x4000a034,99,0,0,41000,7133,1,0,
goods_items,Boon of the Dragonslayer,0x4000a035,99,0,0,41000,7133,1,0,
goods_items,Boon of the Wyvern,0x4000a036,99,0,0,41000,7133,1,0,
goods_items,Boon of the Lost Son,0x4000a037,99,0,0,41000,7133,1,0,
goods_items,Boon of the Champion,0x4000a038,99,0,0,41000,7133,1,0,
goods_items,Boon of the Twins,0x4000a039,99,0,0,41000,7133,1,0,
goods_items,Boon of Cinders,0x4000a03a,99,0,0,41000,7133,1,0,
goods_items,Boon of the Ordained,0x4000a03b,99,0,0,41000,7133,1,0,
goods_items,Boon of the Demon Prince,0x4000a03c,99,0,0,41000,7133,1,0,
goods_items,Boon of the Darkeater,0x4000a03d,99,0,0,41000,7133,1,0,
goods_items,Boon of the Slave Knight,0x4000a03e,99,0,0,41000,7133,1,0,
goods_items,Boon of Judication,0x4000a03f,99,0,0,41000,7133,1,0,
goods_items,Boon of the Fallen Prince,0x4000a040,99,0,0,41000,7133,1,0,
goods_items,Boon of the Guardian,0x4000a041,99,0,0,41000,7133,1,0,
goods_items,Boon of the Mirror Knight,0x4000a042,99,0,0,41000,7133,1,0,
goods_items,Boon of Aborr,0x4000a043,99,0,0,41000,7133,1,0,
goods_items,Boon of the Princess,0x4000a044,99,0,0,41000,7133,1,0,
goods_items,Boon of the Explorers,0x4000a045,99,0,0,41000,7133,1,0,
goods_items,Boon of the Twisted Knight,0x4000a046,99,0,0,41000,7133,1,0,
goods_items,Boon of the Fallen Protector,0x4000a047,99,0,0,41000,7133,1,0,
goods_items,Boon of the Marauder,0x4000a048,99,0,0,41000,7133,1,0,
goods_items,Boon of the Remnants,0x4000a049,99,0,0,41000,7133,1,0,
goods_items,Malus of the Fallen,0x4000a410,99,0,0,41000,243,1,0,
goods_items,Malus of the Frigid Knight,0x4000a411,99,0,0,41000,243,1,0,
goods_items,Malus of the Rotted Greatwood,0x4000a412,99,0,0,41000,243,1,0,
goods_items,Malus of the Sage,0x4000a413,99,0,0,41000,243,1,0,
goods_items,Malus of the Deep,0x4000a414,99,0,0,41000,243,1,0,
goods_items,Malus of the Legion,0x4000a415,99,0,0,41000,243,1,0,
goods_items,Malus of the High Lord,0x4000a416,99,0,0,41000,243,1,0,
goods_items,Malus of the Demon King,0x4000a417,99,0,0,41000,243,1,0,
goods_items,Malus of the Pontiff,0x4000a418,99,0,0,41000,243,1,0,
goods_items,Malus of the Beast,0x4000a419,99,0,0,41000,243,1,0,
goods_items,Malus of the Giant,0x4000a41a,99,0,0,41000,243,1,0,
goods_items,Malus of the Dancer,0x4000a41b,99,0,0,41000,243,1,0,
goods_items,Malus of the Consumed,0x4000a41c,99,0,0,41000,243,1,0,
goods_items,Malus of the Dragonslayer,0x4000a41d,99,0,0,41000,243,1,0,
goods_items,Malus of the Wyvern,0x4000a41e,99,0,0,41000,243,1,0,
goods_items,Malus of the Lost Son,0x4000a41f,99,0,0,41000,243,1,0,
goods_items,Malus of the Champion,0x4000a420,99,0,0,41000,243,1,0,
goods_items,Malus of the Twins,0x4000a421,99,0,0,41000,243,1,0,
goods_items,Malus of Cinders,0x4000a422,99,0,0,41000,243,1,0,
goods_items,Malus of the Ordained,0x4000a423,99,0,0,41000,243,1,0,
goods_items,Malus of the Demon Prince,0x4000a424,99,0,0,41000,243,1,0,
goods_items,Malus of the Darkeater,0x4000a425,99,0,0,41000,243,1,0,
goods_items,Malus of the Slave Knight,0x4000a426,99,0,0,41000,243,1,0,
goods_items,Malus of Judication,0x4000a427,99,0,0,41000,243,1,0,
goods_items,Malus of the Fallen Prince,0x4000a428,99,0,0,41000,243,1,0,
goods_items,Malus of the Guardian,0x4000a429,99,0,0,41000,243,1,0,
goods_items,Malus of the Mirror Knight,0x4000a42a,99,0,0,41000,243,1,0,
goods_items,Malus of Aborr,0x4000a42b,99,0,0,41000,243,1,0,
goods_items,Malus of the Princess,0x4000a42c,99,0,0,41000,243,1,0,
goods_items,Malus of the Explorers,0x4000a42d,99,0,0,41000,243,1,0,
goods_items,Malus of the Twisted Knight,0x4000a42e,99,0,0,41000,243,1,0,
goods_items,Malus of the Fallen Protector,0x4000a42f,99,0,0,41000,243,1,0,
goods_items,Malus of the Marauder,0x4000a430,99,0,0,41000,243,1,0,
goods_items,Malus of the Remnants,0x4000a431,99,0,0,41000,243,1,0,
goods_items,Farron Dart,0x40124f80,99,0,0,110500,4130,0,1,
goods_items,Bloodthirsty Farron Dart,0x40124f8a,99,0,0,110501,4130,0,1,
goods_items,Scattering Soul Orb,0x40127690,99,0,0,111600,4105,0,1,
goods_items,Repeating Soul Orb,0x4012769a,99,0,0,111601,4105,0,1,
goods_items,Soul Arrow,0x4013d620,99,0,0,110700,4000,0,1,
goods_items,Explosive Soul Arrow,0x4013d62a,99,0,0,110701,4000,0,1,
goods_items,Scattering Crystal Orb,0x4013da08,99,0,0,111700,4107,0,1,
goods_items,Repeating Crystal Orb,0x4013da12,99,0,0,111701,4107,0,1,
goods_items,Shockwave,0x4013ddf0,99,0,0,112700,4150,0,1,
goods_items,Refined Shockwave,0x4013ddfa,99,0,0,112701,4150,0,1,
goods_items,Soul Geyser,0x4013e1d8,99,0,0,112120,4155,0,1,
goods_items,Crystal Soul Geyser,0x4013e1e2,99,0,0,112121,4155,0,1,
goods_items,Homing Soulmass,0x4013e5c0,99,0,0,111400,4004,0,1,
goods_items,Surging Soulmass,0x4013e5ca,99,0,0,111401,4004,0,1,
goods_items,Homing Crystal Soulmass,0x4013e9a8,99,0,0,111500,4005,0,1,
goods_items,Weakening Crystal Soulmass,0x4013e9b2,99,0,0,111501,4005,0,1,
goods_items,Soul Spear,0x4013ed90,99,0,0,110800,4006,0,1,
goods_items,Swift Soul Spear,0x4013ed9a,99,0,0,110801,4006,0,1,
goods_items,Crystal Soul Spear,0x4013f178,99,0,0,110900,4007,0,1,
goods_items,Homing Crystal Soul Spear,0x4013f182,99,0,0,110901,4007,0,1,
goods_items,Magic Weapon,0x4013fd30,99,0,0,113200,4008,0,1,
goods_items,Great Magic Weapon,0x40140118,99,0,0,113300,4009,0,1,
goods_items,Crystal Magic Weapon,0x40140500,99,0,0,113400,4010,0,1,
goods_items,Moonlight Weapon,0x4014050a,99,0,0,113401,4010,0,1,
goods_items,Frozen Weapon,0x401408e8,99,0,0,113500,4135,0,1,
goods_items,Supreme Frozen Weapon,0x401408f2,99,0,0,113501,4135,0,1,
goods_items,Magic Shield,0x40144b50,99,0,0,113700,4011,0,1,
goods_items,Great Magic Shield,0x40144f38,99,0,0,113800,4012,0,1,
goods_items,Supreme Magic Shield,0x40144f42,99,0,0,113801,4012,0,1,
goods_items,Hidden Weapon,0x40147260,99,0,0,113600,4013,0,1,
goods_items,Refined Hidden Weapon,0x4014726a,99,0,0,113601,4013,0,1,
goods_items,Hidden Body,0x40147648,99,0,0,114100,4014,0,1,
goods_items,Mass Hidden Body,0x40147652,99,0,0,114101,4014,0,1,
goods_items,Cast Light,0x40149970,99,0,0,114300,4015,0,1,
goods_items,Refined Cast Light,0x4014997a,99,0,0,114301,4015,0,1,
goods_items,Repair,0x4014a528,99,0,0,113100,4017,0,1,
goods_items,Skilled Repair,0x4014a532,99,0,0,113101,4017,0,1,
goods_items,Spook,0x4014a910,99,0,0,114000,4018,0,1,
goods_items,Mass Spook,0x4014a91a,99,0,0,114001,4018,0,1,
goods_items,Chameleon,0x4014acf8,99,0,0,114200,4019,0,1,
goods_items,Refined Chameleon,0x4014ad02,99,0,0,114201,4019,0,1,
goods_items,Aural Decoy,0x4014b0e0,99,0,0,113000,4065,0,1,
goods_items,Refined Aural Decoy,0x4014b0ea,99,0,0,113001,4065,0,1,
goods_items,White Dragon Breath,0x4014e790,99,0,0,111000,4057,0,1,
goods_items,Extended White Dragon Breath,0x4014e79a,99,0,0,111001,4057,0,1,
goods_items,Farron Hail,0x4014ef60,99,0,0,111800,4059,0,1,
goods_items,Farron Swarm,0x4014ef6a,99,0,0,111801,4059,0,1,
goods_items,Crystal Hail,0x4014f348,99,0,0,111900,4060,0,1,
goods_items,Focused Crystal Hail,0x4014f352,99,0,0,111901,4060,0,1,
goods_items,Soul Greatsword,0x4014f730,99,0,0,111200,4061,0,1,
goods_items,Heavy Soul Greatsword,0x4014f73a,99,0,0,111201,4061,0,1,
goods_items,Farron Flashsword,0x4014fb18,99,0,0,111100,4102,0,1,
goods_items,Bloodthirsty Flashsword,0x4014fb22,99,0,0,111101,4102,0,1,
goods_items,Old Moonlight,0x4014ff00,99,0,0,111300,4144,0,1,
goods_items,Heavy Old Moonlight,0x4014ff0a,99,0,0,111301,4144,0,1,
goods_items,Soul Stream,0x4018b820,99,0,0,112110,4104,0,1,
goods_items,Quickened Soul Stream,0x4018b82a,99,0,0,112111,4104,0,1,
goods_items,Twisted Wall of Light,0x40193138,99,0,0,112900,4115,0,1,
goods_items,Impenetrable Wall of Light,0x40193142,99,0,0,112901,4115,0,1,
goods_items,Pestilent Mist,0x401a8ce0,99,0,0,112650,4125,0,1,
goods_items,Lingering Pestilent Mist,0x401a8cea,99,0,0,112651,4125,0,1,
goods_items,Snap Freeze,0x401a90c8,99,0,0,112600,4136,0,1,
goods_items,Lingering Snap Freeze,0x401a90d2,99,0,0,112601,4136,0,1,
goods_items,Crystal Storm,0x401b7740,99,0,0,112100,4057,0,1,
goods_items,Repeating Crystal Storm,0x401b774a,99,0,0,112101,4057,0,1,
goods_items,Unleash Magic,0x401b7b28,99,0,0,113900,4157,0,1,
goods_items,Lingering Unleash Magic,0x401b7b32,99,0,0,113901,4157,0,1,
goods_items,Soul Wave,0x401b7f10,99,0,0,110600,6105,0,1,
goods_items,Swift Soul Wave,0x401b7f1a,99,0,0,110601,6105,0,1,
goods_items,Blizzard,0x401b82f8,99,0,0,112238,4120,0,1,
goods_items,Repeating Blizzard,0x401b8302,99,0,0,112239,4120,0,1,
goods_items,Orbs of Judgment,0x401b8ac8,99,0,0,112000,4109,0,1,
goods_items,Swift Orbs of Judgment,0x401b8ad2,99,0,0,112001,4109,0,1,
goods_items,Blinding Light,0x401b9298,99,0,0,112800,4115,0,1,
goods_items,Refined Blinding Light,0x401b92a2,99,0,0,112801,4115,0,1,
goods_items,Frigid Tumult,0x401b9680,99,0,0,112210,7054,0,1,
goods_items,Frigid Roar,0x401b968a,99,0,0,112211,7054,0,1,
goods_items,Hail of Blades,0x401b96e4,99,0,0,112220,7055,0,1,
goods_items,Lingering Hail of Blades,0x401b96ee,99,0,0,112221,7055,0,1,
goods_items,Piercing Ice,0x401b9748,99,0,0,112230,7056,0,1,
goods_items,Explosive Ice,0x401b9752,99,0,0,112231,7056,0,1,
goods_items,Rime,0x401b97ac,99,0,0,112240,7057,0,1,
goods_items,Chilling Rime,0x401b97b6,99,0,0,112241,7057,0,1,
goods_items,Path of Frost,0x401b9810,99,0,0,112250,7058,0,1,
goods_items,Bloodthirsty Path of Frost,0x401b981a,99,0,0,112251,7058,0,1,
goods_items,Discs of Dorthinus,0x401b9874,99,0,0,112260,7059,0,1,
goods_items,Quickened Discs of Dorthinus,0x401b987e,99,0,0,112261,7059,0,1,
goods_items,Teleport,0x401b9a68,99,0,0,113910,149,0,1,
goods_items,Refined Teleport,0x401b9a72,99,0,0,113911,149,0,1,
goods_items,Soul Eruption,0x401b9e50,99,0,0,111750,150,0,1,
goods_items,Soul Explosion,0x401b9e5a,99,0,0,111751,150,0,1,
goods_items,Crystal Orb,0x401ba238,99,0,0,110950,212,0,1,
goods_items,Explosive Crystal Orb,0x401ba242,99,0,0,110951,212,0,1,
goods_items,Soul Instability,0x401ba620,99,0,0,112050,4001,0,1,
goods_items,Lingering Soul Instability,0x401ba62a,99,0,0,112051,4001,0,1,
goods_items,Ice Burn,0x401baa08,99,0,0,112232,4068,0,1,
goods_items,Bloodthirsty Ice Burn,0x401baa12,99,0,0,112233,4068,0,1,
goods_items,Frigid Orbs,0x401badf0,99,0,0,112270,4257,0,1,
goods_items,Lingering Frigid Orbs,0x401badfa,99,0,0,112271,4257,0,1,
goods_items,Frozen Chaos,0x401bb1d8,99,0,0,112234,6036,0,1,
goods_items,Quickened Frozen Chaos,0x401bb1e2,99,0,0,112234,6036,0,1,
goods_items,Rupturing Frostfire,0x401bb5c0,99,0,0,112236,6065,0,1,
goods_items,Great Rupturing Frostfire,0x401bb5ca,99,0,0,112237,6065,0,1,
goods_items,Frostfire Volley,0x401bb9a8,99,0,0,112280,6104,0,1,
goods_items,Great Frostfire Volley,0x401bb9b2,99,0,0,112281,6104,0,1,
goods_items,Fireball,0x40249f00,99,0,0,120100,4021,0,1,
goods_items,Brume Fireball,0x40249f0a,99,0,0,120101,4021,0,1,
goods_items,Fire Orb,0x4024a6d0,99,0,0,120200,4023,0,1,
goods_items,Weakening Fire Orb,0x4024a6da,99,0,0,120201,4023,0,1,
goods_items,Firestorm,0x4024aab8,99,0,0,121300,4024,0,1,
goods_items,Outcry,0x4024aac2,99,0,0,121301,4024,0,1,
goods_items,Fire Surge,0x4024b288,99,0,0,121000,4088,0,1,
goods_items,Bloodthirsty Fire Surge,0x4024b292,99,0,0,121001,4088,0,1,
goods_items,Great Combustion,0x4024c9f8,99,0,0,120900,4028,0,1,
goods_items,Brume Combustion,0x4024ca02,99,0,0,120901,4028,0,1,
goods_items,Poison Mist,0x4024ed20,99,0,0,122400,4029,0,1,
goods_items,Lingering Poison Mist,0x4024ed2a,99,0,0,122401,4029,0,1,
goods_items,Toxic Mist,0x4024f108,99,0,0,122500,4030,0,1,
goods_items,Lingering Toxic Mist,0x4024f112,99,0,0,122501,4030,0,1,
goods_items,Acid Surge,0x4024f4f0,99,0,0,122300,4094,0,1,
goods_items,Lingering Acid Surge,0x4024f4fa,99,0,0,122301,4094,0,1,
goods_items,Iron Flesh,0x40251430,99,0,0,123400,4031,0,1,
goods_items,Lingering Iron Flesh,0x4025143a,99,0,0,123401,4031,0,1,
goods_items,Flash Sweat,0x40251818,99,0,0,123200,4032,0,1,
goods_items,Great Flash Sweat,0x40251822,99,0,0,123201,4032,0,1,
goods_items,Carthus Flame Arc,0x402527b8,99,0,0,122900,4033,0,1,
goods_items,Chaos Flame Arc,0x402527c2,99,0,0,122901,4033,0,1,
goods_items,Rapport,0x40252ba0,99,0,0,122700,4096,0,1,
goods_items,Fortified Rapport,0x40252baa,99,0,0,122701,4096,0,1,
goods_items,Power Within,0x40253b40,99,0,0,123100,4095,0,1,
goods_items,Lingering Power Within,0x40253b4a,99,0,0,123101,4095,0,1,
goods_items,Great Chaos Fire Orb,0x40256250,99,0,0,120300,4054,0,1,
goods_items,Homing Chaos Fire Orb,0x4025625a,99,0,0,120301,4054,0,1,
goods_items,Chaos Storm,0x40256638,99,0,0,121350,4087,0,1,
goods_items,Repeating Chaos Storm,0x40256642,99,0,0,121351,4087,0,1,
goods_items,Fire Whip,0x40256a20,99,0,0,121100,4089,0,1,
goods_items,Chaos Fire Whip,0x40256a2a,99,0,0,121101,4089,0,1,
goods_items,Profaned Flame,0x402575d8,99,0,0,120500,4091,0,1,
goods_items,Distant Profaned Flame,0x402575e2,99,0,0,120501,4091,0,1,
goods_items,Chaos Bed Vestiges,0x402579c0,99,0,0,120600,4092,0,1,
goods_items,Chaos Vortex,0x402579ca,99,0,0,120601,4092,0,1,
goods_items,Floating Chaos,0x40257da8,99,0,0,121500,4137,0,1,
goods_items,Lingering Floating Chaos,0x40257db2,99,0,0,121501,4137,0,1,
goods_items,Flame Fan,0x40258190,99,0,0,120800,4146,0,1,
goods_items,Bloodthirsty Flame Fan,0x4025819a,99,0,0,120801,4146,0,1,
goods_items,Warmth,0x4025b070,99,0,0,122800,4098,0,1,
goods_items,Fond Warmth,0x4025b07a,99,0,0,122801,4098,0,1,
goods_items,Profuse Sweat,0x402717d0,99,0,0,123300,4084,0,1,
goods_items,Refined Profuse Sweat,0x402717da,99,0,0,123301,4084,0,1,
goods_items,Bursting Fireball,0x4027fa60,99,0,0,120400,4110,0,1,
goods_items,Brume Bursting Fireball,0x4027fa6a,99,0,0,120401,4110,0,1,
goods_items,Boulder Heave,0x40282170,99,0,0,121800,4113,0,1,
goods_items,Swift Boulder Heave,0x4028217a,99,0,0,121801,4113,0,1,
goods_items,Sacred Flame,0x40284880,99,0,0,121200,4114,0,1,
goods_items,Bloodthirsty Sacred Flame,0x4028488a,99,0,0,121201,4114,0,1,
goods_items,Carthus Beacon,0x40286f90,99,0,0,123000,4116,0,1,
goods_items,Lingering Carthus Beacon,0x40286f9a,99,0,0,123001,4116,0,1,
goods_items,Seething Chaos,0x402896a0,99,0,0,120700,4147,0,1,
goods_items,Great Seething Chaos,0x402896aa,99,0,0,120701,4147,0,1,
goods_items,Lingering Chaos,0x402936c8,99,0,0,121400,4161,0,1,
goods_items,Bloodthirsty Lingering Chaos,0x402936d2,99,0,0,121401,4161,0,1,
goods_items,Cataclysm,0x40293ab0,99,0,0,121700,6119,0,1,
goods_items,Great Cataclysm,0x40293aba,99,0,0,121701,6119,0,1,
goods_items,Earthfall,0x402959f0,99,0,0,122200,4171,0,1,
goods_items,Summon Earthfall,0x402959fa,99,0,0,122201,4171,0,1,
goods_items,Heave Earth,0x40295dd8,99,0,0,122000,4173,0,1,
goods_items,Homing Heave Earth,0x40295de2,99,0,0,122001,4173,0,1,
goods_items,Earthquake,0x402961c0,99,0,0,122100,4170,0,1,
goods_items,Quickened Earthquake,0x402961ca,99,0,0,122101,4170,0,1,
goods_items,Rockflesh,0x402965a8,99,0,0,123500,4172,0,1,
goods_items,Lingering Rockflesh,0x402965b2,99,0,0,123501,4172,0,1,
goods_items,Immolation,0x40296990,99,0,0,122600,4160,0,1,
goods_items,Lingering Immolation,0x4029699a,99,0,0,122601,4160,0,1,
goods_items,Fecal Expulsion,0x40298100,99,0,0,121900,4188,0,1,
goods_items,Great Fecal Expulsion,0x4029810a,99,0,0,121901,4188,0,1,
goods_items,Chaos Beam,0x402984e8,99,0,0,121600,7143,0,1,
goods_items,Incinerating Chaos Beam,0x402984f2,99,0,0,121601,7143,0,1,
goods_items,Throw Dust,0x402988d0,99,0,0,121750,210,0,1,
goods_items,Bloodthirsty Dust,0x402988da,99,0,0,121751,210,0,1,
goods_items,Magnetism,0x40298cb8,99,0,0,123600,211,0,1,
goods_items,Refined Magnetism,0x40298cc2,99,0,0,123601,211,0,1,
goods_items,Bubble Wall,0x402990a0,99,0,0,123650,56,0,1,
goods_items,Bubble Prison,0x402990aa,99,0,0,123650,56,0,1,
goods_items,Geyser,0x40299488,99,0,0,121950,251,0,1,
goods_items,Great Geyser,0x40299492,99,0,0,121951,251,0,1,
goods_items,Drizzle,0x40299870,99,0,0,123700,253,0,1,
goods_items,Lingering Drizzle,0x4029987a,99,0,0,123701,253,0,1,
goods_items,Pulsating Mud,0x40299c58,99,0,0,121775,255,0,1,
goods_items,Bloodthirsty Pulsating Mud,0x40299c62,99,0,0,121776,255,0,1,
goods_items,Maelstrom,0x4029a040,99,0,0,122050,4131,0,1,
goods_items,Lingering Maelstrom,0x4029a04a,99,0,0,122051,4131,0,1,
goods_items,Dance of Fire,0x4029a428,99,0,0,121150,4158,0,1,
goods_items,Distant Dance of Fire,0x4029a432,99,0,0,121151,4158,0,1,
goods_items,Conjure Skeleton,0x4029a810,99,0,0,125001,10,0,1,
goods_items,Conjure Hollow,0x4029abf8,99,0,0,125002,11,0,1,
goods_items,Conjure Hound,0x4029afe0,99,0,0,125003,12,0,1,
goods_items,Conjure Warrior,0x4029b3c8,99,0,0,125004,13,0,1,
goods_items,Conjure Sentinel,0x4029b7b0,99,0,0,125005,29,0,1,
goods_items,Conjure Lycanthrope,0x4029bb98,99,0,0,125006,31,0,1,
goods_items,Conjure Knight,0x4029bf80,99,0,0,125007,66,0,1,
goods_items,Conjure Watcher,0x4029c368,99,0,0,125008,143,0,1,
goods_items,Conjure Gargoyle,0x4029c750,99,0,0,125009,144,0,1,
goods_items,Ferverous Ritual,0x4029fa18,99,0,0,125050,145,0,1,
goods_items,Major Restoration Ritual,0x4029fe00,99,0,0,125041,146,0,1,
goods_items,Minor Restoration Ritual,0x402a01e8,99,0,0,125040,147,0,1,
goods_items,Sacrificial Ritual,0x402a05d0,99,0,0,125050,148,0,1,
goods_items,Mark of Attraction,0x402a09b8,99,0,0,125060,261,0,1,
goods_items,Banishing Ritual,0x402a0da0,99,0,0,125070,268,0,1,
goods_items,Heal Aid,0x403540d0,99,0,0,132300,4132,0,1,
goods_items,Extended Heal Aid,0x403540da,99,0,0,132301,4132,0,1,
goods_items,Heal,0x403567e0,99,0,0,132400,4034,0,1,
goods_items,Extended Heal,0x403567ea,99,0,0,132401,4034,0,1,
goods_items,Med Heal,0x40356bc8,99,0,0,132500,4069,0,1,
goods_items,Extended Med Heal,0x40356bd2,99,0,0,132501,4069,0,1,
goods_items,Great Heal,0x40356fb0,99,0,0,132600,4035,0,1,
goods_items,Extended Great Heal,0x40356fba,99,0,0,132601,4035,0,1,
goods_items,Soothing Sunlight,0x40357398,99,0,0,132700,4036,0,1,
goods_items,Extended Soothing Sunlight,0x403573a2,99,0,0,132701,4036,0,1,
goods_items,Replenishment,0x40357780,99,0,0,132900,4037,0,1,
goods_items,Lingering Replenishment,0x4035778a,99,0,0,132901,4037,0,1,
goods_items,Bountiful Sunlight,0x40357b68,99,0,0,133100,4038,0,1,
goods_items,Lingering Bountiful Sunlight,0x40357b72,99,0,0,133101,4038,0,1,
goods_items,Bountiful Light,0x40358338,99,0,0,133000,4071,0,1,
goods_items,Lingering Bountiful Light,0x40358342,99,0,0,133001,4071,0,1,
goods_items,Caressing Tears,0x40358720,99,0,0,133200,4072,0,1,
goods_items,Quickened Caressing Tears,0x4035872a,99,0,0,133201,4072,0,1,
goods_items,Lightning Arrow,0x40358b08,99,0,0,130100,4148,0,1,
goods_items,Bloodthirsty Lightning Arrow,0x40358b12,99,0,0,130101,4148,0,1,
goods_items,Tears of Denial,0x4035b600,99,0,0,134100,4052,0,1,
goods_items,Mass Tears of Denial,0x4035b60a,99,0,0,134101,4052,0,1,
goods_items,Homeward,0x4035b9e8,99,0,0,134200,4039,0,1,
goods_items,Refined Homeward,0x4035b9f2,99,0,0,134201,4039,0,1,
goods_items,Force,0x4035dd10,99,0,0,131600,4040,0,1,
goods_items,Refined Force,0x4035dd1a,99,0,0,131601,4040,0,1,
goods_items,Wrath of the Gods,0x4035e0f8,99,0,0,131700,4041,0,1,
goods_items,Quickened Wrath of the Gods,0x4035e102,99,0,0,131701,4041,0,1,
goods_items,Emit Force,0x4035e4e0,99,0,0,131800,4042,0,1,
goods_items,Emit Wrath,0x4035e4ea,99,0,0,131801,4042,0,1,
goods_items,Heavenly Relief,0x40360420,99,0,0,133900,4043,0,1,
goods_items,Divine Relief,0x4036042a,99,0,0,133901,4043,0,1,
goods_items,Lightning Spear,0x40362b30,99,0,0,130200,4044,0,1,
goods_items,Lightning Surge,0x40362b3a,99,0,0,130201,4044,0,1,
goods_items,Great Lightning Spear,0x40362f18,99,0,0,130300,4045,0,1,
goods_items,Storm Spear,0x40362f22,99,0,0,130301,4045,0,1,
goods_items,Sunlight Spear,0x40363300,99,0,0,130400,4046,0,1,
goods_items,Fulgurant Sunlight Spear,0x4036330a,99,0,0,130401,4046,0,1,
goods_items,Lightning Storm,0x403636e8,99,0,0,130900,4123,0,1,
goods_items,Sunlight Storm,0x403636f2,99,0,0,130901,4123,0,1,
goods_items,Way of White Corona,0x403642a0,99,0,0,131200,4138,0,1,
goods_items,Bloodthirsty Way of White Corona,0x403642aa,99,0,0,131201,4138,0,1,
goods_items,Projected Heal,0x40364688,99,0,0,132800,4149,0,1,
goods_items,Extended Projected Heal,0x40364692,99,0,0,132801,4149,0,1,
goods_items,Magic Barrier,0x40365240,99,0,0,133600,4047,0,1,
goods_items,Great Magic Barrier,0x40365628,99,0,0,133700,4048,0,1,
goods_items,Supreme Magic Barrier,0x40365632,99,0,0,133701,4048,0,1,
goods_items,Sacred Oath,0x40365df8,99,0,0,133800,4051,0,1,
goods_items,Extended Sacred Oath,0x40365e02,99,0,0,133801,4051,0,1,
goods_items,Lightning Blade,0x4036c770,99,0,0,133300,4049,0,1,
goods_items,Sunlight Blade,0x4036c77a,99,0,0,133301,4049,0,1,
goods_items,Darkmoon Blade,0x4036cb58,99,0,0,133500,4077,0,1,
goods_items,Supreme Darkmoon Blade,0x4036cb62,99,0,0,133501,4077,0,1,
goods_items,Lightning Stake,0x40389c30,99,0,0,130800,4121,0,1,
goods_items,Sunlight Stake,0x40389c3a,99,0,0,130801,4121,0,1,
goods_items,Divine Pillars of Light,0x4038c340,99,0,0,131900,4122,0,1,
goods_items,Repeating Pillars of Light,0x4038c34a,99,0,0,131901,4122,0,1,
goods_items,Blessed Weapon,0x40395f80,99,0,0,133400,4129,0,1,
goods_items,Holy Weapon,0x40395f8a,99,0,0,133401,4129,0,1,
goods_items,Heavenly Thunder,0x403a0390,99,0,0,131000,4163,0,1,
goods_items,Repeating Heavenly Thunder,0x403a039a,99,0,0,131001,4163,0,1,
goods_items,Halo,0x403a0778,99,0,0,131300,4167,0,1,
goods_items,Quickened Halo,0x403a0782,99,0,0,131301,4167,0,1,
goods_items,Perseverance,0x403a0f48,99,0,0,134000,4164,0,1,
goods_items,Lingering Perseverance,0x403a0f52,99,0,0,134001,4164,0,1,
goods_items,Angelic Barrage,0x403a2aa0,99,0,0,132000,4165,0,1,
goods_items,Angelic Punishment,0x403a2aaa,99,0,0,132001,4165,0,1,
goods_items,Divine Arrow,0x403a2e88,99,0,0,131400,4184,0,1,
goods_items,Bloodthirsty Divine Arrow,0x403a2e92,99,0,0,131401,4184,0,1,
goods_items,Lothric's Holy Spear,0x403a3270,99,0,0,131500,4185,0,1,
goods_items,Homing Lothric's Holy Spear,0x403a327a,99,0,0,131501,4185,0,1,
goods_items,Proof of a Pact,0x403a3658,99,0,0,132100,4141,0,1,
goods_items,Repeating Proof of a Pact,0x403a3662,99,0,0,132101,4141,0,1,
goods_items,Ghostly Assault,0x403a3a40,99,0,0,132200,4190,0,1,
goods_items,Extended Ghostly Assault,0x403a3a4a,99,0,0,132201,4190,0,1,
goods_items,Overwhelming Power,0x403a4210,99,0,0,131100,4189,0,1,
goods_items,Lingering Overwhelming Power,0x403a421a,99,0,0,131101,4189,0,1,
goods_items,Wrathful Orbs,0x403a45f8,99,0,0,130500,7121,0,1,
goods_items,Weakening Wrathful Orbs,0x403a4602,99,0,0,130501,7121,0,1,
goods_items,Holy Schism,0x403a49e0,99,0,0,130700,7122,0,1,
goods_items,Quickened Holy Schism,0x403a49ea,99,0,0,130701,7122,0,1,
goods_items,Wrathful Barrage,0x403a4dc8,99,0,0,130600,7123,0,1,
goods_items,Wrathful Wave,0x403a4dd2,99,0,0,130601,7123,0,1,
goods_items,Gwynevere's Abnegation,0x403a51b0,99,0,0,130700,176,0,1,
goods_items,Gwynevere's Refined Abnegation,0x403a51ba,99,0,0,130700,176,0,1,
goods_items,Lightning Orb,0x403a5598,99,0,0,130450,4169,0,1,
goods_items,Lingering Lightning Orb,0x403a55a2,99,0,0,130451,4169,0,1,
goods_items,Whirlwind,0x403a5980,99,0,0,132250,235,0,1,
goods_items,Lingering Whirlwind,0x403a598a,99,0,0,132251,235,0,1,
goods_items,Blast Wave,0x403a5d68,99,0,0,132224,275,0,1,
goods_items,Distant Blast Wave,0x403a5d72,99,0,0,132225,275,0,1,
goods_items,Squall,0x403a6150,99,0,0,132231,269,0,1,
goods_items,Bloodthirsty Squall,0x403a615a,99,0,0,132232,269,0,1,
goods_items,Slicing Wind,0x403a6538,99,0,0,132210,270,0,1,
goods_items,Swift Slicing Wind,0x403a6542,99,0,0,132211,270,0,1,
goods_items,Gale Force,0x403a6920,99,0,0,132214,271,0,1,
goods_items,Weakening Gale Force,0x403a692a,99,0,0,132215,271,0,1,
goods_items,Cyclone Blast,0x403a6d08,99,0,0,132216,272,0,1,
goods_items,Explosive Cyclone Blast,0x403a6d12,99,0,0,132217,272,0,1,
goods_items,Static Field,0x403a70f0,99,0,0,133550,4002,0,1,
goods_items,Lingering Static Field,0x403a70fa,99,0,0,133551,4002,0,1,
goods_items,Tailwind,0x403a74d8,99,0,0,133560,273,0,1,
goods_items,Lingering Tailwind,0x403a74e2,99,0,0,133561,273,0,1,
goods_items,Shredding Winds,0x403a78c0,99,0,0,132220,116,0,1,
goods_items,Lingering Shredding Winds,0x403a78ca,99,0,0,132221,116,0,1,
goods_items,Deep Barb,0x403e8fa0,99,0,0,140100,6121,0,1,
goods_items,Bloodthirsty Deep Barb,0x403e8faa,99,0,0,140101,6121,0,1,
goods_items,Deep Soul,0x403e9388,99,0,0,140200,4099,0,1,
goods_items,Deep Overflow,0x403e9392,99,0,0,140201,4099,0,1,
goods_items,Great Deep Soul,0x403e9770,99,0,0,140300,4101,0,1,
goods_items,Weakening Deep Soul,0x403e977a,99,0,0,140301,4101,0,1,
goods_items,Great Soul Dregs,0x403e9b58,99,0,0,140400,4145,0,1,
goods_items,Quickened Soul Dregs,0x403e9b62,99,0,0,140401,4145,0,1,
goods_items,Dark Edge,0x403e9f40,99,0,0,140800,4126,0,1,
goods_items,Bloodthirsty Dark Edge,0x403e9f4a,99,0,0,140801,4126,0,1,
goods_items,Abyssal Edge,0x403ea328,99,0,0,140900,6100,0,1,
goods_items,Heavy Abyssal Edge,0x403ea332,99,0,0,140901,6100,0,1,
goods_items,Dark Bead,0x403ea710,99,0,0,141100,6122,0,1,
goods_items,Great Dark Bead,0x403ea71a,99,0,0,141101,6122,0,1,
goods_items,Surging Deep,0x403eaaf8,99,0,0,140500,6123,0,1,
goods_items,Bloodthirsty Surging Deep,0x403eab02,99,0,0,140501,6123,0,1,
goods_items,Cascading Deep,0x403eaee0,99,0,0,141200,6127,0,1,
goods_items,Lingering Cascading Deep,0x403eaeea,99,0,0,141201,6127,0,1,
goods_items,Yearning Dregs,0x403eb2c8,99,0,0,141400,6129,0,1,
goods_items,Repeating Yearning Dregs,0x403eb2d2,99,0,0,141401,6129,0,1,
goods_items,Dreg Torrent,0x403eb6b0,99,0,0,141300,6128,0,1,
goods_items,Repeating Dreg Torrent,0x403eb6ba,99,0,0,141301,6128,0,1,
goods_items,Writhing Deep,0x403eba98,99,0,0,140700,6124,0,1,
goods_items,Great Writhing Deep,0x403ebaa2,99,0,0,140701,6124,0,1,
goods_items,Climax,0x403ebe80,99,0,0,140600,6118,0,1,
goods_items,Explosive Climax,0x403ebe8a,99,0,0,140601,6118,0,1,
goods_items,Affinity,0x403ec268,99,0,0,141000,4106,0,1,
goods_items,Pursuers,0x403ec272,99,0,0,141001,4106,0,1,
goods_items,Whisper of Despair,0x403ec650,99,0,0,143200,6114,0,1,
goods_items,Echo of Despair,0x403ec65a,99,0,0,143201,6114,0,1,
goods_items,Repel,0x403eca38,99,0,0,143300,6113,0,1,
goods_items,Lingering Repel,0x403eca42,99,0,0,143301,6113,0,1,
goods_items,Numbness,0x403ece20,99,0,0,143900,6115,0,1,
goods_items,Lingering Numbness,0x403ece2a,99,0,0,143901,6115,0,1,
goods_items,Black Fireball,0x40401a28,99,0,0,141500,4178,0,1,
goods_items,Black Fire Whip,0x40401a32,99,0,0,141501,4178,0,1,
goods_items,Black Fire Orb,0x40401e10,99,0,0,141600,4108,0,1,
goods_items,Weakening Black Fire Orb,0x40401e1a,99,0,0,141601,4108,0,1,
goods_items,Black Fire Vestiges,0x404021f8,99,0,0,141800,4177,0,1,
goods_items,Scorching Black Fire Vestiges,0x40402202,99,0,0,141801,4177,0,1,
goods_items,Black Fire Scatter,0x404025e0,99,0,0,141700,4176,0,1,
goods_items,Great Black Fire Scatter,0x404025ea,99,0,0,141701,4176,0,1,
goods_items,Black Flame,0x404029c8,99,0,0,141900,4097,0,1,
goods_items,Scorching Black Flame,0x404029d2,99,0,0,141901,4097,0,1,
goods_items,Black Serpent,0x40402db0,99,0,0,142000,4100,0,1,
goods_items,Quickened Black Serpent,0x40402dba,99,0,0,142001,4100,0,1,
goods_items,Dark Dance,0x40403198,99,0,0,142200,6079,0,1,
goods_items,Forceful Dark Dance,0x404031a2,99,0,0,142201,6079,0,1,
goods_items,Recollection,0x40403580,99,0,0,142300,6112,0,1,
goods_items,Scorching Recollection,0x4040358a,99,0,0,142301,6112,0,1,
goods_items,Mournful Flames,0x40403968,99,0,0,142100,6109,0,1,
goods_items,Scorching Mournful Flames,0x40403972,99,0,0,142101,6109,0,1,
goods_items,Black Flame Arc,0x40403d50,99,0,0,143500,4175,0,1,
goods_items,Void Flame Arc,0x40403d5a,99,0,0,143501,4175,0,1,
goods_items,Nibble,0x4041a0c8,99,0,0,142400,6101,0,1,
goods_items,Bloodthirsty Nibble,0x4041a0d2,99,0,0,142401,6101,0,1,
goods_items,Gnaw,0x4041a4b0,99,0,0,142500,4117,0,1,
goods_items,Gnawing Swarm,0x4041a4ba,99,0,0,142501,4117,0,1,
goods_items,Dorhys' Gnawing,0x4041a898,99,0,0,142600,4118,0,1,
goods_items,Quickened Dorhys' Gnawing,0x4041a8a2,99,0,0,142601,4118,0,1,
goods_items,Devouring Swarm,0x4041ac80,99,0,0,142700,6120,0,1,
goods_items,Repeating Swarm,0x4041ac8a,99,0,0,142701,6120,0,1,
goods_items,Deep Protection,0x4041b068,99,0,0,144100,4128,0,1,
goods_items,Bottomless Deep Protection,0x4041b072,99,0,0,144101,4128,0,1,
goods_items,Atonement,0x4041b450,99,0,0,144000,4127,0,1,
goods_items,Lingering Atonement,0x4041b45a,99,0,0,144001,4127,0,1,
goods_items,Vow of Agony,0x4041b838,99,0,0,143000,4174,0,1,
goods_items,Curse of Agony,0x4041b842,99,0,0,143001,4174,0,1,
goods_items,Gravelord Sword Dance,0x4041bc20,99,0,0,142900,7124,0,1,
goods_items,Gravelord Sword,0x4041bc2a,99,0,0,142901,7124,0,1,
goods_items,Vow of Silence,0x4041c008,99,0,0,143400,4074,0,1,
goods_items,Curse of Silence,0x4041c012,99,0,0,143401,4074,0,1,
goods_items,Dark Blade,0x4041c3f0,99,0,0,143600,4112,0,1,
goods_items,Abyssal Blade,0x4041c3fa,99,0,0,143601,4112,0,1,
goods_items,Dead Again,0x4041c7d8,99,0,0,143100,4111,0,1,
goods_items,Refined Dead Again,0x4041c7e2,99,0,0,143101,4111,0,1,
goods_items,Lifehunt Scythe,0x4041cbc0,99,0,0,142800,4119,0,1,
goods_items,Great Lifehunt Scythe,0x4041cbca,99,0,0,142801,4119,0,1,
goods_items,Pulsating Blade,0x4041cfa8,99,0,0,143800,4187,0,1,
goods_items,Myiatic Blade,0x4041cfb2,99,0,0,143801,4187,0,1,
goods_items,Pungent Blade,0x4041d390,99,0,0,143510,4186,0,1,
goods_items,Noxious Blade,0x4041d39a,99,0,0,143511,4186,0,1,
goods_items,Blood Sacrifice,0x4041d778,99,0,0,143050,276,0,1,
goods_items,Bloodthirsty Sacrifice,0x4041d782,99,0,0,143051,276,0,1,
goods_items,Blood Resonance,0x4041db60,99,0,0,143025,278,0,1,
goods_items,Bloodthirsty Resonance,0x4041db6a,99,0,0,143026,278,0,1,
goods_items,Blood Orb,0x4041df48,99,0,0,143011,279,0,1,
goods_items,Lingering Blood Orb,0x4041df52,99,0,0,143012,279,0,1,
goods_items,Black Star,0x4041e330,99,0,0,142350,213,0,1,
goods_items,Homing Black Star,0x4041e33a,99,0,0,142351,213,0,1,
goods_items,Blood Corruption,0x4041e718,99,0,0,143031,4003,0,1,
goods_items,Great Blood Corruption,0x4041e722,99,0,0,143032,4003,0,1,
goods_items,Blood Crystallization,0x4041eb00,99,0,0,143027,4025,0,1,
goods_items,Great Blood Crystallization,0x4041eb0a,99,0,0,143028,4025,0,1,
goods_items,Lacerating Ring,0x4041eee8,99,0,0,143009,1000,0,1,
goods_items,Explosive Lacerating Ring,0x4041eef2,99,0,0,143010,1000,0,1,
