category,name,id,max_quantity,max_upgrade,durability,sort_id,icon_id,key_item,spell,infusion
weapon_items,Fists,0x1adb0,1,10,1,220000,0,0,0,
weapon_items,Dagger,0xf4240,1,10,50,40100,1001,0,0,Normal
weapon_items,Heavy Dagger,0xf42a4,1,10,50,40101,1001,0,0,Heavy
weapon_items,Stone Dagger,0xf4308,1,10,50,40102,1001,0,0,Stone
weapon_items,Refined Dagger,0xf436c,1,10,50,40103,1001,0,0,Refined
weapon_items,Crystal Dagger,0xf43d0,1,10,50,40106,1001,0,0,Crystal
weapon_items,Air Dagger,0xf4434,1,10,50,40105,1001,0,0,Air
weapon_items,Light Dagger,0xf4498,1,10,50,40107,1001,0,0,Light
weapon_items,Chaos Dagger,0xf44fc,1,10,50,40108,1001,0,0,Chaos
weapon_items,Lightning Dagger,0xf4560,1,10,50,40109,1001,0,0,Lightning
weapon_items,Essence Dagger,0xf45c4,1,10,50,40111,1001,0,0,Essence
weapon_items,Dark Dagger,0xf4628,1,10,50,40112,1001,0,0,Dark
weapon_items,Luck Dagger,0xf468c,1,10,50,40114,1001,0,0,Luck
weapon_items,Raw Dagger,0xf46f0,1,10,50,40113,1001,0,0,Raw
weapon_items,Sharp Dagger,0xf4754,1,10,50,40104,1001,0,0,Sharp
weapon_items,Divine Dagger,0xf47b8,1,10,50,40110,1001,0,0,Divine
weapon_items,Grave Dagger,0xf481c,1,10,50,40115,1001,0,0,Grave
weapon_items,Bandit's Knife,0xf6950,1,10,50,40500,1002,0,0,Normal
weapon_items,Heavy Bandit's Knife,0xf69b4,1,10,50,40501,1002,0,0,Heavy
weapon_items,Stone Bandit's Knife,0xf6a18,1,10,50,40502,1002,0,0,Stone
weapon_items,Refined Bandit's Knife,0xf6a7c,1,10,50,40503,1002,0,0,Refined
weapon_items,Crystal Bandit's Knife,0xf6ae0,1,10,50,40506,1002,0,0,Crystal
weapon_items,Air Bandit's Knife,0xf6b44,1,10,50,40505,1002,0,0,Air
weapon_items,Light Bandit's Knife,0xf6ba8,1,10,50,40507,1002,0,0,Light
weapon_items,Chaos Bandit's Knife,0xf6c0c,1,10,50,40508,1002,0,0,Chaos
weapon_items,Lightning Bandit's Knife,0xf6c70,1,10,50,40509,1002,0,0,Lightning
weapon_items,Essence Bandit's Knife,0xf6cd4,1,10,50,40511,1002,0,0,Essence
weapon_items,Dark Bandit's Knife,0xf6d38,1,10,50,40512,1002,0,0,Dark
weapon_items,Luck Bandit's Knife,0xf6d9c,1,10,50,40514,1002,0,0,Luck
weapon_items,Raw Bandit's Knife,0xf6e00,1,10,50,40513,1002,0,0,Raw
weapon_items,Sharp Bandit's Knife,0xf6e64,1,10,50,40504,1002,0,0,Sharp
weapon_items,Divine Bandit's Knife,0xf6ec8,1,10,50,40510,1002,0,0,Divine
weapon_items,Grave Bandit's Knife,0xf6f2c,1,10,50,40515,1002,0,0,Grave
weapon_items,Parrying Dagger,0xf9060,1,10,40,40200,1003,0,0,Normal
weapon_items,Heavy Parrying Dagger,0xf90c4,1,10,40,40201,1003,0,0,Heavy
weapon_items,Stone Parrying Dagger,0xf9128,1,10,40,40202,1003,0,0,Stone
weapon_items,Refined Parrying Dagger,0xf918c,1,10,40,40203,1003,0,0,Refined
weapon_items,Crystal Parrying Dagger,0xf91f0,1,10,40,40206,1003,0,0,Crystal
weapon_items,Air Parrying Dagger,0xf9254,1,10,40,40205,1003,0,0,Air
weapon_items,Light Parrying Dagger,0xf92b8,1,10,40,40207,1003,0,0,Light
weapon_items,Chaos Parrying Dagger,0xf931c,1,10,40,40208,1003,0,0,Chaos
weapon_items,Lightning Parrying Dagger,0xf9380,1,10,40,40209,1003,0,0,Lightning
weapon_items,Essence Parrying Dagger,0xf93e4,1,10,40,40211,1003,0,0,Essence
weapon_items,Dark Parrying Dagger,0xf9448,1,10,40,40212,1003,0,0,Dark
weapon_items,Luck Parrying Dagger,0xf94ac,1,10,40,40214,1003,0,0,Luck
weapon_items,Raw Parrying Dagger,0xf9510,1,10,40,40213,1003,0,0,Raw
weapon_items,Sharp Parrying Dagger,0xf9574,1,10,40,40204,1003,0,0,Sharp
weapon_items,Divine Parrying Dagger,0xf95d8,1,10,40,40210,1003,0,0,Divine
weapon_items,Grave Parrying Dagger,0xf963c,1,10,40,40215,1003,0,0,Grave
weapon_items,Priscilla's Dagger,0xfb770,1,10,50,40550,1327,0,0,
weapon_items,Rotten Ghru Dagger,0xfde80,1,10,45,40614,1005,0,0,
weapon_items,Harpe,0x102ca0,1,10,45,40400,1007,0,0,Normal
weapon_items,Heavy Harpe,0x102d04,1,10,45,40401,1007,0,0,Heavy
weapon_items,Stone Harpe,0x102d68,1,10,45,40402,1007,0,0,Stone
weapon_items,Refined Harpe,0x102dcc,1,10,45,40403,1007,0,0,Refined
weapon_items,Crystal Harpe,0x102e30,1,10,45,40406,1007,0,0,Crystal
weapon_items,Air Harpe,0x102e94,1,10,45,40405,1007,0,0,Air
weapon_items,Light Harpe,0x102ef8,1,10,45,40407,1007,0,0,Light
weapon_items,Chaos Harpe,0x102f5c,1,10,45,40408,1007,0,0,Chaos
weapon_items,Lightning Harpe,0x102fc0,1,10,45,40409,1007,0,0,Lightning
weapon_items,Essence Harpe,0x103024,1,10,45,40411,1007,0,0,Essence
weapon_items,Dark Harpe,0x103088,1,10,45,40412,1007,0,0,Dark
weapon_items,Luck Harpe,0x1030ec,1,10,45,40414,1007,0,0,Luck
weapon_items,Raw Harpe,0x103150,1,10,45,40413,1007,0,0,Raw
weapon_items,Sharp Harpe,0x1031b4,1,10,45,40404,1007,0,0,Sharp
weapon_items,Divine Harpe,0x103218,1,10,45,40410,1007,0,0,Divine
weapon_items,Grave Harpe,0x10327c,1,10,45,40415,1007,0,0,Grave
weapon_items,Scholar's Candlestick,0x1053b0,1,10,40,40900,1008,0,0,
weapon_items,Tailbone Short Sword,0x107ac0,1,10,50,41000,1009,0,0,
weapon_items,Corvian Greatknife,0x10a1d0,1,10,55,40700,1010,0,0,Normal
weapon_items,Heavy Corvian Greatknife,0x10a234,1,10,55,40701,1010,0,0,Heavy
weapon_items,Stone Corvian Greatknife,0x10a298,1,10,55,40702,1010,0,0,Stone
weapon_items,Refined Corvian Greatknife,0x10a2fc,1,10,55,40703,1010,0,0,Refined
weapon_items,Crystal Corvian Greatknife,0x10a360,1,10,55,40706,1010,0,0,Crystal
weapon_items,Air Corvian Greatknife,0x10a3c4,1,10,55,40705,1010,0,0,Air
weapon_items,Light Corvian Greatknife,0x10a428,1,10,55,40707,1010,0,0,Light
weapon_items,Chaos Corvian Greatknife,0x10a48c,1,10,55,40708,1010,0,0,Chaos
weapon_items,Lightning Corvian Greatknife,0x10a4f0,1,10,55,40709,1010,0,0,Lightning
weapon_items,Essence Corvian Greatknife,0x10a554,1,10,55,40711,1010,0,0,Essence
weapon_items,Dark Corvian Greatknife,0x10a5b8,1,10,55,40712,1010,0,0,Dark
weapon_items,Luck Corvian Greatknife,0x10a61c,1,10,55,40714,1010,0,0,Luck
weapon_items,Raw Corvian Greatknife,0x10a680,1,10,55,40713,1010,0,0,Raw
weapon_items,Sharp Corvian Greatknife,0x10a6e4,1,10,55,40704,1010,0,0,Sharp
weapon_items,Divine Corvian Greatknife,0x10a748,1,10,55,40710,1010,0,0,Divine
weapon_items,Grave Corvian Greatknife,0x10a7ac,1,10,55,40715,1010,0,0,Grave
weapon_items,Handmaid's Dagger,0x111700,1,10,40,40800,1180,0,0,
weapon_items,Aquamarine Dagger,0x116520,1,10,50,40920,1281,0,0,
weapon_items,Murky Hand Scythe,0x118c30,1,10,50,40720,1282,0,0,
weapon_items,Quickening Shank,0x11b340,1,10,20,41500,1019,0,0,
weapon_items,Molten Dagger,0x11da50,1,10,20,41500,1000,0,0,
weapon_items,Galvanic Quickblade,0x120160,1,10,20,41500,1048,0,0,
weapon_items,Etched Spellblade,0x122870,1,10,20,41500,1046,0,0,
weapon_items,Arched Ebony Blade,0x124f80,1,10,20,41500,1051,0,0,
weapon_items,Necromancer's Dagger,0x127690,1,10,20,41510,1066,0,0,
weapon_items,Jade Dagger,0x129da0,1,10,40,41520,1074,0,0,
weapon_items,Infectious Dagger,0x12c4b0,1,10,50,41530,1077,0,0,
weapon_items,Evangelist's Sacred Libram,0x12ebc0,1,10,40,40950,1251,0,0,
weapon_items,Irithyll Dagger,0x1312d0,1,10,50,41000,1109,0,0,
weapon_items,Shortsword,0x1e8480,1,10,65,50100,1012,0,0,Normal
weapon_items,Heavy Shortsword,0x1e84e4,1,10,65,50101,1012,0,0,Heavy
weapon_items,Stone Shortsword,0x1e8548,1,10,65,50102,1012,0,0,Stone
weapon_items,Refined Shortsword,0x1e85ac,1,10,65,50103,1012,0,0,Refined
weapon_items,Crystal Shortsword,0x1e8610,1,10,65,50106,1012,0,0,Crystal
weapon_items,Air Shortsword,0x1e8674,1,10,65,50105,1012,0,0,Air
weapon_items,Light Shortsword,0x1e86d8,1,10,65,50107,1012,0,0,Light
weapon_items,Chaos Shortsword,0x1e873c,1,10,65,50108,1012,0,0,Chaos
weapon_items,Lightning Shortsword,0x1e87a0,1,10,65,50109,1012,0,0,Lightning
weapon_items,Essence Shortsword,0x1e8804,1,10,65,50111,1012,0,0,Essence
weapon_items,Dark Shortsword,0x1e8868,1,10,65,50112,1012,0,0,Dark
weapon_items,Luck Shortsword,0x1e88cc,1,10,65,50114,1012,0,0,Luck
weapon_items,Raw Shortsword,0x1e8930,1,10,65,50113,1012,0,0,Raw
weapon_items,Sharp Shortsword,0x1e8994,1,10,65,50104,1012,0,0,Sharp
weapon_items,Divine Shortsword,0x1e89f8,1,10,65,50110,1012,0,0,Divine
weapon_items,Grave Shortsword,0x1e8a5c,1,10,65,50115,1012,0,0,Grave
weapon_items,Long Sword,0x1eab90,1,10,70,50200,1013,0,0,Normal
weapon_items,Heavy Longsword,0x1eabf4,1,10,70,50201,1013,0,0,Heavy
weapon_items,Stone Longsword,0x1eac58,1,10,70,50202,1013,0,0,Stone
weapon_items,Refined Longsword,0x1eacbc,1,10,70,50203,1013,0,0,Refined
weapon_items,Crystal Longsword,0x1ead20,1,10,70,50206,1013,0,0,Crystal
weapon_items,Air Longsword,0x1ead84,1,10,70,50205,1013,0,0,Air
weapon_items,Light Longsword,0x1eade8,1,10,70,50207,1013,0,0,Light
weapon_items,Chaos Longsword,0x1eae4c,1,10,70,50208,1013,0,0,Chaos
weapon_items,Lightning Longsword,0x1eaeb0,1,10,70,50209,1013,0,0,Lightning
weapon_items,Essence Longsword,0x1eaf14,1,10,70,50211,1013,0,0,Essence
weapon_items,Dark Longsword,0x1eaf78,1,10,70,50212,1013,0,0,Dark
weapon_items,Luck Longsword,0x1eafdc,1,10,70,50214,1013,0,0,Luck
weapon_items,Raw Longsword,0x1eb040,1,10,70,50213,1013,0,0,Raw
weapon_items,Sharp Longsword,0x1eb0a4,1,10,70,50204,1013,0,0,Sharp
weapon_items,Divine Longsword,0x1eb108,1,10,70,50210,1013,0,0,Divine
weapon_items,Grave Longsword,0x1eb16c,1,10,70,50215,1013,0,0,Grave
weapon_items,Broadsword,0x1ed2a0,1,10,80,50300,1014,0,0,Normal
weapon_items,Heavy Broadsword,0x1ed304,1,10,80,50301,1014,0,0,Heavy
weapon_items,Stone Broadsword,0x1ed368,1,10,80,50302,1014,0,0,Stone
weapon_items,Refined Broadsword,0x1ed3cc,1,10,80,50303,1014,0,0,Refined
weapon_items,Crystal Broadsword,0x1ed430,1,10,80,50306,1014,0,0,Crystal
weapon_items,Air Broadsword,0x1ed494,1,10,80,50305,1014,0,0,Air
weapon_items,Light Broadsword,0x1ed4f8,1,10,80,50307,1014,0,0,Light
weapon_items,Chaos Broadsword,0x1ed55c,1,10,80,50308,1014,0,0,Chaos
weapon_items,Lightning Broadsword,0x1ed5c0,1,10,80,50309,1014,0,0,Lightning
weapon_items,Essence Broadsword,0x1ed624,1,10,80,50311,1014,0,0,Essence
weapon_items,Dark Broadsword,0x1ed688,1,10,80,50312,1014,0,0,Dark
weapon_items,Luck Broadsword,0x1ed6ec,1,10,80,50314,1014,0,0,Luck
weapon_items,Raw Broadsword,0x1ed750,1,10,80,50313,1014,0,0,Raw
weapon_items,Sharp Broadsword,0x1ed7b4,1,10,80,50304,1014,0,0,Sharp
weapon_items,Divine Broadsword,0x1ed818,1,10,80,50310,1014,0,0,Divine
weapon_items,Grave Broadsword,0x1ed87c,1,10,80,50315,1014,0,0,Grave
weapon_items,Broken Straight Sword,0x1ef9b0,1,10,30,50400,1015,0,0,Normal
weapon_items,Broken Heavy Straight Sword,0x1efa14,1,10,30,50401,1015,0,0,Heavy
weapon_items,Broken Stone Straight Sword,0x1efa78,1,10,30,50402,1015,0,0,Stone
weapon_items,Broken Refined Straight Sword,0x1efadc,1,10,30,50403,1015,0,0,Refined
weapon_items,Broken Crystal Straight Sword,0x1efb40,1,10,30,50406,1015,0,0,Crystal
weapon_items,Broken Air Straight Sword,0x1efba4,1,10,30,50405,1015,0,0,Air
weapon_items,Broken Light Straight Sword,0x1efc08,1,10,30,50407,1015,0,0,Light
weapon_items,Broken Chaos Straight Sword,0x1efc6c,1,10,30,50408,1015,0,0,Chaos
weapon_items,Broken Lightning Straight Sword,0x1efcd0,1,10,30,50409,1015,0,0,Lightning
weapon_items,Broken Essence Straight Sword,0x1efd34,1,10,30,50411,1015,0,0,Essence
weapon_items,Broken Dark Straight Sword,0x1efd98,1,10,30,50412,1015,0,0,Dark
weapon_items,Broken Luck Straight Sword,0x1efdfc,1,10,30,50414,1015,0,0,Luck
weapon_items,Broken Raw Straight Sword,0x1efe60,1,10,30,50413,1015,0,0,Raw
weapon_items,Broken Sharp Straight Sword,0x1efec4,1,10,30,50404,1015,0,0,Sharp
weapon_items,Broken Divine Straight Sword,0x1eff28,1,10,30,50410,1015,0,0,Divine
weapon_items,Broken Grave Straight Sword,0x1eff8c,1,10,30,50415,1015,0,0,Grave
weapon_items,Lothric Knight Sword,0x1f6ee0,1,10,80,50600,1018,0,0,Normal
weapon_items,Heavy Lothric Sword,0x1f6f44,1,10,80,50601,1018,0,0,Heavy
weapon_items,Stone Lothric Sword,0x1f6fa8,1,10,80,50602,1018,0,0,Stone
weapon_items,Refined Lothric Sword,0x1f700c,1,10,80,50603,1018,0,0,Refined
weapon_items,Crystal Lothric Sword,0x1f7070,1,10,80,50606,1018,0,0,Crystal
weapon_items,Air Lothric Sword,0x1f70d4,1,10,80,50605,1018,0,0,Air
weapon_items,Light Lothric Sword,0x1f7138,1,10,80,50607,1018,0,0,Light
weapon_items,Chaos Lothric Sword,0x1f719c,1,10,80,50608,1018,0,0,Chaos
weapon_items,Lightning Lothric Sword,0x1f7200,1,10,80,50609,1018,0,0,Lightning
weapon_items,Essence Lothric Sword,0x1f7264,1,10,80,50611,1018,0,0,Essence
weapon_items,Dark Lothric Sword,0x1f72c8,1,10,80,50612,1018,0,0,Dark
weapon_items,Luck Lothric Sword,0x1f732c,1,10,80,50614,1018,0,0,Luck
weapon_items,Raw Lothric Sword,0x1f7390,1,10,80,50613,1018,0,0,Raw
weapon_items,Sharp Lothric Sword,0x1f73f4,1,10,80,50604,1018,0,0,Sharp
weapon_items,Divine Lothric Sword,0x1f7458,1,10,80,50610,1018,0,0,Divine
weapon_items,Grave Lothric Sword,0x1f74bc,1,10,80,50615,1018,0,0,Grave
weapon_items,Corvian Greatblade,0x1f95f0,1,10,65,50650,1320,0,0,Normal
weapon_items,Heavy Corvian Greatblade,0x1f9654,1,10,65,50651,1320,0,0,Heavy
weapon_items,Stone Corvian Greatblade,0x1f96b8,1,10,65,50652,1320,0,0,Stone
weapon_items,Refined Corvian Greatblade,0x1f971c,1,10,65,50653,1320,0,0,Refined
weapon_items,Crystal Corvian Greatblade,0x1f9780,1,10,65,50654,1320,0,0,Crystal
weapon_items,Air Corvian Greatblade,0x1f97e4,1,10,65,50655,1320,0,0,Air
weapon_items,Light Corvian Greatblade,0x1f9848,1,10,65,50656,1320,0,0,Light
weapon_items,Chaos Corvian Greatblade,0x1f98ac,1,10,65,50657,1320,0,0,Chaos
weapon_items,Lightning Corvian Greatblade,0x1f9910,1,10,65,50658,1320,0,0,Lightning
weapon_items,Essence Corvian Greatblade,0x1f9974,1,10,65,50659,1320,0,0,Essence
weapon_items,Dark Corvian Greatblade,0x1f99d8,1,10,65,50660,1320,0,0,Dark
weapon_items,Luck Corvian Greatblade,0x1f9a3c,1,10,65,50661,1320,0,0,Luck
weapon_items,Raw Corvian Greatblade,0x1f9aa0,1,10,65,50662,1320,0,0,Raw
weapon_items,Sharp Corvian Greatblade,0x1f9b04,1,10,65,50663,1320,0,0,Sharp
weapon_items,Divine Corvian Greatblade,0x1f9b68,1,10,65,50664,1320,0,0,Divine
weapon_items,Grave Corvian Greatblade,0x1f9bcc,1,10,65,50665,1320,0,0,Grave
weapon_items,Sunlight Straight Sword,0x203230,1,10,70,51200,1022,0,0,
weapon_items,Rotten Ghru Curved Sword,0x205940,1,10,55,80600,1023,0,0,
weapon_items,Sword of Apocrypha,0x208050,1,10,80,50302,1330,0,0,
weapon_items,Irithyll Straight Sword,0x20a760,1,10,80,51000,1025,0,0,
weapon_items,Cleric's Candlestick,0x20f580,1,10,65,50900,1027,0,0,
weapon_items,Lothric Priest Sword,0x211c90,1,10,65,50900,1207,0,0,
weapon_items,Morion Blade,0x2143a0,1,10,80,51300,1184,0,0,
weapon_items,Sacrificial Blade,0x216ab0,1,10,65,50900,1324,0,0,
weapon_items,Astora Straight Sword,0x2191c0,1,10,80,50509,1185,0,0,
weapon_items,Barbed Straight Sword,0x21b8d0,1,10,65,50700,1186,0,0,Normal
weapon_items,Heavy Barbed Sword,0x21b934,1,10,65,50701,1186,0,0,Heavy
weapon_items,Stone Barbed Sword,0x21b998,1,10,65,50702,1186,0,0,Stone
weapon_items,Refined Barbed Sword,0x21b9fc,1,10,65,50703,1186,0,0,Refined
weapon_items,Crystal Barbed Sword,0x21ba60,1,10,65,50706,1186,0,0,Crystal
weapon_items,Air Barbed Sword,0x21bac4,1,10,65,50705,1186,0,0,Air
weapon_items,Light Barbed Sword,0x21bb28,1,10,65,50707,1186,0,0,Light
weapon_items,Chaos Barbed Sword,0x21bb8c,1,10,65,50708,1186,0,0,Chaos
weapon_items,Lightning Barbed Sword,0x21bbf0,1,10,65,50709,1186,0,0,Lightning
weapon_items,Essence Barbed Sword,0x21bc54,1,10,65,50711,1186,0,0,Essence
weapon_items,Dark Barbed Sword,0x21bcb8,1,10,65,50712,1186,0,0,Dark
weapon_items,Luck Barbed Sword,0x21bd1c,1,10,65,50714,1186,0,0,Luck
weapon_items,Raw Barbed Sword,0x21bd80,1,10,65,50713,1186,0,0,Raw
weapon_items,Sharp Barbed Sword,0x21bde4,1,10,65,50704,1186,0,0,Sharp
weapon_items,Divine Barbed Sword,0x21be48,1,10,65,50710,1186,0,0,Divine
weapon_items,Grave Barbed Sword,0x21beac,1,10,65,50715,1186,0,0,Grave
weapon_items,Executioner's Greatsword,0x21dfe0,1,10,85,60500,1187,0,0,
weapon_items,Sword of the Evil Eye,0x2206f0,1,10,80,51100,1266,0,0,
weapon_items,Onyx Blade,0x222e00,1,10,75,60620,1267,0,0,
weapon_items,Ringed Knight Straight Sword,0x225510,1,10,70,51350,1283,0,0,
weapon_items,Gael's Greatsword,0x227c20,1,10,55,61500,1284,0,0,
weapon_items,Blade of the Fallen Prince,0x22a330,1,10,70,51375,1340,0,0,
weapon_items,Royal Dark Sword,0x22ca40,1,10,75,62600,1096,0,0,
weapon_items,Jade Sword,0x22f150,1,10,80,51450,1054,0,0,
weapon_items,Blue Flame,0x231860,1,10,65,50950,1338,0,0,
weapon_items,Eagle of Light,0x236680,1,10,70,50209,1080,0,0,
weapon_items,Wolf Knight's Sword,0x238d90,1,10,80,51350,1196,0,0,
weapon_items,Threaded Hexed Sword,0x23b4a0,1,10,80,50520,1103,0,0,
weapon_items,Moonlight Straight Sword,0x2402c0,1,10,80,50606,1178,0,0,
weapon_items,Estoc,0x2dc6c0,1,10,60,110200,1028,0,0,Normal
weapon_items,Heavy Estoc,0x2dc724,1,10,60,110201,1028,0,0,Heavy
weapon_items,Stone Estoc,0x2dc788,1,10,60,110202,1028,0,0,Stone
weapon_items,Refined Estoc,0x2dc7ec,1,10,60,110203,1028,0,0,Refined
weapon_items,Crystal Estoc,0x2dc850,1,10,60,110206,1028,0,0,Crystal
weapon_items,Air Estoc,0x2dc8b4,1,10,60,110205,1028,0,0,Air
weapon_items,Light Estoc,0x2dc918,1,10,60,110207,1028,0,0,Light
weapon_items,Chaos Estoc,0x2dc97c,1,10,60,110208,1028,0,0,Chaos
weapon_items,Lightning Estoc,0x2dc9e0,1,10,60,110209,1028,0,0,Lightning
weapon_items,Essence Estoc,0x2dca44,1,10,60,110211,1028,0,0,Essence
weapon_items,Dark Estoc,0x2dcaa8,1,10,60,110212,1028,0,0,Dark
weapon_items,Luck Estoc,0x2dcb0c,1,10,60,110214,1028,0,0,Luck
weapon_items,Raw Estoc,0x2dcb70,1,10,60,110213,1028,0,0,Raw
weapon_items,Sharp Estoc,0x2dcbd4,1,10,60,110204,1028,0,0,Sharp
weapon_items,Divine Estoc,0x2dcc38,1,10,60,110210,1028,0,0,Divine
weapon_items,Grave Estoc,0x2dcc9c,1,10,60,110215,1028,0,0,Grave
weapon_items,Mail Breaker,0x2dedd0,1,10,50,40300,1029,0,0,Normal
weapon_items,Heavy Mail Breaker,0x2dee34,1,10,50,40301,1029,0,0,Heavy
weapon_items,Stone Mail Breaker,0x2dee98,1,10,50,40302,1029,0,0,Stone
weapon_items,Refined Mail Breaker,0x2deefc,1,10,50,40303,1029,0,0,Refined
weapon_items,Crystal Mail Breaker,0x2def60,1,10,50,40306,1029,0,0,Crystal
weapon_items,Air Mail Breaker,0x2defc4,1,10,50,40305,1029,0,0,Air
weapon_items,Light Mail Breaker,0x2df028,1,10,50,40307,1029,0,0,Light
weapon_items,Chaos Mail Breaker,0x2df08c,1,10,50,40308,1029,0,0,Chaos
weapon_items,Lightning Mail Breaker,0x2df0f0,1,10,50,40309,1029,0,0,Lightning
weapon_items,Essence Mail Breaker,0x2df154,1,10,50,40311,1029,0,0,Essence
weapon_items,Dark Mail Breaker,0x2df1b8,1,10,50,40312,1029,0,0,Dark
weapon_items,Luck Mail Breaker,0x2df21c,1,10,50,40314,1029,0,0,Luck
weapon_items,Raw Mail Breaker,0x2df280,1,10,50,40313,1029,0,0,Raw
weapon_items,Sharp Mail Breaker,0x2df2e4,1,10,50,40304,1029,0,0,Sharp
weapon_items,Divine Mail Breaker,0x2df348,1,10,50,40310,1029,0,0,Divine
weapon_items,Grave Mail Breaker,0x2df3ac,1,10,50,40315,1029,0,0,Grave
weapon_items,Rapier,0x2e14e0,1,10,60,110100,1030,0,0,Normal
weapon_items,Heavy Rapier,0x2e1544,1,10,60,110101,1030,0,0,Heavy
weapon_items,Stone Rapier,0x2e15a8,1,10,60,110102,1030,0,0,Stone
weapon_items,Refined Rapier,0x2e160c,1,10,60,110103,1030,0,0,Refined
weapon_items,Crystal Rapier,0x2e1670,1,10,60,110106,1030,0,0,Crystal
weapon_items,Air Rapier,0x2e16d4,1,10,60,110105,1030,0,0,Air
weapon_items,Light Rapier,0x2e1738,1,10,60,110107,1030,0,0,Light
weapon_items,Chaos Rapier,0x2e179c,1,10,60,110108,1030,0,0,Chaos
weapon_items,Lightning Rapier,0x2e1800,1,10,60,110109,1030,0,0,Lightning
weapon_items,Essence Rapier,0x2e1864,1,10,60,110111,1030,0,0,Essence
weapon_items,Dark Rapier,0x2e18c8,1,10,60,110112,1030,0,0,Dark
weapon_items,Luck Rapier,0x2e192c,1,10,60,110114,1030,0,0,Luck
weapon_items,Raw Rapier,0x2e1990,1,10,60,110113,1030,0,0,Raw
weapon_items,Sharp Rapier,0x2e19f4,1,10,60,110104,1030,0,0,Sharp
weapon_items,Divine Rapier,0x2e1a58,1,10,60,110110,1030,0,0,Divine
weapon_items,Grave Rapier,0x2e1abc,1,10,60,110115,1030,0,0,Grave
weapon_items,Ricard's Rapier,0x2e3bf0,1,10,70,110300,1031,0,0,
weapon_items,Crystal Sage's Rapier,0x2e6300,1,10,40,110500,1032,0,0,
weapon_items,Irithyll Rapier,0x2e8a10,1,10,70,110400,1188,0,0,
weapon_items,Sidesword of the Crusader,0x2eb120,1,10,60,110100,1339,0,0,
weapon_items,Bloodoath Rapier,0x2ed830,1,10,60,110550,1183,0,0,
weapon_items,Silver Knight Sword,0x2eff40,1,10,80,50360,1181,0,0,
weapon_items,Shotel,0x3d3010,1,10,55,80300,1033,0,0,Normal
weapon_items,Heavy Shotel,0x3d3074,1,10,55,80301,1033,0,0,Heavy
weapon_items,Stone Shotel,0x3d30d8,1,10,55,80302,1033,0,0,Stone
weapon_items,Refined Shotel,0x3d313c,1,10,55,80303,1033,0,0,Refined
weapon_items,Crystal Shotel,0x3d31a0,1,10,55,80306,1033,0,0,Crystal
weapon_items,Air Shotel,0x3d3204,1,10,55,80305,1033,0,0,Air
weapon_items,Light Shotel,0x3d3268,1,10,55,80307,1033,0,0,Light
weapon_items,Chaos Shotel,0x3d32cc,1,10,55,80308,1033,0,0,Chaos
weapon_items,Lightning Shotel,0x3d3330,1,10,55,80309,1033,0,0,Lightning
weapon_items,Essence Shotel,0x3d3394,1,10,55,80311,1033,0,0,Essence
weapon_items,Carthus Shotel,0x3d33f8,1,10,55,80312,1033,0,0,Dark
weapon_items,Luck Shotel,0x3d345c,1,10,55,80314,1033,0,0,Luck
weapon_items,Stone Carthus Shotel,0x3d34c0,1,10,55,80313,1033,0,0,Raw
weapon_items,Sharp Shotel,0x3d3524,1,10,55,80304,1033,0,0,Sharp
weapon_items,Divine Shotel,0x3d3588,1,10,55,80310,1033,0,0,Divine
weapon_items,Air Carthus Shotel,0x3d35ec,1,10,55,80315,1033,0,0,Grave
weapon_items,Scimitar,0x3d7e30,1,10,60,80100,1035,0,0,Normal
weapon_items,Heavy Scimitar,0x3d7e94,1,10,60,80101,1035,0,0,Heavy
weapon_items,Stone Scimitar,0x3d7ef8,1,10,60,80102,1035,0,0,Stone
weapon_items,Refined Scimitar,0x3d7f5c,1,10,60,80103,1035,0,0,Refined
weapon_items,Crystal Scimitar,0x3d7fc0,1,10,60,80106,1035,0,0,Crystal
weapon_items,Air Scimitar,0x3d8024,1,10,60,80105,1035,0,0,Air
weapon_items,Light Scimitar,0x3d8088,1,10,60,80107,1035,0,0,Light
weapon_items,Chaos Scimitar,0x3d80ec,1,10,60,80108,1035,0,0,Chaos
weapon_items,Lightning Scimitar,0x3d8150,1,10,60,80109,1035,0,0,Lightning
weapon_items,Essence Scimitar,0x3d81b4,1,10,60,80111,1035,0,0,Essence
weapon_items,Dark Scimitar,0x3d8218,1,10,60,80112,1035,0,0,Dark
weapon_items,Luck Scimitar,0x3d827c,1,10,60,80114,1035,0,0,Luck
weapon_items,Raw Scimitar,0x3d82e0,1,10,60,80113,1035,0,0,Raw
weapon_items,Sharp Scimitar,0x3d8344,1,10,60,80104,1035,0,0,Sharp
weapon_items,Divine Scimitar,0x3d83a8,1,10,60,80110,1035,0,0,Divine
weapon_items,Grave Scimitar,0x3d840c,1,10,60,80115,1035,0,0,Grave
weapon_items,Falchion,0x3da540,1,10,70,80200,1036,0,0,Normal
weapon_items,Heavy Falchion,0x3da5a4,1,10,70,80201,1036,0,0,Heavy
weapon_items,Stone Falchion,0x3da608,1,10,70,80202,1036,0,0,Stone
weapon_items,Refined Falchion,0x3da66c,1,10,70,80203,1036,0,0,Refined
weapon_items,Crystal Falchion,0x3da6d0,1,10,70,80206,1036,0,0,Crystal
weapon_items,Air Falchion,0x3da734,1,10,70,80205,1036,0,0,Air
weapon_items,Light Falchion,0x3da798,1,10,70,80207,1036,0,0,Light
weapon_items,Chaos Falchion,0x3da7fc,1,10,70,80208,1036,0,0,Chaos
weapon_items,Lightning Falchion,0x3da860,1,10,70,80209,1036,0,0,Lightning
weapon_items,Essence Falchion,0x3da8c4,1,10,70,80211,1036,0,0,Essence
weapon_items,Dark Falchion,0x3da928,1,10,70,80212,1036,0,0,Dark
weapon_items,Luck Falchion,0x3da98c,1,10,70,80214,1036,0,0,Luck
weapon_items,Raw Falchion,0x3da9f0,1,10,70,80213,1036,0,0,Raw
weapon_items,Sharp Falchion,0x3daa54,1,10,70,80204,1036,0,0,Sharp
weapon_items,Divine Falchion,0x3daab8,1,10,70,80210,1036,0,0,Divine
weapon_items,Grave Falchion,0x3dab1c,1,10,70,80215,1036,0,0,Grave
weapon_items,Carthus Curved Sword,0x3dcc50,1,10,80,80400,1037,0,0,Normal
weapon_items,Heavy Carthus Sword,0x3dccb4,1,10,80,80401,1037,0,0,Heavy
weapon_items,Stone Carthus Sword,0x3dcd18,1,10,80,80402,1037,0,0,Stone
weapon_items,Refined Carthus Sword,0x3dcd7c,1,10,80,80403,1037,0,0,Refined
weapon_items,Crystal Carthus Sword,0x3dcde0,1,10,80,80406,1037,0,0,Crystal
weapon_items,Air Carthus Sword,0x3dce44,1,10,80,80405,1037,0,0,Air
weapon_items,Light Carthus Sword,0x3dcea8,1,10,80,80407,1037,0,0,Light
weapon_items,Chaos Carthus Sword,0x3dcf0c,1,10,80,80408,1037,0,0,Chaos
weapon_items,Lightning Carthus Sword,0x3dcf70,1,10,80,80409,1037,0,0,Lightning
weapon_items,Essence Carthus Sword,0x3dcfd4,1,10,80,80411,1037,0,0,Essence
weapon_items,Dark Carthus Sword,0x3dd038,1,10,80,80412,1037,0,0,Dark
weapon_items,Luck Carthus Sword,0x3dd09c,1,10,80,80414,1037,0,0,Luck
weapon_items,Raw Carthus Sword,0x3dd100,1,10,80,80413,1037,0,0,Raw
weapon_items,Sharp Carthus Sword,0x3dd164,1,10,80,80404,1037,0,0,Sharp
weapon_items,Divine Carthus Sword,0x3dd1c8,1,10,80,80410,1037,0,0,Divine
weapon_items,Grave Carthus Sword,0x3dd22c,1,10,80,80415,1037,0,0,Grave
weapon_items,Carthus Curved Greatsword,0x3df360,1,10,85,100200,1038,0,0,Normal
weapon_items,Heavy Carthus Greatsword,0x3df3c4,1,10,85,100201,1038,0,0,Heavy
weapon_items,Stone Carthus Greatsword,0x3df428,1,10,85,100202,1038,0,0,Stone
weapon_items,Refined Carthus Greatsword,0x3df48c,1,10,85,100203,1038,0,0,Refined
weapon_items,Crystal Carthus Greatsword,0x3df4f0,1,10,85,100206,1038,0,0,Crystal
weapon_items,Air Carthus Greatsword,0x3df554,1,10,85,100205,1038,0,0,Air
weapon_items,Light Carthus Greatsword,0x3df5b8,1,10,85,100207,1038,0,0,Light
weapon_items,Chaos Carthus Greatsword,0x3df61c,1,10,85,100208,1038,0,0,Chaos
weapon_items,Lightning Carthus Greatsword,0x3df680,1,10,85,100209,1038,0,0,Lightning
weapon_items,Essence Carthus Greatsword,0x3df6e4,1,10,85,100211,1038,0,0,Essence
weapon_items,Dark Carthus Greatsword,0x3df748,1,10,85,100212,1038,0,0,Dark
weapon_items,Luck Carthus Greatsword,0x3df7ac,1,10,85,100214,1038,0,0,Luck
weapon_items,Raw Carthus Greatsword,0x3df810,1,10,85,100213,1038,0,0,Raw
weapon_items,Sharp Carthus Greatsword,0x3df874,1,10,85,100204,1038,0,0,Sharp
weapon_items,Divine Carthus Greatsword,0x3df8d8,1,10,85,100210,1038,0,0,Divine
weapon_items,Grave Carthus Greatsword,0x3df93c,1,10,85,100215,1038,0,0,Grave
weapon_items,Pontiff Knight Curved Sword,0x3e1a70,1,10,90,80800,1039,0,0,
weapon_items,Storm Curved Sword,0x3e4180,1,10,85,81000,1040,0,0,
weapon_items,Painting Guardian's Curved Sword,0x3e6890,1,10,55,80700,1189,0,0,
weapon_items,Crescent Moon Sword,0x3e8fa0,1,10,70,80900,1190,0,0,
weapon_items,Carthus Shotel,0x3eb6b0,1,10,55,80500,1191,0,0,Normal
weapon_items,Heavy Carthus Shotel,0x3eb714,1,10,55,80501,1191,0,0,Heavy
weapon_items,Stone Carthus Shotel,0x3eb778,1,10,55,80502,1191,0,0,Stone
weapon_items,Refined Carthus Shotel,0x3eb7dc,1,10,55,80503,1191,0,0,Refined
weapon_items,Crystal Carthus Shotel,0x3eb840,1,10,55,80506,1191,0,0,Crystal
weapon_items,Air Carthus Shotel,0x3eb8a4,1,10,55,80505,1191,0,0,Air
weapon_items,Light Carthus Shotel,0x3eb908,1,10,55,80507,1191,0,0,Light
weapon_items,Chaos Carthus Shotel,0x3eb96c,1,10,55,80508,1191,0,0,Chaos
weapon_items,Lightning Carthus Shotel,0x3eb9d0,1,10,55,80509,1191,0,0,Lightning
weapon_items,Essence Carthus Shotel,0x3eba34,1,10,55,80511,1191,0,0,Essence
weapon_items,Dark Carthus Shotel,0x3eba98,1,10,55,80512,1191,0,0,Dark
weapon_items,Luck Carthus Shotel,0x3ebafc,1,10,55,80514,1191,0,0,Luck
weapon_items,Raw Carthus Shotel,0x3ebb60,1,10,55,80513,1191,0,0,Raw
weapon_items,Sharp Carthus Shotel,0x3ebbc4,1,10,55,80504,1191,0,0,Sharp
weapon_items,Divine Carthus Shotel,0x3ebc28,1,10,55,80510,1191,0,0,Divine
weapon_items,Grave Carthus Shotel,0x3ebc8c,1,10,55,80515,1191,0,0,Grave
weapon_items,Follower Sabre,0x3eddc0,1,10,70,80720,1268,0,0,Normal
weapon_items,Heavy Follower Sabre,0x3ede24,1,10,70,80721,1268,0,0,Heavy
weapon_items,Stone Follower Sabre,0x3ede88,1,10,70,80722,1268,0,0,Stone
weapon_items,Refined Follower Sabre,0x3edeec,1,10,70,80723,1268,0,0,Refined
weapon_items,Crystal Follower Sabre,0x3edf50,1,10,70,80726,1268,0,0,Crystal
weapon_items,Air Follower Sabre,0x3edfb4,1,10,70,80725,1268,0,0,Air
weapon_items,Light Follower Sabre,0x3ee018,1,10,70,80727,1268,0,0,Light
weapon_items,Chaos Follower Sabre,0x3ee07c,1,10,70,80728,1268,0,0,Chaos
weapon_items,Lightning Follower Sabre,0x3ee0e0,1,10,70,80729,1268,0,0,Lightning
weapon_items,Essence Follower Sabre,0x3ee144,1,10,70,80731,1268,0,0,Essence
weapon_items,Dark Follower Sabre,0x3ee1a8,1,10,70,80732,1268,0,0,Dark
weapon_items,Luck Follower Sabre,0x3ee20c,1,10,70,80734,1268,0,0,Luck
weapon_items,Raw Follower Sabre,0x3ee270,1,10,70,80733,1268,0,0,Raw
weapon_items,Sharp Follower Sabre,0x3ee2d4,1,10,70,80724,1268,0,0,Sharp
weapon_items,Divine Follower Sabre,0x3ee338,1,10,70,80730,1268,0,0,Divine
weapon_items,Grave Follower Sabre,0x3ee39c,1,10,70,80735,1268,0,0,Grave
weapon_items,Demon's Scar,0x3f04d0,1,10,70,81020,1285,0,0,
weapon_items,Threaded Falchion,0x3f2be0,1,10,70,80750,1136,0,0,Normal
weapon_items,Heavy Threaded Falchion,0x3f2c44,1,10,70,80751,1136,0,0,Heavy
weapon_items,Stone Threaded Falchion,0x3f2ca8,1,10,70,80752,1136,0,0,Stone
weapon_items,Refined Threaded Falchion,0x3f2d0c,1,10,70,80753,1136,0,0,Refined
weapon_items,Crystal Threaded Falchion,0x3f2d70,1,10,70,80754,1136,0,0,Crystal
weapon_items,Air Threaded Falchion,0x3f2dd4,1,10,70,80755,1136,0,0,Air
weapon_items,Light Threaded Falchion,0x3f2e38,1,10,70,80756,1136,0,0,Light
weapon_items,Chaos Threaded Falchion,0x3f2e9c,1,10,70,80757,1136,0,0,Chaos
weapon_items,Lightning Threaded Falchion,0x3f2f00,1,10,70,80758,1136,0,0,Lightning
weapon_items,Essence Threaded Falchion,0x3f2f64,1,10,70,80759,1136,0,0,Essence
weapon_items,Dark Threaded Falchion,0x3f2fc8,1,10,70,80760,1136,0,0,Dark
weapon_items,Luck Threaded Falchion,0x3f302c,1,10,70,80761,1136,0,0,Luck
weapon_items,Raw Threaded Falchion,0x3f3090,1,10,70,80762,1136,0,0,Raw
weapon_items,Sharp Threaded Falchion,0x3f30f4,1,10,70,80763,1136,0,0,Sharp
weapon_items,Divine Threaded Falchion,0x3f3158,1,10,70,80764,1136,0,0,Divine
weapon_items,Grave Threaded Falchion,0x3f31bc,1,10,70,80765,1136,0,0,Grave
weapon_items,Gravelord's Khopesh,0x3f52f0,1,10,55,80510,1067,0,0,
weapon_items,Legionnaire’s Cutlass,0x3f7a00,1,10,70,80728,1333,0,0,
weapon_items,Gravelord Sword,0x3fa110,1,10,80,80400,1093,0,0,
weapon_items,Harald Curved Sword,0x3fc820,1,10,120,100320,1299,0,0,
weapon_items,Essence Curved Sword,0x3fef30,1,10,90,80850,1039,0,0,
weapon_items,Forossan Scimitar,0x401640,1,10,70,80725,1321,0,0,
weapon_items,Maelstrom Razor,0x403d50,1,10,70,81020,1328,0,0,
weapon_items,Uchigatana,0x4c4b40,1,10,35,120100,1041,0,0,Normal
weapon_items,Heavy Uchigatana,0x4c4ba4,1,10,35,120101,1041,0,0,Heavy
weapon_items,Stone Uchigatana,0x4c4c08,1,10,35,120102,1041,0,0,Stone
weapon_items,Refined Uchigatana,0x4c4c6c,1,10,35,120103,1041,0,0,Refined
weapon_items,Crystal Uchigatana,0x4c4cd0,1,10,35,120106,1041,0,0,Crystal
weapon_items,Air Uchigatana,0x4c4d34,1,10,35,120105,1041,0,0,Air
weapon_items,Light Uchigatana,0x4c4d98,1,10,35,120107,1041,0,0,Light
weapon_items,Chaos Uchigatana,0x4c4dfc,1,10,35,120108,1041,0,0,Chaos
weapon_items,Lightning Uchigatana,0x4c4e60,1,10,35,120109,1041,0,0,Lightning
weapon_items,Essence Uchigatana,0x4c4ec4,1,10,35,120111,1041,0,0,Essence
weapon_items,Dark Uchigatana,0x4c4f28,1,10,35,120112,1041,0,0,Dark
weapon_items,Luck Uchigatana,0x4c4f8c,1,10,35,120114,1041,0,0,Luck
weapon_items,Raw Uchigatana,0x4c4ff0,1,10,35,120113,1041,0,0,Raw
weapon_items,Sharp Uchigatana,0x4c5054,1,10,35,120104,1041,0,0,Sharp
weapon_items,Divine Uchigatana,0x4c50b8,1,10,35,120110,1041,0,0,Divine
weapon_items,Grave Uchigatana,0x4c511c,1,10,35,120115,1041,0,0,Grave
weapon_items,Washing Pole,0x4c7250,1,10,20,120200,1042,0,0,Normal
weapon_items,Heavy Washing Pole,0x4c72b4,1,10,20,120201,1042,0,0,Heavy
weapon_items,Stone Washing Pole,0x4c7318,1,10,20,120202,1042,0,0,Stone
weapon_items,Refined Washing Pole,0x4c737c,1,10,20,120203,1042,0,0,Refined
weapon_items,Crystal Washing Pole,0x4c73e0,1,10,20,120206,1042,0,0,Crystal
weapon_items,Air Washing Pole,0x4c7444,1,10,20,120205,1042,0,0,Air
weapon_items,Light Washing Pole,0x4c74a8,1,10,20,120207,1042,0,0,Light
weapon_items,Chaos Washing Pole,0x4c750c,1,10,20,120208,1042,0,0,Chaos
weapon_items,Lightning Washing Pole,0x4c7570,1,10,20,120209,1042,0,0,Lightning
weapon_items,Essence Washing Pole,0x4c75d4,1,10,20,120211,1042,0,0,Essence
weapon_items,Dark Washing Pole,0x4c7638,1,10,20,120212,1042,0,0,Dark
weapon_items,Luck Washing Pole,0x4c769c,1,10,20,120214,1042,0,0,Luck
weapon_items,Raw Washing Pole,0x4c7700,1,10,20,120213,1042,0,0,Raw
weapon_items,Sharp Washing Pole,0x4c7764,1,10,20,120204,1042,0,0,Sharp
weapon_items,Divine Washing Pole,0x4c77c8,1,10,20,120210,1042,0,0,Divine
weapon_items,Grave Washing Pole,0x4c782c,1,10,20,120215,1042,0,0,Grave
weapon_items,Chaos Blade,0x4c9960,1,10,35,120500,1043,0,0,
weapon_items,Black Blade,0x4cc070,1,10,50,120300,1044,0,0,
weapon_items,Bloodlust,0x4ce780,1,10,40,120400,1193,0,0,
weapon_items,Darkdrift,0x4d0e90,1,10,35,120600,1194,0,0,
weapon_items,Frayed Blade,0x4d35a0,1,10,20,120620,1286,0,0,
weapon_items,White Mist,0x4d83c0,1,10,20,120625,1179,0,0,
weapon_items,Bastard Sword,0x5b8d80,1,10,75,60100,1045,0,0,Normal
weapon_items,Heavy Bastard Sword,0x5b8de4,1,10,75,60101,1045,0,0,Heavy
weapon_items,Stone Bastard Sword,0x5b8e48,1,10,75,60102,1045,0,0,Stone
weapon_items,Refined Bastard Sword,0x5b8eac,1,10,75,60103,1045,0,0,Refined
weapon_items,Crystal Bastard Sword,0x5b8f10,1,10,75,60106,1045,0,0,Crystal
weapon_items,Air Bastard Sword,0x5b8f74,1,10,75,60105,1045,0,0,Air
weapon_items,Light Bastard Sword,0x5b8fd8,1,10,75,60107,1045,0,0,Light
weapon_items,Chaos Bastard Sword,0x5b903c,1,10,75,60108,1045,0,0,Chaos
weapon_items,Lightning Bastard Sword,0x5b90a0,1,10,75,60109,1045,0,0,Lightning
weapon_items,Essence Bastard Sword,0x5b9104,1,10,75,60111,1045,0,0,Essence
weapon_items,Dark Bastard Sword,0x5b9168,1,10,75,60112,1045,0,0,Dark
weapon_items,Luck Bastard Sword,0x5b91cc,1,10,75,60114,1045,0,0,Luck
weapon_items,Raw Bastard Sword,0x5b9230,1,10,75,60113,1045,0,0,Raw
weapon_items,Sharp Bastard Sword,0x5b9294,1,10,75,60104,1045,0,0,Sharp
weapon_items,Divine Bastard Sword,0x5b92f8,1,10,75,60110,1045,0,0,Divine
weapon_items,Grave Bastard Sword,0x5b935c,1,10,75,60115,1045,0,0,Grave
weapon_items,Claymore,0x5bdba0,1,10,75,60200,1047,0,0,Normal
weapon_items,Heavy Claymore,0x5bdc04,1,10,75,60201,1047,0,0,Heavy
weapon_items,Stone Claymore,0x5bdc68,1,10,75,60202,1047,0,0,Stone
weapon_items,Refined Claymore,0x5bdccc,1,10,75,60203,1047,0,0,Refined
weapon_items,Crystal Claymore,0x5bdd30,1,10,75,60206,1047,0,0,Crystal
weapon_items,Air Claymore,0x5bdd94,1,10,75,60205,1047,0,0,Air
weapon_items,Light Claymore,0x5bddf8,1,10,75,60207,1047,0,0,Light
weapon_items,Chaos Claymore,0x5bde5c,1,10,75,60208,1047,0,0,Chaos
weapon_items,Lightning Claymore,0x5bdec0,1,10,75,60209,1047,0,0,Lightning
weapon_items,Essence Claymore,0x5bdf24,1,10,75,60211,1047,0,0,Essence
weapon_items,Dark Claymore,0x5bdf88,1,10,75,60212,1047,0,0,Dark
weapon_items,Luck Claymore,0x5bdfec,1,10,75,60214,1047,0,0,Luck
weapon_items,Raw Claymore,0x5be050,1,10,75,60213,1047,0,0,Raw
weapon_items,Sharp Claymore,0x5be0b4,1,10,75,60204,1047,0,0,Sharp
weapon_items,Divine Claymore,0x5be118,1,10,75,60210,1047,0,0,Divine
weapon_items,Grave Claymore,0x5be17c,1,10,75,60215,1047,0,0,Grave
weapon_items,Zweihander,0x5c29c0,1,10,80,70100,1049,0,0,Normal
weapon_items,Heavy Zweihander,0x5c2a24,1,10,80,70101,1049,0,0,Heavy
weapon_items,Stone Zweihander,0x5c2a88,1,10,80,70102,1049,0,0,Stone
weapon_items,Refined Zweihander,0x5c2aec,1,10,80,70103,1049,0,0,Refined
weapon_items,Crystal Zweihander,0x5c2b50,1,10,80,70106,1049,0,0,Crystal
weapon_items,Air Zweihander,0x5c2bb4,1,10,80,70105,1049,0,0,Air
weapon_items,Light Zweihander,0x5c2c18,1,10,80,70107,1049,0,0,Light
weapon_items,Chaos Zweihander,0x5c2c7c,1,10,80,70108,1049,0,0,Chaos
weapon_items,Lightning Zweihander,0x5c2ce0,1,10,80,70109,1049,0,0,Lightning
weapon_items,Essence Zweihander,0x5c2d44,1,10,80,70111,1049,0,0,Essence
weapon_items,Dark Zweihander,0x5c2da8,1,10,80,70112,1049,0,0,Dark
weapon_items,Luck Zweihander,0x5c2e0c,1,10,80,70114,1049,0,0,Luck
weapon_items,Raw Zweihander,0x5c2e70,1,10,80,70113,1049,0,0,Raw
weapon_items,Sharp Zweihander,0x5c2ed4,1,10,80,70104,1049,0,0,Sharp
weapon_items,Divine Zweihander,0x5c2f38,1,10,80,70110,1049,0,0,Divine
weapon_items,Grave Zweihander,0x5c2f9c,1,10,80,70115,1049,0,0,Grave
weapon_items,Greatsword,0x5c50d0,1,10,100,70200,1050,0,0,Normal
weapon_items,Heavy Greatsword,0x5c5134,1,10,100,70201,1050,0,0,Heavy
weapon_items,Stone Greatsword,0x5c5198,1,10,100,70202,1050,0,0,Stone
weapon_items,Refined Greatsword,0x5c51fc,1,10,100,70203,1050,0,0,Refined
weapon_items,Crystal Greatsword,0x5c5260,1,10,100,70206,1050,0,0,Crystal
weapon_items,Air Greatsword,0x5c52c4,1,10,100,70205,1050,0,0,Air
weapon_items,Light Greatsword,0x5c5328,1,10,100,70207,1050,0,0,Light
weapon_items,Chaos Greatsword,0x5c538c,1,10,100,70208,1050,0,0,Chaos
weapon_items,Lightning Greatsword,0x5c53f0,1,10,100,70209,1050,0,0,Lightning
weapon_items,Essence Greatsword,0x5c5454,1,10,100,70211,1050,0,0,Essence
weapon_items,Dark Greatsword,0x5c54b8,1,10,100,70212,1050,0,0,Dark
weapon_items,Luck Greatsword,0x5c551c,1,10,100,70214,1050,0,0,Luck
weapon_items,Raw Greatsword,0x5c5580,1,10,100,70213,1050,0,0,Raw
weapon_items,Sharp Greatsword,0x5c55e4,1,10,100,70204,1050,0,0,Sharp
weapon_items,Divine Greatsword,0x5c5648,1,10,100,70210,1050,0,0,Divine
weapon_items,Grave Greatsword,0x5c56ac,1,10,100,70215,1050,0,0,Grave
weapon_items,Astora Greatsword,0x5c9ef0,1,10,75,70300,1052,0,0,Normal
weapon_items,Heavy Astora Greatsword,0x5c9f54,1,10,75,70301,1052,0,0,Heavy
weapon_items,Stone Astora Greatsword,0x5c9fb8,1,10,75,70302,1052,0,0,Stone
weapon_items,Refined Astora Greatsword,0x5ca01c,1,10,75,70303,1052,0,0,Refined
weapon_items,Crystal Astora Greatsword,0x5ca080,1,10,75,70306,1052,0,0,Crystal
weapon_items,Air Astora Greatsword,0x5ca0e4,1,10,75,70305,1052,0,0,Air
weapon_items,Light Astora Greatsword,0x5ca148,1,10,75,70307,1052,0,0,Light
weapon_items,Chaos Astora Greatsword,0x5ca1ac,1,10,75,70308,1052,0,0,Chaos
weapon_items,Lightning Astora Greatsword,0x5ca210,1,10,75,70309,1052,0,0,Lightning
weapon_items,Essence Astora Greatsword,0x5ca274,1,10,75,70311,1052,0,0,Essence
weapon_items,Dark Astora Greatsword,0x5ca2d8,1,10,75,70312,1052,0,0,Dark
weapon_items,Luck Astora Greatsword,0x5ca33c,1,10,75,70314,1052,0,0,Luck
weapon_items,Raw Astora Greatsword,0x5ca3a0,1,10,75,70313,1052,0,0,Raw
weapon_items,Sharp Astora Greatsword,0x5ca404,1,10,75,70304,1052,0,0,Sharp
weapon_items,Divine Astora Greatsword,0x5ca468,1,10,75,70310,1052,0,0,Divine
weapon_items,Grave Astora Greatsword,0x5ca4cc,1,10,75,70315,1052,0,0,Grave
weapon_items,Murakumo,0x5cc600,1,10,105,100100,1053,0,0,Normal
weapon_items,Heavy Murakumo,0x5cc664,1,10,105,100101,1053,0,0,Heavy
weapon_items,Stone Murakumo,0x5cc6c8,1,10,105,100102,1053,0,0,Stone
weapon_items,Refined Murakumo,0x5cc72c,1,10,105,100103,1053,0,0,Refined
weapon_items,Crystal Murakumo,0x5cc790,1,10,105,100106,1053,0,0,Crystal
weapon_items,Air Murakumo,0x5cc7f4,1,10,105,100105,1053,0,0,Air
weapon_items,Light Murakumo,0x5cc858,1,10,105,100107,1053,0,0,Light
weapon_items,Chaos Murakumo,0x5cc8bc,1,10,105,100108,1053,0,0,Chaos
weapon_items,Lightning Murakumo,0x5cc920,1,10,105,100109,1053,0,0,Lightning
weapon_items,Essence Murakumo,0x5cc984,1,10,105,100111,1053,0,0,Essence
weapon_items,Dark Murakumo,0x5cc9e8,1,10,105,100112,1053,0,0,Dark
weapon_items,Luck Murakumo,0x5cca4c,1,10,105,100114,1053,0,0,Luck
weapon_items,Raw Murakumo,0x5ccab0,1,10,105,100113,1053,0,0,Raw
weapon_items,Sharp Murakumo,0x5ccb14,1,10,105,100104,1053,0,0,Sharp
weapon_items,Divine Murakumo,0x5ccb78,1,10,105,100110,1053,0,0,Divine
weapon_items,Grave Murakumo,0x5ccbdc,1,10,105,100115,1053,0,0,Grave
weapon_items,Lothric Knight Ultra Greatsword,0x5d1420,1,10,100,70400,1055,0,0,Normal
weapon_items,Heavy Lothric Ultra Greatsword,0x5d1484,1,10,100,70401,1055,0,0,Heavy
weapon_items,Stone Lothric Ultra Greatsword,0x5d14e8,1,10,100,70402,1055,0,0,Stone
weapon_items,Refined Lothric Ultra Greatsword,0x5d154c,1,10,100,70403,1055,0,0,Refined
weapon_items,Crystal Lothric Ultra Greatsword,0x5d15b0,1,10,100,70406,1055,0,0,Crystal
weapon_items,Air Lothric Ultra Greatsword,0x5d1614,1,10,100,70405,1055,0,0,Air
weapon_items,Light Lothric Ultra Greatsword,0x5d1678,1,10,100,70407,1055,0,0,Light
weapon_items,Chaos Lothric Ultra Greatsword,0x5d16dc,1,10,100,70408,1055,0,0,Chaos
weapon_items,Lightning Lothric Ultra Greatsword,0x5d1740,1,10,100,70409,1055,0,0,Lightning
weapon_items,Essence Lothric Ultra Greatsword,0x5d17a4,1,10,100,70411,1055,0,0,Essence
weapon_items,Dark Lothric Ultra Greatsword,0x5d1808,1,10,100,70412,1055,0,0,Dark
weapon_items,Luck Lothric Ultra Greatsword,0x5d186c,1,10,100,70414,1055,0,0,Luck
weapon_items,Raw Lothric Ultra Greatsword,0x5d18d0,1,10,100,70413,1055,0,0,Raw
weapon_items,Sharp Lothric Ultra Greatsword,0x5d1934,1,10,100,70404,1055,0,0,Sharp
weapon_items,Divine Lothric Ultra Greatsword,0x5d1998,1,10,100,70410,1055,0,0,Divine
weapon_items,Grave Lothric Ultra Greatsword,0x5d19fc,1,10,100,70415,1055,0,0,Grave
weapon_items,Black Knight Greatsword,0x5d8950,1,10,115,70600,1058,0,0,
weapon_items,Flamberge,0x5db060,1,10,70,60300,1059,0,0,Normal
weapon_items,Heavy Flamberge,0x5db0c4,1,10,70,60301,1059,0,0,Heavy
weapon_items,Stone Flamberge,0x5db128,1,10,70,60302,1059,0,0,Stone
weapon_items,Refined Flamberge,0x5db18c,1,10,70,60303,1059,0,0,Refined
weapon_items,Crystal Flamberge,0x5db1f0,1,10,70,60306,1059,0,0,Crystal
weapon_items,Air Flamberge,0x5db254,1,10,70,60305,1059,0,0,Air
weapon_items,Light Flamberge,0x5db2b8,1,10,70,60307,1059,0,0,Light
weapon_items,Chaos Flamberge,0x5db31c,1,10,70,60308,1059,0,0,Chaos
weapon_items,Lightning Flamberge,0x5db380,1,10,70,60309,1059,0,0,Lightning
weapon_items,Essence Flamberge,0x5db3e4,1,10,70,60311,1059,0,0,Essence
weapon_items,Dark Flamberge,0x5db448,1,10,70,60312,1059,0,0,Dark
weapon_items,Luck Flamberge,0x5db4ac,1,10,70,60314,1059,0,0,Luck
weapon_items,Raw Flamberge,0x5db510,1,10,70,60313,1059,0,0,Raw
weapon_items,Sharp Flamberge,0x5db574,1,10,70,60304,1059,0,0,Sharp
weapon_items,Divine Flamberge,0x5db5d8,1,10,70,60310,1059,0,0,Divine
weapon_items,Grave Flamberge,0x5db63c,1,10,70,60315,1059,0,0,Grave
weapon_items,Exile Greatsword,0x5dd770,1,10,120,100300,1060,0,0,Normal
weapon_items,Heavy Exile Greatsword,0x5dd7d4,1,10,120,100301,1060,0,0,Heavy
weapon_items,Stone Exile Greatsword,0x5dd838,1,10,120,100302,1060,0,0,Stone
weapon_items,Refined Exile Greatsword,0x5dd89c,1,10,120,100303,1060,0,0,Refined
weapon_items,Crystal Exile Greatsword,0x5dd900,1,10,120,100306,1060,0,0,Crystal
weapon_items,Air Exile Greatsword,0x5dd964,1,10,120,100305,1060,0,0,Air
weapon_items,Light Exile Greatsword,0x5dd9c8,1,10,120,100307,1060,0,0,Light
weapon_items,Chaos Exile Greatsword,0x5dda2c,1,10,120,100308,1060,0,0,Chaos
weapon_items,Lightning Exile Greatsword,0x5dda90,1,10,120,100309,1060,0,0,Lightning
weapon_items,Essence Exile Greatsword,0x5ddaf4,1,10,120,100311,1060,0,0,Essence
weapon_items,Dark Exile Greatsword,0x5ddb58,1,10,120,100312,1060,0,0,Dark
weapon_items,Luck Exile Greatsword,0x5ddbbc,1,10,120,100314,1060,0,0,Luck
weapon_items,Raw Exile Greatsword,0x5ddc20,1,10,120,100313,1060,0,0,Raw
weapon_items,Sharp Exile Greatsword,0x5ddc84,1,10,120,100304,1060,0,0,Sharp
weapon_items,Divine Exile Greatsword,0x5ddce8,1,10,120,100310,1060,0,0,Divine
weapon_items,Grave Exile Greatsword,0x5ddd4c,1,10,120,100315,1060,0,0,Grave
weapon_items,Lothric Knight Greatsword,0x5dfe80,1,10,70,60300,1317,0,0,Normal
weapon_items,Heavy Lothric Greatsword,0x5dfee4,1,10,70,60301,1317,0,0,Heavy
weapon_items,Stone Lothric Greatsword,0x5dff48,1,10,70,60302,1317,0,0,Stone
weapon_items,Refined Lothric Greatsword,0x5dffac,1,10,70,60303,1317,0,0,Refined
weapon_items,Crystal Lothric Greatsword,0x5e0010,1,10,70,60306,1317,0,0,Crystal
weapon_items,Air Lothric Greatsword,0x5e0074,1,10,70,60305,1317,0,0,Air
weapon_items,Light Lothric Greatsword,0x5e00d8,1,10,70,60307,1317,0,0,Light
weapon_items,Chaos Lothric Greatsword,0x5e013c,1,10,70,60308,1317,0,0,Chaos
weapon_items,Lightning Lothric Greatsword,0x5e01a0,1,10,70,60309,1317,0,0,Lightning
weapon_items,Essence Lothric Greatsword,0x5e0204,1,10,70,60311,1317,0,0,Essence
weapon_items,Dark Lothric Greatsword,0x5e0268,1,10,70,60312,1317,0,0,Dark
weapon_items,Luck Lothric Greatsword,0x5e02cc,1,10,70,60314,1317,0,0,Luck
weapon_items,Raw Lothric Greatsword,0x5e0330,1,10,70,60313,1317,0,0,Raw
weapon_items,Sharp Lothric Greatsword,0x5e0394,1,10,70,60304,1317,0,0,Sharp
weapon_items,Divine Lothric Greatsword,0x5e03f8,1,10,70,60310,1317,0,0,Divine
weapon_items,Grave Lothric Greatsword,0x5e045c,1,10,70,60315,1317,0,0,Grave
weapon_items,Greatsword of Judgment,0x5e2590,1,10,85,60900,1062,0,0,
weapon_items,Profaned Greatsword,0x5e4ca0,1,10,100,70800,1063,0,0,
weapon_items,Cathedral Knight Greatsword,0x5e73b0,1,10,120,70500,1064,0,0,Normal
weapon_items,Heavy Cathedral Greatsword,0x5e7414,1,10,120,70501,1064,0,0,Heavy
weapon_items,Stone Cathedral Greatsword,0x5e7478,1,10,120,70502,1064,0,0,Stone
weapon_items,Refined Cathedral Greatsword,0x5e74dc,1,10,120,70503,1064,0,0,Refined
weapon_items,Crystal Cathedral Greatsword,0x5e7540,1,10,120,70506,1064,0,0,Crystal
weapon_items,Air Cathedral Greatsword,0x5e75a4,1,10,120,70505,1064,0,0,Air
weapon_items,Light Cathedral Greatsword,0x5e7608,1,10,120,70507,1064,0,0,Light
weapon_items,Chaos Cathedral Greatsword,0x5e766c,1,10,120,70508,1064,0,0,Chaos
weapon_items,Lightning Cathedral Greatsword,0x5e76d0,1,10,120,70509,1064,0,0,Lightning
weapon_items,Essence Cathedral Greatsword,0x5e7734,1,10,120,70511,1064,0,0,Essence
weapon_items,Dark Cathedral Greatsword,0x5e7798,1,10,120,70512,1064,0,0,Dark
weapon_items,Luck Cathedral Greatsword,0x5e77fc,1,10,120,70514,1064,0,0,Luck
weapon_items,Raw Cathedral Greatsword,0x5e7860,1,10,120,70513,1064,0,0,Raw
weapon_items,Sharp Cathedral Greatsword,0x5e78c4,1,10,120,70504,1064,0,0,Sharp
weapon_items,Divine Cathedral Greatsword,0x5e7928,1,10,120,70510,1064,0,0,Divine
weapon_items,Grave Cathedral Greatsword,0x5e798c,1,10,120,70515,1064,0,0,Grave
weapon_items,Farron Greatsword,0x5e9ac0,1,10,90,71000,1065,0,0,
weapon_items,Rekindled Farron Greatsword,0x5ec1d0,1,10,90,71010,1318,0,0,
weapon_items,Rekindled Yhorm's Machete,0x5ee8e0,1,10,140,140600,1345,0,0,
weapon_items,Yhorm's Great Machete,0x5f0ff0,1,10,140,140600,1068,0,0,
weapon_items,Dark Sword,0x5f3700,1,10,80,50800,1069,0,0,
weapon_items,Black Knight Sword,0x5f5e10,1,10,100,60600,1070,0,0,
weapon_items,Lorian's Greatsword,0x5f8520,1,10,115,70900,1061,0,0,
weapon_items,Twin Princes' Greatsword,0x5fac30,1,10,95,61400,1260,0,0,
weapon_items,Lothric's Holy Sword,0x5fd340,1,10,80,51400,1261,0,0,
weapon_items,Wolnir's Holy Sword,0x5ffa50,1,10,70,60800,1262,0,0,
weapon_items,Wolf Knight's Greatsword,0x602160,1,10,95,61100,1196,0,0,
weapon_items,Hollowslayer Greatsword,0x604870,1,10,70,60700,1197,0,0,
weapon_items,Moonlight Greatsword,0x606f80,1,10,75,61200,1198,0,0,
weapon_items,Drakeblood Greatsword,0x609690,1,10,75,60400,1199,0,0,
weapon_items,Firelink Greatsword,0x60bda0,1,10,105,61300,1200,0,0,
weapon_items,Fume Ultra Greatsword,0x60e4b0,1,10,170,70700,1201,0,0,
weapon_items,Old Wolf Curved Sword,0x610bc0,1,10,95,100400,1202,0,0,
weapon_items,Storm Ruler,0x6132d0,1,10,10,61000,1265,0,0,
weapon_items,Harald Curved Greatsword,0x6159e0,1,10,120,100320,1299,0,0,
weapon_items,Black Lotus,0x6180f0,1,10,60,120630,1006,0,0,
weapon_items,Sword of Guiding Light,0x61a800,1,10,80,51400,1095,0,0,
weapon_items,Demonbrandt,0x61cf10,1,10,100,51410,1089,0,0,
weapon_items,Soulbrandt,0x61f620,1,10,80,51420,1088,0,0,
weapon_items,Smouldering Broken Greatsword,0x621d30,1,10,70,51450,1195,0,0,
weapon_items,Divine Blade,0x626b50,1,10,75,61250,1224,0,0,
weapon_items,Ringed Knight Greatsword,0x629260,1,10,100,70250,1335,0,0,
weapon_items,Northern Regalia,0x62b970,1,10,100,51460,1176,0,0,
weapon_items,Frigid Curved Greatsword,0x62e080,1,10,120,100320,1319,0,0,
weapon_items,Morion Greatsword,0x630790,1,10,75,60450,1331,0,0,
weapon_items,Hand Axe,0x6acfc0,1,10,60,130100,1071,0,0,Normal
weapon_items,Heavy Hand Axe,0x6ad024,1,10,60,130101,1071,0,0,Heavy
weapon_items,Stone Hand Axe,0x6ad088,1,10,60,130102,1071,0,0,Stone
weapon_items,Refined Hand Axe,0x6ad0ec,1,10,60,130103,1071,0,0,Refined
weapon_items,Crystal Hand Axe,0x6ad150,1,10,60,130106,1071,0,0,Crystal
weapon_items,Air Hand Axe,0x6ad1b4,1,10,60,130105,1071,0,0,Air
weapon_items,Light Hand Axe,0x6ad218,1,10,60,130107,1071,0,0,Light
weapon_items,Chaos Hand Axe,0x6ad27c,1,10,60,130108,1071,0,0,Chaos
weapon_items,Lightning Hand Axe,0x6ad2e0,1,10,60,130109,1071,0,0,Lightning
weapon_items,Essence Hand Axe,0x6ad344,1,10,60,130111,1071,0,0,Essence
weapon_items,Dark Hand Axe,0x6ad3a8,1,10,60,130112,1071,0,0,Dark
weapon_items,Luck Hand Axe,0x6ad40c,1,10,60,130114,1071,0,0,Luck
weapon_items,Raw Hand Axe,0x6ad470,1,10,60,130113,1071,0,0,Raw
weapon_items,Sharp Hand Axe,0x6ad4d4,1,10,60,130104,1071,0,0,Sharp
weapon_items,Divine Hand Axe,0x6ad538,1,10,60,130110,1071,0,0,Divine
weapon_items,Grave Hand Axe,0x6ad59c,1,10,60,130115,1071,0,0,Grave
weapon_items,Battle Axe,0x6af6d0,1,10,80,130300,1072,0,0,Normal
weapon_items,Heavy Battle Axe,0x6af734,1,10,80,130301,1072,0,0,Heavy
weapon_items,Stone Battle Axe,0x6af798,1,10,80,130302,1072,0,0,Stone
weapon_items,Refined Battle Axe,0x6af7fc,1,10,80,130303,1072,0,0,Refined
weapon_items,Crystal Battle Axe,0x6af860,1,10,80,130306,1072,0,0,Crystal
weapon_items,Air Battle Axe,0x6af8c4,1,10,80,130305,1072,0,0,Air
weapon_items,Light Battle Axe,0x6af928,1,10,80,130307,1072,0,0,Light
weapon_items,Chaos Battle Axe,0x6af98c,1,10,80,130308,1072,0,0,Chaos
weapon_items,Lightning Battle Axe,0x6af9f0,1,10,80,130309,1072,0,0,Lightning
weapon_items,Essence Battle Axe,0x6afa54,1,10,80,130311,1072,0,0,Essence
weapon_items,Dark Battle Axe,0x6afab8,1,10,80,130312,1072,0,0,Dark
weapon_items,Luck Battle Axe,0x6afb1c,1,10,80,130314,1072,0,0,Luck
weapon_items,Raw Battle Axe,0x6afb80,1,10,80,130313,1072,0,0,Raw
weapon_items,Sharp Battle Axe,0x6afbe4,1,10,80,130304,1072,0,0,Sharp
weapon_items,Divine Battle Axe,0x6afc48,1,10,80,130310,1072,0,0,Divine
weapon_items,Grave Battle Axe,0x6afcac,1,10,80,130315,1072,0,0,Grave
weapon_items,Brigand Axe,0x6b1de0,1,10,75,130400,1073,0,0,Normal
weapon_items,Heavy Brigand Axe,0x6b1e44,1,10,75,130401,1073,0,0,Heavy
weapon_items,Stone Brigand Axe,0x6b1ea8,1,10,75,130402,1073,0,0,Stone
weapon_items,Refined Brigand Axe,0x6b1f0c,1,10,75,130403,1073,0,0,Refined
weapon_items,Crystal Brigand Axe,0x6b1f70,1,10,75,130406,1073,0,0,Crystal
weapon_items,Air Brigand Axe,0x6b1fd4,1,10,75,130405,1073,0,0,Air
weapon_items,Light Brigand Axe,0x6b2038,1,10,75,130407,1073,0,0,Light
weapon_items,Chaos Brigand Axe,0x6b209c,1,10,75,130408,1073,0,0,Chaos
weapon_items,Lightning Brigand Axe,0x6b2100,1,10,75,130409,1073,0,0,Lightning
weapon_items,Essence Brigand Axe,0x6b2164,1,10,75,130411,1073,0,0,Essence
weapon_items,Dark Brigand Axe,0x6b21c8,1,10,75,130412,1073,0,0,Dark
weapon_items,Luck Brigand Axe,0x6b222c,1,10,75,130414,1073,0,0,Luck
weapon_items,Raw Brigand Axe,0x6b2290,1,10,75,130413,1073,0,0,Raw
weapon_items,Sharp Brigand Axe,0x6b22f4,1,10,75,130404,1073,0,0,Sharp
weapon_items,Divine Brigand Axe,0x6b2358,1,10,75,130410,1073,0,0,Divine
weapon_items,Grave Brigand Axe,0x6b23bc,1,10,75,130415,1073,0,0,Grave
weapon_items,Earthsplitter Hatchet,0x6b44f0,1,10,60,130102,1332,0,0,
weapon_items,Crescent Axe,0x6b6c00,1,10,75,190500,1075,0,0,Normal
weapon_items,Heavy Crescent Axe,0x6b6c64,1,10,75,190501,1075,0,0,Heavy
weapon_items,Stone Crescent Axe,0x6b6cc8,1,10,75,190502,1075,0,0,Stone
weapon_items,Refined Crescent Axe,0x6b6d2c,1,10,75,190503,1075,0,0,Refined
weapon_items,Crystal Crescent Axe,0x6b6d90,1,10,75,190506,1075,0,0,Crystal
weapon_items,Air Crescent Axe,0x6b6df4,1,10,75,190505,1075,0,0,Air
weapon_items,Light Crescent Axe,0x6b6e58,1,10,75,190507,1075,0,0,Light
weapon_items,Chaos Crescent Axe,0x6b6ebc,1,10,75,190508,1075,0,0,Chaos
weapon_items,Lightning Crescent Axe,0x6b6f20,1,10,75,190509,1075,0,0,Lightning
weapon_items,Essence Crescent Axe,0x6b6f84,1,10,75,190511,1075,0,0,Essence
weapon_items,Dark Crescent Axe,0x6b6fe8,1,10,75,190512,1075,0,0,Dark
weapon_items,Luck Crescent Axe,0x6b704c,1,10,75,190514,1075,0,0,Luck
weapon_items,Raw Crescent Axe,0x6b70b0,1,10,75,190513,1075,0,0,Raw
weapon_items,Sharp Crescent Axe,0x6b7114,1,10,75,190504,1075,0,0,Sharp
weapon_items,Divine Crescent Axe,0x6b7178,1,10,75,190510,1075,0,0,Divine
weapon_items,Grave Crescent Axe,0x6b71dc,1,10,75,190515,1075,0,0,Grave
weapon_items,Greataxe,0x6b9310,1,10,135,140100,1076,0,0,Normal
weapon_items,Heavy Greataxe,0x6b9374,1,10,135,140101,1076,0,0,Heavy
weapon_items,Stone Greataxe,0x6b93d8,1,10,135,140102,1076,0,0,Stone
weapon_items,Refined Greataxe,0x6b943c,1,10,135,140103,1076,0,0,Refined
weapon_items,Crystal Greataxe,0x6b94a0,1,10,135,140106,1076,0,0,Crystal
weapon_items,Air Greataxe,0x6b9504,1,10,135,140105,1076,0,0,Air
weapon_items,Light Greataxe,0x6b9568,1,10,135,140107,1076,0,0,Light
weapon_items,Chaos Greataxe,0x6b95cc,1,10,135,140108,1076,0,0,Chaos
weapon_items,Lightning Greataxe,0x6b9630,1,10,135,140109,1076,0,0,Lightning
weapon_items,Essence Greataxe,0x6b9694,1,10,135,140111,1076,0,0,Essence
weapon_items,Dark Greataxe,0x6b96f8,1,10,135,140112,1076,0,0,Dark
weapon_items,Luck Greataxe,0x6b975c,1,10,135,140114,1076,0,0,Luck
weapon_items,Raw Greataxe,0x6b97c0,1,10,135,140113,1076,0,0,Raw
weapon_items,Sharp Greataxe,0x6b9824,1,10,135,140104,1076,0,0,Sharp
weapon_items,Divine Greataxe,0x6b9888,1,10,135,140110,1076,0,0,Divine
weapon_items,Grave Greataxe,0x6b98ec,1,10,135,140115,1076,0,0,Grave
weapon_items,Axe of Rust,0x6bba20,1,10,80,130320,1334,0,0,
weapon_items,Butcher Knife,0x6be130,1,10,75,130700,1078,0,0,
weapon_items,Dragonslayer's Axe,0x6c0840,1,10,70,130500,1079,0,0,
weapon_items,Evangelist's Axe,0x6c2f50,1,10,75,190520,1323,0,0,
weapon_items,Thrall Axe,0x6c5660,1,10,55,130200,1081,0,0,Normal
weapon_items,Heavy Thrall Axe,0x6c56c4,1,10,55,130201,1081,0,0,Heavy
weapon_items,Stone Thrall Axe,0x6c5728,1,10,55,130202,1081,0,0,Stone
weapon_items,Refined Thrall Axe,0x6c578c,1,10,55,130203,1081,0,0,Refined
weapon_items,Crystal Thrall Axe,0x6c57f0,1,10,55,130206,1081,0,0,Crystal
weapon_items,Air Thrall Axe,0x6c5854,1,10,55,130205,1081,0,0,Air
weapon_items,Light Thrall Axe,0x6c58b8,1,10,55,130207,1081,0,0,Light
weapon_items,Chaos Thrall Axe,0x6c591c,1,10,55,130208,1081,0,0,Chaos
weapon_items,Lightning Thrall Axe,0x6c5980,1,10,55,130209,1081,0,0,Lightning
weapon_items,Essence Thrall Axe,0x6c59e4,1,10,55,130211,1081,0,0,Essence
weapon_items,Dark Thrall Axe,0x6c5a48,1,10,55,130212,1081,0,0,Dark
weapon_items,Luck Thrall Axe,0x6c5aac,1,10,55,130214,1081,0,0,Luck
weapon_items,Raw Thrall Axe,0x6c5b10,1,10,55,130213,1081,0,0,Raw
weapon_items,Sharp Thrall Axe,0x6c5b74,1,10,55,130204,1081,0,0,Sharp
weapon_items,Divine Thrall Axe,0x6c5bd8,1,10,55,130210,1081,0,0,Divine
weapon_items,Grave Thrall Axe,0x6c5c3c,1,10,55,130215,1081,0,0,Grave
weapon_items,Dragonslayer Greataxe,0x6c7d70,1,10,165,140500,1082,0,0,
weapon_items,Demon's Greataxe,0x6ca480,1,10,60,140400,1083,0,0,
weapon_items,Eleonora,0x6ccb90,1,10,90,130800,1205,0,0,
weapon_items,Man Serpent Hatchet,0x6d19b0,1,10,25,130600,1206,0,0,
weapon_items,Toralad’s Axe,0x6d40c0,1,10,60,140410,1192,0,0,
weapon_items,Millwood Battle Axe,0x6d67d0,1,10,80,130520,1269,0,0,Normal
weapon_items,Heavy Millwood Battle Axe,0x6d6834,1,10,80,130521,1269,0,0,Heavy
weapon_items,Stone Millwood Battle Axe,0x6d6898,1,10,80,130522,1269,0,0,Stone
weapon_items,Refined Millwood Battle Axe,0x6d68fc,1,10,80,130523,1269,0,0,Refined
weapon_items,Crystal Millwood Battle Axe,0x6d6960,1,10,80,130526,1269,0,0,Crystal
weapon_items,Air Millwood Battle Axe,0x6d69c4,1,10,80,130525,1269,0,0,Air
weapon_items,Light Millwood Battle Axe,0x6d6a28,1,10,80,130527,1269,0,0,Light
weapon_items,Chaos Millwood Battle Axe,0x6d6a8c,1,10,80,130528,1269,0,0,Chaos
weapon_items,Lightning Millwood Battle Axe,0x6d6af0,1,10,80,130529,1269,0,0,Lightning
weapon_items,Essence Millwood Battle Axe,0x6d6b54,1,10,80,130531,1269,0,0,Essence
weapon_items,Dark Millwood Battle Axe,0x6d6bb8,1,10,80,130532,1269,0,0,Dark
weapon_items,Luck Millwood Battle Axe,0x6d6c1c,1,10,80,130534,1269,0,0,Luck
weapon_items,Raw Millwood Battle Axe,0x6d6c80,1,10,80,130533,1269,0,0,Raw
weapon_items,Sharp Millwood Battle Axe,0x6d6ce4,1,10,80,130524,1269,0,0,Sharp
weapon_items,Divine Millwood Battle Axe,0x6d6d48,1,10,80,130530,1269,0,0,Divine
weapon_items,Grave Millwood Battle Axe,0x6d6dac,1,10,80,130535,1269,0,0,Grave
weapon_items,Earth Seeker,0x6d8ee0,1,10,115,140620,1270,0,0,
weapon_items,Lion Knight Axe,0x6db5f0,1,10,80,140800,1011,0,0,
weapon_items,Leviathan Axe,0x6ddd00,1,10,80,140810,1097,0,0,
weapon_items,Returning Axe,0x6e0410,1,10,60,140815,1146,0,0,
weapon_items,Bronze Axe,0x6e2b20,1,10,60,130150,1075,0,0,
weapon_items,Club,0x7a1200,1,10,90,150100,1084,0,0,Normal
weapon_items,Heavy Club,0x7a1264,1,10,90,150101,1084,0,0,Heavy
weapon_items,Stone Club,0x7a12c8,1,10,90,150102,1084,0,0,Stone
weapon_items,Refined Club,0x7a132c,1,10,90,150103,1084,0,0,Refined
weapon_items,Crystal Club,0x7a1390,1,10,90,150106,1084,0,0,Crystal
weapon_items,Air Club,0x7a13f4,1,10,90,150105,1084,0,0,Air
weapon_items,Light Club,0x7a1458,1,10,90,150107,1084,0,0,Light
weapon_items,Chaos Club,0x7a14bc,1,10,90,150108,1084,0,0,Chaos
weapon_items,Lightning Club,0x7a1520,1,10,90,150109,1084,0,0,Lightning
weapon_items,Essence Club,0x7a1584,1,10,90,150111,1084,0,0,Essence
weapon_items,Dark Club,0x7a15e8,1,10,90,150112,1084,0,0,Dark
weapon_items,Luck Club,0x7a164c,1,10,90,150114,1084,0,0,Luck
weapon_items,Raw Club,0x7a16b0,1,10,90,150113,1084,0,0,Raw
weapon_items,Sharp Club,0x7a1714,1,10,90,150104,1084,0,0,Sharp
weapon_items,Divine Club,0x7a1778,1,10,90,150110,1084,0,0,Divine
weapon_items,Grave Club,0x7a17dc,1,10,90,150115,1084,0,0,Grave
weapon_items,Mace,0x7a3910,1,10,80,150300,1085,0,0,Normal
weapon_items,Heavy Mace,0x7a3974,1,10,80,150301,1085,0,0,Heavy
weapon_items,Stone Mace,0x7a39d8,1,10,80,150302,1085,0,0,Stone
weapon_items,Refined Mace,0x7a3a3c,1,10,80,150303,1085,0,0,Refined
weapon_items,Crystal Mace,0x7a3aa0,1,10,80,150306,1085,0,0,Crystal
weapon_items,Air Mace,0x7a3b04,1,10,80,150305,1085,0,0,Air
weapon_items,Light Mace,0x7a3b68,1,10,80,150307,1085,0,0,Light
weapon_items,Chaos Mace,0x7a3bcc,1,10,80,150308,1085,0,0,Chaos
weapon_items,Lightning Mace,0x7a3c30,1,10,80,150309,1085,0,0,Lightning
weapon_items,Essence Mace,0x7a3c94,1,10,80,150311,1085,0,0,Essence
weapon_items,Dark Mace,0x7a3cf8,1,10,80,150312,1085,0,0,Dark
weapon_items,Luck Mace,0x7a3d5c,1,10,80,150314,1085,0,0,Luck
weapon_items,Raw Mace,0x7a3dc0,1,10,80,150313,1085,0,0,Raw
weapon_items,Sharp Mace,0x7a3e24,1,10,80,150304,1085,0,0,Sharp
weapon_items,Divine Mace,0x7a3e88,1,10,80,150310,1085,0,0,Divine
weapon_items,Grave Mace,0x7a3eec,1,10,80,150315,1085,0,0,Grave
weapon_items,Morning Star,0x7a6020,1,10,75,150400,1086,0,0,Normal
weapon_items,Heavy Morning Star,0x7a6084,1,10,75,150401,1086,0,0,Heavy
weapon_items,Stone Morning Star,0x7a60e8,1,10,75,150402,1086,0,0,Stone
weapon_items,Refined Morning Star,0x7a614c,1,10,75,150403,1086,0,0,Refined
weapon_items,Crystal Morning Star,0x7a61b0,1,10,75,150406,1086,0,0,Crystal
weapon_items,Air Morning Star,0x7a6214,1,10,75,150405,1086,0,0,Air
weapon_items,Light Morning Star,0x7a6278,1,10,75,150407,1086,0,0,Light
weapon_items,Chaos Morning Star,0x7a62dc,1,10,75,150408,1086,0,0,Chaos
weapon_items,Lightning Morning Star,0x7a6340,1,10,75,150409,1086,0,0,Lightning
weapon_items,Essence Morning Star,0x7a63a4,1,10,75,150411,1086,0,0,Essence
weapon_items,Dark Morning Star,0x7a6408,1,10,75,150412,1086,0,0,Dark
weapon_items,Luck Morning Star,0x7a646c,1,10,75,150414,1086,0,0,Luck
weapon_items,Raw Morning Star,0x7a64d0,1,10,75,150413,1086,0,0,Raw
weapon_items,Sharp Morning Star,0x7a6534,1,10,75,150404,1086,0,0,Sharp
weapon_items,Divine Morning Star,0x7a6598,1,10,75,150410,1086,0,0,Divine
weapon_items,Grave Morning Star,0x7a65fc,1,10,75,150415,1086,0,0,Grave
weapon_items,Reinforced Club,0x7a8730,1,10,45,150200,1087,0,0,Normal
weapon_items,Heavy Reinforced Club,0x7a8794,1,10,45,150201,1087,0,0,Heavy
weapon_items,Stone Reinforced Club,0x7a87f8,1,10,45,150202,1087,0,0,Stone
weapon_items,Refined Reinforced Club,0x7a885c,1,10,45,150203,1087,0,0,Refined
weapon_items,Crystal Reinforced Club,0x7a88c0,1,10,45,150206,1087,0,0,Crystal
weapon_items,Air Reinforced Club,0x7a8924,1,10,45,150205,1087,0,0,Air
weapon_items,Light Reinforced Club,0x7a8988,1,10,45,150207,1087,0,0,Light
weapon_items,Chaos Reinforced Club,0x7a89ec,1,10,45,150208,1087,0,0,Chaos
weapon_items,Lightning Reinforced Club,0x7a8a50,1,10,45,150209,1087,0,0,Lightning
weapon_items,Essence Reinforced Club,0x7a8ab4,1,10,45,150211,1087,0,0,Essence
weapon_items,Dark Reinforced Club,0x7a8b18,1,10,45,150212,1087,0,0,Dark
weapon_items,Luck Reinforced Club,0x7a8b7c,1,10,45,150214,1087,0,0,Luck
weapon_items,Raw Reinforced Club,0x7a8be0,1,10,45,150213,1087,0,0,Raw
weapon_items,Sharp Reinforced Club,0x7a8c44,1,10,45,150204,1087,0,0,Sharp
weapon_items,Divine Reinforced Club,0x7a8ca8,1,10,45,150210,1087,0,0,Divine
weapon_items,Grave Reinforced Club,0x7a8d0c,1,10,45,150215,1087,0,0,Grave
weapon_items,Large Club,0x7afc60,1,10,125,160100,1090,0,0,Normal
weapon_items,Heavy Large Club,0x7afcc4,1,10,125,160101,1090,0,0,Heavy
weapon_items,Stone Large Club,0x7afd28,1,10,125,160102,1090,0,0,Stone
weapon_items,Refined Large Club,0x7afd8c,1,10,125,160103,1090,0,0,Refined
weapon_items,Crystal Large Club,0x7afdf0,1,10,125,160106,1090,0,0,Crystal
weapon_items,Air Large Club,0x7afe54,1,10,125,160105,1090,0,0,Air
weapon_items,Light Large Club,0x7afeb8,1,10,125,160107,1090,0,0,Light
weapon_items,Chaos Large Club,0x7aff1c,1,10,125,160108,1090,0,0,Chaos
weapon_items,Lightning Large Club,0x7aff80,1,10,125,160109,1090,0,0,Lightning
weapon_items,Essence Large Club,0x7affe4,1,10,125,160111,1090,0,0,Essence
weapon_items,Dark Large Club,0x7b0048,1,10,125,160112,1090,0,0,Dark
weapon_items,Luck Large Club,0x7b00ac,1,10,125,160114,1090,0,0,Luck
weapon_items,Raw Large Club,0x7b0110,1,10,125,160113,1090,0,0,Raw
weapon_items,Sharp Large Club,0x7b0174,1,10,125,160104,1090,0,0,Sharp
weapon_items,Divine Large Club,0x7b01d8,1,10,125,160110,1090,0,0,Divine
weapon_items,Grave Large Club,0x7b023c,1,10,125,160115,1090,0,0,Grave
weapon_items,Great Club,0x7b4a80,1,10,280,160200,1091,0,0,Normal
weapon_items,Heavy Great Club,0x7b4ae4,1,10,280,160201,1091,0,0,Heavy
weapon_items,Stone Great Club,0x7b4b48,1,10,280,160202,1091,0,0,Stone
weapon_items,Refined Great Club,0x7b4bac,1,10,280,160203,1091,0,0,Refined
weapon_items,Crystal Great Club,0x7b4c10,1,10,280,160206,1091,0,0,Crystal
weapon_items,Air Great Club,0x7b4c74,1,10,280,160205,1091,0,0,Air
weapon_items,Light Great Club,0x7b4cd8,1,10,280,160207,1091,0,0,Light
weapon_items,Chaos Great Club,0x7b4d3c,1,10,280,160208,1091,0,0,Chaos
weapon_items,Lightning Great Club,0x7b4da0,1,10,280,160209,1091,0,0,Lightning
weapon_items,Essence Great Club,0x7b4e04,1,10,280,160211,1091,0,0,Essence
weapon_items,Dark Great Club,0x7b4e68,1,10,280,160212,1091,0,0,Dark
weapon_items,Luck Great Club,0x7b4ecc,1,10,280,160214,1091,0,0,Luck
weapon_items,Raw Great Club,0x7b4f30,1,10,280,160213,1091,0,0,Raw
weapon_items,Sharp Great Club,0x7b4f94,1,10,280,160204,1091,0,0,Sharp
weapon_items,Divine Great Club,0x7b4ff8,1,10,280,160210,1091,0,0,Divine
weapon_items,Grave Great Club,0x7b505c,1,10,280,160215,1091,0,0,Grave
weapon_items,Maul of the Dead,0x7b7190,1,10,280,160230,1322,0,0,
weapon_items,Stone Hammer,0x7b98a0,1,10,80,150315,1102,0,0,
weapon_items,Great Mace,0x7bbfb0,1,10,150,160300,1094,0,0,Normal
weapon_items,Heavy Great Mace,0x7bc014,1,10,150,160301,1094,0,0,Heavy
weapon_items,Stone Great Mace,0x7bc078,1,10,150,160302,1094,0,0,Stone
weapon_items,Refined Great Mace,0x7bc0dc,1,10,150,160303,1094,0,0,Refined
weapon_items,Crystal Great Mace,0x7bc140,1,10,150,160306,1094,0,0,Crystal
weapon_items,Air Great Mace,0x7bc1a4,1,10,150,160305,1094,0,0,Air
weapon_items,Light Great Mace,0x7bc208,1,10,150,160307,1094,0,0,Light
weapon_items,Chaos Great Mace,0x7bc26c,1,10,150,160308,1094,0,0,Chaos
weapon_items,Lightning Great Mace,0x7bc2d0,1,10,150,160309,1094,0,0,Lightning
weapon_items,Essence Great Mace,0x7bc334,1,10,150,160311,1094,0,0,Essence
weapon_items,Dark Great Mace,0x7bc398,1,10,150,160312,1094,0,0,Dark
weapon_items,Luck Great Mace,0x7bc3fc,1,10,150,160314,1094,0,0,Luck
weapon_items,Raw Great Mace,0x7bc460,1,10,150,160313,1094,0,0,Raw
weapon_items,Sharp Great Mace,0x7bc4c4,1,10,150,160304,1094,0,0,Sharp
weapon_items,Divine Great Mace,0x7bc528,1,10,150,160310,1094,0,0,Divine
weapon_items,Grave Great Mace,0x7bc58c,1,10,150,160315,1094,0,0,Grave
weapon_items,Great Wooden Hammer,0x7c8300,1,10,135,160600,1099,0,0,Normal
weapon_items,Heavy Wooden Hammer,0x7c8364,1,10,135,160601,1099,0,0,Heavy
weapon_items,Stone Wooden Hammer,0x7c83c8,1,10,135,160602,1099,0,0,Stone
weapon_items,Refined Wooden Hammer,0x7c842c,1,10,135,160603,1099,0,0,Refined
weapon_items,Crystal Wooden Hammer,0x7c8490,1,10,135,160606,1099,0,0,Crystal
weapon_items,Air Wooden Hammer,0x7c84f4,1,10,135,160605,1099,0,0,Air
weapon_items,Light Wooden Hammer,0x7c8558,1,10,135,160607,1099,0,0,Light
weapon_items,Chaos Wooden Hammer,0x7c85bc,1,10,135,160608,1099,0,0,Chaos
weapon_items,Lightning Wooden Hammer,0x7c8620,1,10,135,160609,1099,0,0,Lightning
weapon_items,Essence Wooden Hammer,0x7c8684,1,10,135,160611,1099,0,0,Essence
weapon_items,Dark Wooden Hammer,0x7c86e8,1,10,135,160612,1099,0,0,Dark
weapon_items,Luck Wooden Hammer,0x7c874c,1,10,135,160614,1099,0,0,Luck
weapon_items,Raw Wooden Hammer,0x7c87b0,1,10,135,160613,1099,0,0,Raw
weapon_items,Sharp Wooden Hammer,0x7c8814,1,10,135,160604,1099,0,0,Sharp
weapon_items,Divine Wooden Hammer,0x7c8878,1,10,135,160610,1099,0,0,Divine
weapon_items,Grave Wooden Hammer,0x7c88dc,1,10,135,160615,1099,0,0,Grave
weapon_items,Gargoyle Flame Hammer,0x7caa10,1,10,150,160700,1100,0,0,
weapon_items,Vordt's Great Hammer,0x7cd120,1,10,170,161000,1101,0,0,
weapon_items,Old King's Great Hammer,0x7cf830,1,10,185,161100,1102,0,0,
weapon_items,Heysel Pick,0x7d6d60,1,10,70,150700,1209,0,0,
weapon_items,Hammer of the Great Swamp,0x7d9470,1,10,135,140102,1098,0,0,
weapon_items,Warpick,0x7dbb80,1,10,70,150500,1211,0,0,Normal
weapon_items,Heavy Warpick,0x7dbbe4,1,10,70,150501,1211,0,0,Heavy
weapon_items,Stone Warpick,0x7dbc48,1,10,70,150502,1211,0,0,Stone
weapon_items,Refined Warpick,0x7dbcac,1,10,70,150503,1211,0,0,Refined
weapon_items,Crystal Warpick,0x7dbd10,1,10,70,150506,1211,0,0,Crystal
weapon_items,Air Warpick,0x7dbd74,1,10,70,150505,1211,0,0,Air
weapon_items,Light Warpick,0x7dbdd8,1,10,70,150507,1211,0,0,Light
weapon_items,Chaos Warpick,0x7dbe3c,1,10,70,150508,1211,0,0,Chaos
weapon_items,Lightning Warpick,0x7dbea0,1,10,70,150509,1211,0,0,Lightning
weapon_items,Essence Warpick,0x7dbf04,1,10,70,150511,1211,0,0,Essence
weapon_items,Dark Warpick,0x7dbf68,1,10,70,150512,1211,0,0,Dark
weapon_items,Luck Warpick,0x7dbfcc,1,10,70,150514,1211,0,0,Luck
weapon_items,Raw Warpick,0x7dc030,1,10,70,150513,1211,0,0,Raw
weapon_items,Sharp Warpick,0x7dc094,1,10,70,150504,1211,0,0,Sharp
weapon_items,Divine Warpick,0x7dc0f8,1,10,70,150510,1211,0,0,Divine
weapon_items,Grave Warpick,0x7dc15c,1,10,70,150515,1211,0,0,Grave
weapon_items,Pickaxe,0x7de290,1,10,105,160500,1212,0,0,Normal
weapon_items,Heavy Pickaxe,0x7de2f4,1,10,105,160501,1212,0,0,Heavy
weapon_items,Stone Pickaxe,0x7de358,1,10,105,160502,1212,0,0,Stone
weapon_items,Refined Pickaxe,0x7de3bc,1,10,105,160503,1212,0,0,Refined
weapon_items,Crystal Pickaxe,0x7de420,1,10,105,160506,1212,0,0,Crystal
weapon_items,Air Pickaxe,0x7de484,1,10,105,160505,1212,0,0,Air
weapon_items,Light Pickaxe,0x7de4e8,1,10,105,160507,1212,0,0,Light
weapon_items,Chaos Pickaxe,0x7de54c,1,10,105,160508,1212,0,0,Chaos
weapon_items,Lightning Pickaxe,0x7de5b0,1,10,105,160509,1212,0,0,Lightning
weapon_items,Essence Pickaxe,0x7de614,1,10,105,160511,1212,0,0,Essence
weapon_items,Dark Pickaxe,0x7de678,1,10,105,160512,1212,0,0,Dark
weapon_items,Luck Pickaxe,0x7de6dc,1,10,105,160514,1212,0,0,Luck
weapon_items,Raw Pickaxe,0x7de740,1,10,105,160513,1212,0,0,Raw
weapon_items,Sharp Pickaxe,0x7de7a4,1,10,105,160504,1212,0,0,Sharp
weapon_items,Divine Pickaxe,0x7de808,1,10,105,160510,1212,0,0,Divine
weapon_items,Grave Pickaxe,0x7de86c,1,10,105,160515,1212,0,0,Grave
weapon_items,Dragon Tooth,0x7e09a0,1,10,340,161200,1213,0,0,
weapon_items,Smough's Great Hammer,0x7e30b0,1,10,205,160900,1214,0,0,
weapon_items,Blacksmith Hammer,0x7e57c0,1,10,95,150600,1215,0,0,
weapon_items,Morne's Great Hammer,0x7e7ed0,1,10,250,160800,1263,0,0,
weapon_items,Spiked Mace,0x7ea5e0,1,10,140,160400,1264,0,0,Normal
weapon_items,Heavy Spiked Mace,0x7ea644,1,10,140,160401,1264,0,0,Heavy
weapon_items,Stone Spiked Mace,0x7ea6a8,1,10,140,160402,1264,0,0,Stone
weapon_items,Refined Spiked Mace,0x7ea70c,1,10,140,160403,1264,0,0,Refined
weapon_items,Crystal Spiked Mace,0x7ea770,1,10,140,160406,1264,0,0,Crystal
weapon_items,Air Spiked Mace,0x7ea7d4,1,10,140,160405,1264,0,0,Air
weapon_items,Light Spiked Mace,0x7ea838,1,10,140,160407,1264,0,0,Light
weapon_items,Chaos Spiked Mace,0x7ea89c,1,10,140,160408,1264,0,0,Chaos
weapon_items,Lightning Spiked Mace,0x7ea900,1,10,140,160409,1264,0,0,Lightning
weapon_items,Essence Spiked Mace,0x7ea964,1,10,140,160411,1264,0,0,Essence
weapon_items,Dark Spiked Mace,0x7ea9c8,1,10,140,160412,1264,0,0,Dark
weapon_items,Luck Spiked Mace,0x7eaa2c,1,10,140,160414,1264,0,0,Luck
weapon_items,Raw Spiked Mace,0x7eaa90,1,10,140,160413,1264,0,0,Raw
weapon_items,Sharp Spiked Mace,0x7eaaf4,1,10,140,160404,1264,0,0,Sharp
weapon_items,Divine Spiked Mace,0x7eab58,1,10,140,160410,1264,0,0,Divine
weapon_items,Grave Spiked Mace,0x7eabbc,1,10,140,160415,1264,0,0,Grave
weapon_items,Quakestone Hammer,0x7eccf0,1,10,150,160920,1271,0,0,
weapon_items,Ledo's Great Hammer,0x7ef400,1,10,310,160940,1287,0,0,
weapon_items,Mallum Mortis,0x7f1b10,1,10,70,150509,1210,0,0,
weapon_items,Thorn-Wrapped Cudgel,0x7f4220,1,10,45,150515,1092,0,0,
weapon_items,Tail of the Darkeater,0x7f6930,1,10,340,161200,1208,0,0,
weapon_items,Greatwood Hammer,0x7f9040,1,10,150,160925,1148,0,0,
weapon_items,Spear,0x895440,1,10,65,170100,1104,0,0,Normal
weapon_items,Heavy Spear,0x8954a4,1,10,65,170101,1104,0,0,Heavy
weapon_items,Stone Spear,0x895508,1,10,65,170102,1104,0,0,Stone
weapon_items,Refined Spear,0x89556c,1,10,65,170103,1104,0,0,Refined
weapon_items,Crystal Spear,0x8955d0,1,10,65,170106,1104,0,0,Crystal
weapon_items,Air Spear,0x895634,1,10,65,170105,1104,0,0,Air
weapon_items,Light Spear,0x895698,1,10,65,170107,1104,0,0,Light
weapon_items,Chaos Spear,0x8956fc,1,10,65,170108,1104,0,0,Chaos
weapon_items,Lightning Spear,0x895760,1,10,65,170109,1104,0,0,Lightning
weapon_items,Essence Spear,0x8957c4,1,10,65,170111,1104,0,0,Essence
weapon_items,Dark Spear,0x895828,1,10,65,170112,1104,0,0,Dark
weapon_items,Luck Spear,0x89588c,1,10,65,170114,1104,0,0,Luck
weapon_items,Raw Spear,0x8958f0,1,10,65,170113,1104,0,0,Raw
weapon_items,Sharp Spear,0x895954,1,10,65,170104,1104,0,0,Sharp
weapon_items,Divine Spear,0x8959b8,1,10,65,170110,1104,0,0,Divine
weapon_items,Grave Spear,0x895a1c,1,10,65,170115,1104,0,0,Grave
weapon_items,Winged Spear,0x897b50,1,10,70,170200,1105,0,0,Normal
weapon_items,Heavy Winged Spear,0x897bb4,1,10,70,170201,1105,0,0,Heavy
weapon_items,Stone Winged Spear,0x897c18,1,10,70,170202,1105,0,0,Stone
weapon_items,Refined Winged Spear,0x897c7c,1,10,70,170203,1105,0,0,Refined
weapon_items,Crystal Winged Spear,0x897ce0,1,10,70,170206,1105,0,0,Crystal
weapon_items,Air Winged Spear,0x897d44,1,10,70,170205,1105,0,0,Air
weapon_items,Light Winged Spear,0x897da8,1,10,70,170207,1105,0,0,Light
weapon_items,Chaos Winged Spear,0x897e0c,1,10,70,170208,1105,0,0,Chaos
weapon_items,Lightning Winged Spear,0x897e70,1,10,70,170209,1105,0,0,Lightning
weapon_items,Essence Winged Spear,0x897ed4,1,10,70,170211,1105,0,0,Essence
weapon_items,Dark Winged Spear,0x897f38,1,10,70,170212,1105,0,0,Dark
weapon_items,Luck Winged Spear,0x897f9c,1,10,70,170214,1105,0,0,Luck
weapon_items,Raw Winged Spear,0x898000,1,10,70,170213,1105,0,0,Raw
weapon_items,Sharp Winged Spear,0x898064,1,10,70,170204,1105,0,0,Sharp
weapon_items,Divine Winged Spear,0x8980c8,1,10,70,170210,1105,0,0,Divine
weapon_items,Grave Winged Spear,0x89812c,1,10,70,170215,1105,0,0,Grave
weapon_items,Iklwa,0x89a260,1,10,65,170350,1337,0,0,Normal
weapon_items,Heavy Iklwa,0x89a2c4,1,10,65,170350,1337,0,0,Heavy
weapon_items,Stone Iklwa,0x89a328,1,10,65,170350,1337,0,0,Stone
weapon_items,Refined Iklwa,0x89a38c,1,10,65,170350,1337,0,0,Refined
weapon_items,Crystal Iklwa,0x89a3f0,1,10,65,170350,1337,0,0,Crystal
weapon_items,Air Iklwa,0x89a454,1,10,65,170350,1337,0,0,Air
weapon_items,Light Iklwa,0x89a4b8,1,10,65,170350,1337,0,0,Light
weapon_items,Chaos Iklwa,0x89a51c,1,10,65,170350,1337,0,0,Chaos
weapon_items,Lightning Iklwa,0x89a580,1,10,65,170350,1337,0,0,Lightning
weapon_items,Essence Iklwa,0x89a5e4,1,10,65,170350,1337,0,0,Essence
weapon_items,Dark Iklwa,0x89a648,1,10,65,170350,1337,0,0,Dark
weapon_items,Luck Iklwa,0x89a6ac,1,10,65,170350,1337,0,0,Luck
weapon_items,Raw Iklwa,0x89a710,1,10,65,170350,1337,0,0,Raw
weapon_items,Sharp Iklwa,0x89a774,1,10,65,170350,1337,0,0,Sharp
weapon_items,Divine Iklwa,0x89a7d8,1,10,65,170350,1337,0,0,Divine
weapon_items,Grave Iklwa,0x89a83c,1,10,65,170350,1337,0,0,Grave
weapon_items,Partizan,0x89c970,1,10,65,170300,1107,0,0,Normal
weapon_items,Heavy Partizan,0x89c9d4,1,10,65,170301,1107,0,0,Heavy
weapon_items,Stone Partizan,0x89ca38,1,10,65,170302,1107,0,0,Stone
weapon_items,Refined Partizan,0x89ca9c,1,10,65,170303,1107,0,0,Refined
weapon_items,Crystal Partizan,0x89cb00,1,10,65,170306,1107,0,0,Crystal
weapon_items,Air Partizan,0x89cb64,1,10,65,170305,1107,0,0,Air
weapon_items,Light Partizan,0x89cbc8,1,10,65,170307,1107,0,0,Light
weapon_items,Chaos Partizan,0x89cc2c,1,10,65,170308,1107,0,0,Chaos
weapon_items,Lightning Partizan,0x89cc90,1,10,65,170309,1107,0,0,Lightning
weapon_items,Essence Partizan,0x89ccf4,1,10,65,170311,1107,0,0,Essence
weapon_items,Dark Partizan,0x89cd58,1,10,65,170312,1107,0,0,Dark
weapon_items,Luck Partizan,0x89cdbc,1,10,65,170314,1107,0,0,Luck
weapon_items,Raw Partizan,0x89ce20,1,10,65,170313,1107,0,0,Raw
weapon_items,Sharp Partizan,0x89ce84,1,10,65,170304,1107,0,0,Sharp
weapon_items,Divine Partizan,0x89cee8,1,10,65,170310,1107,0,0,Divine
weapon_items,Grave Partizan,0x89cf4c,1,10,65,170315,1107,0,0,Grave
weapon_items,Azure Spear,0x89f080,1,10,80,170645,1343,0,0,
weapon_items,Greatlance,0x8a8cc0,1,10,90,181700,1111,0,0,Normal
weapon_items,Heavy Greatlance,0x8a8d24,1,10,90,181701,1111,0,0,Heavy
weapon_items,Stone Greatlance,0x8a8d88,1,10,90,181702,1111,0,0,Stone
weapon_items,Refined Greatlance,0x8a8dec,1,10,90,181703,1111,0,0,Refined
weapon_items,Crystal Greatlance,0x8a8e50,1,10,90,181706,1111,0,0,Crystal
weapon_items,Air Greatlance,0x8a8eb4,1,10,90,181705,1111,0,0,Air
weapon_items,Light Greatlance,0x8a8f18,1,10,90,181707,1111,0,0,Light
weapon_items,Chaos Greatlance,0x8a8f7c,1,10,90,181708,1111,0,0,Chaos
weapon_items,Lightning Greatlance,0x8a8fe0,1,10,90,181709,1111,0,0,Lightning
weapon_items,Essence Greatlance,0x8a9044,1,10,90,181711,1111,0,0,Essence
weapon_items,Dark Greatlance,0x8a90a8,1,10,90,181712,1111,0,0,Dark
weapon_items,Luck Greatlance,0x8a910c,1,10,90,181714,1111,0,0,Luck
weapon_items,Raw Greatlance,0x8a9170,1,10,90,181713,1111,0,0,Raw
weapon_items,Sharp Greatlance,0x8a91d4,1,10,90,181704,1111,0,0,Sharp
weapon_items,Divine Greatlance,0x8a9238,1,10,90,181710,1111,0,0,Divine
weapon_items,Grave Greatlance,0x8a929c,1,10,90,181715,1111,0,0,Grave
weapon_items,Lothric Knight Long Spear,0x8ab3d0,1,10,80,181800,1112,0,0,Normal
weapon_items,Heavy Lothric Long Spear,0x8ab434,1,10,80,181801,1112,0,0,Heavy
weapon_items,Stone Lothric Long Spear,0x8ab498,1,10,80,181802,1112,0,0,Stone
weapon_items,Refined Lothric Long Spear,0x8ab4fc,1,10,80,181803,1112,0,0,Refined
weapon_items,Crystal Lothric Long Spear,0x8ab560,1,10,80,181806,1112,0,0,Crystal
weapon_items,Air Lothric Long Spear,0x8ab5c4,1,10,80,181805,1112,0,0,Air
weapon_items,Light Lothric Long Spear,0x8ab628,1,10,80,181807,1112,0,0,Light
weapon_items,Chaos Lothric Long Spear,0x8ab68c,1,10,80,181808,1112,0,0,Chaos
weapon_items,Lightning Lothric Long Spear,0x8ab6f0,1,10,80,181809,1112,0,0,Lightning
weapon_items,Essence Lothric Long Spear,0x8ab754,1,10,80,181811,1112,0,0,Essence
weapon_items,Dark Lothric Long Spear,0x8ab7b8,1,10,80,181812,1112,0,0,Dark
weapon_items,Luck Lothric Long Spear,0x8ab81c,1,10,80,181814,1112,0,0,Luck
weapon_items,Raw Lothric Long Spear,0x8ab880,1,10,80,181813,1112,0,0,Raw
weapon_items,Sharp Lothric Long Spear,0x8ab8e4,1,10,80,181804,1112,0,0,Sharp
weapon_items,Divine Lothric Long Spear,0x8ab948,1,10,80,181810,1112,0,0,Divine
weapon_items,Grave Lothric Long Spear,0x8ab9ac,1,10,80,181815,1112,0,0,Grave
weapon_items,Four-Pronged Plow,0x8adae0,1,10,55,170500,1113,0,0,Normal
weapon_items,Heavy Four-Pronged Plow,0x8adb44,1,10,55,170501,1113,0,0,Heavy
weapon_items,Stone Four-Pronged Plow,0x8adba8,1,10,55,170502,1113,0,0,Stone
weapon_items,Refined Four-Pronged Plow,0x8adc0c,1,10,55,170503,1113,0,0,Refined
weapon_items,Crystal Four-Pronged Plow,0x8adc70,1,10,55,170506,1113,0,0,Crystal
weapon_items,Air Four-Pronged Plow,0x8adcd4,1,10,55,170505,1113,0,0,Air
weapon_items,Light Four-Pronged Plow,0x8add38,1,10,55,170507,1113,0,0,Light
weapon_items,Chaos Four-Pronged Plow,0x8add9c,1,10,55,170508,1113,0,0,Chaos
weapon_items,Lightning Four-Pronged Plow,0x8ade00,1,10,55,170509,1113,0,0,Lightning
weapon_items,Essence Four-Pronged Plow,0x8ade64,1,10,55,170511,1113,0,0,Essence
weapon_items,Dark Four-Pronged Plow,0x8adec8,1,10,55,170512,1113,0,0,Dark
weapon_items,Luck Four-Pronged Plow,0x8adf2c,1,10,55,170514,1113,0,0,Luck
weapon_items,Raw Four-Pronged Plow,0x8adf90,1,10,55,170513,1113,0,0,Raw
weapon_items,Sharp Four-Pronged Plow,0x8adff4,1,10,55,170504,1113,0,0,Sharp
weapon_items,Divine Four-Pronged Plow,0x8ae058,1,10,55,170510,1113,0,0,Divine
weapon_items,Grave Four-Pronged Plow,0x8ae0bc,1,10,55,170515,1113,0,0,Grave
weapon_items,Gargoyle Flame Spear,0x8b01f0,1,10,70,170700,1114,0,0,
weapon_items,Rotten Ghru Spear,0x8b2900,1,10,50,170414,1115,0,0,
weapon_items,Tailbone Spear,0x8b5010,1,10,60,171200,1116,0,0,
weapon_items,Soldering Iron,0x8b7720,1,10,25,170800,1117,0,0,
weapon_items,Dragonslayer Swordspear,0x8bc540,1,10,100,171400,1118,0,0,
weapon_items,Arstor's Spear,0x8bec50,1,10,90,171300,1216,0,0,
weapon_items,Saint Bident,0x8c1360,1,10,70,170600,1217,0,0,
weapon_items,High Priestess' Spear,0x8c3a70,1,10,65,170900,1218,0,0,
weapon_items,Pike,0x8c6180,1,10,80,181600,1219,0,0,Normal
weapon_items,Heavy Pike,0x8c61e4,1,10,80,181601,1219,0,0,Heavy
weapon_items,Stone Pike,0x8c6248,1,10,80,181602,1219,0,0,Stone
weapon_items,Refined Pike,0x8c62ac,1,10,80,181603,1219,0,0,Refined
weapon_items,Crystal Pike,0x8c6310,1,10,80,181606,1219,0,0,Crystal
weapon_items,Air Pike,0x8c6374,1,10,80,181605,1219,0,0,Air
weapon_items,Light Pike,0x8c63d8,1,10,80,181607,1219,0,0,Light
weapon_items,Chaos Pike,0x8c643c,1,10,80,181608,1219,0,0,Chaos
weapon_items,Lightning Pike,0x8c64a0,1,10,80,181609,1219,0,0,Lightning
weapon_items,Essence Pike,0x8c6504,1,10,80,181611,1219,0,0,Essence
weapon_items,Dark Pike,0x8c6568,1,10,80,181612,1219,0,0,Dark
weapon_items,Luck Pike,0x8c65cc,1,10,80,181614,1219,0,0,Luck
weapon_items,Raw Pike,0x8c6630,1,10,80,181613,1219,0,0,Raw
weapon_items,Sharp Pike,0x8c6694,1,10,80,181604,1219,0,0,Sharp
weapon_items,Divine Pike,0x8c66f8,1,10,80,181610,1219,0,0,Divine
weapon_items,Grave Pike,0x8c675c,1,10,80,181615,1219,0,0,Grave
weapon_items,Silver Knight Spear,0x8c8890,1,10,80,181850,1182,0,0,
weapon_items,Dragonslayer Spear,0x8cafa0,1,10,80,171000,1221,0,0,
weapon_items,Follower Javelin,0x8cd6b0,1,10,70,170620,1272,0,0,Normal
weapon_items,Heavy Follower Javelin,0x8cd714,1,10,70,170621,1272,0,0,Heavy
weapon_items,Stone Follower Javelin,0x8cd778,1,10,70,170622,1272,0,0,Stone
weapon_items,Refined Follower Javelin,0x8cd7dc,1,10,70,170623,1272,0,0,Refined
weapon_items,Crystal Follower Javelin,0x8cd840,1,10,70,170626,1272,0,0,Crystal
weapon_items,Air Follower Javelin,0x8cd8a4,1,10,70,170625,1272,0,0,Air
weapon_items,Light Follower Javelin,0x8cd908,1,10,70,170627,1272,0,0,Light
weapon_items,Chaos Follower Javelin,0x8cd96c,1,10,70,170628,1272,0,0,Chaos
weapon_items,Lightning Follower Javelin,0x8cd9d0,1,10,70,170629,1272,0,0,Lightning
weapon_items,Essence Follower Javelin,0x8cda34,1,10,70,170631,1272,0,0,Essence
weapon_items,Dark Follower Javelin,0x8cda98,1,10,70,170632,1272,0,0,Dark
weapon_items,Luck Follower Javelin,0x8cdafc,1,10,70,170634,1272,0,0,Luck
weapon_items,Raw Follower Javelin,0x8cdb60,1,10,70,170633,1272,0,0,Raw
weapon_items,Sharp Follower Javelin,0x8cdbc4,1,10,70,170624,1272,0,0,Sharp
weapon_items,Divine Follower Javelin,0x8cdc28,1,10,70,170630,1272,0,0,Divine
weapon_items,Grave Follower Javelin,0x8cdc8c,1,10,70,170635,1272,0,0,Grave
weapon_items,Ringed Knight Spear,0x8cfdc0,1,10,90,181840,1288,0,0,
weapon_items,Lothric War Banner,0x8d24d0,1,10,70,181820,1289,0,0,Normal
weapon_items,Heavy Lothric War Banner,0x8d2534,1,10,70,181821,1289,0,0,Heavy
weapon_items,Stone Lothric War Banner,0x8d2598,1,10,70,181822,1289,0,0,Stone
weapon_items,Refined Lothric War Banner,0x8d25fc,1,10,70,181823,1289,0,0,Refined
weapon_items,Crystal Lothric War Banner,0x8d2660,1,10,70,181826,1289,0,0,Crystal
weapon_items,Air Lothric War Banner,0x8d26c4,1,10,70,181825,1289,0,0,Air
weapon_items,Light Lothric War Banner,0x8d2728,1,10,70,181827,1289,0,0,Light
weapon_items,Chaos Lothric War Banner,0x8d278c,1,10,70,181828,1289,0,0,Chaos
weapon_items,Lightning Lothric War Banner,0x8d27f0,1,10,70,181829,1289,0,0,Lightning
weapon_items,Essence Lothric War Banner,0x8d2854,1,10,70,181831,1289,0,0,Essence
weapon_items,Dark Lothric War Banner,0x8d28b8,1,10,70,181832,1289,0,0,Dark
weapon_items,Luck Lothric War Banner,0x8d291c,1,10,70,181834,1289,0,0,Luck
weapon_items,Raw Lothric War Banner,0x8d2980,1,10,70,181833,1289,0,0,Raw
weapon_items,Sharp Lothric War Banner,0x8d29e4,1,10,70,181824,1289,0,0,Sharp
weapon_items,Divine Lothric War Banner,0x8d2a48,1,10,70,181830,1289,0,0,Divine
weapon_items,Grave Lothric War Banner,0x8d2aac,1,10,70,181835,1289,0,0,Grave
weapon_items,Crucifix of the Mad King,0x8d4be0,1,10,80,190720,1290,0,0,
weapon_items,Arachnid Spear,0x8d72f0,1,10,70,170650,1222,0,0,
weapon_items,Morion Spear,0x8d9a00,1,10,80,170635,1106,0,0,
weapon_items,Moonlight Swordspear,0x8dc110,1,10,75,171455,1110,0,0,
weapon_items,Marrowstrike,0x8de820,1,10,80,190730,1290,0,0,
weapon_items,Demon's Spear,0x8e0f30,1,10,70,170660,1135,0,0,
weapon_items,Sarcophagal Swordspear,0x8e3640,1,10,100,171465,1342,0,0,
weapon_items,Great Scythe,0x989680,1,10,60,200100,1119,0,0,Normal
weapon_items,Heavy Great Scythe,0x9896e4,1,10,60,200101,1119,0,0,Heavy
weapon_items,Stone Great Scythe,0x989748,1,10,60,200102,1119,0,0,Stone
weapon_items,Refined Great Scythe,0x9897ac,1,10,60,200103,1119,0,0,Refined
weapon_items,Crystal Great Scythe,0x989810,1,10,60,200106,1119,0,0,Crystal
weapon_items,Air Great Scythe,0x989874,1,10,60,200105,1119,0,0,Air
weapon_items,Light Great Scythe,0x9898d8,1,10,60,200107,1119,0,0,Light
weapon_items,Chaos Great Scythe,0x98993c,1,10,60,200108,1119,0,0,Chaos
weapon_items,Lightning Great Scythe,0x9899a0,1,10,60,200109,1119,0,0,Lightning
weapon_items,Essence Great Scythe,0x989a04,1,10,60,200111,1119,0,0,Essence
weapon_items,Dark Great Scythe,0x989a68,1,10,60,200112,1119,0,0,Dark
weapon_items,Luck Great Scythe,0x989acc,1,10,60,200114,1119,0,0,Luck
weapon_items,Raw Great Scythe,0x989b30,1,10,60,200113,1119,0,0,Raw
weapon_items,Sharp Great Scythe,0x989b94,1,10,60,200104,1119,0,0,Sharp
weapon_items,Divine Great Scythe,0x989bf8,1,10,60,200110,1119,0,0,Divine
weapon_items,Grave Great Scythe,0x989c5c,1,10,60,200115,1119,0,0,Grave
weapon_items,Lucerne,0x98bd90,1,10,75,190300,1120,0,0,Normal
weapon_items,Heavy Lucerne,0x98bdf4,1,10,75,190301,1120,0,0,Heavy
weapon_items,Stone Lucerne,0x98be58,1,10,75,190302,1120,0,0,Stone
weapon_items,Refined Lucerne,0x98bebc,1,10,75,190303,1120,0,0,Refined
weapon_items,Crystal Lucerne,0x98bf20,1,10,75,190306,1120,0,0,Crystal
weapon_items,Air Lucerne,0x98bf84,1,10,75,190305,1120,0,0,Air
weapon_items,Light Lucerne,0x98bfe8,1,10,75,190307,1120,0,0,Light
weapon_items,Chaos Lucerne,0x98c04c,1,10,75,190308,1120,0,0,Chaos
weapon_items,Lightning Lucerne,0x98c0b0,1,10,75,190309,1120,0,0,Lightning
weapon_items,Essence Lucerne,0x98c114,1,10,75,190311,1120,0,0,Essence
weapon_items,Dark Lucerne,0x98c178,1,10,75,190312,1120,0,0,Dark
weapon_items,Luck Lucerne,0x98c1dc,1,10,75,190314,1120,0,0,Luck
weapon_items,Raw Lucerne,0x98c240,1,10,75,190313,1120,0,0,Raw
weapon_items,Sharp Lucerne,0x98c2a4,1,10,75,190304,1120,0,0,Sharp
weapon_items,Divine Lucerne,0x98c308,1,10,75,190310,1120,0,0,Divine
weapon_items,Grave Lucerne,0x98c36c,1,10,75,190315,1120,0,0,Grave
weapon_items,Glaive,0x98e4a0,1,10,95,190400,1121,0,0,Normal
weapon_items,Heavy Glaive,0x98e504,1,10,95,190401,1121,0,0,Heavy
weapon_items,Stone Glaive,0x98e568,1,10,95,190402,1121,0,0,Stone
weapon_items,Refined Glaive,0x98e5cc,1,10,95,190403,1121,0,0,Refined
weapon_items,Crystal Glaive,0x98e630,1,10,95,190406,1121,0,0,Crystal
weapon_items,Air Glaive,0x98e694,1,10,95,190405,1121,0,0,Air
weapon_items,Light Glaive,0x98e6f8,1,10,95,190407,1121,0,0,Light
weapon_items,Chaos Glaive,0x98e75c,1,10,95,190408,1121,0,0,Chaos
weapon_items,Lightning Glaive,0x98e7c0,1,10,95,190409,1121,0,0,Lightning
weapon_items,Essence Glaive,0x98e824,1,10,95,190411,1121,0,0,Essence
weapon_items,Dark Glaive,0x98e888,1,10,95,190412,1121,0,0,Dark
weapon_items,Luck Glaive,0x98e8ec,1,10,95,190414,1121,0,0,Luck
weapon_items,Raw Glaive,0x98e950,1,10,95,190413,1121,0,0,Raw
weapon_items,Sharp Glaive,0x98e9b4,1,10,95,190404,1121,0,0,Sharp
weapon_items,Divine Glaive,0x98ea18,1,10,95,190410,1121,0,0,Divine
weapon_items,Grave Glaive,0x98ea7c,1,10,95,190415,1121,0,0,Grave
weapon_items,Halberd,0x990bb0,1,10,75,190100,1122,0,0,Normal
weapon_items,Heavy Halberd,0x990c14,1,10,75,190101,1122,0,0,Heavy
weapon_items,Stone Halberd,0x990c78,1,10,75,190102,1122,0,0,Stone
weapon_items,Refined Halberd,0x990cdc,1,10,75,190103,1122,0,0,Refined
weapon_items,Crystal Halberd,0x990d40,1,10,75,190106,1122,0,0,Crystal
weapon_items,Air Halberd,0x990da4,1,10,75,190105,1122,0,0,Air
weapon_items,Light Halberd,0x990e08,1,10,75,190107,1122,0,0,Light
weapon_items,Chaos Halberd,0x990e6c,1,10,75,190108,1122,0,0,Chaos
weapon_items,Lightning Halberd,0x990ed0,1,10,75,190109,1122,0,0,Lightning
weapon_items,Essence Halberd,0x990f34,1,10,75,190111,1122,0,0,Essence
weapon_items,Dark Halberd,0x990f98,1,10,75,190112,1122,0,0,Dark
weapon_items,Luck Halberd,0x990ffc,1,10,75,190114,1122,0,0,Luck
weapon_items,Raw Halberd,0x991060,1,10,75,190113,1122,0,0,Raw
weapon_items,Sharp Halberd,0x9910c4,1,10,75,190104,1122,0,0,Sharp
weapon_items,Divine Halberd,0x991128,1,10,75,190110,1122,0,0,Divine
weapon_items,Grave Halberd,0x99118c,1,10,75,190115,1122,0,0,Grave
weapon_items,Glaive of Antiquity,0x9932c0,1,10,95,190450,1329,0,0,
weapon_items,Black Knight Greataxe,0x9959d0,1,10,150,140300,1124,0,0,
weapon_items,Pontiff Knight Great Scythe,0x99a7f0,1,10,55,200300,1126,0,0,
weapon_items,Great Corvian Scythe,0x99cf00,1,10,55,200200,1127,0,0,Normal
weapon_items,Heavy Corvian Scythe,0x99cf64,1,10,55,200201,1127,0,0,Heavy
weapon_items,Stone Corvian Scythe,0x99cfc8,1,10,55,200202,1127,0,0,Stone
weapon_items,Refined Corvian Scythe,0x99d02c,1,10,55,200203,1127,0,0,Refined
weapon_items,Crystal Corvian Scythe,0x99d090,1,10,55,200206,1127,0,0,Crystal
weapon_items,Air Corvian Scythe,0x99d0f4,1,10,55,200205,1127,0,0,Air
weapon_items,Light Corvian Scythe,0x99d158,1,10,55,200207,1127,0,0,Light
weapon_items,Chaos Corvian Scythe,0x99d1bc,1,10,55,200208,1127,0,0,Chaos
weapon_items,Lightning Corvian Scythe,0x99d220,1,10,55,200209,1127,0,0,Lightning
weapon_items,Essence Corvian Scythe,0x99d284,1,10,55,200211,1127,0,0,Essence
weapon_items,Dark Corvian Scythe,0x99d2e8,1,10,55,200212,1127,0,0,Dark
weapon_items,Luck Corvian Scythe,0x99d34c,1,10,55,200214,1127,0,0,Luck
weapon_items,Raw Corvian Scythe,0x99d3b0,1,10,55,200213,1127,0,0,Raw
weapon_items,Sharp Corvian Scythe,0x99d414,1,10,55,200204,1127,0,0,Sharp
weapon_items,Divine Corvian Scythe,0x99d478,1,10,55,200210,1127,0,0,Divine
weapon_items,Grave Corvian Scythe,0x99d4dc,1,10,55,200215,1127,0,0,Grave
weapon_items,Winged Knight Halberd,0x99f610,1,10,145,190600,1128,0,0,Normal
weapon_items,Heavy Winged Knight Halberd,0x99f674,1,10,145,190601,1128,0,0,Heavy
weapon_items,Stone Winged Knight Halberd,0x99f6d8,1,10,145,190602,1128,0,0,Stone
weapon_items,Refined Winged Knight Halberd,0x99f73c,1,10,145,190603,1128,0,0,Refined
weapon_items,Crystal Winged Knight Halberd,0x99f7a0,1,10,145,190606,1128,0,0,Crystal
weapon_items,Air Winged Knight Halberd,0x99f804,1,10,145,190605,1128,0,0,Air
weapon_items,Light Winged Knight Halberd,0x99f868,1,10,145,190607,1128,0,0,Light
weapon_items,Chaos Winged Knight Halberd,0x99f8cc,1,10,145,190608,1128,0,0,Chaos
weapon_items,Lightning Winged Knight Halberd,0x99f930,1,10,145,190609,1128,0,0,Lightning
weapon_items,Essence Winged Knight Halberd,0x99f994,1,10,145,190611,1128,0,0,Essence
weapon_items,Dark Winged Knight Halberd,0x99f9f8,1,10,145,190612,1128,0,0,Dark
weapon_items,Luck Winged Knight Halberd,0x99fa5c,1,10,145,190614,1128,0,0,Luck
weapon_items,Raw Winged Knight Halberd,0x99fac0,1,10,145,190613,1128,0,0,Raw
weapon_items,Sharp Winged Knight Halberd,0x99fb24,1,10,145,190604,1128,0,0,Sharp
weapon_items,Divine Winged Knight Halberd,0x99fb88,1,10,145,190610,1128,0,0,Divine
weapon_items,Grave Winged Knight Halberd,0x99fbec,1,10,145,190615,1128,0,0,Grave
weapon_items,Consumed King's Halberd,0x9a1d20,1,10,500,190900,1129,0,0,
weapon_items,Red Hilted Halberd,0x9ab960,1,10,80,190200,1225,0,0,Normal
weapon_items,Heavy Red Halberd,0x9ab9c4,1,10,80,190201,1225,0,0,Heavy
weapon_items,Stone Red Halberd,0x9aba28,1,10,80,190202,1225,0,0,Stone
weapon_items,Refined Red Halberd,0x9aba8c,1,10,80,190203,1225,0,0,Refined
weapon_items,Crystal Red Halberd,0x9abaf0,1,10,80,190206,1225,0,0,Crystal
weapon_items,Air Red Halberd,0x9abb54,1,10,80,190205,1225,0,0,Air
weapon_items,Light Red Halberd,0x9abbb8,1,10,80,190207,1225,0,0,Light
weapon_items,Chaos Red Halberd,0x9abc1c,1,10,80,190208,1225,0,0,Chaos
weapon_items,Lightning Red Halberd,0x9abc80,1,10,80,190209,1225,0,0,Lightning
weapon_items,Essence Red Halberd,0x9abce4,1,10,80,190211,1225,0,0,Essence
weapon_items,Dark Red Halberd,0x9abd48,1,10,80,190212,1225,0,0,Dark
weapon_items,Luck Red Halberd,0x9abdac,1,10,80,190214,1225,0,0,Luck
weapon_items,Raw Red Halberd,0x9abe10,1,10,80,190213,1225,0,0,Raw
weapon_items,Sharp Red Halberd,0x9abe74,1,10,80,190204,1225,0,0,Sharp
weapon_items,Divine Red Halberd,0x9abed8,1,10,80,190210,1225,0,0,Divine
weapon_items,Grave Red Halberd,0x9abf3c,1,10,80,190215,1225,0,0,Grave
weapon_items,Black Knight Glaive,0x9ae070,1,10,115,190700,1226,0,0,
weapon_items,Star of Despair,0x9b0780,1,10,85,190800,1227,0,0,
weapon_items,Splitleaf Greatsword,0x9b2e90,1,10,90,190624,1291,0,0,
weapon_items,Friede's Great Scythe,0x9b55a0,1,10,60,200320,1273,0,0,
weapon_items,Torturer's Catchpole,0x9b7cb0,1,10,85,190800,1108,0,0,
weapon_items,Glaive of Judgment,0x9ba3c0,1,10,115,190710,1226,0,0,
weapon_items,Caimar's Greatstaff,0x9bcad0,1,10,85,190800,1336,0,0,
weapon_items,Gravelord's Scythe,0x9bf1e0,1,10,55,200465,1125,0,0,
weapon_items,Jagged Willow Staff,0x9c18f0,1,10,145,200470,1123,0,0,
weapon_items,Living Crystal Bardiche,0x9c4000,1,10,95,200475,1134,0,0,
weapon_items,Scythe of Oolacile,0x9c6710,1,10,55,200207,1346,0,0,
weapon_items,Claw,0xa7d8c0,1,10,60,230400,1130,0,0,Normal
weapon_items,Heavy Claw,0xa7d924,1,10,60,230401,1130,0,0,Heavy
weapon_items,Stone Claw,0xa7d988,1,10,60,230402,1130,0,0,Stone
weapon_items,Skilled Claw,0xa7d9ec,1,10,60,230403,1130,0,0,Refined
weapon_items,Crystal Claw,0xa7da50,1,10,60,230406,1130,0,0,Crystal
weapon_items,Air Claw,0xa7dab4,1,10,60,230405,1130,0,0,Air
weapon_items,Light Claw,0xa7db18,1,10,60,230407,1130,0,0,Light
weapon_items,Chaos Claw,0xa7db7c,1,10,60,230408,1130,0,0,Chaos
weapon_items,Lightning Claw,0xa7dbe0,1,10,60,230409,1130,0,0,Lightning
weapon_items,Essence Claw,0xa7dc44,1,10,60,230411,1130,0,0,Essence
weapon_items,Dark Claw,0xa7dca8,1,10,60,230412,1130,0,0,Dark
weapon_items,Luck Claw,0xa7dd0c,1,10,60,230414,1130,0,0,Luck
weapon_items,Raw Claw,0xa7dd70,1,10,60,230413,1130,0,0,Raw
weapon_items,Sharp Claw,0xa7ddd4,1,10,60,230404,1130,0,0,Sharp
weapon_items,Divine Claw,0xa7de38,1,10,60,230410,1130,0,0,Divine
weapon_items,Grave Claw,0xa7de9c,1,10,60,230415,1130,0,0,Grave
weapon_items,Caestus,0xa7ffd0,1,10,60,220100,1131,0,0,Normal
weapon_items,Heavy Caestus,0xa80034,1,10,60,220101,1131,0,0,Heavy
weapon_items,Stone Caestus,0xa80098,1,10,60,220102,1131,0,0,Stone
weapon_items,Skilled Caestus,0xa800fc,1,10,60,220103,1131,0,0,Refined
weapon_items,Crystal Caestus,0xa80160,1,10,60,220106,1131,0,0,Crystal
weapon_items,Air Caestus,0xa801c4,1,10,60,220105,1131,0,0,Air
weapon_items,Light Caestus,0xa80228,1,10,60,220107,1131,0,0,Light
weapon_items,Chaos Caestus,0xa8028c,1,10,60,220108,1131,0,0,Chaos
weapon_items,Lightning Caestus,0xa802f0,1,10,60,220109,1131,0,0,Lightning
weapon_items,Essence Caestus,0xa80354,1,10,60,220111,1131,0,0,Essence
weapon_items,Dark Caestus,0xa803b8,1,10,60,220112,1131,0,0,Dark
weapon_items,Luck Caestus,0xa8041c,1,10,60,220114,1131,0,0,Luck
weapon_items,Raw Caestus,0xa80480,1,10,60,220113,1131,0,0,Raw
weapon_items,Sharp Caestus,0xa804e4,1,10,60,220104,1131,0,0,Sharp
weapon_items,Divine Caestus,0xa80548,1,10,60,220110,1131,0,0,Divine
weapon_items,Grave Caestus,0xa805ac,1,10,60,220115,1131,0,0,Grave
weapon_items,Manikin Claws,0xa826e0,1,10,35,230500,1132,0,0,Normal
weapon_items,Heavy Manikin Claws,0xa82744,1,10,35,230501,1132,0,0,Heavy
weapon_items,Stone Manikin Claws,0xa827a8,1,10,35,230502,1132,0,0,Stone
weapon_items,Skilled Manikin Claws,0xa8280c,1,10,35,230503,1132,0,0,Refined
weapon_items,Crystal Manikin Claws,0xa82870,1,10,35,230506,1132,0,0,Crystal
weapon_items,Air Manikin Claws,0xa828d4,1,10,35,230505,1132,0,0,Air
weapon_items,Light Manikin Claws,0xa82938,1,10,35,230507,1132,0,0,Light
weapon_items,Chaos Manikin Claws,0xa8299c,1,10,35,230508,1132,0,0,Chaos
weapon_items,Lightning Manikin Claws,0xa82a00,1,10,35,230509,1132,0,0,Lightning
weapon_items,Essence Manikin Claws,0xa82a64,1,10,35,230511,1132,0,0,Essence
weapon_items,Dark Manikin Claws,0xa82ac8,1,10,35,230512,1132,0,0,Dark
weapon_items,Luck Manikin Claws,0xa82b2c,1,10,35,230514,1132,0,0,Luck
weapon_items,Raw Manikin Claws,0xa82b90,1,10,35,230513,1132,0,0,Raw
weapon_items,Sharp Manikin Claws,0xa82bf4,1,10,35,230504,1132,0,0,Sharp
weapon_items,Divine Manikin Claws,0xa82c58,1,10,35,230510,1132,0,0,Divine
weapon_items,Grave Manikin Claws,0xa82cbc,1,10,35,230515,1132,0,0,Grave
weapon_items,Demon's Fist,0xa84df0,1,10,100,220200,1228,0,0,
weapon_items,Dark Hand,0xa87500,1,10,55,220300,1229,0,0,
weapon_items,Crow Talons,0xa89c10,1,10,65,230520,1275,0,0,
weapon_items,Soul Fists,0xa8c320,1,10,60,220120,232,0,0,Normal
weapon_items,Crystal Soul Fists,0xa8c384,1,10,60,220121,232,0,0,Heavy
weapon_items,Air Soul Fists,0xa8c3e8,1,10,60,220122,232,0,0,Stone
weapon_items,Frozen Soul Fists,0xa8c44c,1,10,60,220123,232,0,0,Refined
weapon_items,Dark Soul Fists,0xa8c4b0,1,10,60,220124,232,0,0,Crystal
weapon_items,Chaos Soul Fists,0xa8c514,1,10,60,220125,232,0,0,Air
weapon_items,Lightning Soul Fists,0xa8c578,1,10,60,220126,232,0,0,Light
weapon_items,Petrified Soul Fists,0xa8c5dc,1,10,60,220127,232,0,0,Chaos
weapon_items,Lacerating Soul Fists,0xa8c640,1,10,60,220128,232,0,0,Lightning
weapon_items,Poison Soul Fists,0xa8c6a4,1,10,60,220129,232,0,0,Essence
weapon_items,Cursed Soul Fists,0xa8c708,1,10,60,220130,232,0,0,Dark
weapon_items,Dragon Fists,0xa8ea30,1,10,100,220200,1223,0,0,
weapon_items,Lycanthrope Claws,0xa91140,1,10,60,230400,1317,0,0,
weapon_items,Whip,0xb71b00,1,10,50,210100,1133,0,0,Normal
weapon_items,Heavy Whip,0xb71b64,1,10,50,210101,1133,0,0,Heavy
weapon_items,Stone Whip,0xb71bc8,1,10,50,210102,1133,0,0,Stone
weapon_items,Skilled Whip,0xb71c2c,1,10,50,210103,1133,0,0,Refined
weapon_items,Crystal Whip,0xb71c90,1,10,50,210106,1133,0,0,Crystal
weapon_items,Air Whip,0xb71cf4,1,10,50,210105,1133,0,0,Air
weapon_items,Light Whip,0xb71d58,1,10,50,210107,1133,0,0,Light
weapon_items,Chaos Whip,0xb71dbc,1,10,50,210108,1133,0,0,Chaos
weapon_items,Lightning Whip,0xb71e20,1,10,50,210109,1133,0,0,Lightning
weapon_items,Essence Whip,0xb71e84,1,10,50,210111,1133,0,0,Essence
weapon_items,Dark Whip,0xb71ee8,1,10,50,210112,1133,0,0,Dark
weapon_items,Luck Whip,0xb71f4c,1,10,50,210114,1133,0,0,Luck
weapon_items,Raw Whip,0xb71fb0,1,10,50,210113,1133,0,0,Raw
weapon_items,Sharp Whip,0xb72014,1,10,50,210104,1133,0,0,Sharp
weapon_items,Divine Whip,0xb72078,1,10,50,210110,1133,0,0,Divine
weapon_items,Grave Whip,0xb720dc,1,10,50,210115,1133,0,0,Grave
weapon_items,Witch's Locks,0xb7b740,1,10,50,210400,1230,0,0,
weapon_items,Notched Whip,0xb7de50,1,10,50,210200,1231,0,0,Normal
weapon_items,Heavy Notched Whip,0xb7deb4,1,10,50,210201,1231,0,0,Heavy
weapon_items,Stone Notched Whip,0xb7df18,1,10,50,210202,1231,0,0,Stone
weapon_items,Skilled Notched Whip,0xb7df7c,1,10,50,210203,1231,0,0,Refined
weapon_items,Crystal Notched Whip,0xb7dfe0,1,10,50,210206,1231,0,0,Crystal
weapon_items,Air Notched Whip,0xb7e044,1,10,50,210205,1231,0,0,Air
weapon_items,Light Notched Whip,0xb7e0a8,1,10,50,210207,1231,0,0,Light
weapon_items,Chaos Notched Whip,0xb7e10c,1,10,50,210208,1231,0,0,Chaos
weapon_items,Lightning Notched Whip,0xb7e170,1,10,50,210209,1231,0,0,Lightning
weapon_items,Essence Notched Whip,0xb7e1d4,1,10,50,210211,1231,0,0,Essence
weapon_items,Dark Notched Whip,0xb7e238,1,10,50,210212,1231,0,0,Dark
weapon_items,Luck Notched Whip,0xb7e29c,1,10,50,210214,1231,0,0,Luck
weapon_items,Raw Notched Whip,0xb7e300,1,10,50,210213,1231,0,0,Raw
weapon_items,Sharp Notched Whip,0xb7e364,1,10,50,210204,1231,0,0,Sharp
weapon_items,Divine Notched Whip,0xb7e3c8,1,10,50,210210,1231,0,0,Divine
weapon_items,Grave Notched Whip,0xb7e42c,1,10,50,210215,1231,0,0,Grave
weapon_items,Spotted Whip,0xb80560,1,10,50,210300,1232,0,0,
weapon_items,Rose of Ariandel,0xb82c70,1,10,50,210420,1274,0,0,
weapon_items,Canvas Talisman,0xc72090,1,10,20,290100,1138,0,0,
weapon_items,Sorcerer's Staff,0xc747a0,1,10,50,270100,1139,0,0,
weapon_items,Storyteller's Staff,0xc76eb0,1,10,20,270500,1140,0,0,
weapon_items,Mendicant's Staff,0xc795c0,1,10,20,270600,1141,0,0,
weapon_items,Man-grub's Staff,0xc7e3e0,1,10,20,270900,1143,0,0,
weapon_items,Archdeacon's Great Staff,0xc80af0,1,10,20,270800,1144,0,0,
weapon_items,Golden Ritual Spear,0xc83200,1,10,20,171100,1145,0,0,
weapon_items,Yorshka's Chime,0xc88020,1,10,20,300400,1147,0,0,
weapon_items,Sage's Crystal Staff,0xc8ce40,1,10,20,271000,1233,0,0,
weapon_items,Heretic's Staff,0xc8f550,1,10,20,270200,1234,0,0,
weapon_items,Court Sorcerer's Staff,0xc91c60,1,10,20,270300,1235,0,0,
weapon_items,Witchtree Branch,0xc94370,1,10,20,270400,1236,0,0,
weapon_items,Izalith Staff,0xc96a80,1,10,20,270700,1237,0,0,
weapon_items,Cleric's Sacred Chime,0xc99190,1,10,20,300100,1238,0,0,
weapon_items,Corrupted Priest's Chime,0xc9b8a0,1,10,20,300200,1239,0,0,
weapon_items,Saint-tree Bellvine,0xc9dfb0,1,10,20,300300,1240,0,0,
weapon_items,Caitha's Chime,0xca06c0,1,10,20,300500,1241,0,0,
weapon_items,Crystal Chime,0xca2dd0,1,10,20,300600,1242,0,0,
weapon_items,Sunlight Talisman,0xca54e0,1,10,20,290400,1243,0,0,
weapon_items,Corrupted Talisman,0xca7bf0,1,10,20,290200,1244,0,0,
weapon_items,Sunless Talisman,0xcaa300,1,10,20,290500,1245,0,0,
weapon_items,Saint's Talisman,0xcaca10,1,10,20,290300,1246,0,0,
weapon_items,White Hair Talisman,0xcaf120,1,10,20,290600,1247,0,0,
weapon_items,Vinheim Battlestaff,0xcb3f40,1,10,20,271000,1308,0,0,
weapon_items,Black Birch Wand,0xcb6650,1,10,50,270100,1309,0,0,
weapon_items,Pilgrim's Crook,0xcb8d60,1,10,20,270116,1310,0,0,
weapon_items,Golden Censer,0xcbb470,1,10,20,270116,1311,0,0,
weapon_items,Bramble Horn,0xcbdb80,1,10,50,270115,1312,0,0,
weapon_items,Essence Bloom,0xcc0290,1,10,50,270115,1313,0,0,
weapon_items,Chime of Gwyn’s Conquest,0xcc29a0,1,10,20,300400,1314,0,0,
weapon_items,Miasmic Scepter,0xcc50b0,1,10,20,290200,1315,0,0,
weapon_items,Pyromancy Flame,0xcc77c0,1,10,20,280100,1248,0,0,
weapon_items,Pyromancer's Parting Flame,0xcc9ed0,1,10,20,280200,1279,0,0,
weapon_items,Murky Longstaff,0xccc5e0,1,10,20,270620,1292,0,0,
weapon_items,Sacred Chime of Filianore,0xccecf0,1,10,20,300620,1293,0,0,
weapon_items,Preacher's Right Arm,0xcd1400,1,10,50,270940,1298,0,0,
weapon_items,Dark Flame,0xcd3b10,1,10,20,280200,6055,0,0,
weapon_items,Grave Soil Root,0xcd6220,1,10,20,290200,1316,0,0,
weapon_items,Verdant Bough,0xcd8930,1,10,50,270115,1137,0,0,
weapon_items,Sceptre of Shadows,0xcdb040,1,10,20,270810,1203,0,0,
weapon_items,Chaos Flame,0xce4c80,1,10,30,280303,1249,0,0,
weapon_items,Void Flame,0xcee8c0,1,10,20,280201,1204,0,0,
weapon_items,Abyssal Flame,0xcf0fd0,1,10,20,280201,1004,0,0,
weapon_items,Entombed Flame,0xcf36e0,1,10,20,280206,1253,0,0,
weapon_items,Ashen Flame,0xcf5df0,1,10,20,280206,1252,0,0,
weapon_items,Frozen Flame,0xd06f60,1,10,20,280205,175,0,0,
weapon_items,Blood Talisman,0xd09670,1,10,20,300505,4220,0,0,
weapon_items,Tempest Staff,0xd0bd80,1,10,20,270111,1020,0,0,
weapon_items,Stifled Flame,0xd0e490,1,10,20,280206,1021,0,0,
weapon_items,Forossan Drake Staff,0xd132b0,1,10,20,270113,4105,0,0,
weapon_items,Doused Flame,0xd159c0,1,10,20,280207,176,0,0,
weapon_items,Azal's Staff,0xd180d0,1,10,20,270114,4103,0,0,
weapon_items,Elementalist Flame,0xd1a7e0,1,10,30,280208,1142,0,0,
weapon_items,Pilgrim Staff,0xd1cef0,1,10,50,270115,1016,0,0,
weapon_items,Gold Leaf Wand,0xd1f600,1,10,20,270116,1017,0,0,
weapon_items,Living Flame,0xd21d10,1,10,20,280209,1250,0,0,
weapon_items,Necromancer's Talisman,0xd24420,1,10,20,290200,1056,0,0,
weapon_items,Gravelord's Talisman,0xd26b30,1,10,20,290200,1057,0,0,
weapon_items,Short Bow,0xd5c690,1,10,40,240100,1150,0,0,
weapon_items,Composite Bow,0xd5eda0,1,10,65,240200,1151,0,0,
weapon_items,Dragonslayer Greatbow,0xd614b0,1,10,50,250100,1149,0,0,
weapon_items,Soldier's Crossbow,0xd63bc0,1,10,45,260100,1153,0,0,
weapon_items,Arbalest,0xd662d0,1,10,50,260400,1154,0,0,
weapon_items,Longbow,0xd689e0,1,10,50,240300,1155,0,0,
weapon_items,Dragonrider Bow,0xd6b0f0,1,10,75,240500,1156,0,0,
weapon_items,Avelyn,0xd6ff10,1,10,35,260600,1158,0,0,
weapon_items,Knight's Crossbow,0xd72620,1,10,50,260500,1159,0,0,
weapon_items,Temple Knight's Crossbow,0xd74d30,1,10,55,260200,1160,0,0,
weapon_items,White Birch Bow,0xd77440,1,10,50,240420,1294,0,0,
weapon_items,Darkmoon Longbow,0xd79b50,1,10,50,240600,1254,0,0,
weapon_items,Onislayer Greatbow,0xd7c260,1,10,65,250200,1255,0,0,
weapon_items,Black Bow of Pharis,0xd7e970,1,10,65,240400,1256,0,0,
weapon_items,Sniper Crossbow,0xd83790,1,10,55,260300,1258,0,0,
weapon_items,Millwood Greatbow,0xd85ea0,1,10,100,250300,1278,0,0,
weapon_items,Repeating Crossbow,0xd885b0,1,10,20,260620,1295,0,0,
weapon_items,Chaos Bow,0xd8acc0,1,10,75,250350,1301,0,0,
weapon_items,Sanguine Bow,0xd8d3d0,1,10,40,240110,1300,0,0,
weapon_items,Bow of the Ancients,0xd8fae0,1,10,65,240210,1304,0,0,
weapon_items,Windswept Bow,0xd921f0,1,10,65,240220,1302,0,0,
weapon_items,Crossbow of Oolacile,0xd94900,1,10,45,260110,1306,0,0,
weapon_items,Bow of the Scaleless,0xd97010,1,10,50,240310,1303,0,0,
weapon_items,Carthus Crossbow,0xd99720,1,10,55,260210,1307,0,0,
weapon_items,Crossbow of the Conclave,0xd9be30,1,10,55,260310,1305,0,0,
weapon_items,Giant's Greatbow,0xd9e540,1,10,50,250100,1152,0,0,
weapon_items,Sellsword Twinblades,0xf42400,1,10,55,81100,1163,0,0,Normal
weapon_items,Heavy Sellsword Twinblades,0xf42464,1,10,55,81101,1163,0,0,Heavy
weapon_items,Stone Sellsword Twinblades,0xf424c8,1,10,55,81102,1163,0,0,Stone
weapon_items,Refined Sellsword Twinblades,0xf4252c,1,10,55,81103,1163,0,0,Refined
weapon_items,Crystal Sellsword Twinblades,0xf42590,1,10,55,81106,1163,0,0,Crystal
weapon_items,Air Sellsword Twinblades,0xf425f4,1,10,55,81105,1163,0,0,Air
weapon_items,Light Sellsword Twinblades,0xf42658,1,10,55,81107,1163,0,0,Light
weapon_items,Chaos Sellsword Twinblades,0xf426bc,1,10,55,81108,1163,0,0,Chaos
weapon_items,Lightning Sellsword Twinblades,0xf42720,1,10,55,81109,1163,0,0,Lightning
weapon_items,Essence Sellsword Twinblades,0xf42784,1,10,55,81111,1163,0,0,Essence
weapon_items,Dark Sellsword Twinblades,0xf427e8,1,10,55,81112,1163,0,0,Dark
weapon_items,Luck Sellsword Twinblades,0xf4284c,1,10,55,81114,1163,0,0,Luck
weapon_items,Raw Sellsword Twinblades,0xf428b0,1,10,55,81113,1163,0,0,Raw
weapon_items,Sharp Sellsword Twinblades,0xf42914,1,10,55,81104,1163,0,0,Sharp
weapon_items,Divine Sellsword Twinblades,0xf42978,1,10,55,81110,1163,0,0,Divine
weapon_items,Grave Sellsword Twinblades,0xf429dc,1,10,55,81115,1163,0,0,Grave
weapon_items,Warden Twinblades,0xf47220,1,10,70,81200,1165,0,0,Normal
weapon_items,Heavy Warden Twinblades,0xf47284,1,10,70,81201,1165,0,0,Heavy
weapon_items,Stone Warden Twinblades,0xf472e8,1,10,70,81202,1165,0,0,Stone
weapon_items,Refined Warden Twinblades,0xf4734c,1,10,70,81203,1165,0,0,Refined
weapon_items,Crystal Warden Twinblades,0xf473b0,1,10,70,81206,1165,0,0,Crystal
weapon_items,Air Warden Twinblades,0xf47414,1,10,70,81205,1165,0,0,Air
weapon_items,Light Warden Twinblades,0xf47478,1,10,70,81207,1165,0,0,Light
weapon_items,Chaos Warden Twinblades,0xf474dc,1,10,70,81208,1165,0,0,Chaos
weapon_items,Lightning Warden Twinblades,0xf47540,1,10,70,81209,1165,0,0,Lightning
weapon_items,Essence Warden Twinblades,0xf475a4,1,10,70,81211,1165,0,0,Essence
weapon_items,Dark Warden Twinblades,0xf47608,1,10,70,81212,1165,0,0,Dark
weapon_items,Luck Warden Twinblades,0xf4766c,1,10,70,81214,1165,0,0,Luck
weapon_items,Raw Warden Twinblades,0xf476d0,1,10,70,81213,1165,0,0,Raw
weapon_items,Sharp Warden Twinblades,0xf47734,1,10,70,81204,1165,0,0,Sharp
weapon_items,Divine Warden Twinblades,0xf47798,1,10,70,81210,1165,0,0,Divine
weapon_items,Grave Warden Twinblades,0xf477fc,1,10,70,81215,1165,0,0,Grave
weapon_items,Winged Knight Twinaxes,0xf49930,1,10,80,130900,1166,0,0,Normal
weapon_items,Heavy Winged Knight Twinaxes,0xf49994,1,10,80,130901,1166,0,0,Heavy
weapon_items,Stone Winged Knight Twinaxes,0xf499f8,1,10,80,130902,1166,0,0,Stone
weapon_items,Refined Winged Knight Twinaxes,0xf49a5c,1,10,80,130903,1166,0,0,Refined
weapon_items,Crystal Winged Knight Twinaxes,0xf49ac0,1,10,80,130906,1166,0,0,Crystal
weapon_items,Air Winged Knight Twinaxes,0xf49b24,1,10,80,130905,1166,0,0,Air
weapon_items,Light Winged Knight Twinaxes,0xf49b88,1,10,80,130907,1166,0,0,Light
weapon_items,Chaos Winged Knight Twinaxes,0xf49bec,1,10,80,130908,1166,0,0,Chaos
weapon_items,Lightning Winged Knight Twinaxes,0xf49c50,1,10,80,130909,1166,0,0,Lightning
weapon_items,Essence Winged Knight Twinaxes,0xf49cb4,1,10,80,130911,1166,0,0,Essence
weapon_items,Dark Winged Knight Twinaxes,0xf49d18,1,10,80,130912,1166,0,0,Dark
weapon_items,Luck Winged Knight Twinaxes,0xf49d7c,1,10,80,130914,1166,0,0,Luck
weapon_items,Raw Winged Knight Twinaxes,0xf49de0,1,10,80,130913,1166,0,0,Raw
weapon_items,Sharp Winged Knight Twinaxes,0xf49e44,1,10,80,130904,1166,0,0,Sharp
weapon_items,Divine Winged Knight Twinaxes,0xf49ea8,1,10,80,130910,1166,0,0,Divine
weapon_items,Grave Winged Knight Twinaxes,0xf49f0c,1,10,80,130915,1166,0,0,Grave
weapon_items,Dancer's Enchanted Swords,0xf4c040,1,10,80,81300,1167,0,0,
weapon_items,Great Machete,0xf4e750,1,10,85,140200,1168,0,0,Normal
weapon_items,Heavy Great Machete,0xf4e7b4,1,10,85,140201,1168,0,0,Heavy
weapon_items,Stone Great Machete,0xf4e818,1,10,85,140202,1168,0,0,Stone
weapon_items,Refined Great Machete,0xf4e87c,1,10,85,140203,1168,0,0,Refined
weapon_items,Crystal Great Machete,0xf4e8e0,1,10,85,140206,1168,0,0,Crystal
weapon_items,Air Great Machete,0xf4e944,1,10,85,140205,1168,0,0,Air
weapon_items,Light Great Machete,0xf4e9a8,1,10,85,140207,1168,0,0,Light
weapon_items,Chaos Great Machete,0xf4ea0c,1,10,85,140208,1168,0,0,Chaos
weapon_items,Lightning Great Machete,0xf4ea70,1,10,85,140209,1168,0,0,Lightning
weapon_items,Essence Great Machete,0xf4ead4,1,10,85,140211,1168,0,0,Essence
weapon_items,Dark Great Machete,0xf4eb38,1,10,85,140212,1168,0,0,Dark
weapon_items,Luck Great Machete,0xf4eb9c,1,10,85,140214,1168,0,0,Luck
weapon_items,Raw Great Machete,0xf4ec00,1,10,85,140213,1168,0,0,Raw
weapon_items,Sharp Great Machete,0xf4ec64,1,10,85,140204,1168,0,0,Sharp
weapon_items,Divine Great Machete,0xf4ecc8,1,10,85,140210,1168,0,0,Divine
weapon_items,Grave Great Machete,0xf4ed2c,1,10,85,140215,1168,0,0,Grave
weapon_items,Brigand Twindaggers,0xf50e60,1,10,50,41100,1169,0,0,Normal
weapon_items,Heavy Brigand Twindaggers,0xf50ec4,1,10,50,41101,1169,0,0,Heavy
weapon_items,Stone Brigand Twindaggers,0xf50f28,1,10,50,41102,1169,0,0,Stone
weapon_items,Refined Brigand Twindaggers,0xf50f8c,1,10,50,41103,1169,0,0,Refined
weapon_items,Crystal Brigand Twindaggers,0xf50ff0,1,10,50,41106,1169,0,0,Crystal
weapon_items,Air Brigand Twindaggers,0xf51054,1,10,50,41105,1169,0,0,Air
weapon_items,Light Brigand Twindaggers,0xf510b8,1,10,50,41107,1169,0,0,Light
weapon_items,Chaos Brigand Twindaggers,0xf5111c,1,10,50,41108,1169,0,0,Chaos
weapon_items,Lightning Brigand Twindaggers,0xf51180,1,10,50,41109,1169,0,0,Lightning
weapon_items,Essence Brigand Twindaggers,0xf511e4,1,10,50,41111,1169,0,0,Essence
weapon_items,Dark Brigand Twindaggers,0xf51248,1,10,50,41112,1169,0,0,Dark
weapon_items,Luck Brigand Twindaggers,0xf512ac,1,10,50,41114,1169,0,0,Luck
weapon_items,Raw Brigand Twindaggers,0xf51310,1,10,50,41113,1169,0,0,Raw
weapon_items,Sharp Brigand Twindaggers,0xf51374,1,10,50,41104,1169,0,0,Sharp
weapon_items,Divine Brigand Twindaggers,0xf513d8,1,10,50,41110,1169,0,0,Divine
weapon_items,Grave Brigand Twindaggers,0xf5143c,1,10,50,41115,1169,0,0,Grave
weapon_items,Gotthard Twinswords,0xf53570,1,10,70,51500,1170,0,0,Normal
weapon_items,Heavy Gotthard Twinswords,0xf535d4,1,10,70,51501,1170,0,0,Heavy
weapon_items,Stone Gotthard Twinswords,0xf53638,1,10,70,51502,1170,0,0,Stone
weapon_items,Refined Gotthard Twinswords,0xf5369c,1,10,70,51503,1170,0,0,Refined
weapon_items,Crystal Gotthard Twinswords,0xf53700,1,10,70,51506,1170,0,0,Crystal
weapon_items,Air Gotthard Twinswords,0xf53764,1,10,70,51505,1170,0,0,Air
weapon_items,Light Gotthard Twinswords,0xf537c8,1,10,70,51507,1170,0,0,Light
weapon_items,Chaos Gotthard Twinswords,0xf5382c,1,10,70,51508,1170,0,0,Chaos
weapon_items,Lightning Gotthard Twinswords,0xf53890,1,10,70,51509,1170,0,0,Lightning
weapon_items,Essence Gotthard Twinswords,0xf538f4,1,10,70,51511,1170,0,0,Essence
weapon_items,Dark Gotthard Twinswords,0xf53958,1,10,70,51512,1170,0,0,Dark
weapon_items,Luck Gotthard Twinswords,0xf539bc,1,10,70,51514,1170,0,0,Luck
weapon_items,Raw Gotthard Twinswords,0xf53a20,1,10,70,51513,1170,0,0,Raw
weapon_items,Sharp Gotthard Twinswords,0xf53a84,1,10,70,51504,1170,0,0,Sharp
weapon_items,Divine Gotthard Twinswords,0xf53ae8,1,10,70,51510,1170,0,0,Divine
weapon_items,Grave Gotthard Twinswords,0xf53b4c,1,10,70,51515,1170,0,0,Grave
weapon_items,Man Serpent Twinaxes,0xf55c80,1,10,80,130950,1174,0,0,Normal
weapon_items,Heavy Man Serpent Twinaxes,0xf55ce4,1,10,80,130951,1174,0,0,Heavy
weapon_items,Stone Man Serpent Twinaxes,0xf55d48,1,10,80,130952,1174,0,0,Stone
weapon_items,Refined Man Serpent Twinaxes,0xf55dac,1,10,80,130953,1174,0,0,Refined
weapon_items,Crystal Man Serpent Twinaxes,0xf55e10,1,10,80,130956,1174,0,0,Crystal
weapon_items,Air Man Serpent Twinaxes,0xf55e74,1,10,80,130955,1174,0,0,Air
weapon_items,Light Man Serpent Twinaxes,0xf55ed8,1,10,80,130957,1174,0,0,Light
weapon_items,Chaos Man Serpent Twinaxes,0xf55f3c,1,10,80,130958,1174,0,0,Chaos
weapon_items,Lightning Man Serpent Twinaxes,0xf55fa0,1,10,80,130959,1174,0,0,Lightning
weapon_items,Essence Man Serpent Twinaxes,0xf56004,1,10,80,130961,1174,0,0,Essence
weapon_items,Dark Man Serpent Twinaxes,0xf56068,1,10,80,130962,1174,0,0,Dark
weapon_items,Luck Man Serpent Twinaxes,0xf560cc,1,10,80,130964,1174,0,0,Luck
weapon_items,Raw Man Serpent Twinaxes,0xf56130,1,10,80,130963,1174,0,0,Raw
weapon_items,Sharp Man Serpent Twinaxes,0xf56194,1,10,80,130964,1174,0,0,Sharp
weapon_items,Divine Man Serpent Twinaxes,0xf561f8,1,10,80,130960,1174,0,0,Divine
weapon_items,Grave Man Serpent Twinaxes,0xf5625c,1,10,80,130965,1174,0,0,Grave
weapon_items,Onikiri and Ubadachi,0xf58390,1,10,35,120700,1172,0,0,Normal
weapon_items,Heavy Onikiri and Ubadachi,0xf583f4,1,10,35,120701,1172,0,0,Heavy
weapon_items,Stone Onikiri and Ubadachi,0xf58458,1,10,35,120702,1172,0,0,Stone
weapon_items,Refined Onikiri and Ubadachi,0xf584bc,1,10,35,120703,1172,0,0,Refined
weapon_items,Crystal Onikiri and Ubadachi,0xf58520,1,10,35,120706,1172,0,0,Crystal
weapon_items,Air Onikiri and Ubadachi,0xf58584,1,10,35,120705,1172,0,0,Air
weapon_items,Light Onikiri and Ubadachi,0xf585e8,1,10,35,120707,1172,0,0,Light
weapon_items,Chaos Onikiri and Ubadachi,0xf5864c,1,10,35,120708,1172,0,0,Chaos
weapon_items,Lightning Onikiri and Ubadachi,0xf586b0,1,10,35,120709,1172,0,0,Lightning
weapon_items,Essence Onikiri and Ubadachi,0xf58714,1,10,35,120711,1172,0,0,Essence
weapon_items,Dark Onikiri and Ubadachi,0xf58778,1,10,35,120712,1172,0,0,Dark
weapon_items,Luck Onikiri and Ubadachi,0xf587dc,1,10,35,120714,1172,0,0,Luck
weapon_items,Raw Onikiri and Ubadachi,0xf58840,1,10,35,120713,1172,0,0,Raw
weapon_items,Sharp Onikiri and Ubadachi,0xf588a4,1,10,35,120704,1172,0,0,Sharp
weapon_items,Divine Onikiri and Ubadachi,0xf58908,1,10,35,120710,1172,0,0,Divine
weapon_items,Grave Onikiri and Ubadachi,0xf5896c,1,10,35,120715,1172,0,0,Grave
weapon_items,Drang Twinspears,0xf5aaa0,1,10,70,171500,1173,0,0,Normal
weapon_items,Heavy Drang Twinspears,0xf5ab04,1,10,70,171501,1173,0,0,Heavy
weapon_items,Stone Drang Twinspears,0xf5ab68,1,10,70,171502,1173,0,0,Stone
weapon_items,Refined Drang Twinspears,0xf5abcc,1,10,70,171503,1173,0,0,Refined
weapon_items,Crystal Drang Twinspears,0xf5ac30,1,10,70,171506,1173,0,0,Crystal
weapon_items,Air Drang Twinspears,0xf5ac94,1,10,70,171505,1173,0,0,Air
weapon_items,Light Drang Twinspears,0xf5acf8,1,10,70,171507,1173,0,0,Light
weapon_items,Chaos Drang Twinspears,0xf5ad5c,1,10,70,171508,1173,0,0,Chaos
weapon_items,Lightning Drang Twinspears,0xf5adc0,1,10,70,171509,1173,0,0,Lightning
weapon_items,Essence Drang Twinspears,0xf5ae24,1,10,70,171511,1173,0,0,Essence
weapon_items,Dark Drang Twinspears,0xf5ae88,1,10,70,171512,1173,0,0,Dark
weapon_items,Luck Drang Twinspears,0xf5aeec,1,10,70,171514,1173,0,0,Luck
weapon_items,Raw Drang Twinspears,0xf5af50,1,10,70,171513,1173,0,0,Raw
weapon_items,Sharp Drang Twinspears,0xf5afb4,1,10,70,171504,1173,0,0,Sharp
weapon_items,Divine Drang Twinspears,0xf5b018,1,10,70,171510,1173,0,0,Divine
weapon_items,Grave Drang Twinspears,0xf5b07c,1,10,70,171515,1173,0,0,Grave
weapon_items,Giant Berserker's Clubs,0xf5d1b0,1,10,80,130920,1344,0,0,
weapon_items,Giant Door Shield,0xf5f8c0,1,10,150,521500,1296,0,0,Normal
weapon_items,Heavy Giant Door Shield,0xf5f924,1,10,150,521501,1296,0,0,Heavy
weapon_items,Stone Giant Door Shield,0xf5f988,1,10,150,521502,1296,0,0,Stone
weapon_items,Refined Giant Door Shield,0xf5f9ec,1,10,150,521503,1296,0,0,Refined
weapon_items,Crystal Giant Door Shield,0xf5fa50,1,10,150,521506,1296,0,0,Crystal
weapon_items,Air Giant Door Shield,0xf5fab4,1,10,150,521505,1296,0,0,Air
weapon_items,Light Giant Door Shield,0xf5fb18,1,10,150,521507,1296,0,0,Light
weapon_items,Chaos Giant Door Shield,0xf5fb7c,1,10,150,521508,1296,0,0,Chaos
weapon_items,Lightning Giant Door Shield,0xf5fbe0,1,10,150,521509,1296,0,0,Lightning
weapon_items,Essence Giant Door Shield,0xf5fc44,1,10,150,521511,1296,0,0,Essence
weapon_items,Dark Giant Door Shield,0xf5fca8,1,10,150,521512,1296,0,0,Dark
weapon_items,Luck Giant Door Shield,0xf5fd0c,1,10,150,521514,1296,0,0,Luck
weapon_items,Raw Giant Door Shield,0xf5fd70,1,10,150,521513,1296,0,0,Raw
weapon_items,Sharp Giant Door Shield,0xf5fdd4,1,10,150,521504,1296,0,0,Sharp
weapon_items,Divine Giant Door Shield,0xf5fe38,1,10,150,521510,1296,0,0,Divine
weapon_items,Grave Giant Door Shield,0xf5fe9c,1,10,150,521515,1296,0,0,Grave
weapon_items,Drang Hammers,0xf61fd0,1,10,80,150800,1259,0,0,Normal
weapon_items,Heavy Drang Hammers,0xf62034,1,10,80,150801,1259,0,0,Heavy
weapon_items,Stone Drang Hammers,0xf62098,1,10,80,150802,1259,0,0,Stone
weapon_items,Refined Drang Hammers,0xf620fc,1,10,80,150803,1259,0,0,Refined
weapon_items,Crystal Drang Hammers,0xf62160,1,10,80,150806,1259,0,0,Crystal
weapon_items,Air Drang Hammers,0xf621c4,1,10,80,150805,1259,0,0,Air
weapon_items,Light Drang Hammers,0xf62228,1,10,80,150807,1259,0,0,Light
weapon_items,Chaos Drang Hammers,0xf6228c,1,10,80,150808,1259,0,0,Chaos
weapon_items,Lightning Drang Hammers,0xf622f0,1,10,80,150809,1259,0,0,Lightning
weapon_items,Essence Drang Hammers,0xf62354,1,10,80,150811,1259,0,0,Essence
weapon_items,Dark Drang Hammers,0xf623b8,1,10,80,150812,1259,0,0,Dark
weapon_items,Luck Drang Hammers,0xf6241c,1,10,80,150814,1259,0,0,Luck
weapon_items,Raw Drang Hammers,0xf62480,1,10,80,150813,1259,0,0,Raw
weapon_items,Sharp Drang Hammers,0xf624e4,1,10,80,150804,1259,0,0,Sharp
weapon_items,Divine Drang Hammers,0xf62548,1,10,80,150810,1259,0,0,Divine
weapon_items,Grave Drang Hammers,0xf625ac,1,10,80,150815,1259,0,0,Grave
weapon_items,Valorheart,0xf646e0,1,10,70,51520,1276,0,0,
weapon_items,Crow Quills,0xf66df0,1,10,60,110520,1277,0,0,
weapon_items,Ringed Knight Paired Greatswords,0xf69500,1,10,90,70920,1297,0,0,
weapon_items,Demonic Dual Swords,0xf6bc10,1,10,70,51500,1026,0,0,
weapon_items,Lion's Fury,0xf6e320,1,10,70,51520,1024,0,0,
weapon_items,Dragon's Blood Blades,0xf70a30,1,10,50,41100,1171,0,0,
weapon_items,Twin Tails of the Penitent,0xf75850,1,10,80,210750,1257,0,0,
weapon_items,Firecracker Fists,0xf77f60,1,10,60,110570,1131,0,0,
weapon_items,Capra's Paired Machetes,0xf7a670,1,10,90,70920,1175,0,0,
weapon_items,Alchemical Blades,0xf7cd80,1,10,35,120720,1162,0,0,
weapon_items,Dragonslayer Paired Greatswords,0xf7f490,1,10,90,70925,1164,0,0,
weapon_items,Blades of the Tyrant,0xf81ba0,1,10,90,70920,1325,0,0,
weapon_items,Blades of Disparity,0xf842b0,1,10,90,70925,1326,0,0,
weapon_items,Whirlwind Twinblades,0xf890d0,1,10,35,120750,1341,0,0,
weapon_items,Buckler,0x1312d00,1,10,30,500100,2000,0,0,Normal
weapon_items,Crystal Buckler,0x1312e90,1,10,30,500106,2000,0,0,Crystal
weapon_items,Chaos Buckler,0x1312fbc,1,10,30,500111,2000,0,0,Chaos
weapon_items,Lightning Buckler,0x1313020,1,10,30,500109,2000,0,0,Lightning
weapon_items,Dark Buckler,0x13130e8,1,10,30,500112,2000,0,0,Dark
weapon_items,Small Leather Shield,0x1315410,1,10,55,500300,2001,0,0,Normal
weapon_items,Crystal Small Leather Shield,0x13155a0,1,10,55,500306,2001,0,0,Crystal
weapon_items,Chaos Small Leather Shield,0x13156cc,1,10,55,500308,2001,0,0,Chaos
weapon_items,Lightning Small Leather Shield,0x1315730,1,10,55,500309,2001,0,0,Lightning
weapon_items,Dark Small Leather Shield,0x13157f8,1,10,55,500312,2001,0,0,Dark
weapon_items,Hermit's Buckler,0x1317b20,1,10,30,500100,2002,0,0,
weapon_items,Round Shield,0x131a230,1,10,80,510500,2003,0,0,Normal
weapon_items,Crystal Round Shield,0x131a3c0,1,10,80,510506,2003,0,0,Crystal
weapon_items,Chaos Round Shield,0x131a4ec,1,10,80,510508,2003,0,0,Chaos
weapon_items,Lightning Round Shield,0x131a550,1,10,80,510509,2003,0,0,Lightning
weapon_items,Dark Round Shield,0x131a618,1,10,80,510512,2003,0,0,Dark
weapon_items,Large Leather Shield,0x131c940,1,10,75,510100,2004,0,0,Normal
weapon_items,Crystal Large Leather Shield,0x131cad0,1,10,75,510106,2004,0,0,Crystal
weapon_items,Chaos Large Leather Shield,0x131cbfc,1,10,75,510108,2004,0,0,Chaos
weapon_items,Lightning Large Leather Shield,0x131cc60,1,10,75,510109,2004,0,0,Lightning
weapon_items,Dark Large Leather Shield,0x131cd28,1,10,75,510112,2004,0,0,Dark
weapon_items,Hawkwood's Shield,0x1323e70,1,10,60,501300,2006,0,0,Normal
weapon_items,Hawkwood's Crystal Shield,0x1324000,1,10,60,501306,2006,0,0,Crystal
weapon_items,Hawkwood's Chaos Shield,0x132412c,1,10,60,501308,2006,0,0,Chaos
weapon_items,Hawkwood's Lightning Shield,0x1324190,1,10,60,501309,2006,0,0,Lightning
weapon_items,Hawkwood's Dark Shield,0x1324258,1,10,60,501312,2006,0,0,Dark
weapon_items,Iron Round Shield,0x1326580,1,10,55,501200,2007,0,0,Normal
weapon_items,Crystal Iron Shield,0x1326710,1,10,55,501206,2007,0,0,Crystal
weapon_items,Chaos Iron Shield,0x132683c,1,10,55,501208,2007,0,0,Chaos
weapon_items,Lightning Iron Shield,0x13268a0,1,10,55,501209,2007,0,0,Lightning
weapon_items,Dark Iron Shield,0x1326968,1,10,55,501212,2007,0,0,Dark
weapon_items,Wooden Shield,0x132dab0,1,10,70,510600,2010,0,0,Normal
weapon_items,Crystal Wooden Shield,0x132dc40,1,10,70,510606,2010,0,0,Crystal
weapon_items,Chaos Wooden Shield,0x132dd6c,1,10,70,510608,2010,0,0,Chaos
weapon_items,Lightning Wooden Shield,0x132ddd0,1,10,70,510609,2010,0,0,Lightning
weapon_items,Dark Wooden Shield,0x132de98,1,10,70,510612,2010,0,0,Dark
weapon_items,Kite Shield,0x13301c0,1,10,80,510800,2011,0,0,Normal
weapon_items,Crystal Kite Shield,0x1330350,1,10,80,510806,2011,0,0,Crystal
weapon_items,Chaos Kite Shield,0x133047c,1,10,80,510808,2011,0,0,Chaos
weapon_items,Lightning Kite Shield,0x13304e0,1,10,80,510809,2011,0,0,Lightning
weapon_items,Dark Kite Shield,0x13305a8,1,10,80,510812,2011,0,0,Dark
weapon_items,Ghru Rotshield,0x13328d0,1,10,55,501100,2012,0,0,Normal
weapon_items,Crystal Ghru Rotshield,0x1332a60,1,10,55,501106,2012,0,0,Crystal
weapon_items,Chaos Ghru Rotshield,0x1332b8c,1,10,55,501108,2012,0,0,Chaos
weapon_items,Lightning Ghru Rotshield,0x1332bf0,1,10,55,501109,2012,0,0,Lightning
weapon_items,Dark Ghru Rotshield,0x1332cb8,1,10,55,501112,2012,0,0,Dark
weapon_items,Havel's Greatshield,0x13376f0,1,10,270,521100,2014,0,0,
weapon_items,Target Shield,0x1339e00,1,10,40,500200,2015,0,0,Normal
weapon_items,Crystal Target Shield,0x1339f90,1,10,40,500206,2015,0,0,Crystal
weapon_items,Chaos Target Shield,0x133a0bc,1,10,40,500208,2015,0,0,Chaos
weapon_items,Lightning Target Shield,0x133a120,1,10,40,500209,2015,0,0,Lightning
weapon_items,Dark Target Shield,0x133a1e8,1,10,40,500212,2015,0,0,Dark
weapon_items,Elkhorn Round Shield,0x133c510,1,10,55,500800,2028,0,0,Normal
weapon_items,Crystal Elkhorn Shield,0x133c6a0,1,10,55,500806,2028,0,0,Crystal
weapon_items,Chaos Elkhorn Shield,0x133c7cc,1,10,55,500808,2028,0,0,Chaos
weapon_items,Lightning Elkhorn Shield,0x133c830,1,10,55,500809,2028,0,0,Lightning
weapon_items,Dark Elkhorn Shield,0x133c8f8,1,10,55,500812,2028,0,0,Dark
weapon_items,Warrior's Round Shield,0x133ec20,1,10,55,500900,2029,0,0,Normal
weapon_items,Crystal Warrior's Shield,0x133edb0,1,10,55,500906,2029,0,0,Crystal
weapon_items,Chaos Warrior's Shield,0x133eedc,1,10,55,500908,2029,0,0,Chaos
weapon_items,Lightning Warrior's Shield,0x133ef40,1,10,55,500909,2029,0,0,Lightning
weapon_items,Dark Warrior's Shield,0x133f008,1,10,55,500912,2029,0,0,Dark
weapon_items,Caduceus Round Shield,0x1341330,1,10,55,500700,2030,0,0,Normal
weapon_items,Crystal Caduceus Shield,0x13414c0,1,10,55,500706,2030,0,0,Crystal
weapon_items,Chaos Caduceus Shield,0x13415ec,1,10,55,500708,2030,0,0,Chaos
weapon_items,Lightning Caduceus Shield,0x1341650,1,10,55,500709,2030,0,0,Lightning
weapon_items,Dark Caduceus Shield,0x1341718,1,10,55,500712,2030,0,0,Dark
weapon_items,Red and White Round Shield,0x1343a40,1,10,55,500600,2031,0,0,Normal
weapon_items,Crystal Red and White Shield,0x1343bd0,1,10,55,500606,2031,0,0,Crystal
weapon_items,Chaos Red and White Shield,0x1343cfc,1,10,55,500608,2031,0,0,Chaos
weapon_items,Lightning Red and White Shield,0x1343d60,1,10,55,500609,2031,0,0,Lightning
weapon_items,Dark Red and White Shield,0x1343e28,1,10,55,500612,2031,0,0,Dark
weapon_items,Plank Shield,0x1346150,1,10,40,501000,2032,0,0,Normal
weapon_items,Crystal Plank Shield,0x13462e0,1,10,40,501006,2032,0,0,Crystal
weapon_items,Chaos Plank Shield,0x134640c,1,10,40,501008,2032,0,0,Chaos
weapon_items,Lightning Plank Shield,0x1346470,1,10,40,501009,2032,0,0,Lightning
weapon_items,Dark Plank Shield,0x1346538,1,10,40,501012,2032,0,0,Dark
weapon_items,Leather Shield,0x1348860,1,10,55,500400,2033,0,0,Normal
weapon_items,Crystal Leather Shield,0x13489f0,1,10,55,500406,2033,0,0,Crystal
weapon_items,Chaos Leather Shield,0x1348b1c,1,10,55,500408,2033,0,0,Chaos
weapon_items,Lightning Leather Shield,0x1348b80,1,10,55,500409,2033,0,0,Lightning
weapon_items,Dark Leather Shield,0x1348c48,1,10,55,500412,2033,0,0,Dark
weapon_items,Crimson Parma,0x134af70,1,10,55,500500,2034,0,0,Normal
weapon_items,Crystal Crimson Parma,0x134b100,1,10,55,500506,2034,0,0,Crystal
weapon_items,Chaos Crimson Parma,0x134b22c,1,10,55,500508,2034,0,0,Chaos
weapon_items,Lightning Crimson Parma,0x134b290,1,10,55,500509,2034,0,0,Lightning
weapon_items,Dark Crimson Parma,0x134b358,1,10,55,500512,2034,0,0,Dark
weapon_items,Eastern Iron Shield,0x134d680,1,10,100,501500,2035,0,0,Normal
weapon_items,Crystal Eastern Shield,0x134d810,1,10,100,501506,2035,0,0,Crystal
weapon_items,Chaos Eastern Shield,0x134d93c,1,10,100,501508,2035,0,0,Chaos
weapon_items,Lightning Eastern Shield,0x134d9a0,1,10,100,501509,2035,0,0,Lightning
weapon_items,Dark Eastern Shield,0x134da68,1,10,100,501512,2035,0,0,Dark
weapon_items,Llewellyn Shield,0x134fd90,1,10,70,501400,2036,0,0,Normal
weapon_items,Crystal Llewellyn Shield,0x134ff20,1,10,70,501406,2036,0,0,Crystal
weapon_items,Chaos Llewellyn Shield,0x135004c,1,10,70,501408,2036,0,0,Chaos
weapon_items,Lightning Llewellyn Shield,0x13500b0,1,10,70,501409,2036,0,0,Lightning
weapon_items,Dark Llewellyn Shield,0x1350178,1,10,70,501412,2036,0,0,Dark
weapon_items,Golden Falcon Shield,0x1354bb0,1,10,85,501600,2038,0,0,Normal
weapon_items,Crystal Falcon Shield,0x1354d40,1,10,85,501606,2038,0,0,Crystal
weapon_items,Chaos Falcon Shield,0x1354e6c,1,10,85,501608,2038,0,0,Chaos
weapon_items,Lightning Falcon Shield,0x1354ed0,1,10,85,501609,2038,0,0,Lightning
weapon_items,Dark Falcon Shield,0x1354f98,1,10,85,501612,2038,0,0,Dark
weapon_items,Sacred Bloom Shield,0x13572c0,1,10,85,501700,2039,0,0,
weapon_items,Ancient Dragon Greatshield,0x13599d0,1,10,105,520700,2071,0,0,
weapon_items,Follower Shield,0x135c0e0,1,10,55,510720,2073,0,0,Normal
weapon_items,Crystal Follower Shield,0x135c270,1,10,55,510726,2073,0,0,Crystal
weapon_items,Chaos Follower Shield,0x135c39c,1,10,55,510728,2073,0,0,Chaos
weapon_items,Lightning Follower Shield,0x135c400,1,10,55,510729,2073,0,0,Lightning
weapon_items,Dark Follower Shield,0x135c4c8,1,10,55,510732,2073,0,0,Dark
weapon_items,Dragonhead Shield,0x135e7f0,1,10,85,501720,2074,0,0,
weapon_items,Lothric Knight Shield,0x1409650,1,10,75,511100,2017,0,0,Normal
weapon_items,Crystal Lothric Shield,0x14097e0,1,10,75,511106,2017,0,0,Crystal
weapon_items,Chaos Lothric Shield,0x140990c,1,10,75,511108,2017,0,0,Chaos
weapon_items,Lightning Lothric Shield,0x1409970,1,10,75,511109,2017,0,0,Lightning
weapon_items,Dark Lothric Shield,0x1409a38,1,10,75,511112,2017,0,0,Dark
weapon_items,Knight Shield,0x1410b80,1,10,65,511000,2020,0,0,Normal
weapon_items,Crystal Knight Shield,0x1410d10,1,10,65,511006,2020,0,0,Crystal
weapon_items,Chaos Knight Shield,0x1410e3c,1,10,65,511008,2020,0,0,Chaos
weapon_items,Lightning Knight Shield,0x1410ea0,1,10,65,511009,2020,0,0,Lightning
weapon_items,Dark Knight Shield,0x1410f68,1,10,65,511012,2020,0,0,Dark
weapon_items,Pontiff Knight Shield,0x14159a0,1,10,65,512400,2022,0,0,
weapon_items,Carthus Shield,0x14180b0,1,10,80,510200,2021,0,0,Normal
weapon_items,Crystal Carthus Shield,0x1418240,1,10,80,510206,2021,0,0,Crystal
weapon_items,Chaos Carthus Shield,0x141836c,1,10,80,510208,2021,0,0,Chaos
weapon_items,Lightning Carthus Shield,0x14183d0,1,10,80,510209,2021,0,0,Lightning
weapon_items,Dark Carthus Shield,0x1418498,1,10,80,510212,2021,0,0,Dark
weapon_items,Black Knight Shield,0x141f5e0,1,10,130,512500,2023,0,0,
weapon_items,Lorian's Shield,0x1421cf0,1,10,150,521420,2040,0,0,
weapon_items,Silver Knight Shield,0x1424400,1,10,100,512600,2041,0,0,
weapon_items,Spiked Shield,0x1426b10,1,10,75,511600,2042,0,0,Normal
weapon_items,Crystal Spiked Shield,0x1426ca0,1,10,75,511606,2042,0,0,Crystal
weapon_items,Chaos Spiked Shield,0x1426dcc,1,10,75,511608,2042,0,0,Chaos
weapon_items,Lightning Spiked Shield,0x1426e30,1,10,75,511609,2042,0,0,Lightning
weapon_items,Dark Spiked Shield,0x1426ef8,1,10,75,511612,2042,0,0,Dark
weapon_items,Pierce Shield,0x1429220,1,10,90,511700,2043,0,0,Normal
weapon_items,Crystal Pierce Shield,0x14293b0,1,10,90,511706,2043,0,0,Crystal
weapon_items,Chaos Pierce Shield,0x14294dc,1,10,90,511708,2043,0,0,Chaos
weapon_items,Lightning Pierce Shield,0x1429540,1,10,90,511709,2043,0,0,Lightning
weapon_items,Dark Pierce Shield,0x1429608,1,10,90,511712,2043,0,0,Dark
weapon_items,East-West Shield,0x142b930,1,10,60,510300,2044,0,0,Normal
weapon_items,Crystal East-West Shield,0x142bac0,1,10,60,510306,2044,0,0,Crystal
weapon_items,Chaos East-West Shield,0x142bbec,1,10,60,510308,2044,0,0,Chaos
weapon_items,Lightning East-West Shield,0x142bc50,1,10,60,510309,2044,0,0,Lightning
weapon_items,Dark East-West Shield,0x142bd18,1,10,60,510312,2044,0,0,Dark
weapon_items,Sunlight Shield,0x142e040,1,10,80,511400,2045,0,0,Normal
weapon_items,Crystal Sunlight Shield,0x142e1d0,1,10,80,511406,2045,0,0,Crystal
weapon_items,Chaos Sunlight Shield,0x142e2fc,1,10,80,511408,2045,0,0,Chaos
weapon_items,Lightning Sunlight Shield,0x142e360,1,10,80,511409,2045,0,0,Lightning
weapon_items,Dark Sunlight Shield,0x142e428,1,10,80,511412,2045,0,0,Dark
weapon_items,Crest Shield,0x1430750,1,10,90,512000,2046,0,0,
weapon_items,Dragon Crest Shield,0x1432e60,1,10,90,512100,2047,0,0,
weapon_items,Spider Shield,0x1435570,1,10,75,511200,2048,0,0,Normal
weapon_items,Crystal Spider Shield,0x1435700,1,10,75,511206,2048,0,0,Crystal
weapon_items,Chaos Spider Shield,0x143582c,1,10,75,511208,2048,0,0,Chaos
weapon_items,Lightning Spider Shield,0x1435890,1,10,75,511209,2048,0,0,Lightning
weapon_items,Dark Spider Shield,0x1435958,1,10,75,511212,2048,0,0,Dark
weapon_items,Grass Crest Shield,0x1437c80,1,10,75,511900,2049,0,0,
weapon_items,Sunset Shield,0x143a390,1,10,80,511300,2050,0,0,Normal
weapon_items,Crystal Sunset Shield,0x143a520,1,10,80,511306,2050,0,0,Crystal
weapon_items,Chaos Sunset Shield,0x143a64c,1,10,80,511308,2050,0,0,Chaos
weapon_items,Lightning Sunset Shield,0x143a6b0,1,10,80,511309,2050,0,0,Lightning
weapon_items,Dark Sunset Shield,0x143a778,1,10,80,511312,2050,0,0,Dark
weapon_items,Golden Wing Crest Shield,0x143caa0,1,10,100,512300,2051,0,0,
weapon_items,Blue Wooden Shield,0x143f1b0,1,10,65,510400,2052,0,0,Normal
weapon_items,Crystal Blue Shield,0x143f340,1,10,65,510406,2052,0,0,Crystal
weapon_items,Chaos Blue Shield,0x143f46c,1,10,65,510408,2052,0,0,Chaos
weapon_items,Lightning Blue Shield,0x143f4d0,1,10,65,510409,2052,0,0,Lightning
weapon_items,Dark Blue Shield,0x143f598,1,10,65,510412,2052,0,0,Dark
weapon_items,Silver Eagle Kite Shield,0x14418c0,1,10,60,510900,2053,0,0,Normal
weapon_items,Crystal Eagle Kite Shield,0x1441a50,1,10,60,510906,2053,0,0,Crystal
weapon_items,Chaos Eagle Kite Shield,0x1441b7c,1,10,60,510908,2053,0,0,Chaos
weapon_items,Lightning Eagle Kite Shield,0x1441be0,1,10,60,510909,2053,0,0,Lightning
weapon_items,Dark Eagle Kite Shield,0x1441ca8,1,10,60,510912,2053,0,0,Dark
weapon_items,Stone Parma,0x1443fd0,1,10,70,511500,2054,0,0,Normal
weapon_items,Crystal Stone Parma,0x1444160,1,10,70,511506,2054,0,0,Crystal
weapon_items,Chaos Stone Parma,0x144428c,1,10,70,511508,2054,0,0,Chaos
weapon_items,Lightning Stone Parma,0x14442f0,1,10,70,511509,2054,0,0,Lightning
weapon_items,Dark Stone Parma,0x14443b8,1,10,70,511512,2054,0,0,Dark
weapon_items,Spirit Tree Crest Shield,0x14466e0,1,10,90,512200,2055,0,0,
weapon_items,Porcine Shield,0x1448df0,1,10,70,511800,2056,0,0,Normal
weapon_items,Crystal Porcine Shield,0x1448f80,1,10,70,511806,2056,0,0,Crystal
weapon_items,Chaos Porcine Shield,0x14490ac,1,10,70,511808,2056,0,0,Chaos
weapon_items,Lightning Porcine Shield,0x1449110,1,10,70,511809,2056,0,0,Lightning
weapon_items,Dark Porcine Shield,0x14491d8,1,10,70,511812,2056,0,0,Dark
weapon_items,Shield of Want,0x144b500,1,10,110,512700,2057,0,0,
weapon_items,Wargod Wooden Shield,0x144dc10,1,10,70,510700,2058,0,0,Normal
weapon_items,Crystal Wargod Shield,0x144dda0,1,10,70,510706,2058,0,0,Crystal
weapon_items,Chaos Wargod Shield,0x144decc,1,10,70,510708,2058,0,0,Chaos
weapon_items,Lightning Wargod Shield,0x144df30,1,10,70,510709,2058,0,0,Lightning
weapon_items,Dark Wargod Shield,0x144dff8,1,10,70,510712,2058,0,0,Dark
weapon_items,Ethereal Oak Shield,0x1450320,1,10,80,512650,2072,0,0,
weapon_items,Dragonhead Greatshield,0x1452a30,1,10,150,521420,2075,0,0,
weapon_items,Shield of Alacrity,0x1455140,1,10,20,518000,2059,0,0,
weapon_items,Paladin's Aegis,0x1457850,1,10,75,518500,2060,0,0,
weapon_items,Lothric Knight Greatshield,0x14fd890,1,10,140,520300,2024,0,0,Normal
weapon_items,Crystal Lothric Greatshield,0x14fda20,1,10,140,520306,2024,0,0,Crystal
weapon_items,Chaos Lothric Greatshield,0x14fdb4c,1,10,140,520308,2024,0,0,Chaos
weapon_items,Lightning Lothric Greatshield,0x14fdbb0,1,10,140,520309,2024,0,0,Lightning
weapon_items,Dark Lothric Greatshield,0x14fdc78,1,10,140,520312,2024,0,0,Dark
weapon_items,Cathedral Knight Greatshield,0x14fffa0,1,10,150,520400,2025,0,0,Normal
weapon_items,Crystal Cathedral Greatshield,0x1500130,1,10,150,520406,2025,0,0,Crystal
weapon_items,Chaos Cathedral Greatshield,0x150025c,1,10,150,520408,2025,0,0,Chaos
weapon_items,Lightning Cathedral Greatshield,0x15002c0,1,10,150,520409,2025,0,0,Lightning
weapon_items,Dark Cathedral Greatshield,0x1500388,1,10,150,520412,2025,0,0,Dark
weapon_items,Dragonslayer Greatshield,0x1504dc0,1,10,190,521300,2027,0,0,
weapon_items,Moaning Shield,0x15074d0,1,10,205,520900,2061,0,0,
weapon_items,Yhorm's Greatshield,0x150c2f0,1,10,205,521400,2063,0,0,
weapon_items,Black Iron Greatshield,0x150ea00,1,10,150,520200,2064,0,0,Normal
weapon_items,Crystal Black Iron Greatshield,0x150eb90,1,10,150,520206,2064,0,0,Crystal
weapon_items,Chaos Black Iron Greatshield,0x150ecbc,1,10,150,520208,2064,0,0,Chaos
weapon_items,Lightning Black Iron Greatshield,0x150ed20,1,10,150,520209,2064,0,0,Lightning
weapon_items,Dark Black Iron Greatshield,0x150ede8,1,10,150,520212,2064,0,0,Dark
weapon_items,Wolf Knight's Greatshield,0x1511110,1,10,140,521000,2065,0,0,
weapon_items,Twin Dragon Greatshield,0x1513820,1,10,105,520100,2066,0,0,Normal
weapon_items,Crystal Twin Dragon Greatshield,0x15139b0,1,10,105,520106,2066,0,0,Crystal
weapon_items,Chaos Twin Dragon Greatshield,0x1513adc,1,10,105,520108,2066,0,0,Chaos
weapon_items,Lightning Twin Dragon Greatshield,0x1513b40,1,10,105,520109,2066,0,0,Lightning
weapon_items,Dark Twin Dragon Greatshield,0x1513c08,1,10,105,520112,2066,0,0,Dark
weapon_items,Greatshield of Glory,0x1515f30,1,10,190,520800,2067,0,0,
weapon_items,Curse Ward Greatshield,0x1518640,1,10,150,521200,2068,0,0,
weapon_items,Bonewheel Shield,0x151ad50,1,10,115,520600,2069,0,0,Normal
weapon_items,Crystal Bonewheel Shield,0x151aee0,1,10,115,520606,2069,0,0,Crystal
weapon_items,Chaos Bonewheel Shield,0x151b00c,1,10,115,520608,2069,0,0,Chaos
weapon_items,Lightning Bonewheel Shield,0x151b070,1,10,115,520609,2069,0,0,Lightning
weapon_items,Dark Bonewheel Shield,0x151b138,1,10,115,520612,2069,0,0,Dark
weapon_items,Stone Greatshield,0x151d460,1,10,170,520500,2070,0,0,Normal
weapon_items,Crystal Stone Greatshield,0x151d5f0,1,10,170,520506,2070,0,0,Crystal
weapon_items,Chaos Stone Greatshield,0x151d71c,1,10,170,520508,2070,0,0,Chaos
weapon_items,Lightning Stone Greatshield,0x151d780,1,10,170,520509,2070,0,0,Lightning
weapon_items,Dark Stone Greatshield,0x151d848,1,10,170,520512,2070,0,0,Dark
weapon_items,Torch,0x15ef3c0,1,10,45,310100,1177,0,0,Normal
weapon_items,Ashen Torch,0x15ef424,1,10,45,310101,1177,0,0,Heavy
weapon_items,Dark Flame Torch,0x15ef488,1,10,45,310102,1177,0,0,Stone
weapon_items,Magic Flame Torch,0x15ef4ec,1,10,45,310103,1177,0,0,Refined
weapon_items,Golden Flame Torch,0x15ef618,1,10,45,310104,1177,0,0,Light
weapon_items,Follower Torch,0x15f1ad0,1,10,45,310200,1280,0,0,
ammo_items,Standard Arrow,0x61a80,99,0,0,10200,6000,0,0,
ammo_items,Light Arrow,0x61ae4,99,0,0,10500,6001,0,0,
ammo_items,Poison Arrow,0x61b48,99,0,0,10600,6002,0,0,
ammo_items,Large Arrow,0x61bac,99,0,0,10300,6003,0,0,
ammo_items,Feather Arrow,0x61c10,99,0,0,10400,6004,0,0,
ammo_items,Moonlight Arrow,0x61c74,99,0,0,10800,6005,0,0,
ammo_items,Wood Arrow,0x61cd8,99,0,0,10100,6006,0,0,
ammo_items,Dark Arrow,0x61d3c,99,0,0,10700,6016,0,0,
ammo_items,Dragonslayer Greatarrow,0x62250,50,0,0,20900,6007,0,0,
ammo_items,Dragonslayer Lightning Arrow,0x62318,50,0,0,21000,6017,0,0,
ammo_items,Onislayer Greatarrow,0x6237c,30,0,0,21100,6018,0,0,
ammo_items,Millwood Greatarrow,0x623e0,30,0,0,21200,6019,0,0,
ammo_items,Chaos Arrow,0x62444,99,0,0,21300,6001,0,0,
ammo_items,Standard Bolt,0x62a20,99,0,0,31300,6009,0,0,
ammo_items,Heavy Bolt,0x62a84,99,0,0,31400,6010,0,0,
ammo_items,Sniper Bolt,0x62ae8,99,0,0,31500,6011,0,0,
ammo_items,Wood Bolt,0x62b4c,99,0,0,31200,6012,0,0,
ammo_items,Lightning Bolt,0x62bb0,99,0,0,31600,6013,0,0,
ammo_items,Splintering Bolt,0x62c14,60,0,0,31700,6014,0,0,
ammo_items,Exploding Bolt,0x62c78,30,0,0,31800,6015,0,0,
armor_items,Embraced Armor of Favor,0x10018a88,1,0,10,800088,0,0,0,
armor_items,Gauntlets of Favor,0x10018e70,1,0,10,800089,0,0,0,
armor_items,Leggings of Favor,0x10019258,1,0,10,800090,0,0,0,
armor_items,Armor of the Glorious,0x1001b198,1,0,10,800000,0,0,0,
armor_items,Gauntlets of the Vanquisher,0x1001b580,1,0,10,800000,0,0,0,
armor_items,Boots of the Explorer,0x1001b968,1,0,10,800000,0,0,0,
armor_items,Stone Armor,0x1001d8a8,1,0,10,800000,0,0,0,
armor_items,Stone Gauntlets,0x1001dc90,1,0,10,800000,0,0,0,
armor_items,Stone Leggings,0x1001e078,1,0,10,800000,0,0,0,
armor_items,Crystalline Armor,0x1001ffb8,1,0,10,800000,0,0,0,
armor_items,Crystalline Gauntlets,0x100203a0,1,0,10,800000,0,0,0,
armor_items,Crystalline Leggings,0x10020788,1,0,10,800000,0,0,0,
armor_items,Crimson Robe,0x100226c8,1,0,10,800000,0,0,0,
armor_items,Crimson Gloves,0x10022ab0,1,0,10,800000,0,0,0,
armor_items,Crimson Waistcloth,0x10022e98,1,0,10,800000,0,0,0,
armor_items,Black Cleric Robe,0x10024dd8,1,0,10,800000,0,0,0,
armor_items,Black Manchette,0x100251c0,1,0,10,800000,0,0,0,
armor_items,Black Tights,0x100255a8,1,0,10,800000,0,0,0,
armor_items,Armor of the Sun,0x100274e8,1,0,10,800029,0,0,0,
armor_items,Iron Bracelet,0x100278d0,1,0,10,800030,0,0,0,
armor_items,Iron Leggings,0x10027cb8,1,0,10,800031,0,0,0,
armor_items,Chain Armor,0x10029bf8,1,0,10,800017,0,0,0,
armor_items,Leather Gauntlets,0x10029fe0,1,0,10,800018,0,0,0,
armor_items,Chain Leggings,0x1002a3c8,1,0,10,800019,0,0,0,
armor_items,Cleric Armor,0x1002c308,1,0,10,800000,0,0,0,
armor_items,Cleric Gauntlets,0x1002c6f0,1,0,10,800000,0,0,0,
armor_items,Cleric Leggings,0x1002cad8,1,0,10,800000,0,0,0,
armor_items,Armor of Thorns,0x10031128,1,0,10,800096,0,0,0,
armor_items,Gauntlets of Thorns,0x10031510,1,0,10,800097,0,0,0,
armor_items,Leggings of Thorns,0x100318f8,1,0,10,800098,0,0,0,
armor_items,Hard Leather Armor,0x10033838,1,0,10,800005,0,0,0,
armor_items,Hard Leather Gauntlets,0x10033c20,1,0,10,800006,0,0,0,
armor_items,Hard Leather Boots,0x10034008,1,0,10,800007,0,0,0,
armor_items,Sorcerer Cloak,0x10035f48,1,0,10,800000,0,0,0,
armor_items,Sorcerer Gauntlets,0x10036330,1,0,10,800000,0,0,0,
armor_items,Sorcerer Boots,0x10036718,1,0,10,800000,0,0,0,
armor_items,Tattered Cloth Robe,0x10038658,1,0,10,800000,0,0,0,
armor_items,Tattered Cloth Manchette,0x10038a40,1,0,10,800000,0,0,0,
armor_items,Heavy Boots,0x10038e28,1,0,10,800000,0,0,0,
armor_items,Leather Armor,0x1003ad68,1,0,10,800001,0,0,0,
armor_items,Leather Gloves,0x1003b150,1,0,10,800002,0,0,0,
armor_items,Leather Boots,0x1003b538,1,0,10,800003,0,0,0,
armor_items,Painting Guardian Robe,0x1003d478,1,0,10,800000,0,0,0,
armor_items,Painting Guardian Gloves,0x1003d860,1,0,10,800000,0,0,0,
armor_items,Painting Guardian Waistcloth,0x1003dc48,1,0,10,800000,0,0,0,
armor_items,Ornstein's Armor,0x10042298,1,0,10,800000,0,0,0,
armor_items,Ornstein's Gauntlets,0x10042680,1,0,10,800000,0,0,0,
armor_items,Ornstein's Leggings,0x10042a68,1,0,10,800000,0,0,0,
armor_items,Eastern Armor,0x100449a8,1,0,10,800092,0,0,0,
armor_items,Eastern Gauntlets,0x10044d90,1,0,10,800093,0,0,0,
armor_items,Eastern Leggings,0x10045178,1,0,10,800094,0,0,0,
armor_items,Xanthous Overcoat,0x100470b8,1,0,10,800000,0,0,0,
armor_items,Xanthous Gloves,0x100474a0,1,0,10,800000,0,0,0,
armor_items,Xanthous Waistcloth,0x10047888,1,0,10,800000,0,0,0,
armor_items,Black Leather Armor,0x100497c8,1,0,10,800198,0,0,0,
armor_items,Black Leather Gloves,0x10049bb0,1,0,10,800199,0,0,0,
armor_items,Black Leather Boots,0x10049f98,1,0,10,800200,0,0,0,
armor_items,Dingy Hood,0x10061a80,1,0,370,0,3449,0,0,
armor_items,Dingy Robe,0x10061e68,1,0,370,0,3450,0,0,
armor_items,Dingy Gloves,0x10062250,1,0,370,0,3451,0,0,
armor_items,Blood-Stained Skirt,0x10062638,1,0,370,0,3452,0,0,
armor_items,Mask of the Mother,0x100927c0,1,0,999,950000,0,0,0,
armor_items,Mask of the Child,0x10094ed0,1,0,999,950000,0,0,0,
armor_items,Fang Boar Helm,0x100975e0,1,0,999,950000,0,0,0,
armor_items,Gargoyle Helm,0x10099cf0,1,0,999,950000,0,0,0,
armor_items,Black Sorcerer Hat,0x1009c400,1,0,999,950000,0,0,0,
armor_items,Black Sorcerer Cloak,0x1009c7e8,1,0,999,950000,0,0,0,
armor_items,Black Sorcerer Gauntlets,0x1009cbd0,1,0,999,950000,0,0,0,
armor_items,Black Sorcerer Boots,0x1009cfb8,1,0,999,950000,0,0,0,
armor_items,Elite Cleric Helm,0x1009eb10,1,0,999,950000,0,0,0,
armor_items,Elite Cleric Armor,0x1009eef8,1,0,999,950000,0,0,0,
armor_items,Elite Cleric Gauntlets,0x1009f2e0,1,0,999,950000,0,0,0,
armor_items,Elite Cleric Leggings,0x1009f6c8,1,0,999,950000,0,0,0,
armor_items,Head,0x100dbba0,1,0,1,950000,0,0,0,
armor_items,Body,0x100dbf88,1,0,1,950000,0,0,0,
armor_items,Arms,0x100dc370,1,0,1,950000,0,0,0,
armor_items,Legs,0x100dc758,1,0,1,950000,0,0,0,
armor_items,No Travel Gear / Head,0x100e7ef0,1,0,10,800000,0,0,0,
armor_items,No Travel Gear / Body,0x100e82d8,1,0,10,800000,0,0,0,
armor_items,No Travel Gear / Arms,0x100e86c0,1,0,10,800000,0,0,0,
armor_items,No Travel Gear / Legs,0x100e8aa8,1,0,10,800000,0,0,0,
armor_items,Dragon Head,0x100f4240,1,0,0,20000,3000,0,0,
armor_items,Dragon Body,0x100f4628,1,0,0,20000,3001,0,0,
armor_items,Dragon Arms,0x100f4a10,1,0,0,20000,3002,0,0,
armor_items,Dragon Legs,0x100f4df8,1,0,0,20000,3003,0,0,
armor_items,Fallen Knight Helm,0x1121eac0,1,0,37,50210,3000,0,0,
armor_items,Fallen Knight Armor,0x1121eea8,1,0,36,50211,3001,0,0,
armor_items,Fallen Knight Gauntlets,0x1121f290,1,0,35,50212,3002,0,0,
armor_items,Fallen Knight Trousers,0x1121f678,1,0,35,50213,3003,0,0,
armor_items,Knight Helm,0x11298be0,1,0,38,50020,3004,0,0,
armor_items,Knight Armor,0x11298fc8,1,0,36,50021,3005,0,0,
armor_items,Knight Gauntlets,0x112993b0,1,0,37,50022,3006,0,0,
armor_items,Knight Leggings,0x11299798,1,0,37,50023,3007,0,0,
armor_items,Vilhelm's Helm,0x11312d00,1,0,37,50250,3449,0,0,
armor_items,Vilhelm's Armor,0x113130e8,1,0,37,50251,3450,0,0,
armor_items,Vilhelm's Gauntlets,0x113134d0,1,0,37,50252,3451,0,0,
armor_items,Vilhelm's Leggings,0x113138b8,1,0,37,50253,3452,0,0,
armor_items,Firelink Helm,0x11406f40,1,0,35,40080,3012,0,0,
armor_items,Firelink Armor,0x11407328,1,0,35,40081,3013,0,0,
armor_items,Firelink Gauntlets,0x11407710,1,0,28,40082,3014,0,0,
armor_items,Firelink Leggings,0x11407af8,1,0,28,40083,3015,0,0,
armor_items,Sellsword Helm,0x11481060,1,0,35,60100,3016,0,0,
armor_items,Sellsword Armor,0x11481448,1,0,37,60101,3017,0,0,
armor_items,Sellsword Gauntlet,0x11481830,1,0,23,60102,3018,0,0,
armor_items,Sellsword Trousers,0x11481c18,1,0,26,60103,3019,0,0,
armor_items,Herald Helm,0x114fb180,1,0,35,50200,3020,0,0,
armor_items,Herald Armor,0x114fb568,1,0,35,50201,3021,0,0,
armor_items,Herald Gloves,0x114fb950,1,0,35,50202,3022,0,0,
armor_items,Herald Trousers,0x114fbd38,1,0,35,50203,3023,0,0,
armor_items,Sunless Veil,0x115752a0,1,0,23,60120,3024,0,0,
armor_items,Sunless Armor,0x11575688,1,0,36,60121,3025,0,0,
armor_items,Sunless Gauntlets,0x11575a70,1,0,37,60122,3026,0,0,
armor_items,Sunless Leggings,0x11575e58,1,0,36,60123,3027,0,0,
armor_items,Black Hand Hat,0x115ef3c0,1,0,26,60260,3028,0,0,
armor_items,Black Hand Armor,0x115ef7a8,1,0,28,60261,3029,0,0,
armor_items,Assassin Gloves,0x115efb90,1,0,26,60362,3030,0,0,
armor_items,Assassin Trousers,0x115eff78,1,0,27,60363,3031,0,0,
armor_items,Assassin Hood,0x11607a60,1,0,22,60360,3388,0,0,
armor_items,Assassin Armor,0x11607e48,1,0,27,60361,3389,0,0,
armor_items,Xanthous Crown,0x116694e0,1,0,27,60140,3032,0,0,
armor_items,Xanthous Overcoat,0x116698c8,1,0,35,60141,3033,0,0,
armor_items,Xanthous Gloves,0x11669cb0,1,0,26,60142,3034,0,0,
armor_items,Xanthous Trousers,0x1166a098,1,0,26,60143,3035,0,0,
armor_items,Northern Helm,0x116e3600,1,0,37,50290,3036,0,0,
armor_items,Northern Armor,0x116e39e8,1,0,37,50291,3037,0,0,
armor_items,Northern Gloves,0x116e3dd0,1,0,27,50292,3038,0,0,
armor_items,Northern Trousers,0x116e41b8,1,0,27,50293,3039,0,0,
armor_items,Morne's Helm,0x1175d720,1,0,35,70315,3040,0,0,
armor_items,Morne's Armor,0x1175db08,1,0,35,70316,3041,0,0,
armor_items,Morne's Gauntlets,0x1175def0,1,0,40,70317,3042,0,0,
armor_items,Morne's Leggings,0x1175e2d8,1,0,40,70318,3043,0,0,
armor_items,Silver Mask,0x117d7840,1,0,28,60130,3044,0,0,
armor_items,Leonhard's Garb,0x117d7c28,1,0,27,60131,3045,0,0,
armor_items,Leonhard's Gauntlets,0x117d8010,1,0,28,60132,3046,0,0,
armor_items,Leonhard's Trousers,0x117d83f8,1,0,26,60133,3047,0,0,
armor_items,Sneering Mask,0x11851960,1,0,25,70110,3048,0,0,
armor_items,Pale Shade Robe,0x11851d48,1,0,22,70111,3049,0,0,
armor_items,Pale Shade Gloves,0x11852130,1,0,21,70112,3050,0,0,
armor_items,Pale Shade Trousers,0x11852518,1,0,22,70113,3051,0,0,
armor_items,Sunset Helm,0x118cba80,1,0,38,40170,3052,0,0,
armor_items,Sunset Armor,0x118cbe68,1,0,40,40171,3053,0,0,
armor_items,Sunset Gauntlets,0x118cc250,1,0,40,40172,3054,0,0,
armor_items,Sunset Leggings,0x118cc638,1,0,37,40173,3055,0,0,
armor_items,Old Sage's Blindfold,0x11945ba0,1,0,20,70150,3056,0,0,
armor_items,Cornyx's Garb,0x11945f88,1,0,23,70151,3057,0,0,
armor_items,Cornyx's Wrap,0x11946370,1,0,22,70152,3058,0,0,
armor_items,Cornyx's Skirt,0x11946758,1,0,21,70153,3059,0,0,
armor_items,Executioner Helm,0x119bfcc0,1,0,46,20180,3060,0,0,
armor_items,Executioner Armor,0x119c00a8,1,0,46,20181,3061,0,0,
armor_items,Executioner Gauntlets,0x119c0490,1,0,46,20182,3062,0,0,
armor_items,Executioner Leggings,0x119c0878,1,0,46,20183,3063,0,0,
armor_items,Billed Mask,0x11a39de0,1,0,36,60090,3064,0,0,
armor_items,Black Dress,0x11a3a1c8,1,0,27,60091,2090,0,0,
armor_items,Black Gauntlets,0x11a3a5b0,1,0,36,60092,3066,0,0,
armor_items,Black Leggings,0x11a3a998,1,0,28,60093,3067,0,0,
armor_items,Pyromancer Crown,0x11ab3f00,1,0,20,70000,3068,0,0,
armor_items,Pyromancer Garb,0x11ab42e8,1,0,23,70001,3069,0,0,
armor_items,Pyromancer Wrap,0x11ab46d0,1,0,23,70002,3070,0,0,
armor_items,Pyromancer Trousers,0x11ab4ab8,1,0,23,70003,3071,0,0,
armor_items,Antiquated Plain Garb,0x11b2e408,1,0,21,70250,3463,0,0,
armor_items,Violet Wrappings,0x11b2e7f0,1,0,21,70251,3464,0,0,
armor_items,Loincloth,0x11b2ebd8,1,0,21,70252,3465,0,0,
armor_items,Court Sorcerer Hood,0x11ba8140,1,0,22,70040,3072,0,0,
armor_items,Court Sorcerer Robe,0x11ba8528,1,0,23,70041,3073,0,0,
armor_items,Court Sorcerer Gloves,0x11ba8910,1,0,21,70042,3074,0,0,
armor_items,Court Sorcerer Trousers,0x11ba8cf8,1,0,22,70043,3075,0,0,
armor_items,Shira's Crown,0x11c22260,1,0,20,60250,3466,0,0,
armor_items,Shira's Armor,0x11c22648,1,0,27,60251,2084,0,0,
armor_items,Shira's Gloves,0x11c22a30,1,0,26,60252,3468,0,0,
armor_items,Shira's Trousers,0x11c22e18,1,0,26,60253,2085,0,0,
armor_items,Sorcerer Hood,0x11c9c380,1,0,21,70030,3076,0,0,
armor_items,Sorcerer Robe,0x11c9c768,1,0,23,70031,3077,0,0,
armor_items,Sorcerer Gloves,0x11c9cb50,1,0,23,70032,3078,0,0,
armor_items,Sorcerer Trousers,0x11c9cf38,1,0,25,70033,3079,0,0,
armor_items,Clandestine Coat,0x11cb4e08,1,0,21,70050,3422,0,0,
armor_items,Mask of the Father,0x11cc0d70,1,0,27,60065,3097,0,0,
armor_items,Cleric Hat,0x11d905c0,1,0,22,60310,3080,0,0,
armor_items,Cleric Blue Robe,0x11d909a8,1,0,26,60311,3081,0,0,
armor_items,Cleric Gloves,0x11d90d90,1,0,23,60312,3082,0,0,
armor_items,Cleric Trousers,0x11d91178,1,0,22,60313,3083,0,0,
armor_items,Lapp's Helm,0x11e84800,1,0,45,20130,3470,0,0,
armor_items,Lapp's Armor,0x11e84be8,1,0,45,20131,3471,0,0,
armor_items,Lapp's Gauntlets,0x11e84fd0,1,0,45,20132,3472,0,0,
armor_items,Lapp's Leggings,0x11e853b8,1,0,45,20133,3473,0,0,
armor_items,Grotto Hat,0x11f78a40,1,0,24,60280,3088,0,0,
armor_items,Grotto Robe,0x11f78e28,1,0,31,60281,3089,0,0,
armor_items,Grotto Wrap,0x11f79210,1,0,20,60282,3090,0,0,
armor_items,Grotto Trousers,0x11f795f8,1,0,30,60283,3091,0,0,
armor_items,Steel Soldier Helm,0x12625a00,1,0,37,60211,3092,0,0,
armor_items,Deserter Armor,0x12625de8,1,0,35,60213,3093,0,0,
armor_items,Deserter Trousers,0x126265b8,1,0,25,60214,3095,0,0,
armor_items,Thief Mask,0x12656740,1,0,25,60220,3420,0,0,
armor_items,Sage's Big Hat,0x129020c0,1,0,23,70090,3100,0,0,
armor_items,Aristocrat's Mask,0x129f6300,1,0,40,60080,3104,0,0,
armor_items,Jailer Robe,0x129f66e8,1,0,23,60081,3105,0,0,
armor_items,Jailer Gloves,0x129f6ad0,1,0,23,60082,3106,0,0,
armor_items,Jailer Trousers,0x129f6eb8,1,0,23,60083,3107,0,0,
armor_items,Saint's Veil,0x12a70420,1,0,15,70280,3108,0,0,
armor_items,Saint's Dress,0x12a70808,1,0,15,70281,3109,0,0,
armor_items,Footman's Hood,0x12aea540,1,0,25,50150,3112,0,0,
armor_items,Footman's Overcoat,0x12aea928,1,0,35,50151,3113,0,0,
armor_items,Footman's Bracelets,0x12aead10,1,0,19,50152,3114,0,0,
armor_items,Footman's Trousers,0x12aeb0f8,1,0,30,50153,3115,0,0,
armor_items,Grave Warden Hood,0x12bde780,1,0,22,70160,3116,0,0,
armor_items,Grave Warden Robe,0x12bdeb68,1,0,22,70161,3117,0,0,
armor_items,Grave Warden Wrap,0x12bdef50,1,0,22,70162,3118,0,0,
armor_items,Grave Warden Skirt,0x12bdf338,1,0,22,70163,3119,0,0,
armor_items,Worker Hat,0x12cd29c0,1,0,23,60330,3120,0,0,
armor_items,Worker Garb,0x12cd2da8,1,0,23,60331,3121,0,0,
armor_items,Worker Gloves,0x12cd3190,1,0,23,60332,3122,0,0,
armor_items,Worker Trousers,0x12cd3578,1,0,23,60333,3123,0,0,
armor_items,Thrall Hood,0x12d4cae0,1,0,22,60340,3124,0,0,
armor_items,Evangelist Hat,0x12dc6c00,1,0,28,60050,3128,0,0,
armor_items,Evangelist Robe,0x12dc6fe8,1,0,38,60051,3129,0,0,
armor_items,Evangelist Gloves,0x12dc73d0,1,0,27,60052,3130,0,0,
armor_items,Evangelist Trousers,0x12dc77b8,1,0,28,60053,3131,0,0,
armor_items,Scholar's Shed Skin,0x12e40d20,1,0,23,60400,3132,0,0,
armor_items,Scholar's Robe,0x12e41108,1,0,23,60401,3133,0,0,
armor_items,Winged Knight Helm,0x12ebae40,1,0,47,20060,3136,0,0,
armor_items,Winged Knight Armor,0x12ebb228,1,0,48,20061,3137,0,0,
armor_items,Winged Knight Gauntlets,0x12ebb610,1,0,47,20062,3138,0,0,
armor_items,Winged Knight Leggings,0x12ebb9f8,1,0,47,20063,3139,0,0,
armor_items,Cathedral Knight Helm,0x130291a0,1,0,47,20100,3144,0,0,
armor_items,Cathedral Knight Armor,0x13029588,1,0,47,20101,3145,0,0,
armor_items,Cathedral Knight Gauntlets,0x13029970,1,0,45,20102,3146,0,0,
armor_items,Cathedral Knight Leggings,0x13029d58,1,0,45,20103,3147,0,0,
armor_items,Lothric Knight Helm,0x13197500,1,0,41,20200,3152,0,0,
armor_items,Lothric Knight Armor,0x131978e8,1,0,43,20201,3153,0,0,
armor_items,Lothric Knight Gauntlets,0x13197cd0,1,0,42,20202,3154,0,0,
armor_items,Lothric Knight Leggings,0x131980b8,1,0,42,20203,3155,0,0,
armor_items,Outrider Knight Helm,0x1328b740,1,0,36,50160,3156,0,0,
armor_items,Outrider Knight Armor,0x1328bb28,1,0,38,50161,3157,0,0,
armor_items,Outrider Knight Gauntlets,0x1328bf10,1,0,36,50162,3158,0,0,
armor_items,Outrider Knight Leggings,0x1328c2f8,1,0,37,50163,3159,0,0,
armor_items,Black Knight Helm,0x1337f980,1,0,40,30020,3160,0,0,
armor_items,Black Knight Armor,0x1337fd68,1,0,41,30021,3161,0,0,
armor_items,Black Knight Gauntlets,0x13380150,1,0,40,30022,3162,0,0,
armor_items,Black Knight Leggings,0x13380538,1,0,40,30023,3163,0,0,
armor_items,Dark Mask,0x133f9aa0,1,0,35,50171,3164,0,0,
armor_items,Dark Armor,0x133f9e88,1,0,35,50172,3165,0,0,
armor_items,Dark Gauntlets,0x133fa270,1,0,35,50173,3166,0,0,
armor_items,Dark Leggings,0x133fa658,1,0,35,50174,3167,0,0,
armor_items,Exile Mask,0x13473bc0,1,0,47,30010,3168,0,0,
armor_items,Exile Armor,0x13473fa8,1,0,47,30011,3169,0,0,
armor_items,Exile Gauntlets,0x13474390,1,0,46,30012,3170,0,0,
armor_items,Exile Leggings,0x13474778,1,0,47,30013,3171,0,0,
armor_items,Slave Knight Hood,0x134edce0,1,0,35,50300,3453,0,0,
armor_items,Slave Knight Armor,0x134ee0c8,1,0,35,50301,3454,0,0,
armor_items,Slave Knight Gauntlets,0x134ee4b0,1,0,35,50302,3455,0,0,
armor_items,Slave Knight Leggings,0x134ee898,1,0,35,50303,3456,0,0,
armor_items,Pontiff Knight Crown,0x13567e00,1,0,27,60020,3172,0,0,
armor_items,Pontiff Knight Armor,0x135681e8,1,0,28,60021,3173,0,0,
armor_items,Pontiff Knight Gauntlets,0x135685d0,1,0,28,60022,3174,0,0,
armor_items,Pontiff Knight Leggings,0x135689b8,1,0,28,60023,3175,0,0,
armor_items,Ordained Hood,0x135e1f20,1,0,23,70170,3457,0,0,
armor_items,Ordained Dress,0x135e2308,1,0,23,70171,3458,0,0,
armor_items,Ordained Trousers,0x135e2ad8,1,0,23,70172,3460,0,0,
armor_items,Lilianne's Mask,0x135e4630,1,0,36,60090,3102,0,0,
armor_items,Lilianne's Coat,0x135e4a18,1,0,23,70171,3103,0,0,
armor_items,Golden Crown,0x1365c040,1,0,28,60000,3176,0,0,
armor_items,Dragonscale Armor,0x1365c428,1,0,38,60001,3177,0,0,
armor_items,Golden Bracelets,0x1365c810,1,0,25,60002,3178,0,0,
armor_items,Dragonscale Waistcloth,0x1365cbf8,1,0,36,60003,3179,0,0,
armor_items,Wolnir's Crown,0x136d6160,1,0,27,50280,3180,0,0,
armor_items,Undead Legion Helm,0x13750280,1,0,36,50180,3184,0,0,
armor_items,Undead Legion Armor,0x13750668,1,0,28,50181,3185,0,0,
armor_items,Undead Legion Gauntlet,0x13750a50,1,0,28,50182,3186,0,0,
armor_items,Undead Legion Leggings,0x13750e38,1,0,28,50183,3187,0,0,
armor_items,Follower Helm,0x137ca3a0,1,0,36,60010,3441,0,0,
armor_items,Follower Armor,0x137ca788,1,0,26,60011,3442,0,0,
armor_items,Follower Gloves,0x137cab70,1,0,26,60012,3443,0,0,
armor_items,Follower Boots,0x137caf58,1,0,26,60013,3444,0,0,
armor_items,Man Serpent's Mask,0x138be5e0,1,0,39,60390,3192,0,0,
armor_items,Man Serpent's Robe,0x138be9c8,1,0,45,60391,3193,0,0,
armor_items,Fire Witch Helm,0x13938700,1,0,35,50230,3196,0,0,
armor_items,Fire Witch Armor,0x13938ae8,1,0,37,50231,3197,0,0,
armor_items,Fire Witch Gauntlets,0x13938ed0,1,0,35,50232,3198,0,0,
armor_items,Fire Witch Leggings,0x139392b8,1,0,35,50233,3199,0,0,
armor_items,Millwood Knight Helm,0x139b2820,1,0,45,20070,3445,0,0,
armor_items,Millwood Knight Armor,0x139b2c08,1,0,45,20071,3446,0,0,
armor_items,Millwood Knight Gauntlets,0x139b2ff0,1,0,45,20072,3447,0,0,
armor_items,Millwood Knight Leggings,0x139b33d8,1,0,45,20073,3448,0,0,
armor_items,Lorian's Helm,0x13a2c940,1,0,38,30140,3200,0,0,
armor_items,Lorian's Armor,0x13a2cd28,1,0,42,30141,3201,0,0,
armor_items,Lorian's Gauntlets,0x13a2d110,1,0,36,30142,3202,0,0,
armor_items,Lorian's Leggings,0x13a2d4f8,1,0,37,30143,3203,0,0,
armor_items,Hood of Prayer,0x13aa6a60,1,0,21,70200,3204,0,0,
armor_items,Robe of Prayer,0x13aa6e48,1,0,22,70201,3205,0,0,
armor_items,Skirt of Prayer,0x13aa7618,1,0,22,70202,3207,0,0,
armor_items,Giant's crown,0x13b20b80,1,0,35,40060,3208,0,0,
armor_items,Giant's Armor,0x13b20f68,1,0,42,40061,3209,0,0,
armor_items,Giant's Gauntlets,0x13b21350,1,0,32,40062,3210,0,0,
armor_items,Giant's Leggings,0x13b21738,1,0,35,40063,3211,0,0,
armor_items,Dancer's Crown,0x13c14dc0,1,0,27,60041,3212,0,0,
armor_items,Dancer's Armor,0x13c151a8,1,0,28,60042,3213,0,0,
armor_items,Dancer's Gauntlets,0x13c15590,1,0,28,60043,3214,0,0,
armor_items,Dancer's Leggings,0x13c15978,1,0,28,60044,3215,0,0,
armor_items,Ringed Knight Hood,0x13c8eee0,1,0,22,40050,3495,0,0,
armor_items,Ringed Knight Armor,0x13c8f2c8,1,0,40,40051,3496,0,0,
armor_items,Ringed Knight Gauntlets,0x13c8f6b0,1,0,40,40052,3497,0,0,
armor_items,Ringed Knight Leggings,0x13c8fa98,1,0,40,40053,3498,0,0,
armor_items,Consumed King's Helm,0x13d09000,1,0,47,20040,3216,0,0,
armor_items,Consumed King's Armor,0x13d093e8,1,0,47,20041,3217,0,0,
armor_items,Consumed King's Gauntlets,0x13d097d0,1,0,47,20042,3218,0,0,
armor_items,Consumed King's Leggings,0x13d09bb8,1,0,46,20043,3219,0,0,
armor_items,Harald Legion Armor,0x13d83508,1,0,47,30001,3478,0,0,
armor_items,Harald Legion Gauntlets,0x13d838f0,1,0,26,30002,3479,0,0,
armor_items,Harald Legion Leggings,0x13d83cd8,1,0,47,30003,3480,0,0,
armor_items,Archdeacon White Crown,0x13ef1480,1,0,23,70190,3224,0,0,
armor_items,Archdeacon Holy Garb,0x13ef1868,1,0,23,70191,3225,0,0,
armor_items,Archdeacon Skirt,0x13ef2038,1,0,23,70192,3227,0,0,
armor_items,Deacon Robe,0x13f6b988,1,0,22,70270,3229,0,0,
armor_items,Deacon Skirt,0x13f6c158,1,0,22,70271,3231,0,0,
armor_items,Iron Dragonslayer Helm,0x1405f7e0,1,0,45,20120,3507,0,0,
armor_items,Iron Dragonslayer Armor,0x1405fbc8,1,0,45,20121,3508,0,0,
armor_items,Iron Dragonslayer Gauntlets,0x1405ffb0,1,0,45,20122,3509,0,0,
armor_items,Iron Dragonslayer Leggings,0x14060398,1,0,45,20123,3510,0,0,
armor_items,Fire Keeper Mask,0x140d9900,1,0,20,70210,3236,0,0,
armor_items,Fire Keeper Robe,0x140d9ce8,1,0,25,70211,3237,0,0,
armor_items,Fire Keeper Gloves,0x140da0d0,1,0,22,70212,3238,0,0,
armor_items,Fire Keeper Skirt,0x140da4b8,1,0,22,70213,3239,0,0,
armor_items,White Preacher Head,0x14153a20,1,0,28,60150,3511,0,0,
armor_items,Chain Helm,0x142c1d80,1,0,35,50240,3340,0,0,
armor_items,Chain Armor,0x142c2168,1,0,35,50241,3341,0,0,
armor_items,Leather Gauntlets,0x142c2550,1,0,27,50242,3342,0,0,
armor_items,Chain Leggings,0x142c2938,1,0,35,50243,3343,0,0,
armor_items,Nameless Knight Helm,0x143b5fc0,1,0,35,50040,3344,0,0,
armor_items,Nameless Knight Armor,0x143b63a8,1,0,36,50041,3345,0,0,
armor_items,Nameless Knight Gauntlets,0x143b6790,1,0,35,50042,3346,0,0,
armor_items,Nameless Knight Leggings,0x143b6b78,1,0,36,50043,3347,0,0,
armor_items,Elite Knight Helm,0x144aa200,1,0,38,50000,3244,0,0,
armor_items,Elite Knight Armor,0x144aa5e8,1,0,35,50001,3245,0,0,
armor_items,Elite Knight Gauntlets,0x144aa9d0,1,0,35,50002,3246,0,0,
armor_items,Elite Knight Leggings,0x144aadb8,1,0,37,50003,3247,0,0,
armor_items,Faraam Helm,0x1459e440,1,0,43,50130,3248,0,0,
armor_items,Faraam Armor,0x1459e828,1,0,40,50131,3249,0,0,
armor_items,Faraam Gauntlets,0x1459ec10,1,0,41,50132,3250,0,0,
armor_items,Faraam Boots,0x1459eff8,1,0,37,50133,3251,0,0,
armor_items,Catarina Helm,0x14692680,1,0,46,20090,3252,0,0,
armor_items,Catarina Armor,0x14692a68,1,0,46,20091,3253,0,0,
armor_items,Catarina Gauntlets,0x14692e50,1,0,47,20092,3254,0,0,
armor_items,Catarina Leggings,0x14693238,1,0,47,20093,3255,0,0,
armor_items,Standard Helm,0x1470c7a0,1,0,28,60070,3348,0,0,
armor_items,Hard Leather Armor,0x1470cb88,1,0,28,60071,3349,0,0,
armor_items,Hard Leather Gauntlets,0x1470cf70,1,0,27,60072,3350,0,0,
armor_items,Hard Leather Boots,0x1470d358,1,0,27,60073,3351,0,0,
armor_items,Havel's Helm,0x147868c0,1,0,50,20000,3256,0,0,
armor_items,Havel's Armor,0x14786ca8,1,0,50,20001,3257,0,0,
armor_items,Havel's Gauntlets,0x14787090,1,0,50,20002,3258,0,0,
armor_items,Havel's Leggings,0x14787478,1,0,50,20003,3259,0,0,
armor_items,Brigand Hood,0x148009e0,1,0,26,60230,3352,0,0,
armor_items,Brigand Armor,0x14800dc8,1,0,25,60231,3353,0,0,
armor_items,Brigand Gauntlets,0x148011b0,1,0,28,60232,3354,0,0,
armor_items,Brigand Trousers,0x14801598,1,0,28,60233,3355,0,0,
armor_items,Pharis's Hat,0x1487ab00,1,0,25,60240,3260,0,0,
armor_items,Leather Armor,0x1487aee8,1,0,25,60241,3261,0,0,
armor_items,Leather Gloves,0x1487b2d0,1,0,23,60242,3262,0,0,
armor_items,Leather Boots,0x1487b6b8,1,0,25,60243,3263,0,0,
armor_items,Ragged Mask,0x148f4c20,1,0,10,70260,3356,0,0,
armor_items,Master's Attire,0x148f5008,1,0,10,70261,3357,0,0,
armor_items,Master's Gloves,0x148f53f0,1,0,10,70262,3358,0,0,
armor_items,Loincloth,0x148f57d8,1,0,10,70263,3359,0,0,
armor_items,Old Sorcerer Hat,0x1496ed40,1,0,21,70080,3264,0,0,
armor_items,Old Sorcerer Coat,0x1496f128,1,0,22,70081,3265,0,0,
armor_items,Old Sorcerer Gauntlets,0x1496f510,1,0,22,70082,3266,0,0,
armor_items,Old Sorcerer Boots,0x1496f8f8,1,0,22,70083,3267,0,0,
armor_items,Giant's Helm,0x149873e0,1,0,21,70080,3099,0,0,
armor_items,Crown of the Dark Sun,0x1499fa80,1,0,21,70080,3101,0,0,
armor_items,Head Cage,0x149b8120,1,0,21,70080,3110,0,0,
armor_items,Crown of Courland,0x149d07c0,1,0,27,50281,3111,0,0,
armor_items,Conjurator Hood,0x149e8e60,1,0,23,60270,3360,0,0,
armor_items,Conjurator Robe,0x149e9248,1,0,23,60271,3361,0,0,
armor_items,Conjurator Manchettes,0x149e9630,1,0,23,60272,3362,0,0,
armor_items,Conjurator Boots,0x149e9a18,1,0,23,60273,3363,0,0,
armor_items,Hunting Hat,0x14a01500,1,0,21,70080,3125,0,0,
armor_items,Black Leather Armor,0x14a63368,1,0,26,60221,3269,0,0,
armor_items,Black Leather Gloves,0x14a63750,1,0,27,60222,3270,0,0,
armor_items,Black Leather Boots,0x14a63b38,1,0,26,60223,3271,0,0,
armor_items,Symbol of Avarice,0x14add0a0,1,0,50,30170,3364,0,0,
armor_items,Creighton's Steel Mask,0x14b571c0,1,0,41,50190,3272,0,0,
armor_items,Mirrah Chain Mail,0x14b575a8,1,0,37,50191,3273,0,0,
armor_items,Mirrah Chain Gloves,0x14b57990,1,0,35,50192,3274,0,0,
armor_items,Mirrah Chain Leggings,0x14b57d78,1,0,36,50193,3275,0,0,
armor_items,Maiden Hood,0x14bd12e0,1,0,22,70130,3336,0,0,
armor_items,Maiden Robe,0x14bd16c8,1,0,22,70131,3337,0,0,
armor_items,Maiden Gloves,0x14bd1ab0,1,0,22,70132,3338,0,0,
armor_items,Maiden Skirt,0x14bd1e98,1,0,22,70133,3339,0,0,
armor_items,Alva Helm,0x14c4b400,1,0,36,50140,3276,0,0,
armor_items,Alva Armor,0x14c4b7e8,1,0,36,50141,3277,0,0,
armor_items,Alva Gauntlets,0x14c4bbd0,1,0,36,50142,3278,0,0,
armor_items,Alva Leggings,0x14c4bfb8,1,0,36,50143,3279,0,0,
armor_items,Blood Guard Hood,0x14c63aa0,1,0,21,50145,3232,0,0,
armor_items,Blood Guard Armor,0x14c63e88,1,0,36,50146,3233,0,0,
armor_items,Blood Guard Gauntlets,0x14c64270,1,0,36,50147,3234,0,0,
armor_items,Blood Guard Leggings,0x14c64658,1,0,37,50148,3235,0,0,
armor_items,Ruin Helm,0x14cc5520,1,0,40,30060,3474,0,0,
armor_items,Ruin Armor,0x14cc5908,1,0,40,30061,3475,0,0,
armor_items,Ruin Gauntlets,0x14cc5cf0,1,0,40,30062,3476,0,0,
armor_items,Ruin Leggings,0x14cc60d8,1,0,40,30063,3477,0,0,
armor_items,Shadow Mask,0x14d3f640,1,0,21,70120,3280,0,0,
armor_items,Shadow Garb,0x14d3fa28,1,0,22,70121,3281,0,0,
armor_items,Shadow Gauntlets,0x14d3fe10,1,0,22,70122,3282,0,0,
armor_items,Shadow Leggings,0x14d401f8,1,0,23,70123,3283,0,0,
armor_items,Desert Pyromancer Hood,0x14db9760,1,0,21,70180,3485,0,0,
armor_items,Desert Pyromancer Garb,0x14db9b48,1,0,20,70181,3486,0,0,
armor_items,Desert Pyromancer Gloves,0x14db9f30,1,0,21,70182,3487,0,0,
armor_items,Desert Pyromancer Skirt,0x14dba318,1,0,22,70183,3488,0,0,
armor_items,Eastern Helm,0x14e33880,1,0,36,40120,3284,0,0,
armor_items,Eastern Armor,0x14e33c68,1,0,37,40121,3285,0,0,
armor_items,Eastern Gauntlets,0x14e34050,1,0,36,40122,3286,0,0,
armor_items,Eastern Leggings,0x14e34438,1,0,28,40123,3287,0,0,
armor_items,Black Witch Hat,0x14ead9a0,1,0,23,70021,3489,0,0,
armor_items,Black Witch Garb,0x14eadd88,1,0,22,70022,3490,0,0,
armor_items,Black Witch Wrappings,0x14eae170,1,0,22,70023,3491,0,0,
armor_items,Black Witch Trousers,0x14eae558,1,0,23,70024,3492,0,0,
armor_items,Helm of Favor,0x14f27ac0,1,0,40,40150,3288,0,0,
armor_items,Embraced Armor of Favor,0x14f27ea8,1,0,40,40151,3289,0,0,
armor_items,Gauntlets of Favor,0x14f28290,1,0,38,40152,3290,0,0,
armor_items,Leggings of Favor,0x14f28678,1,0,38,40153,3291,0,0,
armor_items,Black Witch Veil,0x14fa1be0,1,0,21,70020,3493,0,0,
armor_items,Brass Helm,0x1501bd00,1,0,37,40140,3292,0,0,
armor_items,Brass Armor,0x1501c0e8,1,0,37,40141,3293,0,0,
armor_items,Brass Gauntlets,0x1501c4d0,1,0,37,40142,3294,0,0,
armor_items,Brass Leggings,0x1501c8b8,1,0,37,40143,3295,0,0,
armor_items,Blindfold Mask,0x15095e20,1,0,20,70220,3494,0,0,
armor_items,Silver Knight Helm,0x1510ff40,1,0,41,30030,3296,0,0,
armor_items,Silver Knight Armor,0x15110328,1,0,42,30031,3297,0,0,
armor_items,Silver Knight Gauntlets,0x15110710,1,0,40,30032,3298,0,0,
armor_items,Silver Knight Leggings,0x15110af8,1,0,40,30033,3299,0,0,
armor_items,Lucatiel's Mask,0x15204180,1,0,27,60060,3300,0,0,
armor_items,Mirrah Vest,0x15204568,1,0,27,60061,3301,0,0,
armor_items,Mirrah Gloves,0x15204950,1,0,26,60062,3302,0,0,
armor_items,Mirrah Trousers,0x15204d38,1,0,26,60063,3303,0,0,
armor_items,Iron Helm,0x152f83c0,1,0,38,50220,3304,0,0,
armor_items,Armor of the Sun,0x152f87a8,1,0,35,50221,3305,0,0,
armor_items,Iron Bracelets,0x152f8b90,1,0,35,50222,3306,0,0,
armor_items,Iron Leggings,0x152f8f78,1,0,35,50223,3307,0,0,
armor_items,Drakeblood Helm,0x153ec600,1,0,41,40000,3308,0,0,
armor_items,Drakeblood Armor,0x153ec9e8,1,0,41,40001,3309,0,0,
armor_items,Drakeblood Gauntlets,0x153ecdd0,1,0,42,40002,3310,0,0,
armor_items,Drakeblood Leggings,0x153ed1b8,1,0,41,40003,3311,0,0,
armor_items,Drang Armor,0x154e0c28,1,0,25,60380,3313,0,0,
armor_items,Drang Gauntlets,0x154e1010,1,0,25,60381,3314,0,0,
armor_items,Drang Shoes,0x154e13f8,1,0,25,60382,3315,0,0,
armor_items,Black Iron Helm,0x155d4a80,1,0,45,20110,3316,0,0,
armor_items,Black Iron Armor,0x155d4e68,1,0,46,20111,3317,0,0,
armor_items,Black Iron Gauntlets,0x155d5250,1,0,45,20112,3318,0,0,
armor_items,Black Iron Leggings,0x155d5638,1,0,45,20113,3319,0,0,
armor_items,Painting Guardian Hood,0x156c8cc0,1,0,22,60370,3320,0,0,
armor_items,Painting Guardian Gown,0x156c90a8,1,0,22,60371,3321,0,0,
armor_items,Painting Guardian Gloves,0x156c9490,1,0,22,60372,3322,0,0,
armor_items,Painting Guardian Waistcloth,0x156c9878,1,0,27,60373,3323,0,0,
armor_items,Wolf Knight Helm,0x157bcf00,1,0,36,40190,3324,0,0,
armor_items,Wolf Knight Armor,0x157bd2e8,1,0,36,40191,3325,0,0,
armor_items,Wolf Knight Gauntlets,0x157bd6d0,1,0,36,40192,3326,0,0,
armor_items,Wolf Knight Leggings,0x157bdab8,1,0,35,40193,3327,0,0,
armor_items,Dragonslayer Helm,0x158b1140,1,0,41,20190,3328,0,0,
armor_items,Dragonslayer Armor,0x158b1528,1,0,42,20191,3329,0,0,
armor_items,Dragonslayer Gauntlets,0x158b1910,1,0,40,20192,3330,0,0,
armor_items,Dragonslayer Leggings,0x158b1cf8,1,0,41,20193,3331,0,0,
armor_items,Smough's Helm,0x159a5380,1,0,50,20030,3332,0,0,
armor_items,Smough's Armor,0x159a5768,1,0,50,20031,3333,0,0,
armor_items,Smough's Gauntlets,0x159a5b50,1,0,50,20032,3334,0,0,
armor_items,Smough's Leggings,0x159a5f38,1,0,50,20033,3335,0,0,
armor_items,High Priestess Hood,0x159a7a90,1,0,22,70340,3388,0,0,
armor_items,High Priestess Robe,0x159a7e78,1,0,23,70341,3133,0,0,
armor_items,Necromancer's Hood,0x15a995c0,1,0,22,70350,3188,0,0,
armor_items,Necromancer's Robe,0x15a999a8,1,0,23,70351,3189,0,0,
armor_items,Necromancer's Gloves,0x15a99d90,1,0,22,70353,3190,0,0,
armor_items,Necromancer's Shirt,0x15a9a178,1,0,21,70354,3191,0,0,
armor_items,Druid Crown,0x15ab1c60,1,0,20,70360,3220,0,0,
armor_items,Druid Garb,0x15ab2048,1,0,23,70361,3221,0,0,
armor_items,Druid Wrap,0x15ab2430,1,0,22,70362,3222,0,0,
armor_items,Druid Boots,0x15ab2818,1,0,23,70363,3223,0,0,
armor_items,Mask of the Lich,0x15ae29a0,1,0,22,70370,3512,0,0,
armor_items,Mantle of the Lich,0x15ae2d88,1,0,23,70371,3513,0,0,
armor_items,Gauntlets of the Lich,0x15ae3170,1,0,22,70372,3514,0,0,
armor_items,Leggings of the Lich,0x15ae3558,1,0,21,70373,3515,0,0,
armor_items,Crown of the Conclave,0x15afb040,1,0,20,70380,3481,0,0,
armor_items,Garb of the Conclave,0x15afb428,1,0,23,70381,3482,0,0,
armor_items,Wrap of the Conclave,0x15afb810,1,0,22,70382,3483,0,0,
armor_items,Boots of the Conclave,0x15afbbf8,1,0,23,70383,3484,0,0,
armor_items,Helm of Thorns,0x15b8d800,1,0,35,50030,3372,0,0,
armor_items,Armor of Thorns,0x15b8dbe8,1,0,35,50031,3373,0,0,
armor_items,Gauntlets of Thorns,0x15b8dfd0,1,0,35,50032,3374,0,0,
armor_items,Leggings of Thorns,0x15b8e3b8,1,0,35,50033,3375,0,0,
armor_items,Crown of Dusk,0x15d75c80,1,0,20,70240,3380,0,0,
armor_items,Antiquated Dress,0x15d76068,1,0,21,70241,3381,0,0,
armor_items,Antiquated Gloves,0x15d76450,1,0,21,70242,3382,0,0,
armor_items,Antiquated Skirt,0x15d76838,1,0,22,70243,3383,0,0,
armor_items,Capra Demon Skull,0x15d78390,1,0,20,70244,3098,0,0,
armor_items,Karla's Pointed Hat,0x15e69ec0,1,0,22,70010,3384,0,0,
armor_items,Karla's Coat,0x15e6a2a8,1,0,22,70011,3385,0,0,
armor_items,Karla's Gloves,0x15e6a690,1,0,22,70012,3386,0,0,
armor_items,Karla's Trousers,0x15e6aa78,1,0,23,70013,3387,0,0,
armor_items,Alchemist's Hat,0x15e6c5d0,1,0,21,70500,3181,0,0,
armor_items,Alchemist's Coat,0x15e6c9b8,1,0,21,70501,3183,0,0,
armor_items,Alchemist's Gloves,0x15e6cda0,1,0,23,70502,3228,0,0,
armor_items,Alchemist's Boots,0x15e6d188,1,0,22,70503,3194,0,0,
armor_items,Vinheim Archmage Hat,0x15e6ece0,1,0,22,70505,2080,0,0,
armor_items,Vinheim Archmage Cloak,0x15e6f0c8,1,0,25,70506,2081,0,0,
armor_items,Vinheim Archmage Wraps,0x15e6f4b0,1,0,22,70507,2082,0,0,
armor_items,Vinheim Archmage Sirwal,0x15e6f898,1,0,22,70508,2083,0,0,
armor_items,Gold Mask,0x15e713f0,1,0,28,70510,3516,0,0,
armor_items,Gold Armor,0x15e717d8,1,0,36,70511,3517,0,0,
armor_items,Gold Gauntlets,0x15e71bc0,1,0,45,70512,3518,0,0,
armor_items,Gold Leggings,0x15e71fa8,1,0,45,70513,3519,0,0,
armor_items,Hermit's Hood,0x15e73b00,1,0,10,70515,3356,0,0,
armor_items,Hermit's Garb,0x15e73ee8,1,0,23,70516,3221,0,0,
armor_items,Hermit's Wrap,0x15e742d0,1,0,23,70517,3070,0,0,
armor_items,Hermit's Trousers,0x15e746b8,1,0,23,70518,3071,0,0,
armor_items,Oolacile Vanguard Helm,0x15e76210,1,0,35,70520,3344,0,0,
armor_items,Oolacile Vanguard Armor,0x15e765f8,1,0,35,70521,3021,0,0,
armor_items,Oolacile Vanguard Gauntlets,0x15e769e0,1,0,40,70522,3054,0,0,
armor_items,Oolacile Vanguard Leggings,0x15e76dc8,1,0,37,70523,3055,0,0,
armor_items,Brotherhood Retainer Mask,0x15e78920,1,0,25,70525,3420,0,0,
armor_items,Brotherhood Retainer Armor,0x15e78d08,1,0,28,70526,3029,0,0,
armor_items,Brotherhood Retainer Gloves,0x15e790f0,1,0,26,70527,3030,0,0,
armor_items,Brotherhood Retainer Trousers,0x15e794d8,1,0,27,70528,3031,0,0,
armor_items,Marksman Hood,0x15e7b030,1,0,22,70530,3388,0,0,
armor_items,Marksman Armor,0x15e7b418,1,0,27,70531,3301,0,0,
armor_items,Marksman Gloves,0x15e7b800,1,0,26,70532,3302,0,0,
armor_items,Marksman Trousers,0x15e7bbe8,1,0,36,70533,3275,0,0,
armor_items,Living Crystal Helm,0x15e7d740,1,0,22,70535,3388,0,0,
armor_items,Living Crystal Armor,0x15e7db28,1,0,35,70536,3373,0,0,
armor_items,Living Crystal Gauntlets,0x15e7df10,1,0,35,70537,3374,0,0,
armor_items,Living Crystal Leggings,0x15e7e2f8,1,0,35,70538,3375,0,0,
armor_items,Glacial Helm,0x15e7fe50,1,0,36,70540,3324,0,0,
armor_items,Glacial Armor,0x15e80238,1,0,36,70541,3325,0,0,
armor_items,Glacial Gauntlets,0x15e80620,1,0,36,70542,3326,0,0,
armor_items,Glacial Leggings,0x15e80a08,1,0,35,70543,3327,0,0,
armor_items,Undead Hunter Helm,0x15e82560,1,0,47,70545,3144,0,0,
armor_items,Undead Hunter Armor,0x15e82948,1,0,47,70546,3145,0,0,
armor_items,Undead Hunter Gauntlets,0x15e82d30,1,0,45,70547,3146,0,0,
armor_items,Undead Hunter Leggings,0x15e83118,1,0,45,70548,3147,0,0,
armor_items,Chaos Servant Blindfold,0x15e84c70,1,0,20,70550,3140,0,0,
armor_items,Chaos Servant Garb,0x15e85058,1,0,22,70551,3141,0,0,
armor_items,Chaos Servant Wrap,0x15e85440,1,0,22,70552,3142,0,0,
armor_items,Chaos Servant Waistcloth,0x15e85828,1,0,22,70553,3143,0,0,
armor_items,Lifeblood Helm,0x15e87380,1,0,35,70555,3012,0,0,
armor_items,Lifeblood Armor,0x15e87768,1,0,40,70556,3475,0,0,
armor_items,Lifeblood Gauntlets,0x15e87b50,1,0,40,70557,3476,0,0,
armor_items,Lifeblood Leggings,0x15e87f38,1,0,40,70558,3477,0,0,
armor_items,Toadstool Cap,0x15e89a90,1,0,21,70550,3094,0,0,
armor_items,Grand Alchemist's Hat,0x15e8c1a0,1,0,21,70500,3182,0,0,
armor_items,Grand Alchemist's Coat,0x15e8c588,1,0,21,70501,3195,0,0,
armor_items,Grand Alchemist's Gloves,0x15e8c970,1,0,23,70502,3230,0,0,
armor_items,Grand Alchemist's Boots,0x15e8cd58,1,0,22,70503,3206,0,0,
armor_items,Old Big Hat,0x15e8e8b0,1,0,22,70010,3126,0,0,
armor_items,Old Sage Robe,0x15e8ec98,1,0,23,70041,3127,0,0,
armor_items,Old Traveling Gloves,0x15e8f080,1,0,23,70032,3078,0,0,
armor_items,Old Traveling Boots,0x15e8f468,1,0,21,70252,3465,0,0,
armor_items,Caimar's Horns,0x15e90fc0,1,0,20,70365,3520,0,0,
armor_items,Caimar's Garb,0x15e913a8,1,0,23,70366,3521,0,0,
armor_items,Caimar's Wrappings,0x15e91790,1,0,21,70367,3522,0,0,
armor_items,Caimar's Leggings,0x15e91b78,1,0,36,70368,3523,0,0,
armor_items,Witch Hunter Hat,0x15f1c250,1,0,28,50000,3423,0,0,
armor_items,Witch Hunter Mail,0x15f1c638,1,0,37,50001,3424,0,0,
armor_items,Witch Hunter Gloves,0x15f1ca20,1,0,23,50002,3425,0,0,
armor_items,Witch Hunter Boots,0x15f1ce08,1,0,37,50003,3426,0,0,
armor_items,Dreadnought Mask,0x15f1e960,1,0,36,50005,3064,0,0,
armor_items,Dreadnought Armor,0x15f1ed48,1,0,42,50006,3201,0,0,
armor_items,Dreadnought Gauntlets,0x15f1f130,1,0,36,50007,3202,0,0,
armor_items,Dreadnought Leggings,0x15f1f518,1,0,37,50008,3203,0,0,
armor_items,Legionnaire's Blindfold,0x15f21070,1,0,20,50010,3140,0,0,
armor_items,Legionnaire's Rags,0x15f21458,1,0,22,50011,3141,0,0,
armor_items,Legionnaire's Wraps,0x15f21840,1,0,22,50012,3142,0,0,
armor_items,Legionnaire's Skirt,0x15f21c28,1,0,22,50013,3143,0,0,
armor_items,Forossan Survivor Mask,0x15f23780,1,0,10,70331,3356,0,0,
armor_items,Forossan Survivor Attire,0x15f23b68,1,0,10,70332,3357,0,0,
armor_items,Forossan Survivor Gloves,0x15f23f50,1,0,10,70333,3358,0,0,
armor_items,Forossan Survivor Waistcloth,0x15f24338,1,0,36,70334,3179,0,0,
armor_items,Geomancer's Blindfold,0x15f285a0,1,0,20,70335,2086,0,0,
armor_items,Geomancer's Garb,0x15f28988,1,0,22,70336,2087,0,0,
armor_items,Geomancer's Gloves,0x15f28d70,1,0,26,70337,2088,0,0,
armor_items,Geomancer's Waistcloth,0x15f29158,1,0,22,70338,2089,0,0,
armor_items,Smouldering Hood,0x15f2acb0,1,0,23,60270,2091,0,0,
armor_items,Smouldering Garb,0x15f2b098,1,0,23,60271,2092,0,0,
armor_items,Smouldering Manchettes,0x15f2b480,1,0,23,60272,2093,0,0,
armor_items,Smouldering Boots,0x15f2b868,1,0,23,60273,2094,0,0,
armor_items,Umbral Mask,0x15f2d3c0,1,0,25,60275,2103,0,0,
armor_items,Umbral Robe,0x15f2d7a8,1,0,25,60276,2104,0,0,
armor_items,Umbral Gloves,0x15f2db90,1,0,26,60277,2105,0,0,
armor_items,Umbral Leggings,0x15f2df78,1,0,26,60278,2106,0,0,
armor_items,Crown of the Chosen,0x15f2fad0,1,0,20,60280,2099,0,0,
armor_items,Armor of the Chosen,0x15f2feb8,1,0,26,60281,2100,0,0,
armor_items,Bracers of the Chosen,0x15f302a0,1,0,25,60282,2101,0,0,
armor_items,Waistcloth of the Chosen,0x15f30688,1,0,26,60283,2102,0,0,
armor_items,Shroud of the Old Gods,0x15f321e0,1,0,25,60285,2095,0,0,
armor_items,Robe of the Old Gods,0x15f325c8,1,0,26,60286,2096,0,0,
armor_items,Gloves of the Old Gods,0x15f329b0,1,0,22,60287,2097,0,0,
armor_items,Boots of the Old Gods,0x15f32d98,1,0,35,60288,2098,0,0,
armor_items,Cursebearer Hood,0x15f348f0,1,0,26,60290,3352,0,0,
armor_items,Cursebearer Armor,0x15f34cd8,1,0,25,60291,3353,0,0,
armor_items,Cursebearer Gloves,0x15f350c0,1,0,28,60292,3354,0,0,
armor_items,Cursebearer Boots,0x15f354a8,1,0,28,60293,3355,0,0,
armor_items,Penitent Hood,0x15f45a60,1,0,21,70295,6138,0,0,
armor_items,Penitent Robe,0x15f45e48,1,0,22,70296,6139,0,0,
armor_items,Penitent Wrap,0x15f46230,1,0,22,70297,6140,0,0,
armor_items,Penitent Skirt,0x15f46618,1,0,22,70298,6141,0,0,
armor_items,Warlock's Hat,0x15f48170,1,0,22,70299,3368,0,0,
armor_items,Warlock's Robe,0x15f48558,1,0,31,70300,3369,0,0,
armor_items,Warlock's Gloves,0x15f48940,1,0,22,70301,3370,0,0,
armor_items,Warlock's Boots,0x15f48d28,1,0,22,70302,3371,0,0,
armor_items,Apostate Hood,0x15f4a880,1,0,22,70303,3495,0,0,
armor_items,Apostate Robe,0x15f4ac68,1,0,23,70304,3105,0,0,
armor_items,Apostate Gloves,0x15f4b050,1,0,22,70305,3238,0,0,
armor_items,Apostate Trousers,0x15f4b438,1,0,23,70306,3123,0,0,
armor_items,Northern Savage Mask,0x15f4cf90,1,0,20,70307,3148,0,0,
armor_items,Northern Savage Garb,0x15f4d378,1,0,20,70308,3486,0,0,
armor_items,Northern Savage Gloves,0x15f4d760,1,0,23,70309,3150,0,0,
armor_items,Northern Savage Boots,0x15f4db48,1,0,36,70310,3071,0,0,
armor_items,Hood of Mystery,0x15f4f6a0,1,0,22,70311,3116,0,0,
armor_items,Vestments of the Eternal,0x15f4fa88,1,0,23,70312,3073,0,0,
armor_items,Gloves of Silence,0x15f4fe70,1,0,21,70313,3050,0,0,
armor_items,Boots of Light,0x15f50258,1,0,22,70314,3051,0,0,
armor_items,Battlemage Helm,0x15f544c0,1,0,43,70319,3248,0,0,
armor_items,Battlemage Armor,0x15f548a8,1,0,25,70320,3313,0,0,
armor_items,Battlemage Gauntlets,0x15f54c90,1,0,35,70321,3198,0,0,
armor_items,Battlemage Leggings,0x15f55078,1,0,35,70322,3199,0,0,
armor_items,Infiltrator Hat,0x15f56bd0,1,0,22,70323,3384,0,0,
armor_items,Infiltrator Jack,0x15f56fb8,1,0,27,70324,3045,0,0,
armor_items,Infiltrator Gloves,0x15f573a0,1,0,28,70325,3046,0,0,
armor_items,Infiltrator Trousers,0x15f57788,1,0,26,70326,3047,0,0,
armor_items,Pious Crown,0x15f592e0,1,0,20,70327,3466,0,0,
armor_items,Pious Armor,0x15f596c8,1,0,36,70328,3025,0,0,
armor_items,Pious Gloves,0x15f59ab0,1,0,37,70329,3026,0,0,
armor_items,Pious Skirt,0x15f59e98,1,0,27,70330,3323,0,0,
armor_items,Vampiric Hood,0x15f5b9f0,1,0,22,70335,2076,0,0,
armor_items,Vampiric Robe,0x15f5bdd8,1,0,23,70336,2077,0,0,
armor_items,Vampiric Gloves,0x15f5c1c0,1,0,22,70337,2078,0,0,
armor_items,Vampiric Trousers,0x15f5c5a8,1,0,23,70338,2079,0,0,
ring_items,Darkmoon Faithful,0x20002710,1,0,0,10000,5131,0,0,
ring_items,Watchdogs of Farron,0x20002724,1,0,0,10020,5132,0,0,
ring_items,Aldrich Faithful,0x2000272e,1,0,0,10030,5133,0,0,
ring_items,Warrior of Sunlight,0x20002738,1,0,0,10040,5136,0,0,
ring_items,Mound-makers,0x20002742,1,0,0,10050,5137,0,0,
ring_items,Assassin's Brotherhood,0x2000274c,1,0,0,10060,5002,0,0,
ring_items,Followers of Flame,0x20002756,1,0,0,10070,4264,0,0,
ring_items,Rosaria's Fingers,0x20002760,1,0,0,10080,5130,0,0,
ring_items,Spears of the Church,0x2000276a,1,0,0,10090,5139,0,0,
ring_items,Students of the Dragon,0x20002774,1,0,0,10100,4269,0,0,
ring_items,Children of Velka,0x2000277e,1,0,0,10110,4265,0,0,
ring_items,Way of White,0x20002788,1,0,0,10120,105,0,0,
ring_items,Blue Sentinels,0x2000279c,1,0,0,10140,5138,0,0,
ring_items,Way of Blue,0x200027a6,1,0,0,10150,5135,0,0,
ring_items,Forossan Sages,0x200027ba,1,0,0,10170,5005,0,0,
ring_items,Forlorn Dissenters,0x200027c4,1,0,0,10180,5006,0,0,
ring_items,Izalith Disciples,0x200027ce,1,0,0,10190,5018,0,0,
ring_items,Lloyd's Devout,0x200027d8,1,0,0,10200,5001,0,0,
ring_items,Unkindled Warriors,0x200027e2,1,0,0,10210,4266,0,0,
ring_items,Stray Wanderers,0x200027ec,1,0,0,10220,4261,0,0,
ring_items,Forossan Survivors,0x200027f6,1,0,0,10230,5056,0,0,
ring_items,Apprentice Alchemist,0x20002800,1,0,0,10240,4267,0,0,
ring_items,Journeyman Alchemist,0x20002801,1,0,0,10241,5023,0,0,
ring_items,Master Alchemist,0x20002802,1,0,0,10242,2107,0,0,
ring_items,Oolacile Survivors,0x2000280a,1,0,0,10250,5134,0,0,
ring_items,The Conclave,0x20002814,1,0,0,10255,4066,0,0,
ring_items,Minions of the Gravelord,0x2000281e,1,0,0,10260,4067,0,0,
ring_items,Seekers of Sunlight,0x20002828,1,0,0,10265,5003,0,0,
ring_items,Clan of Giants,0x20002832,1,0,0,10266,6026,0,0,
ring_items,Life Ring,0x20004e20,1,0,0,20000,5000,0,0,
ring_items,Life Ring+1,0x20004e21,1,0,0,20001,5000,0,0,
ring_items,Life Ring+2,0x20004e22,1,0,0,20002,5000,0,0,
ring_items,Life Ring+3,0x20004e23,1,0,0,20003,5000,0,0,
ring_items,Chloranthy Ring,0x20004e2a,1,0,0,20010,5004,0,0,
ring_items,Chloranthy Ring+1,0x20004e2b,1,0,0,20011,5004,0,0,
ring_items,Chloranthy Ring+2,0x20004e2c,1,0,0,20012,5004,0,0,
ring_items,Chloranthy Ring+3,0x20004e2d,1,0,0,20013,5004,0,0,
ring_items,Havel's Ring,0x20004e34,1,0,0,20020,5007,0,0,
ring_items,Havel's Ring+1,0x20004e35,1,0,0,20021,5007,0,0,
ring_items,Havel's Ring+2,0x20004e36,1,0,0,20022,5007,0,0,
ring_items,Havel's Ring+3,0x20004e37,1,0,0,20023,5007,0,0,
ring_items,Ring of Favor,0x20004e3e,1,0,0,20030,5010,0,0,
ring_items,Ring of Favor+1,0x20004e3f,1,0,0,20031,5010,0,0,
ring_items,Ring of Favor+2,0x20004e40,1,0,0,20032,5010,0,0,
ring_items,Ring of Favor+3,0x20004e41,1,0,0,20033,5010,0,0,
ring_items,Ring of Steel Protection,0x20004e48,1,0,0,20040,5013,0,0,
ring_items,Ring of Steel Protection+1,0x20004e49,1,0,0,20041,5013,0,0,
ring_items,Ring of Steel Protection+2,0x20004e4a,1,0,0,20042,5013,0,0,
ring_items,Ring of Steel Protection+3,0x20004e4b,1,0,0,20043,5013,0,0,
ring_items,Flame Stoneplate Ring,0x20004e52,1,0,0,20050,5016,0,0,
ring_items,Flame Stoneplate Ring+1,0x20004e53,1,0,0,20051,5016,0,0,
ring_items,Flame Stoneplate Ring+2,0x20004e54,1,0,0,20052,5016,0,0,
ring_items,Thunder Stoneplate Ring,0x20004e5c,1,0,0,20060,5019,0,0,
ring_items,Thunder Stoneplate Ring+1,0x20004e5d,1,0,0,20061,5019,0,0,
ring_items,Thunder Stoneplate Ring+2,0x20004e5e,1,0,0,20062,5019,0,0,
ring_items,Magic Stoneplate Ring,0x20004e66,1,0,0,20070,5022,0,0,
ring_items,Magic Stoneplate Ring+1,0x20004e67,1,0,0,20071,5022,0,0,
ring_items,Magic Stoneplate Ring+2,0x20004e68,1,0,0,20072,5022,0,0,
ring_items,Dark Stoneplate Ring,0x20004e70,1,0,0,20080,5025,0,0,
ring_items,Dark Stoneplate Ring+1,0x20004e71,1,0,0,20081,5025,0,0,
ring_items,Dark Stoneplate Ring+2,0x20004e72,1,0,0,20082,5025,0,0,
ring_items,Speckled Stoneplate Ring,0x20004e7a,1,0,0,20090,5028,0,0,
ring_items,Speckled Stoneplate Ring+1,0x20004e7b,1,0,0,20091,5028,0,0,
ring_items,Bloodbite Ring,0x20004e84,1,0,0,20100,5030,0,0,
ring_items,Poisonbite Ring,0x20004e8e,1,0,0,20110,5032,0,0,
ring_items,Toxicbite Ring,0x20004e93,1,0,0,20110,5033,0,0,
ring_items,Cursebite Ring,0x20004e98,1,0,0,20120,5034,0,0,
ring_items,Fleshbite Ring,0x20004ea2,1,0,0,20130,5035,0,0,
ring_items,Wood Grain Ring,0x20004eac,1,0,0,20140,5037,0,0,
ring_items,Wood Grain Ring+1,0x20004ead,1,0,0,20141,5037,0,0,
ring_items,Wood Grain Ring+2,0x20004eae,1,0,0,20142,5037,0,0,
ring_items,Scholar Ring,0x20004eb6,1,0,0,20150,5040,0,0,
ring_items,Priestess Ring,0x20004ec0,1,0,0,20160,5041,0,0,
ring_items,Red Tearstone Ring,0x20004eca,1,0,0,20170,5042,0,0,
ring_items,Blue Tearstone Ring,0x20004ed4,1,0,0,20180,5043,0,0,
ring_items,Wolf Ring,0x20004ede,1,0,0,20190,5044,0,0,
ring_items,Wolf Ring+1,0x20004edf,1,0,0,20190,5044,0,0,
ring_items,Wolf Ring+2,0x20004ee0,1,0,0,20190,5044,0,0,
ring_items,Wolf Ring+3,0x20004ee1,1,0,0,20190,5044,0,0,
ring_items,Leo Ring,0x20004ee8,1,0,0,20200,5047,0,0,
ring_items,Ring of Sacrifice,0x20004ef2,1,0,0,20210,5048,0,0,
ring_items,Young Dragon Ring,0x20004f06,1,0,0,20230,5050,0,0,
ring_items,Great Swamp Ring,0x20004f10,1,0,0,20240,5052,0,0,
ring_items,Morne's Ring,0x20004f1a,1,0,0,20250,5054,0,0,
ring_items,Lingering Dragoncrest Ring,0x20004f2e,1,0,0,20270,5058,0,0,
ring_items,Lingering Dragoncrest Ring+1,0x20004f2f,1,0,0,20270,5058,0,0,
ring_items,Lingering Dragoncrest Ring+2,0x20004f30,1,0,0,20270,5058,0,0,
ring_items,Sage Ring,0x20004f38,1,0,0,20280,5061,0,0,
ring_items,Sage Ring+1,0x20004f39,1,0,0,20281,5061,0,0,
ring_items,Sage Ring+2,0x20004f3a,1,0,0,20282,5061,0,0,
ring_items,Slumbering Dragoncrest Ring,0x20004f42,1,0,0,20290,5064,0,0,
ring_items,Dusk Crown Ring,0x20004f4c,1,0,0,20300,5065,0,0,
ring_items,Saint's Ring,0x20004f56,1,0,0,20310,5066,0,0,
ring_items,Deep Ring,0x20004f60,1,0,0,20320,5067,0,0,
ring_items,Darkmoon Ring,0x20004f6a,1,0,0,20330,5068,0,0,
ring_items,Bellowing Dragoncrest Ring,0x20004f74,1,0,0,20340,5051,0,0,
ring_items,Witch's Ring,0x20004f7e,1,0,0,20350,5053,0,0,
ring_items,Ring of the Sun's First Born,0x20004f88,1,0,0,20360,5055,0,0,
ring_items,Hawk Ring,0x20004f92,1,0,0,20370,5072,0,0,
ring_items,Hornet Ring,0x20004f9c,1,0,0,20380,5073,0,0,
ring_items,Covetous Gold Serpent Ring,0x20004fa6,1,0,0,20390,5074,0,0,
ring_items,Covetous Gold Serpent Ring+1,0x20004fa7,1,0,0,20391,5074,0,0,
ring_items,Covetous Gold Serpent Ring+2,0x20004fa8,1,0,0,20392,5074,0,0,
ring_items,Covetous Gold Serpent Ring+3,0x20004fa9,1,0,0,20393,5074,0,0,
ring_items,Covetous Silver Serpent Ring,0x20004fb0,1,0,0,20400,5077,0,0,
ring_items,Covetous Silver Serpent Ring+1,0x20004fb1,1,0,0,20401,5077,0,0,
ring_items,Covetous Silver Serpent Ring+2,0x20004fb2,1,0,0,20402,5077,0,0,
ring_items,Covetous Silver Serpent Ring+3,0x20004fb3,1,0,0,20403,5077,0,0,
ring_items,Sun Princess Ring,0x20004fba,1,0,0,20410,5080,0,0,
ring_items,Silvercat Ring,0x20004fc4,1,0,0,20420,5081,0,0,
ring_items,Stone Clutch Ring,0x20004fce,1,0,0,20430,5092,0,0,
ring_items,Untrue White Ring,0x20004fd8,1,0,0,26600,5083,0,0,
ring_items,Carthus Milkring,0x20004fe2,1,0,0,20450,5084,0,0,
ring_items,Knight's Ring,0x20004fec,1,0,0,20460,5085,0,0,
ring_items,Hunter's Ring,0x20004ff6,1,0,0,20470,5086,0,0,
ring_items,Knight Slayer's Ring,0x20005000,1,0,0,20480,5087,0,0,
ring_items,Magic Clutch Ring,0x2000500a,1,0,0,20490,5088,0,0,
ring_items,Lightning Clutch Ring,0x20005014,1,0,0,20500,5089,0,0,
ring_items,Fire Clutch Ring,0x2000501e,1,0,0,20510,5090,0,0,
ring_items,Dark Clutch Ring,0x20005028,1,0,0,20520,5091,0,0,
ring_items,Flynn's Ring,0x2000503c,1,0,0,20540,5093,0,0,
ring_items,Laggard's Ring,0x2000503d,1,0,0,20540,5027,0,0,
ring_items,Prisoner's Chain,0x20005046,1,0,0,20550,5094,0,0,
ring_items,Untrue Dark Ring,0x20005050,1,0,0,26500,5095,0,0,
ring_items,Obscuring Ring,0x20005064,1,0,0,20580,5110,0,0,
ring_items,Ring of the Evil Eye,0x2000506e,1,0,0,20590,5098,0,0,
ring_items,Calamity Ring,0x20005078,1,0,0,20600,5101,0,0,
ring_items,Farron Ring,0x20005082,1,0,0,20610,5102,0,0,
ring_items,Aldrich's Ruby,0x2000508c,1,0,0,20620,5103,0,0,
ring_items,Aldrich's Sapphire,0x20005096,1,0,0,20630,5104,0,0,
ring_items,Lloyd's Sword Ring,0x200050b4,1,0,0,20660,5107,0,0,
ring_items,Lloyd's Shield Ring,0x200050be,1,0,0,20670,5108,0,0,
ring_items,Estus Ring,0x200050dc,1,0,0,20700,5111,0,0,
ring_items,Ashen Estus Ring,0x200050e6,1,0,0,20710,5112,0,0,
ring_items,Horsehoof Ring,0x200050f0,1,0,0,20720,5113,0,0,
ring_items,Carthus Bloodring,0x200050fa,1,0,0,20730,5114,0,0,
ring_items,Reversal Ring,0x20005104,1,0,0,20740,5115,0,0,
ring_items,Pontiff's Right Eye,0x2000510e,1,0,0,20750,5116,0,0,
ring_items,Pontiff's Left Eye,0x20005136,1,0,0,20790,5120,0,0,
ring_items,Dragonscale Ring,0x2000515e,1,0,0,20830,5124,0,0,
ring_items,Chillbite Ring,0x20005208,1,0,0,21000,5125,0,0,
ring_items,Ring of Manus,0x20007544,1,0,0,30020,5045,0,0,
ring_items,Shell of Anse Syen,0x2000754e,1,0,0,40206,5128,0,0,
ring_items,Shell of Graz'zt,0x20007558,1,0,0,40207,5126,0,0,
ring_items,Shell of Orcus,0x20007562,1,0,0,40208,5122,0,0,
ring_items,Shell of Gamosh-Ra,0x2000756c,1,0,0,40209,5121,0,0,
ring_items,Shell of Zuggtmoy,0x20007576,1,0,0,40210,5123,0,0,
ring_items,Shell of Polarri,0x20007580,1,0,0,40211,5127,0,0,
ring_items,Shell of Asmodeus,0x2000758a,1,0,0,40212,5119,0,0,
ring_items,Shell of Focalor,0x20007594,1,0,0,40213,5129,0,0,
ring_items,Shell of Cathbad,0x2000759e,1,0,0,40214,5117,0,0,
ring_items,Shell of Rad'Noj,0x200075a8,1,0,0,40215,5118,0,0,
ring_items,Ring of Valor,0x200075b2,1,0,0,40230,5026,0,0,
ring_items,Redeye Ring,0x200075bc,1,0,0,40235,5029,0,0,
ring_items,Dark Wood Grain Ring,0x200075c6,1,0,0,40236,5031,0,0,
ring_items,Ring of the Unscathed,0x200075d0,1,0,0,40235,5100,0,0,
ring_items,Ring of the Lost,0x200075da,1,0,0,40238,5039,0,0,
ring_items,Undead Hunter Band,0x200075e4,1,0,0,40237,5099,0,0,
ring_items,Band of Quickening,0x200075ee,1,0,0,40239,5046,0,0,
ring_items,Shell of Sabnock,0x200075f8,1,0,0,40215,5082,0,0,
ring_items,Shell of Abaddon,0x20007602,1,0,0,40216,5105,0,0,
ring_items,Shell of Malphas,0x2000760c,1,0,0,40217,5096,0,0,
ring_items,Shell of Vepar,0x20007616,1,0,0,40218,5097,0,0,
ring_items,Ring of Devotion,0x2000765c,1,0,0,40220,5057,0,0,
ring_items,Infiltrator's Signet,0x200076c0,1,0,0,40225,5059,0,0,
ring_items,Assassin’s Insignia,0x20007724,1,0,0,40226,5062,0,0,
ring_items,Loop of the Leech,0x20007788,1,0,0,40228,5060,0,0,
ring_items,Telekinetic Band,0x200078be,1,0,0,40170,5008,0,0,
ring_items,Charred Band,0x200078c8,1,0,0,40180,5015,0,0,
ring_items,Nether Ring,0x200078d2,1,0,0,40185,5014,0,0,
ring_items,Static Ring,0x200078dc,1,0,0,40190,5017,0,0,
ring_items,Crystalline Loop,0x200078e6,1,0,0,40195,5012,0,0,
ring_items,Ring of Manipulation,0x200078f0,1,0,0,40200,5009,0,0,
ring_items,Battlemage Band,0x200078fa,1,0,0,40205,5011,0,0,
goods_items,White Sign Soapstone,0x40000064,1,0,0,15010,1,0,0,
goods_items,Red Sign Soapstone,0x40000065,1,0,0,15020,2,0,0,
goods_items,Red Eye Orb,0x40000066,1,0,0,15060,3,0,0,
goods_items,Black Separation Crystal,0x40000067,1,0,0,15030,4,0,0,
goods_items,Roster of Knights,0x4000006c,1,0,0,15110,133,0,0,
goods_items,Cracked Red Eye Orb,0x4000006f,99,0,0,15050,185,0,0,
goods_items,Black Eye Orb,0x40000073,1,0,0,15070,187,0,0,
goods_items,Darksign,0x40000075,1,0,0,11010,5,0,0,
goods_items,Way of White Circlet,0x40000077,99,0,0,15100,105,0,0,
goods_items,Estus Flask,0x40000096,1,0,0,2010,6,0,0,
goods_items,Estus Flask,0x40000097,20,0,0,2010,7,0,0,
goods_items,Estus Flask+1,0x40000098,1,0,0,2010,6,0,0,
goods_items,Estus Flask+1,0x40000099,20,0,0,2010,7,0,0,
goods_items,Estus Flask+2,0x4000009a,1,0,0,2010,6,0,0,
goods_items,Estus Flask+2,0x4000009b,20,0,0,2010,7,0,0,
goods_items,Estus Flask+3,0x4000009c,1,0,0,2010,6,0,0,
goods_items,Estus Flask+3,0x4000009d,20,0,0,2010,7,0,0,
goods_items,Estus Flask+4,0x4000009e,1,0,0,2010,6,0,0,
goods_items,Estus Flask+4,0x4000009f,20,0,0,2010,7,0,0,
goods_items,Estus Flask+5,0x400000a0,1,0,0,2010,6,0,0,
goods_items,Estus Flask+5,0x400000a1,20,0,0,2010,7,0,0,
goods_items,Estus Flask+6,0x400000a2,1,0,0,2010,6,0,0,
goods_items,Estus Flask+6,0x400000a3,20,0,0,2010,7,0,0,
goods_items,Estus Flask+7,0x400000a4,1,0,0,2010,6,0,0,
goods_items,Estus Flask+7,0x400000a5,20,0,0,2010,7,0,0,
goods_items,Estus Flask+8,0x400000a6,1,0,0,2010,6,0,0,
goods_items,Estus Flask+8,0x400000a7,20,0,0,2010,7,0,0,
goods_items,Estus Flask+9,0x400000a8,1,0,0,2010,6,0,0,
goods_items,Estus Flask+9,0x400000a9,20,0,0,2010,7,0,0,
goods_items,Estus Flask+10,0x400000aa,1,0,0,2010,6,0,0,
goods_items,Estus Flask+10,0x400000ab,20,0,0,2010,7,0,0,
goods_items,Ashen Estus Flask,0x400000be,1,0,0,2020,10,0,0,
goods_items,Ashen Estus Flask,0x400000bf,20,0,0,2020,11,0,0,
goods_items,Ashen Estus Flask+1,0x400000c0,1,0,0,2020,10,0,0,
goods_items,Ashen Estus Flask+1,0x400000c1,20,0,0,2020,11,0,0,
goods_items,Ashen Estus Flask+2,0x400000c2,1,0,0,2020,10,0,0,
goods_items,Ashen Estus Flask+2,0x400000c3,20,0,0,2020,11,0,0,
goods_items,Ashen Estus Flask+3,0x400000c4,1,0,0,2020,10,0,0,
goods_items,Ashen Estus Flask+3,0x400000c5,20,0,0,2020,11,0,0,
goods_items,Ashen Estus Flask+4,0x400000c6,1,0,0,2020,10,0,0,
goods_items,Ashen Estus Flask+4,0x400000c7,20,0,0,2020,11,0,0,
goods_items,Ashen Estus Flask+5,0x400000c8,1,0,0,2020,10,0,0,
goods_items,Ashen Estus Flask+5,0x400000c9,20,0,0,2020,11,0,0,
goods_items,Ashen Estus Flask+6,0x400000ca,1,0,0,2020,10,0,0,
goods_items,Ashen Estus Flask+6,0x400000cb,20,0,0,2020,11,0,0,
goods_items,Ashen Estus Flask+7,0x400000cc,1,0,0,2020,10,0,0,
goods_items,Ashen Estus Flask+7,0x400000cd,20,0,0,2020,11,0,0,
goods_items,Ashen Estus Flask+8,0x400000ce,1,0,0,2020,10,0,0,
goods_items,Ashen Estus Flask+8,0x400000cf,20,0,0,2020,11,0,0,
goods_items,Ashen Estus Flask+9,0x400000d0,1,0,0,2020,10,0,0,
goods_items,Ashen Estus Flask+9,0x400000d1,20,0,0,2020,11,0,0,
goods_items,Ashen Estus Flask+10,0x400000d2,1,0,0,2020,10,0,0,
goods_items,Ashen Estus Flask+10,0x400000d3,20,0,0,2020,11,0,0,
goods_items,Divine Blessing,0x400000f0,4,0,0,2030,14,0,0,
goods_items,Hidden Blessing,0x400000f1,4,0,0,2040,111,0,0,
goods_items,Green Blossom,0x40000104,10,0,0,6040,15,0,0,
goods_items,Budding Green Blossom,0x40000105,10,0,0,6050,249,0,0,
goods_items,Budding Green Blossom,0x40000106,10,0,0,6050,250,0,0,
goods_items,Bloodred Moss Clump,0x4000010e,10,0,0,6130,16,0,0,
goods_items,Purple Moss Clump,0x4000010f,10,0,0,6140,17,0,0,
goods_items,Blooming Purple Moss Clump,0x40000110,10,0,0,6150,18,0,0,
goods_items,Purging Stone,0x40000112,10,0,0,6170,19,0,0,
goods_items,Rime-blue Moss Clump,0x40000114,10,0,0,6160,84,0,0,
goods_items,Repair Powder,0x40000118,10,0,0,6070,103,0,0,
goods_items,Kukri,0x40000122,99,0,0,6185,22,0,0,
goods_items,Firebomb,0x40000124,99,0,0,7000,28,0,0,
goods_items,Dung Pie,0x40000125,99,0,0,7071,32,0,0,
goods_items,Alluring Skull,0x40000126,99,0,0,7500,33,0,0,
goods_items,Lloyd's Talisman,0x40000128,10,0,0,7510,34,0,0,
goods_items,Black Firebomb,0x40000129,99,0,0,7020,30,0,0,
goods_items,Rope Firebomb,0x4000012b,99,0,0,7010,85,0,0,
goods_items,Lightning Urn,0x4000012c,99,0,0,7060,91,0,0,
goods_items,Rope Black Firebomb,0x4000012e,99,0,0,7030,86,0,0,
goods_items,Stalk Dung Pie,0x4000012f,99,0,0,7075,112,0,0,
goods_items,Duel Charm,0x40000130,10,0,0,7520,163,0,0,
goods_items,Throwing Knife,0x40000136,99,0,0,6180,25,0,0,
goods_items,Poison Throwing Knife,0x40000137,99,0,0,6190,26,0,0,
goods_items,Fire Throwing Knife,0x40000138,99,0,0,6181,2128,0,0,
goods_items,Magic Throwing Knife,0x40000139,99,0,0,6182,2131,0,0,
goods_items,Dark Throwing Knife,0x4000013a,99,0,0,6183,2129,0,0,
goods_items,Church Guardian Shiv,0x4000013b,1,0,0,6200,260,0,0,
goods_items,Lightning Throwing Knife,0x4000013c,99,0,0,6184,2130,0,0,
goods_items,Undeadslayer Potion,0x40000140,99,0,0,2700,269,0,0,
goods_items,Hollowslayer Potion,0x40000141,99,0,0,2710,270,0,0,
goods_items,Demonslayer Potion,0x40000142,99,0,0,2720,271,0,0,
goods_items,Abyssalslayer Potion,0x40000143,99,0,0,2730,272,0,0,
goods_items,Charcoal Pine Resin,0x4000014a,10,0,0,6280,35,0,0,
goods_items,Gold Pine Resin,0x4000014b,10,0,0,6300,36,0,0,
goods_items,Windswept Pine Resin,0x4000014c,15,0,0,6335,189,0,0,
goods_items,Human Pine Resin,0x4000014e,10,0,0,6330,96,0,0,
goods_items,Carthus Rouge,0x4000014f,10,0,0,6350,97,0,0,
goods_items,Pale Pine Resin,0x40000150,10,0,0,6320,95,0,0,
goods_items,Charcoal Pine Bundle,0x40000154,20,0,0,6290,38,0,0,
goods_items,Gold Pine Bundle,0x40000155,20,0,0,6310,39,0,0,
goods_items,Rotten Pine Resin,0x40000157,10,0,0,6340,37,0,0,
goods_items,Corrupted Pine Resin,0x40000158,10,0,0,6345,2142,0,0,
goods_items,Frostfire Pine Resin,0x40000159,10,0,0,6325,2143,0,0,
goods_items,Ailing Pine Resin,0x4000015a,10,0,0,6355,2116,0,0,
goods_items,Homeward Bone,0x4000015e,99,0,0,6460,41,0,0,
goods_items,Coiled Sword Fragment,0x4000015f,1,0,0,6470,100,0,0,
goods_items,Wolf's Blood Swordgrass,0x4000016e,99,0,0,14070,237,0,0,
goods_items,Human Dregs,0x4000016f,99,0,0,14080,238,0,0,
goods_items,Forked Pale Tongue,0x40000170,99,0,0,14050,252,0,0,
goods_items,Proof of a Concord Well Kept,0x40000171,99,0,0,14030,193,0,0,
goods_items,Prism Stone,0x40000172,99,0,0,6450,42,0,0,
goods_items,Binoculars,0x40000173,1,0,0,7010,43,0,0,
goods_items,Proof of a Concord Kept,0x40000174,99,0,0,14020,108,0,0,
goods_items,Pale Tongue,0x40000175,99,0,0,14040,44,0,0,
goods_items,Vertebra Shackle,0x40000176,99,0,0,14060,45,0,0,
goods_items,Sunlight Medal,0x40000177,99,0,0,14010,107,0,0,
goods_items,Pendant,0x40000178,99,0,0,99000,99,0,0,
goods_items,Dragon Head Stone,0x40000179,1,0,0,9010,93,0,0,
goods_items,Dragon Torso Stone,0x4000017a,1,0,0,9020,94,0,0,
goods_items,Filianore's Spear Ornament,0x4000017b,99,0,0,14090,263,0,0,
goods_items,Rubbish,0x4000017c,99,0,0,6440,47,0,0,
goods_items,Ritual Bloodletter,0x4000017d,1,0,0,11020,137,0,0,
goods_items,Lich's Phylactery,0x4000017e,1,0,0,11030,5021,0,0,
goods_items,Grounding Crystal,0x4000017f,1,0,0,11040,5020,0,0,
goods_items,Rune of Resubstantiation,0x40000180,1,0,0,11050,6027,0,0,
goods_items,Dried Finger,0x40000181,1,0,0,15080,48,0,0,
goods_items,Rune of Severance,0x40000182,1,0,0,11055,6033,0,0,
goods_items,Twinkling Dragon Head Stone,0x40000183,1,0,0,9030,178,0,0,
goods_items,Twinkling Dragon Torso Stone,0x40000184,1,0,0,9040,179,0,0,
goods_items,Lock of the Crossbreed,0x40000185,1,0,0,11056,6036,0,0,
goods_items,Fire Keeper Soul,0x40000186,1,0,0,25010,49,1,0,
goods_items,Rune of Disparity,0x40000187,1,0,0,11057,6034,0,0,
goods_items,Ashen Pendant,0x4000018b,1,0,0,11100,5024,1,0,
goods_items,Vulnerability Pendant,0x4000018c,1,0,0,11110,5038,1,0,
goods_items,Impairing Pendant,0x4000018d,1,0,0,11120,5036,1,0,
goods_items,Fading Soul,0x40000190,99,0,0,12010,214,0,0,
goods_items,Soul of a Deserted Corpse,0x40000191,99,0,0,12020,215,0,0,
goods_items,Large Soul of a Deserted Corpse,0x40000192,99,0,0,12030,216,0,0,
goods_items,Soul of an Unknown Traveler,0x40000193,99,0,0,12040,217,0,0,
goods_items,Large Soul of an Unknown Traveler,0x40000194,99,0,0,12050,218,0,0,
goods_items,Soul of a Nameless Soldier,0x40000195,99,0,0,12060,219,0,0,
goods_items,Large Soul of a Nameless Soldier,0x40000196,99,0,0,12070,220,0,0,
goods_items,Soul of a Weary Warrior,0x40000197,99,0,0,12080,221,0,0,
goods_items,Large Soul of a Weary Warrior,0x40000198,99,0,0,12090,222,0,0,
goods_items,Soul of a Crestfallen Knight,0x40000199,99,0,0,12100,223,0,0,
goods_items,Large Soul of a Crestfallen Knight,0x4000019a,99,0,0,12110,224,0,0,
goods_items,Soul of a Proud Paladin,0x4000019b,99,0,0,12120,225,0,0,
goods_items,Large Soul of a Proud Paladin,0x4000019c,99,0,0,12130,226,0,0,
goods_items,Soul of an Intrepid Hero,0x4000019d,99,0,0,12140,227,0,0,
goods_items,Large Soul of an Intrepid Hero,0x4000019e,99,0,0,12150,228,0,0,
goods_items,Soul of a Seasoned Warrior,0x4000019f,99,0,0,12160,229,0,0,
goods_items,Large Soul of a Seasoned Warrior,0x400001a0,99,0,0,12170,230,0,0,
goods_items,Soul of an Old Hand,0x400001a1,99,0,0,12180,231,0,0,
goods_items,Soul of a Venerable Old Hand,0x400001a2,99,0,0,12190,232,0,0,
goods_items,Soul of a Champion,0x400001a3,99,0,0,12200,233,0,0,
goods_items,Soul of a Great Champion,0x400001a4,99,0,0,12210,234,0,0,
goods_items,Seed of a Giant Tree,0x400001b8,99,0,0,15090,106,0,0,
goods_items,Mossfruit,0x400001c4,10,0,0,6120,115,0,0,
goods_items,Young White Branch,0x400001c6,99,0,0,6410,101,0,0,
goods_items,Rusted Coin,0x400001c7,99,0,0,6390,102,0,0,
goods_items,Siegbräu,0x400001c8,5,0,0,6030,190,0,0,
goods_items,Rusted Gold Coin,0x400001c9,99,0,0,6400,198,0,0,
goods_items,Blue Bug Pellet,0x400001ca,10,0,0,6080,205,0,0,
goods_items,Red Bug Pellet,0x400001cb,10,0,0,6090,206,0,0,
goods_items,Yellow Bug Pellet,0x400001cc,10,0,0,6100,207,0,0,
goods_items,Black Bug Pellet,0x400001cd,10,0,0,6110,208,0,0,
goods_items,Young White Branch,0x400001ce,99,0,0,6410,236,0,0,
goods_items,Young White Branch,0x400001cf,99,0,0,6410,236,0,0,
goods_items,Dark Sigil,0x400001ea,8,0,0,35010,157,1,0,
goods_items,Fragment of the Abyss,0x400001ef,1,0,0,29085,157,1,0,
goods_items,Ember,0x400001f4,99,0,0,3010,88,0,0,
goods_items,Hello Carving,0x40000208,1,0,0,10010,75,0,0,
goods_items,Thank you Carving,0x40000209,1,0,0,10020,76,0,0,
goods_items,Very good! Carving,0x4000020a,1,0,0,10030,78,0,0,
goods_items,I'm sorry Carving,0x4000020b,1,0,0,10040,77,0,0,
goods_items,Help me! Carving,0x4000020c,1,0,0,10050,83,0,0,
goods_items,Ritual Spear Fragment,0x4000028a,1,0,0,9130,265,0,0,
goods_items,Divine Spear Fragment,0x4000028b,1,0,0,9150,266,0,0,
goods_items,Soul of the Watchdog,0x400002bc,5,0,0,13061,50,0,0,
goods_items,Soul of the Dragonslayer Armour,0x400002bd,5,0,0,13149,58,0,0,
goods_items,Soul of the Master of the Depths,0x400002be,5,0,0,13209,51,0,0,
goods_items,Soul of the Dragonkin Beast,0x400002bf,5,0,0,13210,239,0,0,
goods_items,Soul of the Frigid Wyvern,0x400002c0,5,0,0,13085,172,0,0,
goods_items,Soul of Lilianne,0x400002c8,5,0,0,13140,5109,0,0,
goods_items,Soul of the Dancer,0x400002ca,5,0,0,13080,57,0,0,
goods_items,Soul of a Crystal Sage,0x400002cb,5,0,0,13040,239,0,0,
goods_items,Soul of a Royal Darkwraith,0x400002cc,5,0,0,13041,5106,0,0,
goods_items,Soul of the Undead Legion,0x400002cd,5,0,0,13160,52,0,0,
goods_items,Soul of the Consumed King,0x400002ce,5,0,0,13130,89,0,0,
goods_items,Soul of Boreal Valley Vordt,0x400002cf,5,0,0,13020,51,0,0,
goods_items,Soul of the Old Demon King,0x400002d0,5,0,0,13120,240,0,0,
goods_items,Soul of the Beheaded Knight,0x400002d1,5,0,0,13090,58,0,0,
goods_items,Soul of Faraam the First Born,0x400002d2,5,0,0,13150,245,0,0,
goods_items,Soul of Pontiff Sulyvahn,0x400002d4,5,0,0,13070,56,0,0,
goods_items,Soul of Aldrich,0x400002d5,5,0,0,13180,55,0,0,
goods_items,Soul of High Lord Wolnir,0x400002d6,5,0,0,13060,53,0,0,
goods_items,Soul of Archdruid Caimar,0x400002d7,5,0,0,13030,244,0,0,
goods_items,Soul of Rosaria,0x400002d8,5,0,0,13010,196,0,0,
goods_items,Soul of the Deacons of the Deep,0x400002d9,5,0,0,13050,242,0,0,
goods_items,Soul of the Twin Princes,0x400002db,5,0,0,13190,246,0,0,
goods_items,Soul of Yhorm the Giant,0x400002dc,5,0,0,13170,54,0,0,
goods_items,Soul of the Lords,0x400002dd,5,0,0,13200,247,0,0,
goods_items,Soul of a Greater Foe,0x400002e3,5,0,0,13100,240,0,0,
goods_items,Soul of a Stray Demon,0x400002e7,5,0,0,13110,241,0,0,
goods_items,Soul of Sister Friede,0x400002e8,5,0,0,13210,254,0,0,
goods_items,Soul of Slave Knight Gael,0x400002e9,5,0,0,13320,257,0,0,
goods_items,Soul of the Demon Prince,0x400002ea,5,0,0,13300,258,0,0,
goods_items,Soul of Darkeater Midir,0x400002eb,5,0,0,13310,264,0,0,
goods_items,Soul of Euclus,0x400002ec,5,0,0,13330,6052,0,0,
goods_items,Red Blossom,0x400002f3,99,0,0,13506,65,0,0,
goods_items,Blooming Red Blossom,0x400002f4,99,0,0,13507,66,0,0,
goods_items,Blue Blossom,0x400002f5,99,0,0,13508,67,0,0,
goods_items,Blooming Blue Blossom,0x400002f6,99,0,0,13509,70,0,0,
goods_items,White Blossom,0x400002f7,99,0,0,13510,60,0,0,
goods_items,Blooming White Blossom,0x400002f8,99,0,0,13511,63,0,0,
goods_items,Alchemy Reagent,0x400002f9,99,0,0,13512,268,0,0,
goods_items,Greater Alchemy Reagent,0x400002fa,99,0,0,13513,2113,0,0,
goods_items,Master Alchemy Reagent,0x400002fb,99,0,0,13514,2118,0,0,
goods_items,Alchemy Reagent Bundle,0x40000302,99,0,0,5999,2114,0,0,
goods_items,Greater Alchemy Reagent Bundle,0x40000307,99,0,0,5999,2119,0,0,
goods_items,Magic Urn,0x40000320,99,0,0,7040,82,0,0,
goods_items,Dark Urn,0x40000321,99,0,0,7050,81,0,0,
goods_items,Poison Urn,0x40000322,99,0,0,7070,79,0,0,
goods_items,Blood Urn,0x40000323,99,0,0,7080,80,0,0,
goods_items,Frost Urn,0x40000324,99,0,0,7090,90,0,0,
goods_items,Mind Control Urn,0x40000325,99,0,0,7130,71,0,0,
goods_items,Healing Potion,0x40000326,20,0,0,2050,134,0,0,
goods_items,Mana Potion,0x40000327,20,0,0,2060,116,0,0,
goods_items,Rejuvenation Potion,0x40000328,20,0,0,2070,136,0,0,
goods_items,Stamina Potion,0x40000329,20,0,0,2080,135,0,0,
goods_items,Luck Elixir,0x4000032a,20,0,0,2090,117,0,0,
goods_items,Corrosive Urn,0x4000032b,99,0,0,7260,104,0,0,
goods_items,Concussion Urn,0x4000032c,99,0,0,7120,69,0,0,
goods_items,Holy Urn,0x4000032d,99,0,0,7055,92,0,0,
goods_items,Draconic Urn,0x4000032e,99,0,0,7220,110,0,0,
goods_items,Infectious Urn,0x4000032f,99,0,0,7270,98,0,0,
goods_items,Pacifying Urn,0x40000330,99,0,0,7280,99,0,0,
goods_items,Crystal Urn,0x40000331,99,0,0,7200,21,0,0,
goods_items,Abyssal Urn,0x40000332,99,0,0,7210,2136,0,0,
goods_items,Toxic Urn,0x40000333,99,0,0,7230,2135,0,0,
goods_items,Glacial Urn,0x40000334,99,0,0,7240,2134,0,0,
goods_items,Divine Urn,0x40000335,99,0,0,7225,2133,0,0,
goods_items,Sunlight Urn,0x40000336,99,0,0,7215,2132,0,0,
goods_items,Essence Urn,0x40000337,99,0,0,7250,31,0,0,
goods_items,Oil Urn,0x40000338,99,0,0,7100,2115,0,0,
goods_items,Smoke Bomb,0x40000339,99,0,0,7110,2117,0,0,
goods_items,Fleet-footed Potion,0x4000033e,99,0,0,2500,2120,0,0,
goods_items,Fall Control Potion,0x4000033f,99,0,0,2510,2121,0,0,
goods_items,Quickening Potion,0x40000340,99,0,0,2520,2122,0,0,
goods_items,Stealth Potion,0x40000341,99,0,0,2530,2123,0,0,
goods_items,Inner Flame Potion,0x40000342,99,0,0,2540,2124,0,0,
goods_items,Shadow Potion,0x40000343,99,0,0,2550,2125,0,0,
goods_items,Petrifying Potion,0x40000344,99,0,0,2560,2126,0,0,
goods_items,Inner Light Potion,0x40000345,99,0,0,2570,2127,0,0,
goods_items,Greed Elixir,0x40000346,99,0,0,2580,2108,0,0,
goods_items,Estus Elixir,0x40000347,99,0,0,2590,2109,0,0,
goods_items,Agility Elixir,0x40000348,99,0,0,2600,2110,0,0,
goods_items,Mind Elixir,0x40000349,99,0,0,2610,2111,0,0,
goods_items,Regeneration Elixir,0x4000034a,99,0,0,2620,2112,0,0,
goods_items,Immortality Elixir,0x4000034b,99,0,0,2621,6035,0,0,
goods_items,Pale Brightbug,0x40000384,99,0,0,60281,2137,0,0,
goods_items,Golden Brightbug,0x40000385,99,0,0,60282,2138,0,0,
goods_items,Chaos Brightbug,0x40000386,99,0,0,60283,2139,0,0,
goods_items,Shadow Brightbug,0x40000387,99,0,0,60284,2140,0,0,
goods_items,Crystal Brightbug,0x40000388,99,0,0,60285,2141,0,0,
goods_items,Crystal Storm Urn,0x400003b6,2,0,0,7400,6029,0,0,
goods_items,Inferno Urn,0x400003b7,2,0,0,7410,6031,0,0,
goods_items,Urn of Sun's Wrath,0x400003b8,2,0,0,7420,6028,0,0,
goods_items,Umbral Urn,0x400003b9,2,0,0,7430,6032,0,0,
goods_items,Maelstrom Urn,0x400003ba,2,0,0,7440,6030,0,0,
goods_items,Titanite Shard,0x400003e8,99,0,0,16010,61,0,0,
goods_items,Large Titanite Shard,0x400003e9,99,0,0,16020,62,0,0,
goods_items,Titanite Chunk,0x400003ea,99,0,0,16030,64,0,0,
goods_items,Titanite Slab,0x400003eb,99,0,0,16060,68,0,0,
goods_items,Titanite Scale,0x400003fc,99,0,0,16050,73,0,0,
goods_items,Twinkling Titanite,0x40000406,99,0,0,16040,74,0,0,
goods_items,Smoldering Stone,0x40000424,99,0,0,16066,6023,0,0,
goods_items,Arcane Crystal,0x4000042e,99,0,0,16065,6020,0,0,
goods_items,Murky Sediment,0x40000438,99,0,0,16068,4259,0,0,
goods_items,Sacred Idol,0x40000442,99,0,0,16067,6022,0,0,
goods_items,Bloody Coin,0x4000046a,99,0,0,16067,6024,0,0,
goods_items,Broken Manacle,0x40000474,99,0,0,16068,6025,0,0,
goods_items,Frozen Tear,0x4000047e,99,0,0,16069,4219,0,0,
goods_items,Storm Debris,0x40000488,99,0,0,16076,4234,0,0,
goods_items,Chaos Remnant,0x40000497,99,0,0,16085,4218,0,0,
goods_items,Divine Relic,0x4000049c,99,0,0,16082,4215,0,0,
goods_items,Glimmering Dust,0x400004a1,99,0,0,16084,4216,0,0,
goods_items,Essence Shard,0x400004a6,99,0,0,16085,4064,0,0,
goods_items,Gravelord Relic,0x400004ab,99,0,0,16086,4068,0,0,
goods_items,Crystal Titanite Shard,0x400004b0,99,0,0,16086,4235,0,0,
goods_items,Large Crystal Titanite Shard,0x400004b1,99,0,0,16087,4236,0,0,
goods_items,Crystal Titanite Chunk,0x400004b2,99,0,0,16088,4237,0,0,
goods_items,Crystal Titanite Slab,0x400004b3,99,0,0,16089,4238,0,0,
goods_items,Ebony Titanite Shard,0x400004b5,99,0,0,16090,4239,0,0,
goods_items,Large Ebony Titanite Shard,0x400004b6,99,0,0,16091,4240,0,0,
goods_items,Ebony Titanite Chunk,0x400004b7,99,0,0,16092,4241,0,0,
goods_items,Ebony Titanite Slab,0x400004b8,99,0,0,16093,4242,0,0,
goods_items,Molten Titanite Shard,0x400004ba,99,0,0,16094,4243,0,0,
goods_items,Large Molten Titanite Shard,0x400004bb,99,0,0,16095,4244,0,0,
goods_items,Molten Titanite Chunk,0x400004bc,99,0,0,16096,4245,0,0,
goods_items,Molten Titanite Slab,0x400004bd,99,0,0,16097,4246,0,0,
goods_items,Galvanic Titanite Shard,0x400004bf,99,0,0,16098,4247,0,0,
goods_items,Large Galvanic Titanite Shard,0x400004c0,99,0,0,16099,4248,0,0,
goods_items,Galvanic Titanite Chunk,0x400004c1,99,0,0,16100,4249,0,0,
goods_items,Galvanic Titanite Slab,0x400004c2,99,0,0,16101,4250,0,0,
goods_items,Etched Titanite Shard,0x400004c4,99,0,0,16102,4251,0,0,
goods_items,Large Etched Titanite Shard,0x400004c5,99,0,0,16103,4252,0,0,
goods_items,Etched Titanite Chunk,0x400004c6,99,0,0,16104,4253,0,0,
goods_items,Etched Titanite Slab,0x400004c7,99,0,0,16105,4254,0,0,
goods_items,Metallic Titanite Shard,0x400004c9,99,0,0,16106,4255,0,0,
goods_items,Large Metallic Titanite Shard,0x400004ca,99,0,0,16107,4256,0,0,
goods_items,Metallic Titanite Chunk,0x400004cb,99,0,0,16108,4257,0,0,
goods_items,Metallic Titanite Slab,0x400004cc,99,0,0,16109,4258,0,0,
goods_items,Shriving Stone,0x400004e2,99,0,0,17160,197,0,0,
goods_items,Lift Chamber Key,0x400007d1,1,0,0,26020,87,1,0,
goods_items,Iron Seal of the Wolf,0x400007d4,1,0,0,26055,6021,1,0,
goods_items,Small Doll,0x400007d5,1,0,0,29020,174,1,0,
goods_items,Dungeon Bridge Key,0x400007d6,1,0,0,26050,6021,1,0,
goods_items,Jailbreaker's Key,0x400007d7,1,0,0,26055,180,1,0,
goods_items,Jailer's Key Ring,0x400007d8,1,0,0,26040,181,1,0,
goods_items,Grave Key,0x400007d9,1,0,0,26030,183,1,0,
goods_items,Cell Key,0x400007da,1,0,0,26010,186,1,0,
goods_items,Dungeon Ground Floor Key,0x400007db,1,0,0,28000,191,1,0,
goods_items,Old Cell Key,0x400007dc,1,0,0,26060,192,1,0,
goods_items,Grand Archives Key,0x400007de,1,0,0,26070,200,1,0,
goods_items,Tower Key,0x400007df,1,0,0,27080,199,1,0,
goods_items,Skeleton Key,0x400007e0,1,0,0,26070,182,1,0,
goods_items,Divine Fragment,0x40000835,6,0,0,29005,130,1,0,
goods_items,Small Lothric Banner,0x40000836,1,0,0,29010,138,1,0,
goods_items,Farron Coal,0x40000837,1,0,0,17161,139,1,0,
goods_items,Sage's Coal,0x40000838,1,0,0,17162,140,1,0,
goods_items,Giant's Coal,0x40000839,1,0,0,17163,141,1,0,
goods_items,Profaned Coal,0x4000083a,1,0,0,17164,142,1,0,
goods_items,Mortician's Ashes,0x4000083b,1,0,0,34010,143,1,0,
goods_items,Dreamchaser's Ashes,0x4000083c,1,0,0,34030,144,1,0,
goods_items,Paladin's Ashes,0x4000083d,1,0,0,34020,145,1,0,
goods_items,Grave Warden's Ashes,0x4000083e,1,0,0,34040,146,1,0,
goods_items,Greirat's Ashes,0x4000083f,1,0,0,34110,147,1,0,
goods_items,Orbeck's Ashes,0x40000840,1,0,0,34120,148,1,0,
goods_items,Cornyx's Ashes,0x40000841,1,0,0,34130,149,1,0,
goods_items,Karla's Ashes,0x40000842,1,0,0,34150,150,1,0,
goods_items,Irina's Ashes,0x40000843,1,0,0,34140,151,1,0,
goods_items,Yuria's Ashes,0x40000844,1,0,0,34170,152,1,0,
goods_items,Basin of Vows,0x40000845,1,0,0,29030,158,1,0,
goods_items,Loretta's Bone,0x40000846,99,0,0,8010,153,0,0,
goods_items,Holy Tome of Carim,0x40000847,1,0,0,33010,154,1,0,
goods_items,Holy Tome of Lothric,0x40000848,1,0,0,33020,155,1,0,
goods_items,Lordran Lightning Tome,0x40000849,1,0,0,33030,156,1,0,
goods_items,Kindled Cinders of the Lords,0x4000084a,1,0,0,19010,153,1,0,
goods_items,Cinders of a Lord,0x4000084b,1,0,0,19010,159,1,0,
goods_items,Cinders of a Lord,0x4000084c,1,0,0,21010,160,1,0,
goods_items,Cinders of a Lord,0x4000084d,1,0,0,20010,161,1,0,
goods_items,Cinders of a Lord,0x4000084e,1,0,0,22010,162,1,0,
goods_items,Great Swamp Pyromancy Tome,0x4000084f,1,0,0,32010,164,1,0,
goods_items,Carthus Pyromancy Tome,0x40000850,1,0,0,32020,165,1,0,
goods_items,Izalith Pyromancy Tome,0x40000851,1,0,0,32030,166,1,0,
goods_items,Quelana Geomancy Tome,0x40000852,1,0,0,32040,167,1,0,
goods_items,Grave Warden Cryomancy Tome,0x40000853,1,0,0,32050,168,1,0,
goods_items,Sage's Scroll,0x40000854,1,0,0,31010,169,1,0,
goods_items,Logan's Scroll,0x40000855,1,0,0,31020,170,1,0,
goods_items,Crystal Scroll,0x40000856,1,0,0,31030,171,1,0,
goods_items,Transposing Kiln,0x40000857,1,0,0,23010,172,1,0,
goods_items,Cinders of a Lord,0x40000858,1,0,0,23010,173,1,0,
goods_items,Coiled Sword,0x40000859,1,0,0,29050,177,1,0,
goods_items,Eyes of a Fire Keeper,0x4000085a,1,0,0,24010,184,1,0,
goods_items,Sword of Avowal,0x4000085b,1,0,0,29060,188,1,0,
goods_items,Golden Scroll,0x4000085c,1,0,0,31040,194,1,0,
goods_items,Estus Shard,0x4000085d,99,0,0,4010,195,0,0,
goods_items,Hawkwood's Swordgrass,0x4000085e,1,0,0,29040,201,1,0,
goods_items,Undead Bone Shard,0x4000085f,99,0,0,5010,202,0,0,
goods_items,Dark Miracle Tome of the Deep,0x40000860,1,0,0,33050,203,1,0,
goods_items,Dark Miracle Tome of Londor,0x40000861,1,0,0,33040,204,1,0,
goods_items,Excrement-covered Ashes,0x40000862,1,0,0,34050,209,1,0,
goods_items,Prisoner Chief's Ashes,0x40000863,1,0,0,34060,210,1,0,
goods_items,Xanthous Ashes,0x40000864,1,0,0,34070,211,1,0,
goods_items,Alchemist's Ashes,0x40000865,1,0,0,34100,46,1,0,
goods_items,Patches' Ashes,0x40000866,1,0,0,34160,213,1,0,
goods_items,Dragon Chaser's Ashes,0x40000867,1,0,0,34090,235,1,0,
goods_items,Easterner's Ashes,0x40000868,1,0,0,34080,251,1,0,
goods_items,Champion's Bones,0x40000869,99,0,0,34180,253,1,0,
goods_items,Captain's Ashes,0x4000086a,1,0,0,34105,255,1,0,
goods_items,Contraption Key,0x4000086b,1,0,0,28010,256,1,0,
goods_items,Small Envoy Banner,0x4000086c,1,0,0,29015,259,1,0,
goods_items,Old Woman's Ashes,0x4000086d,1,0,0,34180,261,1,0,
goods_items,Blood of the Dark Soul,0x4000086e,1,0,0,29080,262,1,0,
goods_items,Young Grass Dew,0x4000086f,1,0,0,29090,267,0,0,
goods_items,Hollow's Remains,0x40000870,99,0,0,16110,5140,0,0,
goods_items,Soldier's Remains,0x40000871,99,0,0,16111,5141,0,0,
goods_items,Knight's Remains,0x40000872,99,0,0,16112,5142,0,0,
goods_items,Champion's Remains,0x40000873,99,0,0,16113,5143,0,0,
goods_items,Forbidden Geomancy Tome,0x4000087d,1,0,0,32041,6067,1,0,
goods_items,Tome of Darkness,0x4000087e,1,0,0,31031,6068,1,0,
goods_items,Tome of Dregs,0x4000087f,1,0,0,31032,6069,1,0,
goods_items,Tome of Manus,0x40000880,1,0,0,31033,6070,1,0,
goods_items,Holy Tome of the Righteous,0x40000881,1,0,0,33031,6071,1,0,
goods_items,Blessed Lightning Tome,0x40000882,1,0,0,33032,6072,1,0,
goods_items,Frozen Cryomancy Tome,0x40000883,1,0,0,31034,276,1,0,
goods_items,Dark Miracle Tome of Blood,0x40000884,1,0,0,31034,277,1,0,
goods_items,Forossan Scroll,0x40000885,1,0,0,31050,6073,1,0,
goods_items,Holy Tome of Mystery,0x40000886,1,0,0,33033,278,1,0,
goods_items,Earthen Geomancy Tome,0x40000887,1,0,0,32045,279,1,0,
goods_items,Oolacile Scroll,0x40000888,1,0,0,32046,282,1,0,
goods_items,Scroll of Dusk,0x40000889,1,0,0,32047,283,1,0,
goods_items,Tempest Scroll,0x4000088a,1,0,0,32048,284,1,0,
goods_items,Tome of the Conclave,0x4000088b,1,0,0,32049,72,1,0,
goods_items,Verdant Tome,0x4000088c,1,0,0,32050,109,1,0,
goods_items,Tome of Nature,0x4000088d,1,0,0,32051,287,1,0,
goods_items,Necromancer's Tome,0x4000088e,1,0,0,32052,267,1,0,
goods_items,Tome of the Dead,0x4000088f,1,0,0,32053,285,1,0,
goods_items,Tome of the Immortal,0x40000890,1,0,0,32054,286,1,0,
goods_items,Green Separation Crystal,0x40000898,1,0,0,32060,29,0,0,
goods_items,Targeting Crystal,0x400008fc,1,0,0,32065,6057,0,0,
goods_items,Stone Gem,0x40000fa0,99,0,0,17011,273,0,0,
goods_items,Heavy Gem,0x40000fa1,99,0,0,17002,118,0,0,
goods_items,Refined Gem,0x40000fa2,99,0,0,17003,120,0,0,
goods_items,Crystal Gem,0x40000fa3,99,0,0,17007,121,0,0,
goods_items,Air Gem,0x40000fa4,99,0,0,17009,274,0,0,
goods_items,Light Gem,0x40000fa5,99,0,0,17004,123,0,0,
goods_items,Chaos Gem,0x40000fa6,99,0,0,17012,124,0,0,
goods_items,Lightning Gem,0x40000fa7,99,0,0,17005,125,0,0,
goods_items,Essence Gem,0x40000fa8,99,0,0,17008,126,0,0,
goods_items,Dark Gem,0x40000fa9,99,0,0,17013,127,0,0,
goods_items,Luck Gem,0x40000faa,99,0,0,17014,128,0,0,
goods_items,Raw Gem,0x40000fab,99,0,0,17000,129,0,0,
goods_items,Sharp Gem,0x40000fac,99,0,0,17001,119,0,0,
goods_items,Divine Gem,0x40000fad,99,0,0,17010,275,0,0,
goods_items,Grave Gem,0x40000fae,99,0,0,17006,132,0,0,
goods_items,Farron Dart,0x40124f80,99,0,0,110001,4130,0,1,
goods_items,Great Farron Dart,0x40127690,99,0,0,110001,4130,0,1,
goods_items,Soul Arrow,0x4013d620,99,0,0,110002,4001,0,1,
goods_items,Heavy Soul Arrow,0x4013da08,99,0,0,110003,4003,0,1,
goods_items,Soul Geyser,0x4013e1d8,99,0,0,110008,4155,0,1,
goods_items,Homing Soulmass,0x4013e5c0,99,0,0,110004,4004,0,1,
goods_items,Homing Crystal Soulmass,0x4013e9a8,99,0,0,110005,4005,0,1,
goods_items,Soul Spear,0x4013ed90,99,0,0,110006,4006,0,1,
goods_items,Crystal Soul Spear,0x4013f178,99,0,0,110007,4007,0,1,
goods_items,Deep Soul,0x4013f560,99,0,0,113002,4099,0,1,
goods_items,Great Deep Soul,0x4013f948,99,0,0,113003,4101,0,1,
goods_items,Magic Weapon,0x4013fd30,99,0,0,110017,4008,0,1,
goods_items,Great Magic Weapon,0x40140118,99,0,0,110018,4009,0,1,
goods_items,Crystal Magic Weapon,0x40140500,99,0,0,110019,4010,0,1,
goods_items,Frozen Weapon,0x401408e8,99,0,0,122009,4135,0,1,
goods_items,Magic Shield,0x40144b50,99,0,0,110020,4011,0,1,
goods_items,Great Magic Shield,0x40144f38,99,0,0,110021,4012,0,1,
goods_items,Hidden Weapon,0x40147260,99,0,0,111011,4013,0,1,
goods_items,Hidden Body,0x40147648,99,0,0,111012,4014,0,1,
goods_items,Cast Light,0x40149970,99,0,0,111013,4015,0,1,
goods_items,Repair,0x4014a528,99,0,0,111014,4017,0,1,
goods_items,Spook,0x4014a910,99,0,0,110022,4018,0,1,
goods_items,Chameleon,0x4014acf8,99,0,0,111015,4019,0,1,
goods_items,Aural Decoy,0x4014b0e0,99,0,0,110023,4065,0,1,
goods_items,White Dragon Breath,0x4014e790,99,0,0,110012,4057,0,1,
goods_items,Farron Hail,0x4014ef60,99,0,0,110010,4059,0,1,
goods_items,Crystal Hail,0x4014f348,99,0,0,111011,4060,0,1,
goods_items,Soul Greatsword,0x4014f730,99,0,0,110014,4061,0,1,
goods_items,Farron Flashsword,0x4014fb18,99,0,0,110013,4102,0,1,
goods_items,Old Moonlight,0x4014ff00,99,0,0,110015,4144,0,1,
goods_items,Affinity,0x401875b8,99,0,0,113004,4106,0,1,
goods_items,Great Soul Dregs,0x401879a0,99,0,0,113005,4145,0,1,
goods_items,Dark Edge,0x40189cc8,99,0,0,113012,4126,0,1,
goods_items,Soul Stream,0x4018b820,99,0,0,110009,4104,0,1,
goods_items,Twisted Sphere of Light,0x40193138,99,0,0,111016,4115,0,1,
goods_items,Pestilent Mist,0x401a8ce0,99,0,0,113008,4125,0,1,
goods_items,Soul Blade,0x401b7f10,99,0,0,110016,4276,0,1,
goods_items,Dreg Dart,0x401ba620,99,0,0,113001,4203,0,1,
goods_items,Dreg Swarm,0x401bb1d8,99,0,0,113006,6127,0,1,
goods_items,Dreg Bolt,0x401bcd30,99,0,0,113007,4107,0,1,
goods_items,Gust,0x401bd500,99,0,0,112001,4201,0,1,
goods_items,Air Blade,0x401bd8e8,99,0,0,112004,4139,0,1,
goods_items,Vortex,0x401bdcd0,99,0,0,112005,4200,0,1,
goods_items,Faraam's Fury,0x401be4a0,99,0,0,112006,4204,0,1,
goods_items,Hurricane,0x401be888,99,0,0,112007,4140,0,1,
goods_items,Cloud Form,0x401bec70,99,0,0,112010,4202,0,1,
goods_items,Storm Strike,0x401bf058,99,0,0,112008,4205,0,1,
goods_items,Repulse,0x401bf828,99,0,0,112003,4206,0,1,
goods_items,Cyclone Blast,0x401bfc10,99,0,0,112009,6137,0,1,
goods_items,Shadow Form,0x401c03e0,99,0,0,113013,6143,0,1,
goods_items,Air Spike,0x401c07c8,99,0,0,112002,4283,0,1,
goods_items,Fire Breath,0x401c0bb0,99,0,0,120013,6109,0,1,
goods_items,Dark Affliction,0x401c0f98,99,0,0,113009,4016,0,1,
goods_items,Curse of the Abyss,0x401c1380,99,0,0,113010,4020,0,1,
goods_items,Soul Instability,0x401c1768,99,0,0,110505,6123,0,1,
goods_items,Soul Burst,0x401c1b50,99,0,0,110005,6115,0,1,
goods_items,Mind Corruption,0x401c1f38,99,0,0,113011,6099,0,1,
goods_items,Dreg Burst,0x401c2320,99,0,0,113012,6103,0,1,
goods_items,Void,0x401c2708,99,0,0,113013,6111,0,1,
goods_items,Storm of Swords,0x401c2af0,99,0,0,112010,4024,0,1,
goods_items,Counterspell,0x401c2ed8,99,0,0,110008,6097,0,1,
goods_items,Asphyxiate,0x401c32c0,99,0,0,112012,6092,0,1,
goods_items,Lion Knight's Gambit,0x401c36a8,99,0,0,112011,6086,0,1,
goods_items,Tornado,0x401c3a90,99,0,0,112012,6081,0,1,
goods_items,Dark Pact,0x401c3e78,99,0,0,113014,6084,0,1,
goods_items,Forossan Windsword,0x401c4260,99,0,0,112002,6082,0,1,
goods_items,Curse of Mortality,0x401c4648,99,0,0,113015,6075,0,1,
goods_items,Soul Stability,0x401c4a30,99,0,0,110506,6061,0,1,
goods_items,Flash,0x401cfde0,99,0,0,111001,4150,0,1,
goods_items,Coruscation,0x401d01c8,99,0,0,111002,4156,0,1,
goods_items,Light Beam,0x401d05b0,99,0,0,111003,4151,0,1,
goods_items,Final Flash,0x401d0998,99,0,0,111004,4152,0,1,
goods_items,Homing Light Soulmass,0x401d0d80,99,0,0,111005,4153,0,1,
goods_items,Ritual Spears,0x401d1168,99,0,0,111006,4154,0,1,
goods_items,Enfeeble,0x401d1550,99,0,0,111007,4157,0,1,
goods_items,Light Channel,0x401d1938,99,0,0,111008,4158,0,1,
goods_items,Pacify,0x401d1d20,99,0,0,111009,4159,0,1,
goods_items,Light Shell,0x401d2108,99,0,0,111010,4160,0,1,
goods_items,Lightfall,0x401d24f0,99,0,0,111011,6116,0,1,
goods_items,Teleport,0x401d28d8,99,0,0,111012,6112,0,1,
goods_items,Light Sentry,0x401d2cc0,99,0,0,111013,6106,0,1,
goods_items,Luminous Blade,0x401d30a8,99,0,0,111014,6083,0,1,
goods_items,Parallax Weapon,0x401d3490,99,0,0,111012,4013,0,1,
goods_items,Fireball,0x40249f00,99,0,0,120002,4021,0,1,
goods_items,Fire Orb,0x4024a6d0,99,0,0,120003,4023,0,1,
goods_items,Firestorm,0x4024aab8,99,0,0,120010,4024,0,1,
goods_items,Fire Surge,0x4024b288,99,0,0,120012,4088,0,1,
goods_items,Black Serpent,0x4024ba58,99,0,0,122015,4100,0,1,
goods_items,Great Combustion,0x4024c9f8,99,0,0,120015,4028,0,1,
goods_items,Poison Mist,0x4024ed20,99,0,0,121008,4029,0,1,
goods_items,Toxic Mist,0x4024f108,99,0,0,121009,4030,0,1,
goods_items,Acid Surge,0x4024f4f0,99,0,0,121010,4094,0,1,
goods_items,Iron Flesh,0x40251430,99,0,0,121011,4031,0,1,
goods_items,Flash Sweat,0x40251818,99,0,0,120022,4032,0,1,
goods_items,Carthus Flame Arc,0x402527b8,99,0,0,120020,4033,0,1,
goods_items,Rapport,0x40252ba0,99,0,0,121012,4096,0,1,
goods_items,Power Within,0x40253b40,99,0,0,120023,4095,0,1,
goods_items,Great Chaos Fire Orb,0x40256250,99,0,0,120008,4054,0,1,
goods_items,Chaos Storm,0x40256638,99,0,0,120011,4087,0,1,
goods_items,Fire Whip,0x40256a20,99,0,0,120013,4089,0,1,
goods_items,Black Flame,0x40256e08,99,0,0,122017,4097,0,1,
goods_items,Profaned Flame,0x402575d8,99,0,0,120007,4091,0,1,
goods_items,Chaos Bed Vestiges,0x402579c0,99,0,0,120009,4092,0,1,
goods_items,Floating Chaos,0x40257da8,99,0,0,120014,4137,0,1,
goods_items,Flame Fan,0x40258190,99,0,0,120016,4146,0,1,
goods_items,Warmth,0x4025b070,99,0,0,121013,4098,0,1,
goods_items,Profuse Sweat,0x402717d0,99,0,0,120024,4084,0,1,
goods_items,Black Fire Orb,0x4027d350,99,0,0,122016,4108,0,1,
goods_items,Bursting Fireball,0x4027fa60,99,0,0,120005,4110,0,1,
goods_items,Boulder Heave,0x40282170,99,0,0,121002,4113,0,1,
goods_items,Sacred Flame,0x40284880,99,0,0,120017,4114,0,1,
goods_items,Carthus Beacon,0x40286f90,99,0,0,120021,4116,0,1,
goods_items,Seething Chaos,0x402896a0,99,0,0,120006,4147,0,1,
goods_items,Bombardment,0x402959f0,99,0,0,121003,4083,0,1,
goods_items,Stone Form,0x402965a8,99,0,0,121007,4090,0,1,
goods_items,Flame Dash,0x40296990,99,0,0,120018,4085,0,1,
goods_items,Frost Orb,0x40297d18,99,0,0,122001,4207,0,1,
goods_items,Dark Storm,0x40298100,99,0,0,122008,4222,0,1,
goods_items,Ice Rush,0x402984e8,99,0,0,122006,4273,0,1,
goods_items,Seething Frost,0x402988d0,99,0,0,122005,4230,0,1,
goods_items,Frost Form,0x40298cb8,99,0,0,122010,4223,0,1,
goods_items,Demon Breath,0x402990a0,99,0,0,121006,4190,0,1,
goods_items,Frozen Memory,0x4029a040,99,0,0,122004,4229,0,1,
goods_items,Boulder Throw,0x4029a810,99,0,0,121001,4192,0,1,
goods_items,Gravel Spray,0x4029abf8,99,0,0,121004,4198,0,1,
goods_items,Flame Wisps,0x4029afe0,99,0,0,120004,4227,0,1,
goods_items,Erupting Flames,0x4029b3c8,99,0,0,120019,4224,0,1,
goods_items,Ice Spear,0x4029b7b0,99,0,0,122007,6126,0,1,
goods_items,Snap Freeze,0x4029bb98,99,0,0,122003,4136,0,1,
goods_items,Earth Missile,0x4029c368,99,0,0,121005,4226,0,1,
goods_items,Flame Dart,0x4029cb38,99,0,0,120001,4221,0,1,
goods_items,Black Ice Burst,0x4029cf20,99,0,0,122018,4055,0,1,
goods_items,Ice Burst,0x4029d308,99,0,0,122002,6118,0,1,
goods_items,Black Flame Arc,0x4029d6f0,99,0,0,122020,6128,0,1,
goods_items,Frostfire Flowers,0x4029dad8,99,0,0,122021,6119,0,1,
goods_items,Mud Throw,0x4029e2a8,99,0,0,121020,6113,0,1,
goods_items,Great Boulder Throw,0x4029e690,99,0,0,121021,6107,0,1,
goods_items,Hoar Frost,0x4029ea78,99,0,0,122022,6100,0,1,
goods_items,Dark Flare,0x4029ee60,99,0,0,122023,6102,0,1,
goods_items,Flame Mortar,0x4029f248,99,0,0,120020,4025,0,1,
goods_items,Poison Orb,0x4029f630,99,0,0,121001,6096,0,1,
goods_items,Noxious Swarm,0x4029fa18,99,0,0,121010,6094,0,1,
goods_items,Meteor Shower,0x4029fe00,99,0,0,120021,6093,0,1,
goods_items,Priscilla's Benediction,0x402a01e8,99,0,0,122011,6074,0,1,
goods_items,Oblivion,0x402a05d0,99,0,0,122012,6066,0,1,
goods_items,Aspect of the Ancients,0x402a09b8,99,0,0,121008,6064,0,1,
goods_items,Earthen Restoration,0x402a0da0,99,0,0,121009,6062,0,1,
goods_items,Call Hound,0x402c4020,99,0,0,123031,4172,0,1,
goods_items,Call Hound-Rat,0x402c4408,99,0,0,123030,4173,0,1,
goods_items,Call Giant Rat,0x402c47f0,99,0,0,123034,4178,0,1,
goods_items,Call Giant Crab,0x402c4bd8,99,0,0,123035,4176,0,1,
goods_items,Call Sewer Centipede,0x402c4fc0,99,0,0,123033,4174,0,1,
goods_items,Call Rock Lizard,0x402c53a8,99,0,0,123032,4175,0,1,
goods_items,Call Ravenous Lizard,0x402c5790,99,0,0,123510,4179,0,1,
goods_items,Call Ghru,0x402c5b78,99,0,0,123036,4177,0,1,
goods_items,Call Elder Ghru,0x402c5f60,99,0,0,123511,4180,0,1,
goods_items,Essence Strike,0x402c6348,99,0,0,123001,4022,0,1,
goods_items,Virulent Strike,0x402c6730,99,0,0,123002,4026,0,1,
goods_items,Water Dart,0x402c6b18,99,0,0,123003,6114,0,1,
goods_items,Regrowth,0x402c6f00,99,0,0,123010,4058,0,1,
goods_items,Carapace,0x402c72e8,99,0,0,123008,4027,0,1,
goods_items,Verdant Rage,0x402c76d0,99,0,0,123011,4070,0,1,
goods_items,Life Force,0x402c7ab8,99,0,0,123012,4063,0,1,
goods_items,Water Orb,0x402c7ea0,99,0,0,123005,6120,0,1,
goods_items,Water Surge,0x402c8288,99,0,0,123006,6124,0,1,
goods_items,Deluge,0x402c8670,99,0,0,123007,6125,0,1,
goods_items,Living Flame Arc,0x402c8a58,99,0,0,123009,6129,0,1,
goods_items,Call Wretch,0x402c8e40,99,0,0,123037,6133,0,1,
goods_items,Call Outrider Knight,0x402c9228,99,0,0,122503,6135,0,1,
goods_items,Essence Wisps,0x402c9610,99,0,0,123008,6078,0,1,
goods_items,Essence Storm,0x402c99f8,99,0,0,123009,6077,0,1,
goods_items,Waterspout,0x402c9de0,99,0,0,123006,6060,0,1,
goods_items,Heal Aid,0x403540d0,99,0,0,131020,4132,0,1,
goods_items,Heal,0x403567e0,99,0,0,131021,4034,0,1,
goods_items,Med Heal,0x40356bc8,99,0,0,131022,4069,0,1,
goods_items,Great Heal,0x40356fb0,99,0,0,131023,4035,0,1,
goods_items,Soothing Sunlight,0x40357398,99,0,0,131024,4036,0,1,
goods_items,Replenishment,0x40357780,99,0,0,131025,4037,0,1,
goods_items,Bountiful Sunlight,0x40357b68,99,0,0,130020,4038,0,1,
goods_items,Bountiful Light,0x40358338,99,0,0,131026,4071,0,1,
goods_items,Caressing Tears,0x40358720,99,0,0,131027,4072,0,1,
goods_items,Lightning Arrow,0x40358b08,99,0,0,130002,4148,0,1,
goods_items,Great Lightning Arrow,0x40358ef0,99,0,0,130010,6136,0,1,
goods_items,Sunlight Arrow,0x403592d8,99,0,0,130011,6085,0,1,
goods_items,Tears of Denial,0x4035b600,99,0,0,131028,4052,0,1,
goods_items,Homeward,0x4035b9e8,99,0,0,131029,4039,0,1,
goods_items,Force,0x4035dd10,99,0,0,131001,4040,0,1,
goods_items,Wrath of the Gods,0x4035e0f8,99,0,0,131007,4041,0,1,
goods_items,Emit Force,0x4035e4e0,99,0,0,131004,4042,0,1,
goods_items,Lightning Spear,0x40362b30,99,0,0,130003,4044,0,1,
goods_items,Great Lightning Spear,0x40362f18,99,0,0,130004,4045,0,1,
goods_items,Sunlight Spear,0x40363300,99,0,0,130005,4046,0,1,
goods_items,Lightning Storm,0x403636e8,99,0,0,130006,4123,0,1,
goods_items,Gnaw,0x40363ad0,99,0,0,132002,4117,0,1,
goods_items,Dorhys' Gnawing,0x40363eb8,99,0,0,132003,4118,0,1,
goods_items,Way of White Corona,0x403642a0,99,0,0,131003,4138,0,1,
goods_items,Projected Heal,0x40364688,99,0,0,131030,4149,0,1,
goods_items,Magic Barrier,0x40365240,99,0,0,131015,4047,0,1,
goods_items,Great Magic Barrier,0x40365628,99,0,0,131016,4048,0,1,
goods_items,Sacred Oath,0x40365df8,99,0,0,131031,4051,0,1,
goods_items,Vow of Silence,0x4036a448,99,0,0,132020,4074,0,1,
goods_items,Lightning Blade,0x4036c770,99,0,0,130015,4049,0,1,
goods_items,Darkmoon Blade,0x4036cb58,99,0,0,110025,4077,0,1,
goods_items,Blessed Weapon,0x4036cf40,99,0,0,131017,4129,0,1,
goods_items,Blood Blade,0x40378ac0,99,0,0,132017,4112,0,1,
goods_items,Dead Again,0x40387520,99,0,0,132021,4111,0,1,
goods_items,Lightning Stake,0x40389c30,99,0,0,130009,4121,0,1,
goods_items,Divine Pillars of Light,0x4038c340,99,0,0,131008,4122,0,1,
goods_items,Lifehunt Scythe,0x4038ea50,99,0,0,132014,4119,0,1,
goods_items,Deep Protection,0x40398690,99,0,0,132022,4128,0,1,
goods_items,Atonement,0x4039ada0,99,0,0,132023,4127,0,1,
goods_items,Bite,0x403a1718,99,0,0,132001,6101,0,1,
goods_items,Holy Arrow,0x403a2e88,99,0,0,131002,4050,0,1,
goods_items,Divine Spear,0x403a3270,99,0,0,131006,4053,0,1,
goods_items,Blood Feast,0x403a4210,99,0,0,132004,4193,0,1,
goods_items,Blood Orb,0x403a45f8,99,0,0,132005,4194,0,1,
goods_items,Blood Mass,0x403a49e0,99,0,0,132016,6056,0,1,
goods_items,Wrathful Spirits,0x403a4dc8,99,0,0,132008,4195,0,1,
goods_items,Blood Assault,0x403a5d68,99,0,0,132009,4191,0,1,
goods_items,Vampirism,0x403a6538,99,0,0,132015,4197,0,1,
goods_items,Smite,0x403a6920,99,0,0,131005,4217,0,1,
goods_items,Filianore's Reproach,0x403a6d08,99,0,0,132007,4209,0,1,
goods_items,Force Field,0x403a70f0,99,0,0,131010,4214,0,1,
goods_items,Lloyd's Favor,0x403a74d8,99,0,0,131035,4213,0,1,
goods_items,Lightning Conduit,0x403a78c0,99,0,0,130008,6091,0,1,
goods_items,Rise Again,0x403a8090,99,0,0,132016,4231,0,1,
goods_items,Divine Hammer,0x403a8478,99,0,0,131009,4210,0,1,
goods_items,Lightning Touch,0x403a8860,99,0,0,130001,4211,0,1,
goods_items,Ball Lightning,0x403a8c48,99,0,0,130007,4212,0,1,
goods_items,Static Charge,0x403a9030,99,0,0,130016,6142,0,1,
goods_items,Siphon,0x403a9418,99,0,0,132006,4232,0,1,
goods_items,Lloyd's Wisdom,0x403a9800,99,0,0,131032,4168,0,1,
goods_items,Lloyd's Protection,0x403a9be8,99,0,0,131033,4167,0,1,
goods_items,Lloyd's Pilgrimage,0x403a9fd0,99,0,0,131034,4166,0,1,
goods_items,Lifehunt Blade,0x403aa7a0,99,0,0,130019,6110,0,1,
goods_items,Vampiric Grasp,0x403aab88,99,0,0,130019,6108,0,1,
goods_items,Divine Reprisal,0x403aaf70,99,0,0,131035,6098,0,1,
goods_items,Sunlight Rift,0x403ab358,99,0,0,130009,6087,0,1,
goods_items,Angelic Reprieve,0x403abb28,99,0,0,131036,6080,0,1,
goods_items,Divine Displacement,0x403abf10,99,0,0,131037,6054,0,1,
goods_items,Vindicate,0x403ac2f8,99,0,0,131504,6053,0,1,
goods_items,Sunlight Clash,0x403ae620,99,0,0,130501,6089,0,1,
goods_items,Divine Ascension,0x403aea08,99,0,0,131501,4163,0,1,
goods_items,Gwyndolin's Retribution,0x403aedf0,99,0,0,110504,6122,0,1,
goods_items,Apocalyptic Flames,0x403af1d8,99,0,0,120503,4278,0,1,
goods_items,Seismic Crack,0x403af5c0,99,0,0,121500,4277,0,1,
goods_items,Forbidden Sun,0x403af9a8,99,0,0,120502,4233,0,1,
goods_items,Glacial Sphere,0x403afd90,99,0,0,122500,6131,0,1,
goods_items,Moon Orb,0x403b0178,99,0,0,110500,4281,0,1,
goods_items,Moon Lance,0x403b0560,99,0,0,110503,4275,0,1,
goods_items,Moon Hail,0x403b0948,99,0,0,110502,4280,0,1,
goods_items,Detonation,0x403b0d30,99,0,0,120501,4225,0,1,
goods_items,Angelic Wrath,0x403b1118,99,0,0,131502,4164,0,1,
goods_items,Moon Wave,0x403b1500,99,0,0,110501,4287,0,1,
goods_items,Judgment of the Gods,0x403b18e8,99,0,0,131503,4165,0,1,
goods_items,Gwyn's Vengeance,0x403b1cd0,99,0,0,130502,6090,0,1,
goods_items,Tempest Lance,0x403b20b8,99,0,0,112501,4285,0,1,
goods_items,Abyssal Comet,0x403b24a0,99,0,0,122502,4228,0,1,
goods_items,Umbral Bead,0x403b2888,99,0,0,113500,4271,0,1,
goods_items,Nightfall,0x403b2c70,99,0,0,113501,4270,0,1,
goods_items,Abyssal Genesis,0x403b3058,99,0,0,113502,4272,0,1,
goods_items,Blood of the Dark Soul,0x403b3440,99,0,0,132502,4196,0,1,
goods_items,Lightning Strike,0x403b3828,99,0,0,130500,6088,0,1,
goods_items,Rain of Blood,0x403b3c10,99,0,0,132501,4093,0,1,
goods_items,Stone Rain,0x403b3ff8,99,0,0,121501,4282,0,1,
goods_items,Avalanche,0x403b43e0,99,0,0,122501,6132,0,1,
goods_items,Orogeny,0x403b47c8,99,0,0,121502,4274,0,1,
goods_items,Exsanguinate,0x403b4bb0,99,0,0,132500,4279,0,1,
goods_items,Storm's Eye,0x403b4f98,99,0,0,112500,4286,0,1,
goods_items,Storm Front,0x403b5380,99,0,0,112502,4284,0,1,
goods_items,Chaos Beam,0x403b5768,99,0,0,120500,4109,0,1,
goods_items,Entreat the Light,0x403b5b50,99,0,0,131504,4171,0,1,
goods_items,Retribution,0x403b5f38,99,0,0,131500,4170,0,1,
goods_items,Light Storm,0x403b6320,99,0,0,111500,4161,0,1,
goods_items,Solar Zenith,0x403b6708,99,0,0,111501,4162,0,1,
goods_items,Allfather's Blessing,0x403b6af0,99,0,0,131510,4169,0,1,
goods_items,Miasma,0x403b6ed8,99,0,0,133500,4081,0,1,
goods_items,Soul Devouring,0x403b72c0,99,0,0,133502,4143,0,1,
goods_items,Essence Shatter,0x403b76a8,99,0,0,123500,4124,0,1,
goods_items,Life Weaving,0x403b7a90,99,0,0,123505,4133,0,1,
goods_items,Umbral Edge,0x403b8260,99,0,0,113503,4142,0,1,
goods_items,Sacrifice,0x403b8648,99,0,0,133503,6105,0,1,
goods_items,Homing Darkmoon Soulmass,0x403b8a30,99,0,0,110506,6095,0,1,
goods_items,Crystal Moon Storm,0x403b8e18,99,0,0,110505,6065,0,1,
goods_items,Moon Stream,0x403b9200,99,0,0,110506,6059,0,1,
goods_items,Moon Blast,0x403ba970,99,0,0,110507,6117,0,1,
goods_items,Call Hollow Soldier,0x4044aa20,99,0,0,133030,4181,0,1,
goods_items,Call Skeleton,0x4044ae08,99,0,0,133031,4182,0,1,
goods_items,Call Writhing Corpse,0x4044b1f0,99,0,0,133034,4187,0,1,
goods_items,Call Lycanthrope,0x4044b5d8,99,0,0,133036,4185,0,1,
goods_items,Call Thrall,0x4044b9c0,99,0,0,133032,4183,0,1,
goods_items,Call Warden Skeleton,0x4044bda8,99,0,0,133033,4184,0,1,
goods_items,Call Darkwraith,0x4044c190,99,0,0,133510,4186,0,1,
goods_items,Call Pus of Man,0x4044c578,99,0,0,133512,4189,0,1,
goods_items,Call Deep Accursed,0x4044c960,99,0,0,133511,4188,0,1,
goods_items,Skull Throw,0x4044cd48,99,0,0,133001,4082,0,1,
goods_items,Gravelord Dance,0x4044d130,99,0,0,133007,4079,0,1,
goods_items,Terror,0x4044d518,99,0,0,133008,4120,0,1,
goods_items,Wither,0x4044d900,99,0,0,133005,4078,0,1,
goods_items,Creeping Rot,0x4044dce8,99,0,0,133006,4073,0,1,
goods_items,Turn Undead,0x4044e0d0,99,0,0,133010,4134,0,1,
goods_items,Bone Spike,0x4044e4b8,99,0,0,133004,4075,0,1,
goods_items,Lich Form,0x4044e8a0,99,0,0,133011,4080,0,1,
goods_items,Carthus Orb,0x4044ec88,99,0,0,133003,4076,0,1,
goods_items,Putrid Fumes,0x4044f070,99,0,0,133002,4141,0,1,
goods_items,Call Bonewheel Skeleton,0x4044f458,99,0,0,133035,4260,0,1,
goods_items,Putrefied Blade,0x4044f840,99,0,0,133015,6130,0,1,
goods_items,Call Hollow Manservant,0x4044fc28,99,0,0,133037,6134,0,1,
goods_items,Plague Strike,0x40450010,99,0,0,133005,6104,0,1,
goods_items,Living Death,0x404503f8,99,0,0,133012,6079,0,1,
goods_items,Weight of the Dead,0x404507e0,99,0,0,133006,6058,0,1,
goods_items,Knit,0x40450bc8,99,0,0,133014,6076,0,1,
